case,arm,seed,t_sec,best
A funnel,B0,42,0.057,45.0000
A funnel,B0,42,0.129,37.0000
A funnel,B0,42,0.185,37.0000
A funnel,B0,42,0.230,37.0000
A funnel,B0,42,0.271,37.0000
A funnel,B0,42,0.317,37.0000
A funnel,B0,42,0.355,37.0000
A funnel,B0,42,0.395,36.0000
A funnel,B0,42,0.437,36.0000
A funnel,B0,42,0.477,36.0000
A funnel,B0,42,0.514,36.0000
A funnel,B0,42,0.552,36.0000
A funnel,B0,42,0.594,36.0000
A funnel,B0,42,0.634,36.0000
A funnel,B0,42,0.678,35.0000
A funnel,B0,42,0.740,35.0000
A funnel,B0,42,0.807,35.0000
A funnel,B0,42,0.875,35.0000
A funnel,B0,42,0.925,35.0000
A funnel,B0,42,0.972,34.0000
A funnel,B0,42,1.008,34.0000
A funnel,B0,42,1.044,34.0000
A funnel,B0,42,1.078,34.0000
A funnel,B0,42,1.116,34.0000
A funnel,B0,42,1.150,34.0000
A funnel,B0,42,1.184,34.0000
A funnel,B0,42,1.218,34.0000
A funnel,B0,42,1.256,34.0000
A funnel,B0,42,1.290,34.0000
A funnel,B0,42,1.330,33.0000
A funnel,B0,42,1.364,33.0000
A funnel,B0,42,1.405,33.0000
A funnel,B0,42,1.442,33.0000
A funnel,B0,42,1.477,33.0000
A funnel,B0,42,1.513,33.0000
A funnel,B0,42,1.551,33.0000
A funnel,B0,42,1.588,33.0000
A funnel,B0,42,1.627,33.0000
A funnel,B0,42,1.665,33.0000
A funnel,B0,42,1.701,33.0000
A funnel,B0,42,1.743,33.0000
A funnel,B0,42,1.789,33.0000
A funnel,B0,42,1.828,33.0000
A funnel,B0,42,1.867,33.0000
A funnel,B0,42,1.911,33.0000
A funnel,B0,42,1.951,33.0000
A funnel,B0,42,1.993,33.0000
A funnel,B0,42,2.032,33.0000
A funnel,B0,42,2.070,33.0000
A funnel,B0,42,2.113,33.0000
A funnel,B0,42,2.150,33.0000
A funnel,B0,42,2.189,33.0000
A funnel,B0,42,2.228,33.0000
A funnel,B0,42,2.272,33.0000
A funnel,B0,42,2.312,33.0000
A funnel,B0,42,2.350,33.0000
A funnel,B0,42,2.387,33.0000
A funnel,B0,42,2.430,33.0000
A funnel,B0,42,2.467,33.0000
A funnel,B0,42,2.507,33.0000
A funnel,B0,42,2.546,33.0000
A funnel,B0,42,2.590,33.0000
A funnel,B0,42,2.630,33.0000
A funnel,B0,42,2.673,33.0000
A funnel,B0,42,2.717,33.0000
A funnel,B0,42,2.756,33.0000
A funnel,B0,42,2.798,33.0000
A funnel,B0,42,2.834,33.0000
A funnel,B0,42,2.867,33.0000
A funnel,B0,42,2.903,33.0000
A funnel,B0,42,2.941,33.0000
A funnel,B0,42,2.978,33.0000
A funnel,B0,42,3.017,33.0000
A funnel,B0,42,3.055,33.0000
A funnel,B0,42,3.095,33.0000
A funnel,B0,42,3.130,33.0000
A funnel,B0,42,3.166,33.0000
A funnel,B0,42,3.205,33.0000
A funnel,B0,42,3.239,33.0000
A funnel,B0,42,3.290,33.0000
A funnel,B0,42,3.333,33.0000
A funnel,B0,42,3.369,33.0000
A funnel,B0,42,3.405,32.0000
A funnel,B0,42,3.444,32.0000
A funnel,B0,42,3.480,31.0000
A funnel,B0,42,3.517,31.0000
A funnel,B0,42,3.553,31.0000
A funnel,B0,42,3.592,31.0000
A funnel,B0,42,3.630,31.0000
A funnel,B0,42,3.667,31.0000
A funnel,B0,42,3.703,31.0000
A funnel,B0,42,3.746,31.0000
A funnel,B0,42,3.781,31.0000
A funnel,B0,42,3.818,31.0000
A funnel,B0,42,3.857,31.0000
A funnel,B0,42,3.896,31.0000
A funnel,B0,42,3.937,31.0000
A funnel,B0,42,3.978,31.0000
A funnel,B0,42,4.017,31.0000
A funnel,B0,42,4.054,31.0000
A funnel,B0,42,4.096,31.0000
A funnel,B0,42,4.135,31.0000
A funnel,B0,42,4.173,31.0000
A funnel,B0,42,4.210,31.0000
A funnel,B0,42,4.251,31.0000
A funnel,B0,42,4.292,31.0000
A funnel,B0,42,4.333,31.0000
A funnel,B0,42,4.372,31.0000
A funnel,B0,42,4.414,31.0000
A funnel,B0,42,4.458,31.0000
A funnel,B0,42,4.498,31.0000
A funnel,B0,42,4.538,31.0000
A funnel,B0,42,4.576,31.0000
A funnel,B0,42,4.621,31.0000
A funnel,B0,42,4.664,31.0000
A funnel,B0,42,4.704,31.0000
A funnel,B0,42,4.745,31.0000
A funnel,B0,42,4.791,31.0000
A funnel,B0,42,4.831,31.0000
A funnel,B0,42,4.873,31.0000
A funnel,B0,42,4.912,31.0000
A funnel,B0,42,4.955,31.0000
A funnel,B0,42,4.992,31.0000
A funnel,B0,42,5.030,31.0000
A funnel,B0,42,5.068,31.0000
A funnel,B0,42,5.107,31.0000
A funnel,B0,42,5.148,31.0000
A funnel,B0,42,5.187,31.0000
A funnel,B0,42,5.227,31.0000
A funnel,B0,42,5.262,31.0000
A funnel,B0,42,5.305,31.0000
A funnel,B0,42,5.345,31.0000
A funnel,B0,42,5.384,31.0000
A funnel,B0,42,5.424,31.0000
A funnel,B0,42,5.463,31.0000
A funnel,B0,42,5.501,31.0000
A funnel,B0,42,5.538,31.0000
A funnel,B0,42,5.577,31.0000
A funnel,B0,42,5.622,31.0000
A funnel,B0,42,5.662,31.0000
A funnel,B0,42,5.706,31.0000
A funnel,B0,42,5.750,31.0000
A funnel,B0,42,5.790,31.0000
A funnel,B0,42,5.833,31.0000
A funnel,B0,42,5.871,31.0000
A funnel,B0,42,5.911,31.0000
A funnel,B0,42,5.949,31.0000
A funnel,B0,42,5.990,31.0000
A funnel,B0,42,6.029,31.0000
A funnel,B0,42,6.065,31.0000
A funnel,B0,42,6.102,31.0000
A funnel,B0,42,6.143,31.0000
A funnel,B0,42,6.183,31.0000
A funnel,B0,42,6.223,31.0000
A funnel,B0,42,6.264,31.0000
A funnel,B0,42,6.306,31.0000
A funnel,B0,42,6.343,31.0000
A funnel,B0,42,6.379,31.0000
A funnel,B0,42,6.416,31.0000
A funnel,B0,42,6.454,31.0000
A funnel,B0,42,6.494,31.0000
A funnel,B0,42,6.530,31.0000
A funnel,B0,42,6.567,31.0000
A funnel,B0,42,6.606,31.0000
A funnel,B0,42,6.649,31.0000
A funnel,B0,42,6.688,31.0000
A funnel,B0,42,6.728,31.0000
A funnel,B0,42,6.769,31.0000
A funnel,B0,42,6.815,31.0000
A funnel,B0,42,6.853,31.0000
A funnel,B0,42,6.892,31.0000
A funnel,B0,42,6.932,31.0000
A funnel,B0,42,6.976,31.0000
A funnel,B0,42,7.016,31.0000
A funnel,B0,42,7.060,31.0000
A funnel,B0,42,7.101,31.0000
A funnel,B0,42,7.142,31.0000
A funnel,B0,42,7.185,31.0000
A funnel,B0,42,7.224,31.0000
A funnel,B0,42,7.266,31.0000
A funnel,B0,42,7.305,31.0000
A funnel,B0,42,7.350,31.0000
A funnel,B0,42,7.391,31.0000
A funnel,B0,42,7.432,31.0000
A funnel,B0,42,7.475,31.0000
A funnel,B0,42,7.522,31.0000
A funnel,B0,42,7.560,31.0000
A funnel,B0,42,7.600,31.0000
A funnel,B0,42,7.638,31.0000
A funnel,B0,42,7.678,31.0000
A funnel,B0,42,7.722,31.0000
A funnel,B0,42,7.764,31.0000
A funnel,B0,42,7.802,31.0000
A funnel,B0,42,7.840,31.0000
A funnel,B0,42,7.884,31.0000
A funnel,B0,42,7.922,31.0000
A funnel,B0,42,7.964,31.0000
A funnel,B0,42,8.005,31.0000
A funnel,B0,42,8.050,31.0000
A funnel,B0,42,8.091,31.0000
A funnel,B0,42,8.130,31.0000
A funnel,B0,42,8.171,31.0000
A funnel,B0,42,8.216,31.0000
A funnel,B0,42,8.259,31.0000
A funnel,B0,42,8.299,31.0000
A funnel,B0,42,8.342,31.0000
A funnel,B0,42,8.383,31.0000
A funnel,B0,42,8.424,31.0000
A funnel,B0,42,8.464,31.0000
A funnel,B0,42,8.500,31.0000
A funnel,B0,42,8.540,31.0000
A funnel,B0,42,8.583,31.0000
A funnel,B0,42,8.625,31.0000
A funnel,B0,42,8.666,31.0000
A funnel,B0,42,8.707,31.0000
A funnel,B0,42,8.757,31.0000
A funnel,B0,42,8.800,31.0000
A funnel,B0,42,8.841,31.0000
A funnel,B0,42,8.882,31.0000
A funnel,B0,42,8.928,31.0000
A funnel,B0,42,8.969,31.0000
A funnel,B0,42,9.008,31.0000
A funnel,B0,42,9.050,31.0000
A funnel,B0,42,9.094,31.0000
A funnel,B0,42,9.137,31.0000
A funnel,B0,42,9.176,31.0000
A funnel,B0,42,9.216,31.0000
A funnel,B0,42,9.257,31.0000
A funnel,B0,42,9.299,31.0000
A funnel,B0,42,9.343,31.0000
A funnel,B0,42,9.384,31.0000
A funnel,B0,42,9.427,31.0000
A funnel,B0,42,9.475,31.0000
A funnel,B0,42,9.520,31.0000
A funnel,B0,42,9.559,31.0000
A funnel,B0,42,9.604,31.0000
A funnel,B0,42,9.644,31.0000
A funnel,B0,42,9.692,31.0000
A funnel,B0,42,9.737,31.0000
A funnel,B0,42,9.779,31.0000
A funnel,B0,42,9.821,31.0000
A funnel,B0,42,9.866,31.0000
A funnel,B0,42,9.905,31.0000
A funnel,B0,42,9.945,31.0000
A funnel,B0,42,9.984,31.0000
A funnel,B0,42,10.027,31.0000
A funnel,B0,42,10.066,31.0000
A funnel,B0,42,10.106,31.0000
A funnel,B0,42,10.149,31.0000
A funnel,B0,42,10.193,31.0000
A funnel,B0,42,10.235,31.0000
A funnel,B0,42,10.275,31.0000
A funnel,B0,42,10.315,31.0000
A funnel,B0,42,10.358,31.0000
A funnel,B0,42,10.402,31.0000
A funnel,B0,42,10.441,31.0000
A funnel,B0,42,10.485,31.0000
A funnel,B0,42,10.526,31.0000
A funnel,B0,42,10.570,31.0000
A funnel,B0,42,10.613,31.0000
A funnel,B0,42,10.652,31.0000
A funnel,B0,42,10.693,31.0000
A funnel,B0,42,10.739,31.0000
A funnel,B0,42,10.786,31.0000
A funnel,B0,42,10.825,31.0000
A funnel,B0,42,10.867,31.0000
A funnel,B0,42,10.910,31.0000
A funnel,B0,42,10.952,31.0000
A funnel,B0,42,10.992,31.0000
A funnel,B0,42,11.035,31.0000
A funnel,B0,42,11.077,31.0000
A funnel,B0,42,11.123,31.0000
A funnel,B0,42,11.164,31.0000
A funnel,B0,42,11.206,31.0000
A funnel,B0,42,11.246,31.0000
A funnel,B0,42,11.288,31.0000
A funnel,B0,42,11.327,31.0000
A funnel,B0,42,11.370,31.0000
A funnel,B0,42,11.408,31.0000
A funnel,B0,42,11.451,31.0000
A funnel,B0,42,11.493,31.0000
A funnel,B0,42,11.535,31.0000
A funnel,B0,42,11.576,31.0000
A funnel,B0,42,11.626,31.0000
A funnel,B0,42,11.669,31.0000
A funnel,B0,42,11.712,31.0000
A funnel,B0,42,11.753,31.0000
A funnel,B0,42,11.795,31.0000
A funnel,B0,42,11.841,31.0000
A funnel,B0,42,11.881,31.0000
A funnel,B0,42,11.920,31.0000
A funnel,B0,42,11.956,31.0000
A funnel,B0,42,11.999,31.0000
A funnel,B0,42,12.039,31.0000
A funnel,B0,42,12.081,31.0000
A funnel,B0,42,12.121,31.0000
A funnel,B0,42,12.168,31.0000
A funnel,B0,42,12.208,31.0000
A funnel,B0,42,12.249,31.0000
A funnel,B0,42,12.290,31.0000
A funnel,B0,42,12.334,31.0000
A funnel,B0,42,12.373,31.0000
A funnel,B0,42,12.411,31.0000
A funnel,B0,42,12.452,31.0000
A funnel,B0,42,12.486,31.0000
A funnel,B0,42,12.524,31.0000
A funnel,B0,42,12.559,31.0000
A funnel,B0,42,12.594,31.0000
A funnel,B0,42,12.629,31.0000
A funnel,B0,42,12.667,31.0000
A funnel,B0,42,12.706,31.0000
A funnel,B0,42,12.743,31.0000
A funnel,B0,42,12.781,31.0000
A funnel,B0,42,12.822,31.0000
A funnel,B0,42,12.860,31.0000
A funnel,B0,42,12.897,31.0000
A funnel,B0,42,12.932,31.0000
A funnel,B0,42,12.972,31.0000
A funnel,B0,42,13.007,31.0000
A funnel,B0,42,13.043,31.0000
A funnel,B0,42,13.079,31.0000
A funnel,B0,42,13.116,31.0000
A funnel,B0,42,13.155,31.0000
A funnel,B0,42,13.191,31.0000
A funnel,B0,42,13.227,31.0000
A funnel,B0,42,13.263,31.0000
A funnel,B0,42,13.302,31.0000
A funnel,B0,42,13.338,31.0000
A funnel,B0,42,13.373,31.0000
A funnel,B0,42,13.409,31.0000
A funnel,B0,42,13.448,31.0000
A funnel,B0,42,13.484,31.0000
A funnel,B0,42,13.518,31.0000
A funnel,B0,42,13.555,31.0000
A funnel,B0,42,13.591,31.0000
A funnel,B0,42,13.630,31.0000
A funnel,B0,42,13.668,31.0000
A funnel,B0,42,13.705,31.0000
A funnel,B0,42,13.743,31.0000
A funnel,B0,42,13.786,31.0000
A funnel,B0,42,13.819,31.0000
A funnel,B0,42,13.855,31.0000
A funnel,B0,42,13.890,31.0000
A funnel,B0,42,13.929,31.0000
A funnel,B0,42,13.963,31.0000
A funnel,B0,42,13.999,31.0000
A funnel,B0,42,14.034,31.0000
A funnel,B0,42,14.072,31.0000
A funnel,B0,42,14.108,31.0000
A funnel,B0,42,14.144,31.0000
A funnel,B0,42,14.181,31.0000
A funnel,B0,42,14.219,31.0000
A funnel,B0,42,14.258,31.0000
A funnel,B0,42,14.293,31.0000
A funnel,B0,42,14.329,31.0000
A funnel,B0,42,14.364,31.0000
A funnel,B0,42,14.402,31.0000
A funnel,B0,42,14.438,31.0000
A funnel,B0,42,14.473,31.0000
A funnel,B0,42,14.509,31.0000
A funnel,B0,42,14.550,31.0000
A funnel,B0,42,14.586,31.0000
A funnel,B0,42,14.623,31.0000
A funnel,B0,42,14.661,31.0000
A funnel,B0,42,14.705,31.0000
A funnel,B0,42,14.742,31.0000
A funnel,B0,42,14.778,31.0000
A funnel,B0,42,14.813,31.0000
A funnel,B0,42,14.848,31.0000
A funnel,B0,42,14.888,31.0000
A funnel,B0,42,14.923,31.0000
A funnel,B0,42,14.960,31.0000
A funnel,B0,42,14.995,31.0000
A funnel,B0,42,15.034,31.0000
A funnel,B0,42,15.071,31.0000
A funnel,B0,42,15.107,31.0000
A funnel,B0,42,15.143,31.0000
A funnel,B0,42,15.183,31.0000
A funnel,B0,42,15.217,31.0000
A funnel,B0,42,15.253,31.0000
A funnel,B0,42,15.290,31.0000
A funnel,B0,42,15.326,31.0000
A funnel,B0,42,15.363,31.0000
A funnel,B0,42,15.399,31.0000
A funnel,B0,42,15.436,31.0000
A funnel,B0,42,15.472,31.0000
A funnel,B0,42,15.511,31.0000
A funnel,B0,42,15.548,31.0000
A funnel,B0,42,15.585,31.0000
A funnel,B0,42,15.623,31.0000
A funnel,B0,42,15.664,31.0000
A funnel,B0,42,15.703,31.0000
A funnel,B0,42,15.741,31.0000
A funnel,B0,42,15.781,31.0000
A funnel,B0,42,15.819,31.0000
A funnel,B0,42,15.855,31.0000
A funnel,B0,42,15.890,31.0000
A funnel,B0,42,15.925,31.0000
A funnel,B0,42,15.962,31.0000
A funnel,B0,42,16.001,31.0000
A funnel,B0,42,16.037,31.0000
A funnel,B0,42,16.075,31.0000
A funnel,B0,42,16.113,31.0000
A funnel,B0,42,16.154,31.0000
A funnel,B0,42,16.192,31.0000
A funnel,B0,42,16.230,31.0000
A funnel,B0,42,16.268,31.0000
A funnel,B0,42,16.310,31.0000
A funnel,B0,42,16.347,31.0000
A funnel,B0,42,16.385,31.0000
A funnel,B0,42,16.422,31.0000
A funnel,B0,42,16.464,31.0000
A funnel,B0,42,16.502,31.0000
A funnel,B0,42,16.540,31.0000
A funnel,B0,42,16.577,31.0000
A funnel,B0,42,16.612,31.0000
A funnel,B0,42,16.650,31.0000
A funnel,B0,42,16.684,31.0000
A funnel,B0,42,16.720,31.0000
A funnel,B0,42,16.757,31.0000
A funnel,B0,42,16.799,31.0000
A funnel,B0,42,16.837,31.0000
A funnel,B0,42,16.874,31.0000
A funnel,B0,42,16.911,31.0000
A funnel,B0,42,16.952,31.0000
A funnel,B0,42,16.988,31.0000
A funnel,B0,42,17.023,31.0000
A funnel,B0,42,17.060,31.0000
A funnel,B0,42,17.100,31.0000
A funnel,B0,42,17.136,31.0000
A funnel,B0,42,17.170,31.0000
A funnel,B0,42,17.206,31.0000
A funnel,B0,42,17.246,31.0000
A funnel,B0,42,17.287,31.0000
A funnel,B0,42,17.323,31.0000
A funnel,B0,42,17.358,31.0000
A funnel,B0,42,17.393,31.0000
A funnel,B0,42,17.433,31.0000
A funnel,B0,42,17.469,31.0000
A funnel,B0,42,17.506,31.0000
A funnel,B0,42,17.541,31.0000
A funnel,B0,42,17.583,31.0000
A funnel,B0,42,17.620,31.0000
A funnel,B0,42,17.659,31.0000
A funnel,B0,42,17.699,31.0000
A funnel,B0,42,17.743,31.0000
A funnel,B0,42,17.781,31.0000
A funnel,B0,42,17.818,31.0000
A funnel,B0,42,17.854,31.0000
A funnel,B0,42,17.889,31.0000
A funnel,B0,42,17.931,31.0000
A funnel,B0,42,17.969,31.0000
A funnel,B0,42,18.007,31.0000
A funnel,B0,42,18.045,31.0000
A funnel,B0,42,18.087,31.0000
A funnel,B0,42,18.125,31.0000
A funnel,B0,42,18.164,31.0000
A funnel,B0,42,18.202,31.0000
A funnel,B0,42,18.243,31.0000
A funnel,B0,42,18.281,31.0000
A funnel,B0,42,18.319,31.0000
A funnel,B0,42,18.357,31.0000
A funnel,B0,42,18.393,31.0000
A funnel,B0,42,18.433,31.0000
A funnel,B0,42,18.470,31.0000
A funnel,B0,42,18.508,31.0000
A funnel,B0,42,18.545,31.0000
A funnel,B0,42,18.586,31.0000
A funnel,B0,42,18.624,31.0000
A funnel,B0,42,18.661,31.0000
A funnel,B0,42,18.700,31.0000
A funnel,B0,42,18.742,31.0000
A funnel,B0,42,18.782,31.0000
A funnel,B0,42,18.824,31.0000
A funnel,B0,42,18.861,31.0000
A funnel,B0,42,18.897,31.0000
A funnel,B0,42,18.932,31.0000
A funnel,B0,42,18.968,31.0000
A funnel,B0,42,19.003,31.0000
A funnel,B0,42,19.039,31.0000
A funnel,B0,42,19.077,31.0000
A funnel,B0,42,19.111,31.0000
A funnel,B0,42,19.148,31.0000
A funnel,B0,42,19.184,31.0000
A funnel,B0,42,19.224,31.0000
A funnel,B0+,42,0.057,45.0000
A funnel,B0+,42,0.129,37.0000
A funnel,B0+,42,0.185,37.0000
A funnel,B0+,42,0.230,37.0000
A funnel,B0+,42,0.271,37.0000
A funnel,B0+,42,0.317,37.0000
A funnel,B0+,42,0.355,37.0000
A funnel,B0+,42,0.395,36.0000
A funnel,B0+,42,0.437,36.0000
A funnel,B0+,42,0.477,36.0000
A funnel,B0+,42,0.514,36.0000
A funnel,B0+,42,0.552,36.0000
A funnel,B0+,42,0.594,36.0000
A funnel,B0+,42,0.634,36.0000
A funnel,B0+,42,0.678,35.0000
A funnel,B0+,42,0.740,35.0000
A funnel,B0+,42,0.807,35.0000
A funnel,B0+,42,0.875,35.0000
A funnel,B0+,42,0.925,35.0000
A funnel,B0+,42,0.972,34.0000
A funnel,B0+,42,1.008,34.0000
A funnel,B0+,42,1.044,34.0000
A funnel,B0+,42,1.078,34.0000
A funnel,B0+,42,1.116,34.0000
A funnel,B0+,42,1.150,34.0000
A funnel,B0+,42,1.184,34.0000
A funnel,B0+,42,1.218,34.0000
A funnel,B0+,42,1.256,34.0000
A funnel,B0+,42,1.290,34.0000
A funnel,B0+,42,1.330,33.0000
A funnel,B0+,42,1.364,33.0000
A funnel,B0+,42,1.405,33.0000
A funnel,B0+,42,1.442,33.0000
A funnel,B0+,42,1.477,33.0000
A funnel,B0+,42,1.513,33.0000
A funnel,B0+,42,1.551,33.0000
A funnel,B0+,42,1.588,33.0000
A funnel,B0+,42,1.627,33.0000
A funnel,B0+,42,1.665,33.0000
A funnel,B0+,42,1.701,33.0000
A funnel,B0+,42,1.743,33.0000
A funnel,B0+,42,1.789,33.0000
A funnel,B0+,42,1.828,33.0000
A funnel,B0+,42,1.867,33.0000
A funnel,B0+,42,1.911,33.0000
A funnel,B0+,42,1.951,33.0000
A funnel,B0+,42,1.993,33.0000
A funnel,B0+,42,2.032,33.0000
A funnel,B0+,42,2.070,33.0000
A funnel,B0+,42,2.113,33.0000
A funnel,B0+,42,2.150,33.0000
A funnel,B0+,42,2.189,33.0000
A funnel,B0+,42,2.228,33.0000
A funnel,B0+,42,2.272,33.0000
A funnel,B0+,42,2.312,33.0000
A funnel,B0+,42,2.350,33.0000
A funnel,B0+,42,2.387,33.0000
A funnel,B0+,42,2.430,33.0000
A funnel,B0+,42,2.467,33.0000
A funnel,B0+,42,2.507,33.0000
A funnel,B0+,42,2.546,33.0000
A funnel,B0+,42,2.590,33.0000
A funnel,B0+,42,2.630,33.0000
A funnel,B0+,42,2.673,33.0000
A funnel,B0+,42,2.717,33.0000
A funnel,B0+,42,2.756,33.0000
A funnel,B0+,42,2.798,33.0000
A funnel,B0+,42,2.834,33.0000
A funnel,B0+,42,2.867,33.0000
A funnel,B0+,42,2.903,33.0000
A funnel,B0+,42,2.941,33.0000
A funnel,B0+,42,2.978,33.0000
A funnel,B0+,42,3.017,33.0000
A funnel,B0+,42,3.055,33.0000
A funnel,B0+,42,3.095,33.0000
A funnel,B0+,42,3.130,33.0000
A funnel,B0+,42,3.166,33.0000
A funnel,B0+,42,3.205,33.0000
A funnel,B0+,42,3.239,33.0000
A funnel,B0+,42,3.290,33.0000
A funnel,B0+,42,3.333,33.0000
A funnel,B0+,42,3.369,33.0000
A funnel,B0+,42,3.405,32.0000
A funnel,B0+,42,3.444,32.0000
A funnel,B0+,42,3.480,31.0000
A funnel,B0+,42,3.517,31.0000
A funnel,B0+,42,3.553,31.0000
A funnel,B0+,42,3.592,31.0000
A funnel,B0+,42,3.630,31.0000
A funnel,B0+,42,3.667,31.0000
A funnel,B0+,42,3.703,31.0000
A funnel,B0+,42,3.746,31.0000
A funnel,B0+,42,3.781,31.0000
A funnel,B0+,42,3.818,31.0000
A funnel,B0+,42,3.857,31.0000
A funnel,B0+,42,3.896,31.0000
A funnel,B0+,42,3.937,31.0000
A funnel,B0+,42,3.978,31.0000
A funnel,B0+,42,4.017,31.0000
A funnel,B0+,42,4.054,31.0000
A funnel,B0+,42,4.096,31.0000
A funnel,B0+,42,4.135,31.0000
A funnel,B0+,42,4.173,31.0000
A funnel,B0+,42,4.210,31.0000
A funnel,B0+,42,4.251,31.0000
A funnel,B0+,42,4.292,31.0000
A funnel,B0+,42,4.333,31.0000
A funnel,B0+,42,4.372,31.0000
A funnel,B0+,42,4.414,31.0000
A funnel,B0+,42,4.458,31.0000
A funnel,B0+,42,4.498,31.0000
A funnel,B0+,42,4.538,31.0000
A funnel,B0+,42,4.576,31.0000
A funnel,B0+,42,4.621,31.0000
A funnel,B0+,42,4.664,31.0000
A funnel,B0+,42,4.704,31.0000
A funnel,B0+,42,4.745,31.0000
A funnel,B0+,42,4.791,31.0000
A funnel,B0+,42,4.831,31.0000
A funnel,B0+,42,4.873,31.0000
A funnel,B0+,42,4.912,31.0000
A funnel,B0+,42,4.955,31.0000
A funnel,B0+,42,4.992,31.0000
A funnel,B0+,42,5.030,31.0000
A funnel,B0+,42,5.068,31.0000
A funnel,B0+,42,5.107,31.0000
A funnel,B0+,42,5.148,31.0000
A funnel,B0+,42,5.187,31.0000
A funnel,B0+,42,5.227,31.0000
A funnel,B0+,42,5.262,31.0000
A funnel,B0+,42,5.305,31.0000
A funnel,B0+,42,5.345,31.0000
A funnel,B0+,42,5.384,31.0000
A funnel,B0+,42,5.424,31.0000
A funnel,B0+,42,5.463,31.0000
A funnel,B0+,42,5.501,31.0000
A funnel,B0+,42,5.538,31.0000
A funnel,B0+,42,5.577,31.0000
A funnel,B0+,42,5.622,31.0000
A funnel,B0+,42,5.662,31.0000
A funnel,B0+,42,5.706,31.0000
A funnel,B0+,42,5.750,31.0000
A funnel,B0+,42,5.790,31.0000
A funnel,B0+,42,5.833,31.0000
A funnel,B0+,42,5.871,31.0000
A funnel,B0+,42,5.911,31.0000
A funnel,B0+,42,5.949,31.0000
A funnel,B0+,42,5.990,31.0000
A funnel,B0+,42,6.029,31.0000
A funnel,B0+,42,6.065,31.0000
A funnel,B0+,42,6.102,31.0000
A funnel,B0+,42,6.143,31.0000
A funnel,B0+,42,6.183,31.0000
A funnel,B0+,42,6.223,31.0000
A funnel,B0+,42,6.264,31.0000
A funnel,B0+,42,6.306,31.0000
A funnel,B0+,42,6.343,31.0000
A funnel,B0+,42,6.379,31.0000
A funnel,B0+,42,6.416,31.0000
A funnel,B0+,42,6.454,31.0000
A funnel,B0+,42,6.494,31.0000
A funnel,B0+,42,6.530,31.0000
A funnel,B0+,42,6.567,31.0000
A funnel,B0+,42,6.606,31.0000
A funnel,B0+,42,6.649,31.0000
A funnel,B0+,42,6.688,31.0000
A funnel,B0+,42,6.728,31.0000
A funnel,B0+,42,6.769,31.0000
A funnel,B0+,42,6.815,31.0000
A funnel,B0+,42,6.853,31.0000
A funnel,B0+,42,6.892,31.0000
A funnel,B0+,42,6.932,31.0000
A funnel,B0+,42,6.976,31.0000
A funnel,B0+,42,7.016,31.0000
A funnel,B0+,42,7.060,31.0000
A funnel,B0+,42,7.101,31.0000
A funnel,B0+,42,7.142,31.0000
A funnel,B0+,42,7.185,31.0000
A funnel,B0+,42,7.224,31.0000
A funnel,B0+,42,7.266,31.0000
A funnel,B0+,42,7.305,31.0000
A funnel,B0+,42,7.350,31.0000
A funnel,B0+,42,7.391,31.0000
A funnel,B0+,42,7.432,31.0000
A funnel,B0+,42,7.475,31.0000
A funnel,B0+,42,7.522,31.0000
A funnel,B0+,42,7.560,31.0000
A funnel,B0+,42,7.600,31.0000
A funnel,B0+,42,7.638,31.0000
A funnel,B0+,42,7.678,31.0000
A funnel,B0+,42,7.722,31.0000
A funnel,B0+,42,7.764,31.0000
A funnel,B0+,42,7.802,31.0000
A funnel,B0+,42,7.840,31.0000
A funnel,B0+,42,7.884,31.0000
A funnel,B0+,42,7.922,31.0000
A funnel,B0+,42,7.964,31.0000
A funnel,B0+,42,8.005,31.0000
A funnel,B0+,42,8.050,31.0000
A funnel,B0+,42,8.091,31.0000
A funnel,B0+,42,8.130,31.0000
A funnel,B0+,42,8.171,31.0000
A funnel,B0+,42,8.216,31.0000
A funnel,B0+,42,8.259,31.0000
A funnel,B0+,42,8.299,31.0000
A funnel,B0+,42,8.342,31.0000
A funnel,B0+,42,8.383,31.0000
A funnel,B0+,42,8.424,31.0000
A funnel,B0+,42,8.464,31.0000
A funnel,B0+,42,8.500,31.0000
A funnel,B0+,42,8.540,31.0000
A funnel,B0+,42,8.583,31.0000
A funnel,B0+,42,8.625,31.0000
A funnel,B0+,42,8.666,31.0000
A funnel,B0+,42,8.707,31.0000
A funnel,B0+,42,8.757,31.0000
A funnel,B0+,42,8.800,31.0000
A funnel,B0+,42,8.841,31.0000
A funnel,B0+,42,8.882,31.0000
A funnel,B0+,42,8.928,31.0000
A funnel,B0+,42,8.969,31.0000
A funnel,B0+,42,9.008,31.0000
A funnel,B0+,42,9.050,31.0000
A funnel,B0+,42,9.094,31.0000
A funnel,B0+,42,9.137,31.0000
A funnel,B0+,42,9.176,31.0000
A funnel,B0+,42,9.216,31.0000
A funnel,B0+,42,9.257,31.0000
A funnel,B0+,42,9.299,31.0000
A funnel,B0+,42,9.343,31.0000
A funnel,B0+,42,9.384,31.0000
A funnel,B0+,42,9.427,31.0000
A funnel,B0+,42,9.475,31.0000
A funnel,B0+,42,9.520,31.0000
A funnel,B0+,42,9.559,31.0000
A funnel,B0+,42,9.604,31.0000
A funnel,B0+,42,9.644,31.0000
A funnel,B0+,42,9.692,31.0000
A funnel,B0+,42,9.737,31.0000
A funnel,B0+,42,9.779,31.0000
A funnel,B0+,42,9.821,31.0000
A funnel,B0+,42,9.866,31.0000
A funnel,B0+,42,9.905,31.0000
A funnel,B0+,42,9.945,31.0000
A funnel,B0+,42,9.984,31.0000
A funnel,B0+,42,10.027,31.0000
A funnel,B0+,42,10.066,31.0000
A funnel,B0+,42,10.106,31.0000
A funnel,B0+,42,10.149,31.0000
A funnel,B0+,42,10.193,31.0000
A funnel,B0+,42,10.235,31.0000
A funnel,B0+,42,10.275,31.0000
A funnel,B0+,42,10.315,31.0000
A funnel,B0+,42,10.358,31.0000
A funnel,B0+,42,10.402,31.0000
A funnel,B0+,42,10.441,31.0000
A funnel,B0+,42,10.485,31.0000
A funnel,B0+,42,10.526,31.0000
A funnel,B0+,42,10.570,31.0000
A funnel,B0+,42,10.613,31.0000
A funnel,B0+,42,10.652,31.0000
A funnel,B0+,42,10.693,31.0000
A funnel,B0+,42,10.739,31.0000
A funnel,B0+,42,10.786,31.0000
A funnel,B0+,42,10.825,31.0000
A funnel,B0+,42,10.867,31.0000
A funnel,B0+,42,10.910,31.0000
A funnel,B0+,42,10.952,31.0000
A funnel,B0+,42,10.992,31.0000
A funnel,B0+,42,11.035,31.0000
A funnel,B0+,42,11.077,31.0000
A funnel,B0+,42,11.123,31.0000
A funnel,B0+,42,11.164,31.0000
A funnel,B0+,42,11.206,31.0000
A funnel,B0+,42,11.246,31.0000
A funnel,B0+,42,11.288,31.0000
A funnel,B0+,42,11.327,31.0000
A funnel,B0+,42,11.370,31.0000
A funnel,B0+,42,11.408,31.0000
A funnel,B0+,42,11.451,31.0000
A funnel,B0+,42,11.493,31.0000
A funnel,B0+,42,11.535,31.0000
A funnel,B0+,42,11.576,31.0000
A funnel,B0+,42,11.626,31.0000
A funnel,B0+,42,11.669,31.0000
A funnel,B0+,42,11.712,31.0000
A funnel,B0+,42,11.753,31.0000
A funnel,B0+,42,11.795,31.0000
A funnel,B0+,42,11.841,31.0000
A funnel,B0+,42,11.881,31.0000
A funnel,B0+,42,11.920,31.0000
A funnel,B0+,42,11.956,31.0000
A funnel,B0+,42,11.999,31.0000
A funnel,B0+,42,12.039,31.0000
A funnel,B0+,42,12.081,31.0000
A funnel,B0+,42,12.121,31.0000
A funnel,B0+,42,12.168,31.0000
A funnel,B0+,42,12.208,31.0000
A funnel,B0+,42,12.249,31.0000
A funnel,B0+,42,12.290,31.0000
A funnel,B0+,42,12.334,31.0000
A funnel,B0+,42,12.373,31.0000
A funnel,B0+,42,12.411,31.0000
A funnel,B0+,42,12.452,31.0000
A funnel,B0+,42,12.486,31.0000
A funnel,B0+,42,12.524,31.0000
A funnel,B0+,42,12.559,31.0000
A funnel,B0+,42,12.594,31.0000
A funnel,B0+,42,12.629,31.0000
A funnel,B0+,42,12.667,31.0000
A funnel,B0+,42,12.706,31.0000
A funnel,B0+,42,12.743,31.0000
A funnel,B0+,42,12.781,31.0000
A funnel,B0+,42,12.822,31.0000
A funnel,B0+,42,12.860,31.0000
A funnel,B0+,42,12.897,31.0000
A funnel,B0+,42,12.932,31.0000
A funnel,B0+,42,12.972,31.0000
A funnel,B0+,42,13.007,31.0000
A funnel,B0+,42,13.043,31.0000
A funnel,B0+,42,13.079,31.0000
A funnel,B0+,42,13.116,31.0000
A funnel,B0+,42,13.155,31.0000
A funnel,B0+,42,13.191,31.0000
A funnel,B0+,42,13.227,31.0000
A funnel,B0+,42,13.263,31.0000
A funnel,B0+,42,13.302,31.0000
A funnel,B0+,42,13.338,31.0000
A funnel,B0+,42,13.373,31.0000
A funnel,B0+,42,13.409,31.0000
A funnel,B0+,42,13.448,31.0000
A funnel,B0+,42,13.484,31.0000
A funnel,B0+,42,13.518,31.0000
A funnel,B0+,42,13.555,31.0000
A funnel,B0+,42,13.591,31.0000
A funnel,B0+,42,13.630,31.0000
A funnel,B0+,42,13.668,31.0000
A funnel,B0+,42,13.705,31.0000
A funnel,B0+,42,13.743,31.0000
A funnel,B0+,42,13.786,31.0000
A funnel,B0+,42,13.819,31.0000
A funnel,B0+,42,13.855,31.0000
A funnel,B0+,42,13.890,31.0000
A funnel,B0+,42,13.929,31.0000
A funnel,B0+,42,13.963,31.0000
A funnel,B0+,42,13.999,31.0000
A funnel,B0+,42,14.034,31.0000
A funnel,B0+,42,14.072,31.0000
A funnel,B0+,42,14.108,31.0000
A funnel,B0+,42,14.144,31.0000
A funnel,B0+,42,14.181,31.0000
A funnel,B0+,42,14.219,31.0000
A funnel,B0+,42,14.258,31.0000
A funnel,B0+,42,14.293,31.0000
A funnel,B0+,42,14.329,31.0000
A funnel,B0+,42,14.364,31.0000
A funnel,B0+,42,14.402,31.0000
A funnel,B0+,42,14.438,31.0000
A funnel,B0+,42,14.473,31.0000
A funnel,B0+,42,14.509,31.0000
A funnel,B0+,42,14.550,31.0000
A funnel,B0+,42,14.586,31.0000
A funnel,B0+,42,14.623,31.0000
A funnel,B0+,42,14.661,31.0000
A funnel,B0+,42,14.705,31.0000
A funnel,B0+,42,14.742,31.0000
A funnel,B0+,42,14.778,31.0000
A funnel,B0+,42,14.813,31.0000
A funnel,B0+,42,14.848,31.0000
A funnel,B0+,42,14.888,31.0000
A funnel,B0+,42,14.923,31.0000
A funnel,B0+,42,14.960,31.0000
A funnel,B0+,42,14.995,31.0000
A funnel,B0+,42,15.034,31.0000
A funnel,B0+,42,15.071,31.0000
A funnel,B0+,42,15.107,31.0000
A funnel,B0+,42,15.143,31.0000
A funnel,B0+,42,15.183,31.0000
A funnel,B0+,42,15.217,31.0000
A funnel,B0+,42,15.253,31.0000
A funnel,B0+,42,15.290,31.0000
A funnel,B0+,42,15.326,31.0000
A funnel,B0+,42,15.363,31.0000
A funnel,B0+,42,15.399,31.0000
A funnel,B0+,42,15.436,31.0000
A funnel,B0+,42,15.472,31.0000
A funnel,B0+,42,15.511,31.0000
A funnel,B0+,42,15.548,31.0000
A funnel,B0+,42,15.585,31.0000
A funnel,B0+,42,15.623,31.0000
A funnel,B0+,42,15.664,31.0000
A funnel,B0+,42,15.703,31.0000
A funnel,B0+,42,15.741,31.0000
A funnel,B0+,42,15.781,31.0000
A funnel,B0+,42,15.819,31.0000
A funnel,B0+,42,15.855,31.0000
A funnel,B0+,42,15.890,31.0000
A funnel,B0+,42,15.925,31.0000
A funnel,B0+,42,15.962,31.0000
A funnel,B0+,42,16.001,31.0000
A funnel,B0+,42,16.037,31.0000
A funnel,B0+,42,16.075,31.0000
A funnel,B0+,42,16.113,31.0000
A funnel,B0+,42,16.154,31.0000
A funnel,B0+,42,16.192,31.0000
A funnel,B0+,42,16.230,31.0000
A funnel,B0+,42,16.268,31.0000
A funnel,B0+,42,16.310,31.0000
A funnel,B0+,42,16.347,31.0000
A funnel,B0+,42,16.385,31.0000
A funnel,B0+,42,16.422,31.0000
A funnel,B0+,42,16.464,31.0000
A funnel,B0+,42,16.502,31.0000
A funnel,B0+,42,16.540,31.0000
A funnel,B0+,42,16.577,31.0000
A funnel,B0+,42,16.612,31.0000
A funnel,B0+,42,16.650,31.0000
A funnel,B0+,42,16.684,31.0000
A funnel,B0+,42,16.720,31.0000
A funnel,B0+,42,16.757,31.0000
A funnel,B0+,42,16.799,31.0000
A funnel,B0+,42,16.837,31.0000
A funnel,B0+,42,16.874,31.0000
A funnel,B0+,42,16.911,31.0000
A funnel,B0+,42,16.952,31.0000
A funnel,B0+,42,16.988,31.0000
A funnel,B0+,42,17.023,31.0000
A funnel,B0+,42,17.060,31.0000
A funnel,B0+,42,17.100,31.0000
A funnel,B0+,42,17.136,31.0000
A funnel,B0+,42,17.170,31.0000
A funnel,B0+,42,17.206,31.0000
A funnel,B0+,42,17.246,31.0000
A funnel,B0+,42,17.287,31.0000
A funnel,B0+,42,17.323,31.0000
A funnel,B0+,42,17.358,31.0000
A funnel,B0+,42,17.393,31.0000
A funnel,B0+,42,17.433,31.0000
A funnel,B0+,42,17.469,31.0000
A funnel,B0+,42,17.506,31.0000
A funnel,B0+,42,17.541,31.0000
A funnel,B0+,42,17.583,31.0000
A funnel,B0+,42,17.620,31.0000
A funnel,B0+,42,17.659,31.0000
A funnel,B0+,42,17.699,31.0000
A funnel,B0+,42,17.743,31.0000
A funnel,B0+,42,17.781,31.0000
A funnel,B0+,42,17.818,31.0000
A funnel,B0+,42,17.854,31.0000
A funnel,B0+,42,17.889,31.0000
A funnel,B0+,42,17.931,31.0000
A funnel,B0+,42,17.969,31.0000
A funnel,B0+,42,18.007,31.0000
A funnel,B0+,42,18.045,31.0000
A funnel,B0+,42,18.087,31.0000
A funnel,B0+,42,18.125,31.0000
A funnel,B0+,42,18.164,31.0000
A funnel,B0+,42,18.202,31.0000
A funnel,B0+,42,18.243,31.0000
A funnel,B0+,42,18.281,31.0000
A funnel,B0+,42,18.319,31.0000
A funnel,B0+,42,18.357,31.0000
A funnel,B0+,42,18.393,31.0000
A funnel,B0+,42,18.433,31.0000
A funnel,B0+,42,18.470,31.0000
A funnel,B0+,42,18.508,31.0000
A funnel,B0+,42,18.545,31.0000
A funnel,B0+,42,18.586,31.0000
A funnel,B0+,42,18.624,31.0000
A funnel,B0+,42,18.661,31.0000
A funnel,B0+,42,18.700,31.0000
A funnel,B0+,42,18.742,31.0000
A funnel,B0+,42,18.782,31.0000
A funnel,B0+,42,18.824,31.0000
A funnel,B0+,42,18.861,31.0000
A funnel,B0+,42,18.897,31.0000
A funnel,B0+,42,18.932,31.0000
A funnel,B0+,42,18.968,31.0000
A funnel,B0+,42,19.003,31.0000
A funnel,B0+,42,19.039,31.0000
A funnel,B0+,42,19.077,31.0000
A funnel,B0+,42,19.111,31.0000
A funnel,B0+,42,19.148,31.0000
A funnel,B0+,42,19.184,31.0000
A funnel,B0+,42,19.224,31.0000
A funnel,B1,42,0.390,75.0000
A funnel,B1,42,0.811,67.0000
A funnel,B1,42,1.199,58.0000
A funnel,B1,42,1.550,58.0000
A funnel,B1,42,1.864,58.0000
A funnel,B1,42,2.176,58.0000
A funnel,B1,42,2.489,58.0000
A funnel,B1,42,2.784,55.0000
A funnel,B1,42,3.063,55.0000
A funnel,B1,42,3.334,55.0000
A funnel,B1,42,3.614,55.0000
A funnel,B1,42,3.884,51.0000
A funnel,B1,42,4.150,51.0000
A funnel,B1,42,4.418,51.0000
A funnel,B1,42,4.676,51.0000
A funnel,B1,42,4.925,51.0000
A funnel,B1,42,5.170,51.0000
A funnel,B1,42,5.409,51.0000
A funnel,B1,42,5.661,51.0000
A funnel,B1,42,5.909,51.0000
A funnel,B1,42,6.154,51.0000
A funnel,B1,42,6.406,51.0000
A funnel,B1,42,6.650,51.0000
A funnel,B1,42,6.895,51.0000
A funnel,B1,42,7.142,51.0000
A funnel,B1,42,7.409,51.0000
A funnel,B1,42,7.661,51.0000
A funnel,B1,42,7.905,51.0000
A funnel,B1,42,8.171,51.0000
A funnel,B1,42,8.433,51.0000
A funnel,B1,42,8.700,51.0000
A funnel,B1,42,8.954,50.0000
A funnel,B1,42,9.207,50.0000
A funnel,B1,42,9.483,50.0000
A funnel,B1,42,9.737,50.0000
A funnel,B1,42,9.995,50.0000
A funnel,B1,42,10.252,50.0000
A funnel,B1,42,10.516,50.0000
A funnel,B1,42,10.770,50.0000
A funnel,B1,42,11.058,50.0000
A funnel,B1,42,11.330,50.0000
A funnel,B1,42,11.592,50.0000
A funnel,B1,42,11.876,50.0000
A funnel,B1,42,12.133,50.0000
A funnel,B1,42,12.391,50.0000
A funnel,B1,42,12.643,50.0000
A funnel,B1,42,12.904,50.0000
A funnel,B1,42,13.158,50.0000
A funnel,B1,42,13.406,50.0000
A funnel,B1,42,13.663,50.0000
A funnel,B1,42,13.912,50.0000
A funnel,B1,42,14.165,50.0000
A funnel,B1,42,14.424,50.0000
A funnel,B1,42,14.703,50.0000
A funnel,B1,42,14.968,50.0000
A funnel,B1,42,15.226,50.0000
A funnel,B1,42,15.482,50.0000
A funnel,B1,42,15.741,50.0000
A funnel,B1,42,15.992,50.0000
A funnel,B1,42,16.258,50.0000
A funnel,B1,42,16.537,50.0000
A funnel,B1,42,16.792,50.0000
A funnel,B1,42,17.072,50.0000
A funnel,B1,42,17.327,50.0000
A funnel,B1,42,17.585,50.0000
A funnel,B1,42,17.848,50.0000
A funnel,B1,42,18.114,50.0000
A funnel,B1,42,18.390,50.0000
A funnel,B1,42,18.646,50.0000
A funnel,B1,42,18.896,50.0000
A funnel,B1,42,19.150,50.0000
A funnel,B1,42,19.415,50.0000
A funnel,B1,42,19.707,50.0000
A funnel,B1,42,19.959,50.0000
A funnel,B1,42,20.223,50.0000
A funnel,B1,42,20.505,50.0000
A funnel,B1,42,20.787,50.0000
A funnel,B1,42,21.092,50.0000
A funnel,B1,42,21.356,50.0000
A funnel,B1,42,21.646,50.0000
A funnel,B1,42,21.923,50.0000
A funnel,B1,42,22.198,50.0000
A funnel,B1,42,22.465,50.0000
A funnel,B1,42,22.755,50.0000
A funnel,B1,42,23.030,50.0000
A funnel,B1,42,23.296,50.0000
A funnel,B1,42,23.594,50.0000
A funnel,B1,42,23.873,50.0000
A funnel,B1,42,24.135,50.0000
A funnel,B1,42,24.394,49.0000
A funnel,B1,42,24.666,49.0000
A funnel,B1,42,24.926,49.0000
A funnel,B1,42,25.191,49.0000
A funnel,B1,42,25.494,49.0000
A funnel,B1,42,25.772,49.0000
A funnel,B1,42,26.038,49.0000
A funnel,B1,42,26.314,49.0000
A funnel,B1,42,26.577,49.0000
A funnel,B1,42,26.865,49.0000
A funnel,B1,42,27.134,49.0000
A funnel,B1,42,27.404,49.0000
A funnel,B1,42,27.679,49.0000
A funnel,B1,42,27.958,49.0000
A funnel,B1,42,28.231,49.0000
A funnel,B1,42,28.500,49.0000
A funnel,B1,42,28.765,49.0000
A funnel,B1,42,29.037,49.0000
A funnel,B1,42,29.300,49.0000
A funnel,B1,42,29.570,49.0000
A funnel,B1,42,29.837,49.0000
A funnel,B1,42,30.097,49.0000
A funnel,B1,42,30.360,49.0000
A funnel,B1,42,30.626,49.0000
A funnel,B1,42,30.885,49.0000
A funnel,B1,42,31.152,49.0000
A funnel,B1,42,31.419,49.0000
A funnel,B1,42,31.696,49.0000
A funnel,B1,42,31.960,49.0000
A funnel,B1,42,32.227,49.0000
A funnel,B1,42,32.513,49.0000
A funnel,B1,42,32.806,49.0000
A funnel,B1,42,33.103,49.0000
A funnel,B1,42,33.385,49.0000
A funnel,B1,42,33.652,49.0000
A funnel,B1,42,33.919,49.0000
A funnel,B1,42,34.180,49.0000
A funnel,B1,42,34.441,49.0000
A funnel,B1,42,34.719,49.0000
A funnel,B1,42,34.988,49.0000
A funnel,B1,42,35.260,49.0000
A funnel,B1,42,35.520,49.0000
A funnel,B1,42,35.788,49.0000
A funnel,B1,42,36.057,49.0000
A funnel,B1,42,36.317,49.0000
A funnel,B1,42,36.586,49.0000
A funnel,B1,42,36.850,49.0000
A funnel,B1,42,37.120,49.0000
A funnel,B1,42,37.398,49.0000
A funnel,B1,42,37.667,49.0000
A funnel,B1,42,37.928,49.0000
A funnel,B1,42,38.282,49.0000
A funnel,B1,42,38.541,49.0000
A funnel,B1,42,38.815,49.0000
A funnel,B1,42,39.096,49.0000
A funnel,B1,42,39.369,49.0000
A funnel,B1,42,39.649,49.0000
A funnel,B1,42,39.923,49.0000
A funnel,B1,42,40.195,49.0000
A funnel,B1,42,40.469,49.0000
A funnel,B1,42,40.720,49.0000
A funnel,B1,42,40.991,49.0000
A funnel,B1,42,41.261,49.0000
A funnel,B1,42,41.533,49.0000
A funnel,B1,42,41.819,49.0000
A funnel,B1,42,42.088,49.0000
A funnel,B1,42,42.359,49.0000
A funnel,B1,42,42.623,49.0000
A funnel,B1,42,42.891,49.0000
A funnel,B1,42,43.173,49.0000
A funnel,B1,42,43.463,49.0000
A funnel,B1,42,43.735,49.0000
A funnel,B1,42,44.007,49.0000
A funnel,B1,42,44.277,49.0000
A funnel,B1,42,44.551,49.0000
A funnel,B1,42,44.819,49.0000
A funnel,B1,42,45.086,49.0000
A funnel,B1,42,45.353,49.0000
A funnel,B1,42,45.615,49.0000
A funnel,B1,42,45.901,49.0000
A funnel,B1,42,46.165,49.0000
A funnel,B1,42,46.429,49.0000
A funnel,B1,42,46.707,49.0000
A funnel,B1,42,46.971,49.0000
A funnel,B1,42,47.242,49.0000
A funnel,B1,42,47.522,49.0000
A funnel,B1,42,47.790,49.0000
A funnel,B1,42,48.076,49.0000
A funnel,B1,42,48.335,49.0000
A funnel,B1,42,48.596,49.0000
A funnel,B1,42,48.860,49.0000
A funnel,B1,42,49.117,49.0000
A funnel,B1,42,49.388,49.0000
A funnel,B1,42,49.648,49.0000
A funnel,B1,42,49.910,49.0000
A funnel,B1,42,50.187,49.0000
A funnel,B1,42,50.447,49.0000
A funnel,B1,42,50.708,49.0000
A funnel,B1,42,50.964,49.0000
A funnel,B1,42,51.219,49.0000
A funnel,B1,42,51.481,49.0000
A funnel,B1,42,51.744,49.0000
A funnel,B1,42,52.001,49.0000
A funnel,B1,42,52.277,49.0000
A funnel,B1,42,52.564,49.0000
A funnel,B1,42,52.854,49.0000
A funnel,B1,42,53.114,49.0000
A funnel,B1,42,53.370,49.0000
A funnel,B1,42,53.641,49.0000
A funnel,B1,42,53.914,49.0000
A funnel,B1,42,54.179,49.0000
A funnel,B1,42,54.439,49.0000
A funnel,B1,42,54.701,49.0000
A funnel,B1,42,54.962,49.0000
A funnel,B1,42,55.220,49.0000
A funnel,B1,42,55.488,49.0000
A funnel,B1,42,55.757,49.0000
A funnel,B1,42,56.025,49.0000
A funnel,B1,42,56.297,49.0000
A funnel,B1,42,56.579,49.0000
A funnel,B1,42,56.843,49.0000
A funnel,B1,42,57.117,49.0000
A funnel,B1,42,57.403,49.0000
A funnel,B1,42,57.691,49.0000
A funnel,B1,42,57.970,49.0000
A funnel,B1,42,58.239,49.0000
A funnel,B1,42,58.514,49.0000
A funnel,B1,42,58.774,49.0000
A funnel,B1,42,59.033,49.0000
A funnel,B1,42,59.297,49.0000
A funnel,B1,42,59.562,49.0000
A funnel,B1,42,59.844,49.0000
A funnel,B1,42,60.111,49.0000
A funnel,B1,42,60.374,49.0000
A funnel,B1,42,60.636,49.0000
A funnel,B1,42,60.895,49.0000
A funnel,B1,42,61.156,49.0000
A funnel,B1,42,61.418,49.0000
A funnel,B1,42,61.687,49.0000
A funnel,B1,42,62.005,49.0000
A funnel,B1,42,62.270,49.0000
A funnel,B1,42,62.527,49.0000
A funnel,B1,42,62.803,49.0000
A funnel,B1,42,63.082,49.0000
A funnel,B1,42,63.352,49.0000
A funnel,B1,42,63.615,49.0000
A funnel,B1,42,63.871,49.0000
A funnel,B1,42,64.130,49.0000
A funnel,B1,42,64.388,49.0000
A funnel,B1,42,64.650,49.0000
A funnel,B1,42,64.904,49.0000
A funnel,B1,42,65.159,49.0000
A funnel,B1,42,65.422,49.0000
A funnel,B1,42,65.677,49.0000
A funnel,B1,42,65.940,49.0000
A funnel,B1,42,66.230,49.0000
A funnel,B1,42,66.497,49.0000
A funnel,B1,42,66.767,49.0000
A funnel,B1,42,67.019,49.0000
A funnel,B1,42,67.273,49.0000
A funnel,B1,42,67.539,49.0000
A funnel,B1,42,67.796,49.0000
A funnel,B1,42,68.054,49.0000
A funnel,B1,42,68.308,49.0000
A funnel,B1,42,68.560,49.0000
A funnel,B1,42,68.821,49.0000
A funnel,B1,42,69.074,49.0000
A funnel,B1,42,69.338,49.0000
A funnel,B1,42,69.599,49.0000
A funnel,B1,42,69.854,49.0000
A funnel,B1,42,70.116,49.0000
A funnel,B1,42,70.372,49.0000
A funnel,B1,42,70.638,49.0000
A funnel,B1,42,70.901,49.0000
A funnel,B1,42,71.156,49.0000
A funnel,B1,42,71.423,49.0000
A funnel,B1,42,71.676,49.0000
A funnel,B1,42,71.938,49.0000
A funnel,B1,42,72.214,49.0000
A funnel,B1,42,72.484,49.0000
A funnel,B1,42,72.754,49.0000
A funnel,B1,42,73.036,49.0000
A funnel,B1,42,73.319,49.0000
A funnel,B1,42,73.613,49.0000
A funnel,B1,42,73.909,49.0000
A funnel,B1,42,74.202,49.0000
A funnel,B1,42,74.501,49.0000
A funnel,B1,42,74.807,49.0000
A funnel,B1,42,75.110,49.0000
A funnel,B1,42,75.394,49.0000
A funnel,B1,42,75.665,49.0000
A funnel,B1,42,75.948,49.0000
A funnel,B1,42,76.216,49.0000
A funnel,B1,42,76.488,49.0000
A funnel,B1,42,76.776,49.0000
A funnel,B1,42,77.040,49.0000
A funnel,B1,42,77.333,49.0000
A funnel,B1,42,77.647,49.0000
A funnel,B1,42,77.915,49.0000
A funnel,B1,42,78.198,49.0000
A funnel,B1,42,78.487,49.0000
A funnel,B1,42,78.786,49.0000
A funnel,B1,42,79.064,49.0000
A funnel,B1,42,79.325,49.0000
A funnel,B1,42,79.607,49.0000
A funnel,B1,42,79.869,49.0000
A funnel,B1,42,80.125,49.0000
A funnel,B1,42,80.418,49.0000
A funnel,B1,42,80.700,49.0000
A funnel,B1,42,80.976,49.0000
A funnel,B1,42,81.235,49.0000
A funnel,B1,42,81.497,49.0000
A funnel,B1,42,81.759,49.0000
A funnel,B1,42,82.035,49.0000
A funnel,B1,42,82.329,49.0000
A funnel,B1,42,82.626,49.0000
A funnel,B1,42,82.892,49.0000
A funnel,B1,42,83.177,49.0000
A funnel,B1,42,83.460,49.0000
A funnel,B1,42,83.735,49.0000
A funnel,B1,42,84.013,49.0000
A funnel,B1,42,84.301,49.0000
A funnel,B1,42,84.597,49.0000
A funnel,B1,42,84.855,49.0000
A funnel,B1,42,85.116,49.0000
A funnel,B1,42,85.379,49.0000
A funnel,B1,42,85.641,49.0000
A funnel,B1,42,85.908,49.0000
A funnel,B1,42,86.169,49.0000
A funnel,B1,42,86.433,49.0000
A funnel,B1,42,86.696,49.0000
A funnel,B1,42,86.955,49.0000
A funnel,B1,42,87.225,49.0000
A funnel,B1,42,87.500,49.0000
A funnel,B1,42,87.778,49.0000
A funnel,B1,42,88.062,49.0000
A funnel,B1,42,88.318,49.0000
A funnel,B1,42,88.584,49.0000
A funnel,B1,42,88.855,49.0000
A funnel,B1,42,89.117,49.0000
A funnel,B1,42,89.386,49.0000
A funnel,B1,42,89.661,49.0000
A funnel,B1,42,89.945,49.0000
A funnel,B1,42,90.233,49.0000
A funnel,B2,42,2.803,59.0000
A funnel,B2,42,5.439,54.0000
A funnel,B2,42,7.987,54.0000
A funnel,B2,42,10.260,54.0000
A funnel,B2,42,12.461,54.0000
A funnel,B2,42,14.529,54.0000
A funnel,B2,42,16.686,52.0000
A funnel,B2,42,18.726,48.0000
A funnel,B2,42,20.721,48.0000
A funnel,B2,42,22.674,48.0000
A funnel,B2,42,24.487,48.0000
A funnel,B2,42,26.212,48.0000
A funnel,B2,42,27.974,48.0000
A funnel,B2,42,29.765,48.0000
A funnel,B2,42,31.524,45.0000
A funnel,B2,42,33.323,45.0000
A funnel,B2,42,34.999,45.0000
A funnel,B2,42,36.632,45.0000
A funnel,B2,42,38.290,45.0000
A funnel,B2,42,39.851,45.0000
A funnel,B2,42,41.340,45.0000
A funnel,B2,42,42.812,45.0000
A funnel,B2,42,44.262,45.0000
A funnel,B2,42,45.762,45.0000
A funnel,B2,42,47.241,45.0000
A funnel,B2,42,48.725,45.0000
A funnel,B2,42,50.298,45.0000
A funnel,B2,42,51.821,45.0000
A funnel,B2,42,53.333,45.0000
A funnel,B2,42,54.862,45.0000
A funnel,B2,42,56.318,45.0000
A funnel,B2,42,57.843,44.0000
A funnel,B2,42,59.336,44.0000
A funnel,B2,42,60.810,44.0000
A funnel,B2,42,62.260,44.0000
A funnel,B2,42,63.747,44.0000
A funnel,B2,42,65.243,44.0000
A funnel,B2,42,66.786,44.0000
A funnel,B2,42,68.347,44.0000
A funnel,B2,42,69.806,44.0000
A funnel,B2,42,71.348,44.0000
A funnel,B2,42,72.834,44.0000
A funnel,B2,42,74.330,44.0000
A funnel,B2,42,75.834,44.0000
A funnel,B2,42,77.188,44.0000
A funnel,B2,42,78.613,44.0000
A funnel,B2,42,80.023,44.0000
A funnel,B2,42,81.410,44.0000
A funnel,B2,42,82.798,44.0000
A funnel,B2,42,84.203,44.0000
A funnel,B2,42,85.557,44.0000
A funnel,B2,42,86.912,44.0000
A funnel,B2,42,88.415,44.0000
A funnel,B2,42,89.827,44.0000
A funnel,B2,42,91.236,44.0000
A funnel,B0,7,0.045,41.0000
A funnel,B0,7,0.092,39.0000
A funnel,B0,7,0.133,36.0000
A funnel,B0,7,0.168,36.0000
A funnel,B0,7,0.210,36.0000
A funnel,B0,7,0.247,36.0000
A funnel,B0,7,0.284,36.0000
A funnel,B0,7,0.322,36.0000
A funnel,B0,7,0.360,36.0000
A funnel,B0,7,0.401,36.0000
A funnel,B0,7,0.438,36.0000
A funnel,B0,7,0.473,36.0000
A funnel,B0,7,0.509,36.0000
A funnel,B0,7,0.547,36.0000
A funnel,B0,7,0.582,36.0000
A funnel,B0,7,0.618,36.0000
A funnel,B0,7,0.654,36.0000
A funnel,B0,7,0.692,36.0000
A funnel,B0,7,0.726,36.0000
A funnel,B0,7,0.761,36.0000
A funnel,B0,7,0.797,36.0000
A funnel,B0,7,0.835,36.0000
A funnel,B0,7,0.876,36.0000
A funnel,B0,7,0.912,36.0000
A funnel,B0,7,0.946,36.0000
A funnel,B0,7,0.981,36.0000
A funnel,B0,7,1.035,36.0000
A funnel,B0,7,1.073,36.0000
A funnel,B0,7,1.115,36.0000
A funnel,B0,7,1.156,36.0000
A funnel,B0,7,1.198,36.0000
A funnel,B0,7,1.243,36.0000
A funnel,B0,7,1.293,36.0000
A funnel,B0,7,1.358,36.0000
A funnel,B0,7,1.416,36.0000
A funnel,B0,7,1.472,36.0000
A funnel,B0,7,1.514,36.0000
A funnel,B0,7,1.558,36.0000
A funnel,B0,7,1.599,36.0000
A funnel,B0,7,1.647,36.0000
A funnel,B0,7,1.689,36.0000
A funnel,B0,7,1.727,36.0000
A funnel,B0,7,1.768,36.0000
A funnel,B0,7,1.810,36.0000
A funnel,B0,7,1.852,36.0000
A funnel,B0,7,1.890,36.0000
A funnel,B0,7,1.930,36.0000
A funnel,B0,7,1.965,36.0000
A funnel,B0,7,2.005,36.0000
A funnel,B0,7,2.043,36.0000
A funnel,B0,7,2.081,36.0000
A funnel,B0,7,2.117,36.0000
A funnel,B0,7,2.159,36.0000
A funnel,B0,7,2.198,36.0000
A funnel,B0,7,2.235,36.0000
A funnel,B0,7,2.271,36.0000
A funnel,B0,7,2.310,36.0000
A funnel,B0,7,2.351,36.0000
A funnel,B0,7,2.388,36.0000
A funnel,B0,7,2.427,36.0000
A funnel,B0,7,2.466,36.0000
A funnel,B0,7,2.510,36.0000
A funnel,B0,7,2.548,36.0000
A funnel,B0,7,2.591,36.0000
A funnel,B0,7,2.631,36.0000
A funnel,B0,7,2.671,36.0000
A funnel,B0,7,2.721,36.0000
A funnel,B0,7,2.763,36.0000
A funnel,B0,7,2.798,36.0000
A funnel,B0,7,2.836,36.0000
A funnel,B0,7,2.880,36.0000
A funnel,B0,7,2.924,36.0000
A funnel,B0,7,2.970,36.0000
A funnel,B0,7,3.021,36.0000
A funnel,B0,7,3.075,36.0000
A funnel,B0,7,3.119,36.0000
A funnel,B0,7,3.162,36.0000
A funnel,B0,7,3.203,36.0000
A funnel,B0,7,3.239,36.0000
A funnel,B0,7,3.278,36.0000
A funnel,B0,7,3.313,36.0000
A funnel,B0,7,3.347,36.0000
A funnel,B0,7,3.383,36.0000
A funnel,B0,7,3.424,36.0000
A funnel,B0,7,3.468,36.0000
A funnel,B0,7,3.514,36.0000
A funnel,B0,7,3.554,36.0000
A funnel,B0,7,3.599,36.0000
A funnel,B0,7,3.646,36.0000
A funnel,B0,7,3.689,36.0000
A funnel,B0,7,3.730,36.0000
A funnel,B0,7,3.770,36.0000
A funnel,B0,7,3.813,36.0000
A funnel,B0,7,3.850,36.0000
A funnel,B0,7,3.889,36.0000
A funnel,B0,7,3.930,36.0000
A funnel,B0,7,3.967,36.0000
A funnel,B0,7,4.005,36.0000
A funnel,B0,7,4.041,36.0000
A funnel,B0,7,4.077,36.0000
A funnel,B0,7,4.113,36.0000
A funnel,B0,7,4.151,36.0000
A funnel,B0,7,4.187,36.0000
A funnel,B0,7,4.224,36.0000
A funnel,B0,7,4.264,36.0000
A funnel,B0,7,4.309,36.0000
A funnel,B0,7,4.349,36.0000
A funnel,B0,7,4.390,36.0000
A funnel,B0,7,4.430,36.0000
A funnel,B0,7,4.471,36.0000
A funnel,B0,7,4.511,36.0000
A funnel,B0,7,4.549,36.0000
A funnel,B0,7,4.589,36.0000
A funnel,B0,7,4.629,36.0000
A funnel,B0,7,4.669,36.0000
A funnel,B0,7,4.706,36.0000
A funnel,B0,7,4.743,36.0000
A funnel,B0,7,4.781,36.0000
A funnel,B0,7,4.820,36.0000
A funnel,B0,7,4.858,36.0000
A funnel,B0,7,4.896,36.0000
A funnel,B0,7,4.932,36.0000
A funnel,B0,7,4.969,36.0000
A funnel,B0,7,5.010,36.0000
A funnel,B0,7,5.046,36.0000
A funnel,B0,7,5.082,36.0000
A funnel,B0,7,5.119,36.0000
A funnel,B0,7,5.164,36.0000
A funnel,B0,7,5.201,36.0000
A funnel,B0,7,5.241,36.0000
A funnel,B0,7,5.281,36.0000
A funnel,B0,7,5.319,36.0000
A funnel,B0,7,5.361,36.0000
A funnel,B0,7,5.399,36.0000
A funnel,B0,7,5.440,36.0000
A funnel,B0,7,5.477,36.0000
A funnel,B0,7,5.520,36.0000
A funnel,B0,7,5.558,36.0000
A funnel,B0,7,5.597,36.0000
A funnel,B0,7,5.635,36.0000
A funnel,B0,7,5.677,36.0000
A funnel,B0,7,5.713,36.0000
A funnel,B0,7,5.751,36.0000
A funnel,B0,7,5.787,36.0000
A funnel,B0,7,5.824,36.0000
A funnel,B0,7,5.862,36.0000
A funnel,B0,7,5.898,36.0000
A funnel,B0,7,5.935,36.0000
A funnel,B0,7,5.971,36.0000
A funnel,B0,7,6.014,36.0000
A funnel,B0,7,6.050,36.0000
A funnel,B0,7,6.087,36.0000
A funnel,B0,7,6.123,36.0000
A funnel,B0,7,6.159,36.0000
A funnel,B0,7,6.200,36.0000
A funnel,B0,7,6.236,36.0000
A funnel,B0,7,6.272,36.0000
A funnel,B0,7,6.309,36.0000
A funnel,B0,7,6.351,36.0000
A funnel,B0,7,6.387,36.0000
A funnel,B0,7,6.423,36.0000
A funnel,B0,7,6.459,36.0000
A funnel,B0,7,6.496,36.0000
A funnel,B0,7,6.536,36.0000
A funnel,B0,7,6.572,36.0000
A funnel,B0,7,6.607,36.0000
A funnel,B0,7,6.642,36.0000
A funnel,B0,7,6.679,36.0000
A funnel,B0,7,6.714,36.0000
A funnel,B0,7,6.751,36.0000
A funnel,B0,7,6.790,36.0000
A funnel,B0,7,6.832,36.0000
A funnel,B0,7,6.870,36.0000
A funnel,B0,7,6.909,36.0000
A funnel,B0,7,6.947,36.0000
A funnel,B0,7,6.980,36.0000
A funnel,B0,7,7.019,36.0000
A funnel,B0,7,7.053,36.0000
A funnel,B0,7,7.087,36.0000
A funnel,B0,7,7.122,36.0000
A funnel,B0,7,7.161,36.0000
A funnel,B0,7,7.195,36.0000
A funnel,B0,7,7.234,36.0000
A funnel,B0,7,7.274,36.0000
A funnel,B0,7,7.308,36.0000
A funnel,B0,7,7.346,36.0000
A funnel,B0,7,7.382,36.0000
A funnel,B0,7,7.417,36.0000
A funnel,B0,7,7.453,36.0000
A funnel,B0,7,7.494,36.0000
A funnel,B0,7,7.535,36.0000
A funnel,B0,7,7.574,36.0000
A funnel,B0,7,7.611,36.0000
A funnel,B0,7,7.653,36.0000
A funnel,B0,7,7.687,36.0000
A funnel,B0,7,7.721,36.0000
A funnel,B0,7,7.757,36.0000
A funnel,B0,7,7.795,36.0000
A funnel,B0,7,7.833,36.0000
A funnel,B0,7,7.869,36.0000
A funnel,B0,7,7.903,36.0000
A funnel,B0,7,7.940,36.0000
A funnel,B0,7,7.978,36.0000
A funnel,B0,7,8.013,36.0000
A funnel,B0,7,8.049,36.0000
A funnel,B0,7,8.088,36.0000
A funnel,B0,7,8.126,36.0000
A funnel,B0,7,8.167,36.0000
A funnel,B0,7,8.205,36.0000
A funnel,B0,7,8.243,36.0000
A funnel,B0,7,8.282,36.0000
A funnel,B0,7,8.324,36.0000
A funnel,B0,7,8.361,36.0000
A funnel,B0,7,8.399,36.0000
A funnel,B0,7,8.433,36.0000
A funnel,B0,7,8.471,36.0000
A funnel,B0,7,8.506,36.0000
A funnel,B0,7,8.543,36.0000
A funnel,B0,7,8.579,36.0000
A funnel,B0,7,8.615,36.0000
A funnel,B0,7,8.656,36.0000
A funnel,B0,7,8.693,36.0000
A funnel,B0,7,8.730,36.0000
A funnel,B0,7,8.767,36.0000
A funnel,B0,7,8.809,36.0000
A funnel,B0,7,8.848,36.0000
A funnel,B0,7,8.887,36.0000
A funnel,B0,7,8.928,36.0000
A funnel,B0,7,8.969,36.0000
A funnel,B0,7,9.011,36.0000
A funnel,B0,7,9.047,36.0000
A funnel,B0,7,9.082,36.0000
A funnel,B0,7,9.118,36.0000
A funnel,B0,7,9.157,36.0000
A funnel,B0,7,9.193,36.0000
A funnel,B0,7,9.229,36.0000
A funnel,B0,7,9.265,36.0000
A funnel,B0,7,9.305,36.0000
A funnel,B0,7,9.342,36.0000
A funnel,B0,7,9.377,36.0000
A funnel,B0,7,9.413,36.0000
A funnel,B0,7,9.449,36.0000
A funnel,B0,7,9.488,36.0000
A funnel,B0,7,9.527,36.0000
A funnel,B0,7,9.564,36.0000
A funnel,B0,7,9.605,36.0000
A funnel,B0,7,9.646,36.0000
A funnel,B0,7,9.680,36.0000
A funnel,B0,7,9.715,36.0000
A funnel,B0,7,9.750,36.0000
A funnel,B0,7,9.792,36.0000
A funnel,B0,7,9.831,36.0000
A funnel,B0,7,9.867,36.0000
A funnel,B0,7,9.902,36.0000
A funnel,B0,7,9.938,36.0000
A funnel,B0,7,9.978,36.0000
A funnel,B0,7,10.014,36.0000
A funnel,B0,7,10.049,36.0000
A funnel,B0,7,10.087,36.0000
A funnel,B0,7,10.125,36.0000
A funnel,B0,7,10.160,36.0000
A funnel,B0,7,10.196,36.0000
A funnel,B0,7,10.232,36.0000
A funnel,B0,7,10.268,36.0000
A funnel,B0,7,10.305,36.0000
A funnel,B0,7,10.341,36.0000
A funnel,B0,7,10.376,36.0000
A funnel,B0,7,10.411,36.0000
A funnel,B0,7,10.450,36.0000
A funnel,B0,7,10.484,36.0000
A funnel,B0,7,10.522,36.0000
A funnel,B0,7,10.559,36.0000
A funnel,B0,7,10.597,36.0000
A funnel,B0,7,10.633,36.0000
A funnel,B0,7,10.667,36.0000
A funnel,B0,7,10.703,36.0000
A funnel,B0,7,10.738,36.0000
A funnel,B0,7,10.776,36.0000
A funnel,B0,7,10.812,36.0000
A funnel,B0,7,10.848,35.0000
A funnel,B0,7,10.883,35.0000
A funnel,B0,7,10.921,35.0000
A funnel,B0,7,10.957,35.0000
A funnel,B0,7,10.992,35.0000
A funnel,B0,7,11.026,35.0000
A funnel,B0,7,11.061,35.0000
A funnel,B0,7,11.099,35.0000
A funnel,B0,7,11.132,34.0000
A funnel,B0,7,11.166,34.0000
A funnel,B0,7,11.201,34.0000
A funnel,B0,7,11.238,34.0000
A funnel,B0,7,11.270,34.0000
A funnel,B0,7,11.305,34.0000
A funnel,B0,7,11.342,34.0000
A funnel,B0,7,11.380,34.0000
A funnel,B0,7,11.420,34.0000
A funnel,B0,7,11.457,34.0000
A funnel,B0,7,11.494,34.0000
A funnel,B0,7,11.526,34.0000
A funnel,B0,7,11.562,34.0000
A funnel,B0,7,11.596,34.0000
A funnel,B0,7,11.630,34.0000
A funnel,B0,7,11.664,34.0000
A funnel,B0,7,11.698,34.0000
A funnel,B0,7,11.736,34.0000
A funnel,B0,7,11.770,34.0000
A funnel,B0,7,11.804,34.0000
A funnel,B0,7,11.838,34.0000
A funnel,B0,7,11.876,34.0000
A funnel,B0,7,11.913,34.0000
A funnel,B0,7,11.948,34.0000
A funnel,B0,7,11.986,34.0000
A funnel,B0,7,12.022,34.0000
A funnel,B0,7,12.063,34.0000
A funnel,B0,7,12.102,34.0000
A funnel,B0,7,12.141,34.0000
A funnel,B0,7,12.175,34.0000
A funnel,B0,7,12.218,34.0000
A funnel,B0,7,12.256,34.0000
A funnel,B0,7,12.293,34.0000
A funnel,B0,7,12.328,34.0000
A funnel,B0,7,12.361,34.0000
A funnel,B0,7,12.399,34.0000
A funnel,B0,7,12.433,34.0000
A funnel,B0,7,12.467,34.0000
A funnel,B0,7,12.502,34.0000
A funnel,B0,7,12.540,34.0000
A funnel,B0,7,12.574,34.0000
A funnel,B0,7,12.608,34.0000
A funnel,B0,7,12.643,34.0000
A funnel,B0,7,12.697,34.0000
A funnel,B0,7,12.757,34.0000
A funnel,B0,7,12.804,34.0000
A funnel,B0,7,12.849,34.0000
A funnel,B0,7,12.884,34.0000
A funnel,B0,7,12.923,34.0000
A funnel,B0,7,12.955,34.0000
A funnel,B0,7,12.988,34.0000
A funnel,B0,7,13.022,34.0000
A funnel,B0,7,13.055,34.0000
A funnel,B0,7,13.092,34.0000
A funnel,B0,7,13.126,34.0000
A funnel,B0,7,13.161,34.0000
A funnel,B0,7,13.195,34.0000
A funnel,B0,7,13.236,34.0000
A funnel,B0,7,13.269,34.0000
A funnel,B0,7,13.303,34.0000
A funnel,B0,7,13.337,34.0000
A funnel,B0,7,13.372,34.0000
A funnel,B0,7,13.411,34.0000
A funnel,B0,7,13.457,34.0000
A funnel,B0,7,13.519,34.0000
A funnel,B0,7,13.574,34.0000
A funnel,B0,7,13.622,34.0000
A funnel,B0,7,13.666,34.0000
A funnel,B0,7,13.709,34.0000
A funnel,B0,7,13.751,34.0000
A funnel,B0,7,13.792,34.0000
A funnel,B0,7,13.829,34.0000
A funnel,B0,7,13.864,34.0000
A funnel,B0,7,13.903,34.0000
A funnel,B0,7,13.941,34.0000
A funnel,B0,7,13.984,34.0000
A funnel,B0,7,14.023,34.0000
A funnel,B0,7,14.062,34.0000
A funnel,B0,7,14.101,34.0000
A funnel,B0,7,14.140,34.0000
A funnel,B0,7,14.186,34.0000
A funnel,B0,7,14.227,34.0000
A funnel,B0,7,14.267,34.0000
A funnel,B0,7,14.308,34.0000
A funnel,B0,7,14.349,34.0000
A funnel,B0,7,14.396,34.0000
A funnel,B0,7,14.437,34.0000
A funnel,B0,7,14.478,34.0000
A funnel,B0,7,14.517,34.0000
A funnel,B0,7,14.556,34.0000
A funnel,B0,7,14.589,34.0000
A funnel,B0,7,14.623,34.0000
A funnel,B0,7,14.659,34.0000
A funnel,B0,7,14.693,34.0000
A funnel,B0,7,14.729,34.0000
A funnel,B0,7,14.762,34.0000
A funnel,B0,7,14.797,34.0000
A funnel,B0,7,14.831,34.0000
A funnel,B0,7,14.870,34.0000
A funnel,B0,7,14.909,34.0000
A funnel,B0,7,14.945,34.0000
A funnel,B0,7,14.980,34.0000
A funnel,B0,7,15.014,34.0000
A funnel,B0,7,15.051,34.0000
A funnel,B0,7,15.087,34.0000
A funnel,B0,7,15.123,34.0000
A funnel,B0,7,15.159,34.0000
A funnel,B0,7,15.200,34.0000
A funnel,B0,7,15.235,34.0000
A funnel,B0,7,15.269,34.0000
A funnel,B0,7,15.303,34.0000
A funnel,B0,7,15.341,34.0000
A funnel,B0,7,15.374,34.0000
A funnel,B0,7,15.412,34.0000
A funnel,B0,7,15.451,34.0000
A funnel,B0,7,15.489,34.0000
A funnel,B0,7,15.529,34.0000
A funnel,B0,7,15.562,34.0000
A funnel,B0,7,15.593,34.0000
A funnel,B0,7,15.628,34.0000
A funnel,B0,7,15.667,34.0000
A funnel,B0,7,15.701,34.0000
A funnel,B0,7,15.737,34.0000
A funnel,B0,7,15.772,34.0000
A funnel,B0,7,15.807,34.0000
A funnel,B0,7,15.844,34.0000
A funnel,B0,7,15.877,34.0000
A funnel,B0,7,15.913,34.0000
A funnel,B0,7,15.947,34.0000
A funnel,B0,7,15.985,34.0000
A funnel,B0,7,16.019,34.0000
A funnel,B0,7,16.053,34.0000
A funnel,B0,7,16.087,34.0000
A funnel,B0,7,16.122,34.0000
A funnel,B0,7,16.159,34.0000
A funnel,B0,7,16.193,34.0000
A funnel,B0,7,16.226,34.0000
A funnel,B0,7,16.260,34.0000
A funnel,B0,7,16.297,34.0000
A funnel,B0,7,16.332,34.0000
A funnel,B0,7,16.367,34.0000
A funnel,B0,7,16.403,34.0000
A funnel,B0,7,16.439,34.0000
A funnel,B0,7,16.478,34.0000
A funnel,B0,7,16.513,34.0000
A funnel,B0,7,16.552,34.0000
A funnel,B0,7,16.588,34.0000
A funnel,B0,7,16.622,34.0000
A funnel,B0,7,16.661,34.0000
A funnel,B0,7,16.695,34.0000
A funnel,B0,7,16.731,34.0000
A funnel,B0,7,16.767,34.0000
A funnel,B0,7,16.805,34.0000
A funnel,B0,7,16.840,34.0000
A funnel,B0,7,16.874,34.0000
A funnel,B0,7,16.910,34.0000
A funnel,B0,7,16.946,34.0000
A funnel,B0,7,16.985,34.0000
A funnel,B0,7,17.021,34.0000
A funnel,B0,7,17.056,34.0000
A funnel,B0,7,17.091,34.0000
A funnel,B0,7,17.130,34.0000
A funnel,B0,7,17.166,34.0000
A funnel,B0,7,17.201,34.0000
A funnel,B0,7,17.239,34.0000
A funnel,B0,7,17.276,34.0000
A funnel,B0,7,17.318,34.0000
A funnel,B0,7,17.356,34.0000
A funnel,B0,7,17.391,34.0000
A funnel,B0,7,17.427,34.0000
A funnel,B0,7,17.465,34.0000
A funnel,B0,7,17.504,34.0000
A funnel,B0,7,17.540,34.0000
A funnel,B0,7,17.576,34.0000
A funnel,B0,7,17.606,34.0000
A funnel,B0,7,17.642,34.0000
A funnel,B0,7,17.675,34.0000
A funnel,B0,7,17.708,34.0000
A funnel,B0,7,17.748,34.0000
A funnel,B0,7,17.792,34.0000
A funnel,B0,7,17.830,34.0000
A funnel,B0,7,17.871,34.0000
A funnel,B0,7,17.912,34.0000
A funnel,B0,7,17.947,34.0000
A funnel,B0,7,17.986,34.0000
A funnel,B0,7,18.021,34.0000
A funnel,B0,7,18.056,34.0000
A funnel,B0,7,18.091,34.0000
A funnel,B0,7,18.127,34.0000
A funnel,B0,7,18.160,34.0000
A funnel,B0,7,18.193,34.0000
A funnel,B0,7,18.228,34.0000
A funnel,B0,7,18.261,34.0000
A funnel,B0,7,18.299,34.0000
A funnel,B0,7,18.332,34.0000
A funnel,B0,7,18.366,34.0000
A funnel,B0,7,18.400,34.0000
A funnel,B0,7,18.437,34.0000
A funnel,B0,7,18.471,34.0000
A funnel,B0,7,18.504,34.0000
A funnel,B0,7,18.539,34.0000
A funnel,B0,7,18.574,34.0000
A funnel,B0,7,18.613,34.0000
A funnel,B0,7,18.649,34.0000
A funnel,B0,7,18.687,34.0000
A funnel,B0,7,18.724,34.0000
A funnel,B0,7,18.767,34.0000
A funnel,B0,7,18.805,34.0000
A funnel,B0,7,18.843,34.0000
A funnel,B0,7,18.876,34.0000
A funnel,B0,7,18.909,34.0000
A funnel,B0,7,18.946,34.0000
A funnel,B0,7,18.982,34.0000
A funnel,B0,7,19.019,34.0000
A funnel,B0,7,19.056,34.0000
A funnel,B0,7,19.099,34.0000
A funnel,B0,7,19.136,34.0000
A funnel,B0,7,19.173,34.0000
A funnel,B0,7,19.212,34.0000
A funnel,B0,7,19.250,34.0000
A funnel,B0,7,19.291,34.0000
A funnel,B0,7,19.329,34.0000
A funnel,B0,7,19.366,34.0000
A funnel,B0,7,19.404,34.0000
A funnel,B0,7,19.446,34.0000
A funnel,B0,7,19.483,34.0000
A funnel,B0,7,19.522,34.0000
A funnel,B0,7,19.561,34.0000
A funnel,B0,7,19.599,34.0000
A funnel,B0,7,19.643,34.0000
A funnel,B0,7,19.682,34.0000
A funnel,B0,7,19.718,34.0000
A funnel,B0,7,19.753,34.0000
A funnel,B0,7,19.786,34.0000
A funnel,B0,7,19.822,34.0000
A funnel,B0,7,19.855,34.0000
A funnel,B0,7,19.890,34.0000
A funnel,B0,7,19.924,34.0000
A funnel,B0,7,19.961,34.0000
A funnel,B0,7,19.993,34.0000
A funnel,B0,7,20.026,34.0000
A funnel,B0,7,20.060,34.0000
A funnel,B0,7,20.093,34.0000
A funnel,B0,7,20.130,34.0000
A funnel,B0,7,20.166,34.0000
A funnel,B0,7,20.200,34.0000
A funnel,B0,7,20.235,34.0000
A funnel,B0,7,20.277,34.0000
A funnel,B0,7,20.314,34.0000
A funnel,B0,7,20.351,34.0000
A funnel,B0,7,20.388,34.0000
A funnel,B0,7,20.426,34.0000
A funnel,B0,7,20.467,34.0000
A funnel,B0,7,20.505,34.0000
A funnel,B0,7,20.543,34.0000
A funnel,B0,7,20.581,34.0000
A funnel,B0,7,20.622,34.0000
A funnel,B0,7,20.654,34.0000
A funnel,B0,7,20.686,34.0000
A funnel,B0,7,20.719,34.0000
A funnel,B0,7,20.753,34.0000
A funnel,B0,7,20.790,34.0000
A funnel,B0,7,20.823,34.0000
A funnel,B0,7,20.856,34.0000
A funnel,B0,7,20.889,34.0000
A funnel,B0,7,20.934,34.0000
A funnel,B0,7,20.972,34.0000
A funnel,B0,7,21.008,34.0000
A funnel,B0,7,21.043,34.0000
A funnel,B0,7,21.077,34.0000
A funnel,B0,7,21.114,34.0000
A funnel,B0,7,21.148,34.0000
A funnel,B0,7,21.186,34.0000
A funnel,B0,7,21.225,34.0000
A funnel,B0,7,21.266,34.0000
A funnel,B0,7,21.304,34.0000
A funnel,B0,7,21.343,34.0000
A funnel,B0,7,21.386,34.0000
A funnel,B0,7,21.436,34.0000
A funnel,B0,7,21.481,34.0000
A funnel,B0,7,21.521,34.0000
A funnel,B0,7,21.558,34.0000
A funnel,B0,7,21.595,34.0000
A funnel,B0,7,21.632,34.0000
A funnel,B0,7,21.675,34.0000
A funnel,B0,7,21.716,34.0000
A funnel,B0,7,21.758,34.0000
A funnel,B0,7,21.796,34.0000
A funnel,B0,7,21.863,34.0000
A funnel,B0,7,21.921,34.0000
A funnel,B0,7,21.961,34.0000
A funnel,B0,7,22.005,34.0000
A funnel,B0,7,22.055,34.0000
A funnel,B0,7,22.104,34.0000
A funnel,B0,7,22.144,34.0000
A funnel,B0,7,22.185,34.0000
A funnel,B0,7,22.222,34.0000
A funnel,B0,7,22.261,34.0000
A funnel,B0,7,22.301,34.0000
A funnel,B0,7,22.338,34.0000
A funnel,B0,7,22.376,34.0000
A funnel,B0,7,22.421,34.0000
A funnel,B0,7,22.465,34.0000
A funnel,B0,7,22.503,34.0000
A funnel,B0,7,22.543,34.0000
A funnel,B0,7,22.581,34.0000
A funnel,B0,7,22.625,34.0000
A funnel,B0,7,22.662,34.0000
A funnel,B0,7,22.698,34.0000
A funnel,B0,7,22.736,34.0000
A funnel,B0,7,22.775,34.0000
A funnel,B0,7,22.820,34.0000
A funnel,B0,7,22.857,34.0000
A funnel,B0,7,22.892,34.0000
A funnel,B0,7,22.928,34.0000
A funnel,B0,7,22.969,34.0000
A funnel,B0,7,23.007,34.0000
A funnel,B0,7,23.046,34.0000
A funnel,B0,7,23.079,34.0000
A funnel,B0,7,23.114,34.0000
A funnel,B0,7,23.152,34.0000
A funnel,B0,7,23.189,34.0000
A funnel,B0,7,23.221,34.0000
A funnel,B0,7,23.254,34.0000
A funnel,B0,7,23.291,34.0000
A funnel,B0,7,23.325,34.0000
A funnel,B0,7,23.359,34.0000
A funnel,B0,7,23.394,34.0000
A funnel,B0,7,23.430,34.0000
A funnel,B0,7,23.472,34.0000
A funnel,B0,7,23.507,34.0000
A funnel,B0,7,23.544,34.0000
A funnel,B0,7,23.580,34.0000
A funnel,B0,7,23.616,34.0000
A funnel,B0,7,23.655,34.0000
A funnel,B0,7,23.692,34.0000
A funnel,B0,7,23.730,34.0000
A funnel,B0,7,23.765,34.0000
A funnel,B0,7,23.805,34.0000
A funnel,B0,7,23.840,34.0000
A funnel,B0,7,23.877,34.0000
A funnel,B0,7,23.915,34.0000
A funnel,B0,7,23.954,34.0000
A funnel,B0,7,23.997,34.0000
A funnel,B0,7,24.033,34.0000
A funnel,B0,7,24.068,34.0000
A funnel,B0,7,24.102,34.0000
A funnel,B0,7,24.142,34.0000
A funnel,B0,7,24.179,34.0000
A funnel,B0,7,24.215,34.0000
A funnel,B0,7,24.251,34.0000
A funnel,B0,7,24.287,34.0000
A funnel,B0,7,24.325,34.0000
A funnel,B0,7,24.362,34.0000
A funnel,B0,7,24.402,34.0000
A funnel,B0,7,24.442,34.0000
A funnel,B0,7,24.484,34.0000
A funnel,B0,7,24.523,34.0000
A funnel,B0,7,24.562,34.0000
A funnel,B0,7,24.600,34.0000
A funnel,B0,7,24.638,34.0000
A funnel,B0,7,24.678,34.0000
A funnel,B0,7,24.716,34.0000
A funnel,B0,7,24.750,34.0000
A funnel,B0,7,24.783,34.0000
A funnel,B0,7,24.822,34.0000
A funnel,B0,7,24.856,34.0000
A funnel,B0,7,24.891,34.0000
A funnel,B0,7,24.926,34.0000
A funnel,B0,7,24.963,34.0000
A funnel,B0,7,25.003,34.0000
A funnel,B0,7,25.041,34.0000
A funnel,B0,7,25.076,34.0000
A funnel,B0,7,25.112,34.0000
A funnel,B0,7,25.152,34.0000
A funnel,B0,7,25.187,34.0000
A funnel,B0,7,25.222,34.0000
A funnel,B0,7,25.257,34.0000
A funnel,B0,7,25.291,34.0000
A funnel,B0,7,25.329,34.0000
A funnel,B0,7,25.362,34.0000
A funnel,B0,7,25.399,34.0000
A funnel,B0,7,25.437,34.0000
A funnel,B0,7,25.476,34.0000
A funnel,B0,7,25.518,34.0000
A funnel,B0,7,25.558,34.0000
A funnel,B0,7,25.601,34.0000
A funnel,B0,7,25.644,34.0000
A funnel,B0,7,25.692,34.0000
A funnel,B0,7,25.735,34.0000
A funnel,B0,7,25.775,34.0000
A funnel,B0,7,25.816,34.0000
A funnel,B0,7,25.858,34.0000
A funnel,B0,7,25.904,34.0000
A funnel,B0,7,25.943,34.0000
A funnel,B0,7,25.981,34.0000
A funnel,B0,7,26.016,34.0000
A funnel,B0,7,26.054,34.0000
A funnel,B0,7,26.092,34.0000
A funnel,B0,7,26.132,34.0000
A funnel,B0,7,26.172,34.0000
A funnel,B0+,7,0.045,41.0000
A funnel,B0+,7,0.092,39.0000
A funnel,B0+,7,0.133,36.0000
A funnel,B0+,7,0.168,36.0000
A funnel,B0+,7,0.210,36.0000
A funnel,B0+,7,0.247,36.0000
A funnel,B0+,7,0.284,36.0000
A funnel,B0+,7,0.322,36.0000
A funnel,B0+,7,0.360,36.0000
A funnel,B0+,7,0.401,36.0000
A funnel,B0+,7,0.438,36.0000
A funnel,B0+,7,0.473,36.0000
A funnel,B0+,7,0.509,36.0000
A funnel,B0+,7,0.547,36.0000
A funnel,B0+,7,0.582,36.0000
A funnel,B0+,7,0.618,36.0000
A funnel,B0+,7,0.654,36.0000
A funnel,B0+,7,0.692,36.0000
A funnel,B0+,7,0.726,36.0000
A funnel,B0+,7,0.761,36.0000
A funnel,B0+,7,0.797,36.0000
A funnel,B0+,7,0.835,36.0000
A funnel,B0+,7,0.876,36.0000
A funnel,B0+,7,0.912,36.0000
A funnel,B0+,7,0.946,36.0000
A funnel,B0+,7,0.981,36.0000
A funnel,B0+,7,1.035,36.0000
A funnel,B0+,7,1.073,36.0000
A funnel,B0+,7,1.115,36.0000
A funnel,B0+,7,1.156,36.0000
A funnel,B0+,7,1.198,36.0000
A funnel,B0+,7,1.243,36.0000
A funnel,B0+,7,1.293,36.0000
A funnel,B0+,7,1.358,36.0000
A funnel,B0+,7,1.416,36.0000
A funnel,B0+,7,1.472,36.0000
A funnel,B0+,7,1.514,36.0000
A funnel,B0+,7,1.558,36.0000
A funnel,B0+,7,1.599,36.0000
A funnel,B0+,7,1.647,36.0000
A funnel,B0+,7,1.689,36.0000
A funnel,B0+,7,1.727,36.0000
A funnel,B0+,7,1.768,36.0000
A funnel,B0+,7,1.810,36.0000
A funnel,B0+,7,1.852,36.0000
A funnel,B0+,7,1.890,36.0000
A funnel,B0+,7,1.930,36.0000
A funnel,B0+,7,1.965,36.0000
A funnel,B0+,7,2.005,36.0000
A funnel,B0+,7,2.043,36.0000
A funnel,B0+,7,2.081,36.0000
A funnel,B0+,7,2.117,36.0000
A funnel,B0+,7,2.159,36.0000
A funnel,B0+,7,2.198,36.0000
A funnel,B0+,7,2.235,36.0000
A funnel,B0+,7,2.271,36.0000
A funnel,B0+,7,2.310,36.0000
A funnel,B0+,7,2.351,36.0000
A funnel,B0+,7,2.388,36.0000
A funnel,B0+,7,2.427,36.0000
A funnel,B0+,7,2.466,36.0000
A funnel,B0+,7,2.510,36.0000
A funnel,B0+,7,2.548,36.0000
A funnel,B0+,7,2.591,36.0000
A funnel,B0+,7,2.631,36.0000
A funnel,B0+,7,2.671,36.0000
A funnel,B0+,7,2.721,36.0000
A funnel,B0+,7,2.763,36.0000
A funnel,B0+,7,2.798,36.0000
A funnel,B0+,7,2.836,36.0000
A funnel,B0+,7,2.880,36.0000
A funnel,B0+,7,2.924,36.0000
A funnel,B0+,7,2.970,36.0000
A funnel,B0+,7,3.021,36.0000
A funnel,B0+,7,3.075,36.0000
A funnel,B0+,7,3.119,36.0000
A funnel,B0+,7,3.162,36.0000
A funnel,B0+,7,3.203,36.0000
A funnel,B0+,7,3.239,36.0000
A funnel,B0+,7,3.278,36.0000
A funnel,B0+,7,3.313,36.0000
A funnel,B0+,7,3.347,36.0000
A funnel,B0+,7,3.383,36.0000
A funnel,B0+,7,3.424,36.0000
A funnel,B0+,7,3.468,36.0000
A funnel,B0+,7,3.514,36.0000
A funnel,B0+,7,3.554,36.0000
A funnel,B0+,7,3.599,36.0000
A funnel,B0+,7,3.646,36.0000
A funnel,B0+,7,3.689,36.0000
A funnel,B0+,7,3.730,36.0000
A funnel,B0+,7,3.770,36.0000
A funnel,B0+,7,3.813,36.0000
A funnel,B0+,7,3.850,36.0000
A funnel,B0+,7,3.889,36.0000
A funnel,B0+,7,3.930,36.0000
A funnel,B0+,7,3.967,36.0000
A funnel,B0+,7,4.005,36.0000
A funnel,B0+,7,4.041,36.0000
A funnel,B0+,7,4.077,36.0000
A funnel,B0+,7,4.113,36.0000
A funnel,B0+,7,4.151,36.0000
A funnel,B0+,7,4.187,36.0000
A funnel,B0+,7,4.224,36.0000
A funnel,B0+,7,4.264,36.0000
A funnel,B0+,7,4.309,36.0000
A funnel,B0+,7,4.349,36.0000
A funnel,B0+,7,4.390,36.0000
A funnel,B0+,7,4.430,36.0000
A funnel,B0+,7,4.471,36.0000
A funnel,B0+,7,4.511,36.0000
A funnel,B0+,7,4.549,36.0000
A funnel,B0+,7,4.589,36.0000
A funnel,B0+,7,4.629,36.0000
A funnel,B0+,7,4.669,36.0000
A funnel,B0+,7,4.706,36.0000
A funnel,B0+,7,4.743,36.0000
A funnel,B0+,7,4.781,36.0000
A funnel,B0+,7,4.820,36.0000
A funnel,B0+,7,4.858,36.0000
A funnel,B0+,7,4.896,36.0000
A funnel,B0+,7,4.932,36.0000
A funnel,B0+,7,4.969,36.0000
A funnel,B0+,7,5.010,36.0000
A funnel,B0+,7,5.046,36.0000
A funnel,B0+,7,5.082,36.0000
A funnel,B0+,7,5.119,36.0000
A funnel,B0+,7,5.164,36.0000
A funnel,B0+,7,5.201,36.0000
A funnel,B0+,7,5.241,36.0000
A funnel,B0+,7,5.281,36.0000
A funnel,B0+,7,5.319,36.0000
A funnel,B0+,7,5.361,36.0000
A funnel,B0+,7,5.399,36.0000
A funnel,B0+,7,5.440,36.0000
A funnel,B0+,7,5.477,36.0000
A funnel,B0+,7,5.520,36.0000
A funnel,B0+,7,5.558,36.0000
A funnel,B0+,7,5.597,36.0000
A funnel,B0+,7,5.635,36.0000
A funnel,B0+,7,5.677,36.0000
A funnel,B0+,7,5.713,36.0000
A funnel,B0+,7,5.751,36.0000
A funnel,B0+,7,5.787,36.0000
A funnel,B0+,7,5.824,36.0000
A funnel,B0+,7,5.862,36.0000
A funnel,B0+,7,5.898,36.0000
A funnel,B0+,7,5.935,36.0000
A funnel,B0+,7,5.971,36.0000
A funnel,B0+,7,6.014,36.0000
A funnel,B0+,7,6.050,36.0000
A funnel,B0+,7,6.087,36.0000
A funnel,B0+,7,6.123,36.0000
A funnel,B0+,7,6.159,36.0000
A funnel,B0+,7,6.200,36.0000
A funnel,B0+,7,6.236,36.0000
A funnel,B0+,7,6.272,36.0000
A funnel,B0+,7,6.309,36.0000
A funnel,B0+,7,6.351,36.0000
A funnel,B0+,7,6.387,36.0000
A funnel,B0+,7,6.423,36.0000
A funnel,B0+,7,6.459,36.0000
A funnel,B0+,7,6.496,36.0000
A funnel,B0+,7,6.536,36.0000
A funnel,B0+,7,6.572,36.0000
A funnel,B0+,7,6.607,36.0000
A funnel,B0+,7,6.642,36.0000
A funnel,B0+,7,6.679,36.0000
A funnel,B0+,7,6.714,36.0000
A funnel,B0+,7,6.751,36.0000
A funnel,B0+,7,6.790,36.0000
A funnel,B0+,7,6.832,36.0000
A funnel,B0+,7,6.870,36.0000
A funnel,B0+,7,6.909,36.0000
A funnel,B0+,7,6.947,36.0000
A funnel,B0+,7,6.980,36.0000
A funnel,B0+,7,7.019,36.0000
A funnel,B0+,7,7.053,36.0000
A funnel,B0+,7,7.087,36.0000
A funnel,B0+,7,7.122,36.0000
A funnel,B0+,7,7.161,36.0000
A funnel,B0+,7,7.195,36.0000
A funnel,B0+,7,7.234,36.0000
A funnel,B0+,7,7.274,36.0000
A funnel,B0+,7,7.308,36.0000
A funnel,B0+,7,7.346,36.0000
A funnel,B0+,7,7.382,36.0000
A funnel,B0+,7,7.417,36.0000
A funnel,B0+,7,7.453,36.0000
A funnel,B0+,7,7.494,36.0000
A funnel,B0+,7,7.535,36.0000
A funnel,B0+,7,7.574,36.0000
A funnel,B0+,7,7.611,36.0000
A funnel,B0+,7,7.653,36.0000
A funnel,B0+,7,7.687,36.0000
A funnel,B0+,7,7.721,36.0000
A funnel,B0+,7,7.757,36.0000
A funnel,B0+,7,7.795,36.0000
A funnel,B0+,7,7.833,36.0000
A funnel,B0+,7,7.869,36.0000
A funnel,B0+,7,7.903,36.0000
A funnel,B0+,7,7.940,36.0000
A funnel,B0+,7,7.978,36.0000
A funnel,B0+,7,8.013,36.0000
A funnel,B0+,7,8.049,36.0000
A funnel,B0+,7,8.088,36.0000
A funnel,B0+,7,8.126,36.0000
A funnel,B0+,7,8.167,36.0000
A funnel,B0+,7,8.205,36.0000
A funnel,B0+,7,8.243,36.0000
A funnel,B0+,7,8.282,36.0000
A funnel,B0+,7,8.324,36.0000
A funnel,B0+,7,8.361,36.0000
A funnel,B0+,7,8.399,36.0000
A funnel,B0+,7,8.433,36.0000
A funnel,B0+,7,8.471,36.0000
A funnel,B0+,7,8.506,36.0000
A funnel,B0+,7,8.543,36.0000
A funnel,B0+,7,8.579,36.0000
A funnel,B0+,7,8.615,36.0000
A funnel,B0+,7,8.656,36.0000
A funnel,B0+,7,8.693,36.0000
A funnel,B0+,7,8.730,36.0000
A funnel,B0+,7,8.767,36.0000
A funnel,B0+,7,8.809,36.0000
A funnel,B0+,7,8.848,36.0000
A funnel,B0+,7,8.887,36.0000
A funnel,B0+,7,8.928,36.0000
A funnel,B0+,7,8.969,36.0000
A funnel,B0+,7,9.011,36.0000
A funnel,B0+,7,9.047,36.0000
A funnel,B0+,7,9.082,36.0000
A funnel,B0+,7,9.118,36.0000
A funnel,B0+,7,9.157,36.0000
A funnel,B0+,7,9.193,36.0000
A funnel,B0+,7,9.229,36.0000
A funnel,B0+,7,9.265,36.0000
A funnel,B0+,7,9.305,36.0000
A funnel,B0+,7,9.342,36.0000
A funnel,B0+,7,9.377,36.0000
A funnel,B0+,7,9.413,36.0000
A funnel,B0+,7,9.449,36.0000
A funnel,B0+,7,9.488,36.0000
A funnel,B0+,7,9.527,36.0000
A funnel,B0+,7,9.564,36.0000
A funnel,B0+,7,9.605,36.0000
A funnel,B0+,7,9.646,36.0000
A funnel,B0+,7,9.680,36.0000
A funnel,B0+,7,9.715,36.0000
A funnel,B0+,7,9.750,36.0000
A funnel,B0+,7,9.792,36.0000
A funnel,B0+,7,9.831,36.0000
A funnel,B0+,7,9.867,36.0000
A funnel,B0+,7,9.902,36.0000
A funnel,B0+,7,9.938,36.0000
A funnel,B0+,7,9.978,36.0000
A funnel,B0+,7,10.014,36.0000
A funnel,B0+,7,10.049,36.0000
A funnel,B0+,7,10.087,36.0000
A funnel,B0+,7,10.125,36.0000
A funnel,B0+,7,10.160,36.0000
A funnel,B0+,7,10.196,36.0000
A funnel,B0+,7,10.232,36.0000
A funnel,B0+,7,10.268,36.0000
A funnel,B0+,7,10.305,36.0000
A funnel,B0+,7,10.341,36.0000
A funnel,B0+,7,10.376,36.0000
A funnel,B0+,7,10.411,36.0000
A funnel,B0+,7,10.450,36.0000
A funnel,B0+,7,10.484,36.0000
A funnel,B0+,7,10.522,36.0000
A funnel,B0+,7,10.559,36.0000
A funnel,B0+,7,10.597,36.0000
A funnel,B0+,7,10.633,36.0000
A funnel,B0+,7,10.667,36.0000
A funnel,B0+,7,10.703,36.0000
A funnel,B0+,7,10.738,36.0000
A funnel,B0+,7,10.776,36.0000
A funnel,B0+,7,10.812,36.0000
A funnel,B0+,7,10.848,35.0000
A funnel,B0+,7,10.883,35.0000
A funnel,B0+,7,10.921,35.0000
A funnel,B0+,7,10.957,35.0000
A funnel,B0+,7,10.992,35.0000
A funnel,B0+,7,11.026,35.0000
A funnel,B0+,7,11.061,35.0000
A funnel,B0+,7,11.099,35.0000
A funnel,B0+,7,11.132,34.0000
A funnel,B0+,7,11.166,34.0000
A funnel,B0+,7,11.201,34.0000
A funnel,B0+,7,11.238,34.0000
A funnel,B0+,7,11.270,34.0000
A funnel,B0+,7,11.305,34.0000
A funnel,B0+,7,11.342,34.0000
A funnel,B0+,7,11.380,34.0000
A funnel,B0+,7,11.420,34.0000
A funnel,B0+,7,11.457,34.0000
A funnel,B0+,7,11.494,34.0000
A funnel,B0+,7,11.526,34.0000
A funnel,B0+,7,11.562,34.0000
A funnel,B0+,7,11.596,34.0000
A funnel,B0+,7,11.630,34.0000
A funnel,B0+,7,11.664,34.0000
A funnel,B0+,7,11.698,34.0000
A funnel,B0+,7,11.736,34.0000
A funnel,B0+,7,11.770,34.0000
A funnel,B0+,7,11.804,34.0000
A funnel,B0+,7,11.838,34.0000
A funnel,B0+,7,11.876,34.0000
A funnel,B0+,7,11.913,34.0000
A funnel,B0+,7,11.948,34.0000
A funnel,B0+,7,11.986,34.0000
A funnel,B0+,7,12.022,34.0000
A funnel,B0+,7,12.063,34.0000
A funnel,B0+,7,12.102,34.0000
A funnel,B0+,7,12.141,34.0000
A funnel,B0+,7,12.175,34.0000
A funnel,B0+,7,12.218,34.0000
A funnel,B0+,7,12.256,34.0000
A funnel,B0+,7,12.293,34.0000
A funnel,B0+,7,12.328,34.0000
A funnel,B0+,7,12.361,34.0000
A funnel,B0+,7,12.399,34.0000
A funnel,B0+,7,12.433,34.0000
A funnel,B0+,7,12.467,34.0000
A funnel,B0+,7,12.502,34.0000
A funnel,B0+,7,12.540,34.0000
A funnel,B0+,7,12.574,34.0000
A funnel,B0+,7,12.608,34.0000
A funnel,B0+,7,12.643,34.0000
A funnel,B0+,7,12.697,34.0000
A funnel,B0+,7,12.757,34.0000
A funnel,B0+,7,12.804,34.0000
A funnel,B0+,7,12.849,34.0000
A funnel,B0+,7,12.884,34.0000
A funnel,B0+,7,12.923,34.0000
A funnel,B0+,7,12.955,34.0000
A funnel,B0+,7,12.988,34.0000
A funnel,B0+,7,13.022,34.0000
A funnel,B0+,7,13.055,34.0000
A funnel,B0+,7,13.092,34.0000
A funnel,B0+,7,13.126,34.0000
A funnel,B0+,7,13.161,34.0000
A funnel,B0+,7,13.195,34.0000
A funnel,B0+,7,13.236,34.0000
A funnel,B0+,7,13.269,34.0000
A funnel,B0+,7,13.303,34.0000
A funnel,B0+,7,13.337,34.0000
A funnel,B0+,7,13.372,34.0000
A funnel,B0+,7,13.411,34.0000
A funnel,B0+,7,13.457,34.0000
A funnel,B0+,7,13.519,34.0000
A funnel,B0+,7,13.574,34.0000
A funnel,B0+,7,13.622,34.0000
A funnel,B0+,7,13.666,34.0000
A funnel,B0+,7,13.709,34.0000
A funnel,B0+,7,13.751,34.0000
A funnel,B0+,7,13.792,34.0000
A funnel,B0+,7,13.829,34.0000
A funnel,B0+,7,13.864,34.0000
A funnel,B0+,7,13.903,34.0000
A funnel,B0+,7,13.941,34.0000
A funnel,B0+,7,13.984,34.0000
A funnel,B0+,7,14.023,34.0000
A funnel,B0+,7,14.062,34.0000
A funnel,B0+,7,14.101,34.0000
A funnel,B0+,7,14.140,34.0000
A funnel,B0+,7,14.186,34.0000
A funnel,B0+,7,14.227,34.0000
A funnel,B0+,7,14.267,34.0000
A funnel,B0+,7,14.308,34.0000
A funnel,B0+,7,14.349,34.0000
A funnel,B0+,7,14.396,34.0000
A funnel,B0+,7,14.437,34.0000
A funnel,B0+,7,14.478,34.0000
A funnel,B0+,7,14.517,34.0000
A funnel,B0+,7,14.556,34.0000
A funnel,B0+,7,14.589,34.0000
A funnel,B0+,7,14.623,34.0000
A funnel,B0+,7,14.659,34.0000
A funnel,B0+,7,14.693,34.0000
A funnel,B0+,7,14.729,34.0000
A funnel,B0+,7,14.762,34.0000
A funnel,B0+,7,14.797,34.0000
A funnel,B0+,7,14.831,34.0000
A funnel,B0+,7,14.870,34.0000
A funnel,B0+,7,14.909,34.0000
A funnel,B0+,7,14.945,34.0000
A funnel,B0+,7,14.980,34.0000
A funnel,B0+,7,15.014,34.0000
A funnel,B0+,7,15.051,34.0000
A funnel,B0+,7,15.087,34.0000
A funnel,B0+,7,15.123,34.0000
A funnel,B0+,7,15.159,34.0000
A funnel,B0+,7,15.200,34.0000
A funnel,B0+,7,15.235,34.0000
A funnel,B0+,7,15.269,34.0000
A funnel,B0+,7,15.303,34.0000
A funnel,B0+,7,15.341,34.0000
A funnel,B0+,7,15.374,34.0000
A funnel,B0+,7,15.412,34.0000
A funnel,B0+,7,15.451,34.0000
A funnel,B0+,7,15.489,34.0000
A funnel,B0+,7,15.529,34.0000
A funnel,B0+,7,15.562,34.0000
A funnel,B0+,7,15.593,34.0000
A funnel,B0+,7,15.628,34.0000
A funnel,B0+,7,15.667,34.0000
A funnel,B0+,7,15.701,34.0000
A funnel,B0+,7,15.737,34.0000
A funnel,B0+,7,15.772,34.0000
A funnel,B0+,7,15.807,34.0000
A funnel,B0+,7,15.844,34.0000
A funnel,B0+,7,15.877,34.0000
A funnel,B0+,7,15.913,34.0000
A funnel,B0+,7,15.947,34.0000
A funnel,B0+,7,15.985,34.0000
A funnel,B0+,7,16.019,34.0000
A funnel,B0+,7,16.053,34.0000
A funnel,B0+,7,16.087,34.0000
A funnel,B0+,7,16.122,34.0000
A funnel,B0+,7,16.159,34.0000
A funnel,B0+,7,16.193,34.0000
A funnel,B0+,7,16.226,34.0000
A funnel,B0+,7,16.260,34.0000
A funnel,B0+,7,16.297,34.0000
A funnel,B0+,7,16.332,34.0000
A funnel,B0+,7,16.367,34.0000
A funnel,B0+,7,16.403,34.0000
A funnel,B0+,7,16.439,34.0000
A funnel,B0+,7,16.478,34.0000
A funnel,B0+,7,16.513,34.0000
A funnel,B0+,7,16.552,34.0000
A funnel,B0+,7,16.588,34.0000
A funnel,B0+,7,16.622,34.0000
A funnel,B0+,7,16.661,34.0000
A funnel,B0+,7,16.695,34.0000
A funnel,B0+,7,16.731,34.0000
A funnel,B0+,7,16.767,34.0000
A funnel,B0+,7,16.805,34.0000
A funnel,B0+,7,16.840,34.0000
A funnel,B0+,7,16.874,34.0000
A funnel,B0+,7,16.910,34.0000
A funnel,B0+,7,16.946,34.0000
A funnel,B0+,7,16.985,34.0000
A funnel,B0+,7,17.021,34.0000
A funnel,B0+,7,17.056,34.0000
A funnel,B0+,7,17.091,34.0000
A funnel,B0+,7,17.130,34.0000
A funnel,B0+,7,17.166,34.0000
A funnel,B0+,7,17.201,34.0000
A funnel,B0+,7,17.239,34.0000
A funnel,B0+,7,17.276,34.0000
A funnel,B0+,7,17.318,34.0000
A funnel,B0+,7,17.356,34.0000
A funnel,B0+,7,17.391,34.0000
A funnel,B0+,7,17.427,34.0000
A funnel,B0+,7,17.465,34.0000
A funnel,B0+,7,17.504,34.0000
A funnel,B0+,7,17.540,34.0000
A funnel,B0+,7,17.576,34.0000
A funnel,B0+,7,17.606,34.0000
A funnel,B0+,7,17.642,34.0000
A funnel,B0+,7,17.675,34.0000
A funnel,B0+,7,17.708,34.0000
A funnel,B0+,7,17.748,34.0000
A funnel,B0+,7,17.792,34.0000
A funnel,B0+,7,17.830,34.0000
A funnel,B0+,7,17.871,34.0000
A funnel,B0+,7,17.912,34.0000
A funnel,B0+,7,17.947,34.0000
A funnel,B0+,7,17.986,34.0000
A funnel,B0+,7,18.021,34.0000
A funnel,B0+,7,18.056,34.0000
A funnel,B0+,7,18.091,34.0000
A funnel,B0+,7,18.127,34.0000
A funnel,B0+,7,18.160,34.0000
A funnel,B0+,7,18.193,34.0000
A funnel,B0+,7,18.228,34.0000
A funnel,B0+,7,18.261,34.0000
A funnel,B0+,7,18.299,34.0000
A funnel,B0+,7,18.332,34.0000
A funnel,B0+,7,18.366,34.0000
A funnel,B0+,7,18.400,34.0000
A funnel,B0+,7,18.437,34.0000
A funnel,B0+,7,18.471,34.0000
A funnel,B0+,7,18.504,34.0000
A funnel,B0+,7,18.539,34.0000
A funnel,B0+,7,18.574,34.0000
A funnel,B0+,7,18.613,34.0000
A funnel,B0+,7,18.649,34.0000
A funnel,B0+,7,18.687,34.0000
A funnel,B0+,7,18.724,34.0000
A funnel,B0+,7,18.767,34.0000
A funnel,B0+,7,18.805,34.0000
A funnel,B0+,7,18.843,34.0000
A funnel,B0+,7,18.876,34.0000
A funnel,B0+,7,18.909,34.0000
A funnel,B0+,7,18.946,34.0000
A funnel,B0+,7,18.982,34.0000
A funnel,B0+,7,19.019,34.0000
A funnel,B0+,7,19.056,34.0000
A funnel,B0+,7,19.099,34.0000
A funnel,B0+,7,19.136,34.0000
A funnel,B0+,7,19.173,34.0000
A funnel,B0+,7,19.212,34.0000
A funnel,B0+,7,19.250,34.0000
A funnel,B0+,7,19.291,34.0000
A funnel,B0+,7,19.329,34.0000
A funnel,B0+,7,19.366,34.0000
A funnel,B0+,7,19.404,34.0000
A funnel,B0+,7,19.446,34.0000
A funnel,B0+,7,19.483,34.0000
A funnel,B0+,7,19.522,34.0000
A funnel,B0+,7,19.561,34.0000
A funnel,B0+,7,19.599,34.0000
A funnel,B0+,7,19.643,34.0000
A funnel,B0+,7,19.682,34.0000
A funnel,B0+,7,19.718,34.0000
A funnel,B0+,7,19.753,34.0000
A funnel,B0+,7,19.786,34.0000
A funnel,B0+,7,19.822,34.0000
A funnel,B0+,7,19.855,34.0000
A funnel,B0+,7,19.890,34.0000
A funnel,B0+,7,19.924,34.0000
A funnel,B0+,7,19.961,34.0000
A funnel,B0+,7,19.993,34.0000
A funnel,B0+,7,20.026,34.0000
A funnel,B0+,7,20.060,34.0000
A funnel,B0+,7,20.093,34.0000
A funnel,B0+,7,20.130,34.0000
A funnel,B0+,7,20.166,34.0000
A funnel,B0+,7,20.200,34.0000
A funnel,B0+,7,20.235,34.0000
A funnel,B0+,7,20.277,34.0000
A funnel,B0+,7,20.314,34.0000
A funnel,B0+,7,20.351,34.0000
A funnel,B0+,7,20.388,34.0000
A funnel,B0+,7,20.426,34.0000
A funnel,B0+,7,20.467,34.0000
A funnel,B0+,7,20.505,34.0000
A funnel,B0+,7,20.543,34.0000
A funnel,B0+,7,20.581,34.0000
A funnel,B0+,7,20.622,34.0000
A funnel,B0+,7,20.654,34.0000
A funnel,B0+,7,20.686,34.0000
A funnel,B0+,7,20.719,34.0000
A funnel,B0+,7,20.753,34.0000
A funnel,B0+,7,20.790,34.0000
A funnel,B0+,7,20.823,34.0000
A funnel,B0+,7,20.856,34.0000
A funnel,B0+,7,20.889,34.0000
A funnel,B0+,7,20.934,34.0000
A funnel,B0+,7,20.972,34.0000
A funnel,B0+,7,21.008,34.0000
A funnel,B0+,7,21.043,34.0000
A funnel,B0+,7,21.077,34.0000
A funnel,B0+,7,21.114,34.0000
A funnel,B0+,7,21.148,34.0000
A funnel,B0+,7,21.186,34.0000
A funnel,B0+,7,21.225,34.0000
A funnel,B0+,7,21.266,34.0000
A funnel,B0+,7,21.304,34.0000
A funnel,B0+,7,21.343,34.0000
A funnel,B0+,7,21.386,34.0000
A funnel,B0+,7,21.436,34.0000
A funnel,B0+,7,21.481,34.0000
A funnel,B0+,7,21.521,34.0000
A funnel,B0+,7,21.558,34.0000
A funnel,B0+,7,21.595,34.0000
A funnel,B0+,7,21.632,34.0000
A funnel,B0+,7,21.675,34.0000
A funnel,B0+,7,21.716,34.0000
A funnel,B0+,7,21.758,34.0000
A funnel,B0+,7,21.796,34.0000
A funnel,B0+,7,21.863,34.0000
A funnel,B0+,7,21.921,34.0000
A funnel,B0+,7,21.961,34.0000
A funnel,B0+,7,22.005,34.0000
A funnel,B0+,7,22.055,34.0000
A funnel,B0+,7,22.104,34.0000
A funnel,B0+,7,22.144,34.0000
A funnel,B0+,7,22.185,34.0000
A funnel,B0+,7,22.222,34.0000
A funnel,B0+,7,22.261,34.0000
A funnel,B0+,7,22.301,34.0000
A funnel,B0+,7,22.338,34.0000
A funnel,B0+,7,22.376,34.0000
A funnel,B0+,7,22.421,34.0000
A funnel,B0+,7,22.465,34.0000
A funnel,B0+,7,22.503,34.0000
A funnel,B0+,7,22.543,34.0000
A funnel,B0+,7,22.581,34.0000
A funnel,B0+,7,22.625,34.0000
A funnel,B0+,7,22.662,34.0000
A funnel,B0+,7,22.698,34.0000
A funnel,B0+,7,22.736,34.0000
A funnel,B0+,7,22.775,34.0000
A funnel,B0+,7,22.820,34.0000
A funnel,B0+,7,22.857,34.0000
A funnel,B0+,7,22.892,34.0000
A funnel,B0+,7,22.928,34.0000
A funnel,B0+,7,22.969,34.0000
A funnel,B0+,7,23.007,34.0000
A funnel,B0+,7,23.046,34.0000
A funnel,B0+,7,23.079,34.0000
A funnel,B0+,7,23.114,34.0000
A funnel,B0+,7,23.152,34.0000
A funnel,B0+,7,23.189,34.0000
A funnel,B0+,7,23.221,34.0000
A funnel,B0+,7,23.254,34.0000
A funnel,B0+,7,23.291,34.0000
A funnel,B0+,7,23.325,34.0000
A funnel,B0+,7,23.359,34.0000
A funnel,B0+,7,23.394,34.0000
A funnel,B0+,7,23.430,34.0000
A funnel,B0+,7,23.472,34.0000
A funnel,B0+,7,23.507,34.0000
A funnel,B0+,7,23.544,34.0000
A funnel,B0+,7,23.580,34.0000
A funnel,B0+,7,23.616,34.0000
A funnel,B0+,7,23.655,34.0000
A funnel,B0+,7,23.692,34.0000
A funnel,B0+,7,23.730,34.0000
A funnel,B0+,7,23.765,34.0000
A funnel,B0+,7,23.805,34.0000
A funnel,B0+,7,23.840,34.0000
A funnel,B0+,7,23.877,34.0000
A funnel,B0+,7,23.915,34.0000
A funnel,B0+,7,23.954,34.0000
A funnel,B0+,7,23.997,34.0000
A funnel,B0+,7,24.033,34.0000
A funnel,B0+,7,24.068,34.0000
A funnel,B0+,7,24.102,34.0000
A funnel,B0+,7,24.142,34.0000
A funnel,B0+,7,24.179,34.0000
A funnel,B0+,7,24.215,34.0000
A funnel,B0+,7,24.251,34.0000
A funnel,B0+,7,24.287,34.0000
A funnel,B0+,7,24.325,34.0000
A funnel,B0+,7,24.362,34.0000
A funnel,B0+,7,24.402,34.0000
A funnel,B0+,7,24.442,34.0000
A funnel,B0+,7,24.484,34.0000
A funnel,B0+,7,24.523,34.0000
A funnel,B0+,7,24.562,34.0000
A funnel,B0+,7,24.600,34.0000
A funnel,B0+,7,24.638,34.0000
A funnel,B0+,7,24.678,34.0000
A funnel,B0+,7,24.716,34.0000
A funnel,B0+,7,24.750,34.0000
A funnel,B0+,7,24.783,34.0000
A funnel,B0+,7,24.822,34.0000
A funnel,B0+,7,24.856,34.0000
A funnel,B0+,7,24.891,34.0000
A funnel,B0+,7,24.926,34.0000
A funnel,B0+,7,24.963,34.0000
A funnel,B0+,7,25.003,34.0000
A funnel,B0+,7,25.041,34.0000
A funnel,B0+,7,25.076,34.0000
A funnel,B0+,7,25.112,34.0000
A funnel,B0+,7,25.152,34.0000
A funnel,B0+,7,25.187,34.0000
A funnel,B0+,7,25.222,34.0000
A funnel,B0+,7,25.257,34.0000
A funnel,B0+,7,25.291,34.0000
A funnel,B0+,7,25.329,34.0000
A funnel,B0+,7,25.362,34.0000
A funnel,B0+,7,25.399,34.0000
A funnel,B0+,7,25.437,34.0000
A funnel,B0+,7,25.476,34.0000
A funnel,B0+,7,25.518,34.0000
A funnel,B0+,7,25.558,34.0000
A funnel,B0+,7,25.601,34.0000
A funnel,B0+,7,25.644,34.0000
A funnel,B0+,7,25.692,34.0000
A funnel,B0+,7,25.735,34.0000
A funnel,B0+,7,25.775,34.0000
A funnel,B0+,7,25.816,34.0000
A funnel,B0+,7,25.858,34.0000
A funnel,B0+,7,25.904,34.0000
A funnel,B0+,7,25.943,34.0000
A funnel,B0+,7,25.981,34.0000
A funnel,B0+,7,26.016,34.0000
A funnel,B0+,7,26.054,34.0000
A funnel,B0+,7,26.092,34.0000
A funnel,B0+,7,26.132,34.0000
A funnel,B0+,7,26.172,34.0000
A funnel,B1,7,0.430,74.0000
A funnel,B1,7,0.800,65.0000
A funnel,B1,7,1.183,59.0000
A funnel,B1,7,1.515,53.0000
A funnel,B1,7,1.821,53.0000
A funnel,B1,7,2.115,53.0000
A funnel,B1,7,2.403,53.0000
A funnel,B1,7,2.691,53.0000
A funnel,B1,7,2.984,53.0000
A funnel,B1,7,3.250,53.0000
A funnel,B1,7,3.520,53.0000
A funnel,B1,7,3.793,53.0000
A funnel,B1,7,4.071,53.0000
A funnel,B1,7,4.331,53.0000
A funnel,B1,7,4.603,53.0000
A funnel,B1,7,4.858,53.0000
A funnel,B1,7,5.120,52.0000
A funnel,B1,7,5.369,52.0000
A funnel,B1,7,5.621,52.0000
A funnel,B1,7,5.897,51.0000
A funnel,B1,7,6.154,51.0000
A funnel,B1,7,6.435,51.0000
A funnel,B1,7,6.727,51.0000
A funnel,B1,7,7.018,51.0000
A funnel,B1,7,7.319,51.0000
A funnel,B1,7,7.628,51.0000
A funnel,B1,7,7.905,51.0000
A funnel,B1,7,8.200,51.0000
A funnel,B1,7,8.490,51.0000
A funnel,B1,7,8.792,51.0000
A funnel,B1,7,9.091,51.0000
A funnel,B1,7,9.374,51.0000
A funnel,B1,7,9.687,50.0000
A funnel,B1,7,9.996,50.0000
A funnel,B1,7,10.279,50.0000
A funnel,B1,7,10.557,50.0000
A funnel,B1,7,10.831,50.0000
A funnel,B1,7,11.115,50.0000
A funnel,B1,7,11.393,50.0000
A funnel,B1,7,11.688,50.0000
A funnel,B1,7,12.028,50.0000
A funnel,B1,7,12.330,50.0000
A funnel,B1,7,12.632,50.0000
A funnel,B1,7,12.913,50.0000
A funnel,B1,7,13.196,50.0000
A funnel,B1,7,13.472,50.0000
A funnel,B1,7,13.774,50.0000
A funnel,B1,7,14.071,50.0000
A funnel,B1,7,14.372,50.0000
A funnel,B1,7,14.646,50.0000
A funnel,B1,7,14.945,50.0000
A funnel,B1,7,15.215,50.0000
A funnel,B1,7,15.521,50.0000
A funnel,B1,7,15.820,50.0000
A funnel,B1,7,16.120,50.0000
A funnel,B1,7,16.409,50.0000
A funnel,B1,7,16.692,50.0000
A funnel,B1,7,16.963,50.0000
A funnel,B1,7,17.236,50.0000
A funnel,B1,7,17.506,50.0000
A funnel,B1,7,17.793,50.0000
A funnel,B1,7,18.112,50.0000
A funnel,B1,7,18.415,50.0000
A funnel,B1,7,18.689,50.0000
A funnel,B1,7,18.984,50.0000
A funnel,B1,7,19.276,50.0000
A funnel,B1,7,19.555,49.0000
A funnel,B1,7,19.843,49.0000
A funnel,B1,7,20.124,49.0000
A funnel,B1,7,20.399,49.0000
A funnel,B1,7,20.670,49.0000
A funnel,B1,7,20.924,49.0000
A funnel,B1,7,21.192,49.0000
A funnel,B1,7,21.454,49.0000
A funnel,B1,7,21.715,49.0000
A funnel,B1,7,21.988,49.0000
A funnel,B1,7,22.241,49.0000
A funnel,B1,7,22.495,49.0000
A funnel,B1,7,22.756,49.0000
A funnel,B1,7,23.007,49.0000
A funnel,B1,7,23.273,49.0000
A funnel,B1,7,23.536,49.0000
A funnel,B1,7,23.822,49.0000
A funnel,B1,7,24.086,49.0000
A funnel,B1,7,24.387,49.0000
A funnel,B1,7,24.694,49.0000
A funnel,B1,7,24.961,49.0000
A funnel,B1,7,25.221,49.0000
A funnel,B1,7,25.483,49.0000
A funnel,B1,7,25.743,49.0000
A funnel,B1,7,26.000,49.0000
A funnel,B1,7,26.248,49.0000
A funnel,B1,7,26.495,49.0000
A funnel,B1,7,26.765,49.0000
A funnel,B1,7,27.011,49.0000
A funnel,B1,7,27.258,49.0000
A funnel,B1,7,27.512,49.0000
A funnel,B1,7,27.772,49.0000
A funnel,B1,7,28.040,49.0000
A funnel,B1,7,28.298,49.0000
A funnel,B1,7,28.549,49.0000
A funnel,B1,7,28.809,49.0000
A funnel,B1,7,29.062,49.0000
A funnel,B1,7,29.322,49.0000
A funnel,B1,7,29.574,49.0000
A funnel,B1,7,29.843,49.0000
A funnel,B1,7,30.102,49.0000
A funnel,B1,7,30.372,49.0000
A funnel,B1,7,30.649,49.0000
A funnel,B1,7,30.914,49.0000
A funnel,B1,7,31.171,49.0000
A funnel,B1,7,31.443,49.0000
A funnel,B1,7,31.715,49.0000
A funnel,B1,7,31.984,49.0000
A funnel,B1,7,32.243,49.0000
A funnel,B1,7,32.509,49.0000
A funnel,B1,7,32.795,49.0000
A funnel,B1,7,33.049,49.0000
A funnel,B1,7,33.318,49.0000
A funnel,B1,7,33.666,49.0000
A funnel,B1,7,33.941,49.0000
A funnel,B1,7,34.257,49.0000
A funnel,B1,7,34.567,49.0000
A funnel,B1,7,34.847,49.0000
A funnel,B1,7,35.120,49.0000
A funnel,B1,7,35.389,49.0000
A funnel,B1,7,35.666,49.0000
A funnel,B1,7,35.944,49.0000
A funnel,B1,7,36.218,49.0000
A funnel,B1,7,36.488,49.0000
A funnel,B1,7,36.773,49.0000
A funnel,B1,7,37.048,49.0000
A funnel,B1,7,37.311,49.0000
A funnel,B1,7,37.565,49.0000
A funnel,B1,7,37.825,49.0000
A funnel,B1,7,38.088,49.0000
A funnel,B1,7,38.353,49.0000
A funnel,B1,7,38.619,49.0000
A funnel,B1,7,38.902,49.0000
A funnel,B1,7,39.193,49.0000
A funnel,B1,7,39.464,49.0000
A funnel,B1,7,39.751,49.0000
A funnel,B1,7,40.034,49.0000
A funnel,B1,7,40.305,49.0000
A funnel,B1,7,40.576,49.0000
A funnel,B1,7,40.859,49.0000
A funnel,B1,7,41.136,49.0000
A funnel,B1,7,41.396,49.0000
A funnel,B1,7,41.666,49.0000
A funnel,B1,7,41.927,49.0000
A funnel,B1,7,42.174,49.0000
A funnel,B1,7,42.436,49.0000
A funnel,B1,7,42.718,49.0000
A funnel,B1,7,42.972,49.0000
A funnel,B1,7,43.240,49.0000
A funnel,B1,7,43.497,49.0000
A funnel,B1,7,43.747,49.0000
A funnel,B1,7,44.004,49.0000
A funnel,B1,7,44.261,49.0000
A funnel,B1,7,44.522,49.0000
A funnel,B1,7,44.777,49.0000
A funnel,B1,7,45.037,49.0000
A funnel,B1,7,45.294,49.0000
A funnel,B1,7,45.564,49.0000
A funnel,B1,7,45.839,49.0000
A funnel,B1,7,46.093,49.0000
A funnel,B1,7,46.356,49.0000
A funnel,B1,7,46.637,49.0000
A funnel,B1,7,46.922,49.0000
A funnel,B1,7,47.184,49.0000
A funnel,B1,7,47.436,49.0000
A funnel,B1,7,47.707,49.0000
A funnel,B1,7,48.042,49.0000
A funnel,B1,7,48.315,49.0000
A funnel,B1,7,48.601,49.0000
A funnel,B1,7,48.878,49.0000
A funnel,B1,7,49.147,49.0000
A funnel,B1,7,49.421,49.0000
A funnel,B1,7,49.676,49.0000
A funnel,B1,7,49.940,49.0000
A funnel,B1,7,50.200,49.0000
A funnel,B1,7,50.470,49.0000
A funnel,B1,7,50.762,49.0000
A funnel,B1,7,51.073,49.0000
A funnel,B1,7,51.377,49.0000
A funnel,B1,7,51.655,49.0000
A funnel,B1,7,51.954,49.0000
A funnel,B1,7,52.253,49.0000
A funnel,B1,7,52.533,49.0000
A funnel,B1,7,52.818,49.0000
A funnel,B1,7,53.133,49.0000
A funnel,B1,7,53.425,49.0000
A funnel,B1,7,53.714,49.0000
A funnel,B1,7,54.015,49.0000
A funnel,B1,7,54.291,49.0000
A funnel,B1,7,54.576,49.0000
A funnel,B1,7,54.852,49.0000
A funnel,B1,7,55.210,49.0000
A funnel,B1,7,55.468,49.0000
A funnel,B1,7,55.729,49.0000
A funnel,B1,7,56.010,49.0000
A funnel,B1,7,56.260,49.0000
A funnel,B1,7,56.527,49.0000
A funnel,B1,7,56.803,49.0000
A funnel,B1,7,57.079,49.0000
A funnel,B1,7,57.346,49.0000
A funnel,B1,7,57.607,49.0000
A funnel,B1,7,57.888,49.0000
A funnel,B1,7,58.169,49.0000
A funnel,B1,7,58.422,49.0000
A funnel,B1,7,58.700,49.0000
A funnel,B1,7,58.989,49.0000
A funnel,B1,7,59.243,49.0000
A funnel,B1,7,59.517,49.0000
A funnel,B1,7,59.774,49.0000
A funnel,B1,7,60.038,49.0000
A funnel,B1,7,60.301,49.0000
A funnel,B1,7,60.574,49.0000
A funnel,B1,7,60.869,49.0000
A funnel,B1,7,61.121,49.0000
A funnel,B1,7,61.389,49.0000
A funnel,B1,7,61.641,49.0000
A funnel,B1,7,61.904,49.0000
A funnel,B1,7,62.173,49.0000
A funnel,B1,7,62.444,49.0000
A funnel,B1,7,62.714,49.0000
A funnel,B1,7,62.989,49.0000
A funnel,B1,7,63.249,49.0000
A funnel,B1,7,63.527,49.0000
A funnel,B1,7,63.789,49.0000
A funnel,B1,7,64.055,49.0000
A funnel,B1,7,64.318,49.0000
A funnel,B1,7,64.580,49.0000
A funnel,B1,7,64.842,49.0000
A funnel,B1,7,65.098,49.0000
A funnel,B1,7,65.351,49.0000
A funnel,B1,7,65.622,49.0000
A funnel,B1,7,65.900,49.0000
A funnel,B1,7,66.170,49.0000
A funnel,B1,7,66.453,49.0000
A funnel,B1,7,66.773,49.0000
A funnel,B1,7,67.146,49.0000
A funnel,B1,7,67.431,49.0000
A funnel,B1,7,67.709,49.0000
A funnel,B1,7,67.993,49.0000
A funnel,B1,7,68.259,49.0000
A funnel,B1,7,68.528,49.0000
A funnel,B1,7,68.780,49.0000
A funnel,B1,7,69.075,49.0000
A funnel,B1,7,69.348,49.0000
A funnel,B1,7,69.614,49.0000
A funnel,B1,7,69.886,49.0000
A funnel,B1,7,70.152,49.0000
A funnel,B1,7,70.439,49.0000
A funnel,B1,7,70.706,49.0000
A funnel,B1,7,70.977,49.0000
A funnel,B1,7,71.266,49.0000
A funnel,B1,7,71.535,49.0000
A funnel,B1,7,71.809,49.0000
A funnel,B1,7,72.066,49.0000
A funnel,B1,7,72.332,49.0000
A funnel,B1,7,72.644,49.0000
A funnel,B1,7,72.923,49.0000
A funnel,B1,7,73.196,49.0000
A funnel,B1,7,73.482,49.0000
A funnel,B1,7,73.739,49.0000
A funnel,B1,7,74.012,49.0000
A funnel,B1,7,74.279,49.0000
A funnel,B1,7,74.548,49.0000
A funnel,B1,7,74.816,49.0000
A funnel,B1,7,75.085,49.0000
A funnel,B1,7,75.352,49.0000
A funnel,B1,7,75.607,49.0000
A funnel,B1,7,75.871,49.0000
A funnel,B1,7,76.140,49.0000
A funnel,B1,7,76.397,49.0000
A funnel,B1,7,76.667,49.0000
A funnel,B1,7,76.928,49.0000
A funnel,B1,7,77.196,49.0000
A funnel,B1,7,77.473,49.0000
A funnel,B1,7,77.733,49.0000
A funnel,B1,7,77.991,49.0000
A funnel,B1,7,78.247,49.0000
A funnel,B1,7,78.505,49.0000
A funnel,B1,7,78.783,49.0000
A funnel,B1,7,79.063,49.0000
A funnel,B1,7,79.329,49.0000
A funnel,B1,7,79.594,49.0000
A funnel,B1,7,79.869,49.0000
A funnel,B1,7,80.143,49.0000
A funnel,B1,7,80.413,49.0000
A funnel,B1,7,80.672,49.0000
A funnel,B1,7,80.956,49.0000
A funnel,B1,7,81.243,49.0000
A funnel,B1,7,81.534,49.0000
A funnel,B1,7,81.844,49.0000
A funnel,B1,7,82.116,49.0000
A funnel,B1,7,82.384,49.0000
A funnel,B1,7,82.659,49.0000
A funnel,B1,7,82.931,49.0000
A funnel,B1,7,83.186,49.0000
A funnel,B1,7,83.437,49.0000
A funnel,B1,7,83.700,49.0000
A funnel,B1,7,83.949,49.0000
A funnel,B1,7,84.213,49.0000
A funnel,B1,7,84.462,49.0000
A funnel,B1,7,84.737,49.0000
A funnel,B1,7,85.012,49.0000
A funnel,B1,7,85.269,49.0000
A funnel,B1,7,85.533,49.0000
A funnel,B1,7,85.792,49.0000
A funnel,B1,7,86.053,49.0000
A funnel,B1,7,86.336,49.0000
A funnel,B1,7,86.612,49.0000
A funnel,B1,7,86.905,49.0000
A funnel,B1,7,87.156,49.0000
A funnel,B1,7,87.406,49.0000
A funnel,B1,7,87.660,49.0000
A funnel,B1,7,87.917,49.0000
A funnel,B1,7,88.164,49.0000
A funnel,B1,7,88.418,49.0000
A funnel,B1,7,88.665,49.0000
A funnel,B1,7,88.923,49.0000
A funnel,B1,7,89.175,49.0000
A funnel,B1,7,89.428,49.0000
A funnel,B1,7,89.688,49.0000
A funnel,B1,7,89.975,49.0000
A funnel,B1,7,90.261,49.0000
A funnel,B2,7,2.879,62.0000
A funnel,B2,7,5.463,55.0000
A funnel,B2,7,8.089,54.0000
A funnel,B2,7,10.492,51.0000
A funnel,B2,7,12.718,51.0000
A funnel,B2,7,14.873,51.0000
A funnel,B2,7,16.921,50.0000
A funnel,B2,7,18.790,48.0000
A funnel,B2,7,20.716,46.0000
A funnel,B2,7,22.696,46.0000
A funnel,B2,7,24.626,46.0000
A funnel,B2,7,26.626,46.0000
A funnel,B2,7,28.613,46.0000
A funnel,B2,7,30.645,46.0000
A funnel,B2,7,32.674,46.0000
A funnel,B2,7,34.680,46.0000
A funnel,B2,7,36.735,46.0000
A funnel,B2,7,38.783,46.0000
A funnel,B2,7,40.855,46.0000
A funnel,B2,7,42.875,44.0000
A funnel,B2,7,44.876,44.0000
A funnel,B2,7,46.754,44.0000
A funnel,B2,7,48.593,44.0000
A funnel,B2,7,50.367,44.0000
A funnel,B2,7,52.128,44.0000
A funnel,B2,7,53.884,44.0000
A funnel,B2,7,55.591,44.0000
A funnel,B2,7,57.321,44.0000
A funnel,B2,7,59.148,44.0000
A funnel,B2,7,61.037,44.0000
A funnel,B2,7,62.825,44.0000
A funnel,B2,7,64.565,44.0000
A funnel,B2,7,66.299,44.0000
A funnel,B2,7,68.055,44.0000
A funnel,B2,7,69.872,44.0000
A funnel,B2,7,71.624,44.0000
A funnel,B2,7,73.416,44.0000
A funnel,B2,7,75.180,44.0000
A funnel,B2,7,76.963,44.0000
A funnel,B2,7,78.699,43.0000
A funnel,B2,7,80.476,43.0000
A funnel,B2,7,82.229,43.0000
A funnel,B2,7,83.994,43.0000
A funnel,B2,7,85.779,43.0000
A funnel,B2,7,87.612,42.0000
A funnel,B2,7,89.339,42.0000
A funnel,B2,7,91.060,42.0000
A funnel,B0,2024,0.048,45.0000
A funnel,B0,2024,0.096,43.0000
A funnel,B0,2024,0.141,40.0000
A funnel,B0,2024,0.191,39.0000
A funnel,B0,2024,0.240,39.0000
A funnel,B0,2024,0.283,39.0000
A funnel,B0,2024,0.323,39.0000
A funnel,B0,2024,0.365,39.0000
A funnel,B0,2024,0.410,39.0000
A funnel,B0,2024,0.453,39.0000
A funnel,B0,2024,0.496,39.0000
A funnel,B0,2024,0.550,39.0000
A funnel,B0,2024,0.595,38.0000
A funnel,B0,2024,0.639,37.0000
A funnel,B0,2024,0.677,35.0000
A funnel,B0,2024,0.722,35.0000
A funnel,B0,2024,0.762,35.0000
A funnel,B0,2024,0.801,35.0000
A funnel,B0,2024,0.841,34.0000
A funnel,B0,2024,0.883,34.0000
A funnel,B0,2024,0.922,32.0000
A funnel,B0,2024,0.959,32.0000
A funnel,B0,2024,0.991,32.0000
A funnel,B0,2024,1.028,32.0000
A funnel,B0,2024,1.061,32.0000
A funnel,B0,2024,1.094,32.0000
A funnel,B0,2024,1.128,32.0000
A funnel,B0,2024,1.161,32.0000
A funnel,B0,2024,1.197,32.0000
A funnel,B0,2024,1.231,32.0000
A funnel,B0,2024,1.264,32.0000
A funnel,B0,2024,1.298,32.0000
A funnel,B0,2024,1.335,32.0000
A funnel,B0,2024,1.369,32.0000
A funnel,B0,2024,1.403,32.0000
A funnel,B0,2024,1.437,32.0000
A funnel,B0,2024,1.474,32.0000
A funnel,B0,2024,1.509,32.0000
A funnel,B0,2024,1.544,32.0000
A funnel,B0,2024,1.581,32.0000
A funnel,B0,2024,1.618,32.0000
A funnel,B0,2024,1.652,32.0000
A funnel,B0,2024,1.686,32.0000
A funnel,B0,2024,1.721,32.0000
A funnel,B0,2024,1.758,32.0000
A funnel,B0,2024,1.791,32.0000
A funnel,B0,2024,1.824,32.0000
A funnel,B0,2024,1.857,32.0000
A funnel,B0,2024,1.898,32.0000
A funnel,B0,2024,1.938,32.0000
A funnel,B0,2024,1.972,32.0000
A funnel,B0,2024,2.007,32.0000
A funnel,B0,2024,2.042,32.0000
A funnel,B0,2024,2.079,32.0000
A funnel,B0,2024,2.115,32.0000
A funnel,B0,2024,2.152,32.0000
A funnel,B0,2024,2.190,32.0000
A funnel,B0,2024,2.231,32.0000
A funnel,B0,2024,2.264,32.0000
A funnel,B0,2024,2.297,32.0000
A funnel,B0,2024,2.330,32.0000
A funnel,B0,2024,2.368,32.0000
A funnel,B0,2024,2.405,32.0000
A funnel,B0,2024,2.440,32.0000
A funnel,B0,2024,2.480,32.0000
A funnel,B0,2024,2.523,32.0000
A funnel,B0,2024,2.562,32.0000
A funnel,B0,2024,2.600,32.0000
A funnel,B0,2024,2.638,32.0000
A funnel,B0,2024,2.679,32.0000
A funnel,B0,2024,2.716,32.0000
A funnel,B0,2024,2.753,32.0000
A funnel,B0,2024,2.790,32.0000
A funnel,B0,2024,2.827,32.0000
A funnel,B0,2024,2.868,32.0000
A funnel,B0,2024,2.905,32.0000
A funnel,B0,2024,2.943,32.0000
A funnel,B0,2024,2.981,32.0000
A funnel,B0,2024,3.021,32.0000
A funnel,B0,2024,3.058,32.0000
A funnel,B0,2024,3.097,32.0000
A funnel,B0,2024,3.130,32.0000
A funnel,B0,2024,3.167,32.0000
A funnel,B0,2024,3.199,32.0000
A funnel,B0,2024,3.231,32.0000
A funnel,B0,2024,3.264,32.0000
A funnel,B0,2024,3.300,32.0000
A funnel,B0,2024,3.332,32.0000
A funnel,B0,2024,3.364,32.0000
A funnel,B0,2024,3.397,32.0000
A funnel,B0,2024,3.435,32.0000
A funnel,B0,2024,3.467,32.0000
A funnel,B0,2024,3.502,32.0000
A funnel,B0,2024,3.538,32.0000
A funnel,B0,2024,3.578,32.0000
A funnel,B0,2024,3.615,32.0000
A funnel,B0,2024,3.648,32.0000
A funnel,B0,2024,3.682,32.0000
A funnel,B0,2024,3.719,32.0000
A funnel,B0,2024,3.754,32.0000
A funnel,B0,2024,3.786,32.0000
A funnel,B0,2024,3.818,32.0000
A funnel,B0,2024,3.851,32.0000
A funnel,B0,2024,3.886,32.0000
A funnel,B0,2024,3.919,32.0000
A funnel,B0,2024,3.953,32.0000
A funnel,B0,2024,3.987,32.0000
A funnel,B0,2024,4.023,32.0000
A funnel,B0,2024,4.056,32.0000
A funnel,B0,2024,4.090,32.0000
A funnel,B0,2024,4.128,32.0000
A funnel,B0,2024,4.165,32.0000
A funnel,B0,2024,4.199,32.0000
A funnel,B0,2024,4.231,32.0000
A funnel,B0,2024,4.264,32.0000
A funnel,B0,2024,4.300,32.0000
A funnel,B0,2024,4.333,32.0000
A funnel,B0,2024,4.365,32.0000
A funnel,B0,2024,4.400,32.0000
A funnel,B0,2024,4.438,32.0000
A funnel,B0,2024,4.471,32.0000
A funnel,B0,2024,4.506,32.0000
A funnel,B0,2024,4.541,32.0000
A funnel,B0,2024,4.582,32.0000
A funnel,B0,2024,4.616,32.0000
A funnel,B0,2024,4.650,32.0000
A funnel,B0,2024,4.684,32.0000
A funnel,B0,2024,4.723,32.0000
A funnel,B0,2024,4.756,32.0000
A funnel,B0,2024,4.789,32.0000
A funnel,B0,2024,4.823,32.0000
A funnel,B0,2024,4.856,32.0000
A funnel,B0,2024,4.891,32.0000
A funnel,B0,2024,4.925,32.0000
A funnel,B0,2024,4.960,32.0000
A funnel,B0,2024,4.994,32.0000
A funnel,B0,2024,5.031,32.0000
A funnel,B0,2024,5.065,32.0000
A funnel,B0,2024,5.098,32.0000
A funnel,B0,2024,5.132,32.0000
A funnel,B0,2024,5.167,32.0000
A funnel,B0,2024,5.202,32.0000
A funnel,B0,2024,5.238,32.0000
A funnel,B0,2024,5.273,32.0000
A funnel,B0,2024,5.312,32.0000
A funnel,B0,2024,5.348,32.0000
A funnel,B0,2024,5.382,32.0000
A funnel,B0,2024,5.418,32.0000
A funnel,B0,2024,5.459,32.0000
A funnel,B0,2024,5.495,32.0000
A funnel,B0,2024,5.531,32.0000
A funnel,B0,2024,5.565,32.0000
A funnel,B0,2024,5.602,32.0000
A funnel,B0,2024,5.635,32.0000
A funnel,B0,2024,5.668,32.0000
A funnel,B0,2024,5.702,32.0000
A funnel,B0,2024,5.739,32.0000
A funnel,B0,2024,5.772,32.0000
A funnel,B0,2024,5.804,32.0000
A funnel,B0,2024,5.837,32.0000
A funnel,B0,2024,5.870,32.0000
A funnel,B0,2024,5.907,32.0000
A funnel,B0,2024,5.941,32.0000
A funnel,B0,2024,5.976,32.0000
A funnel,B0,2024,6.013,32.0000
A funnel,B0,2024,6.051,32.0000
A funnel,B0,2024,6.083,32.0000
A funnel,B0,2024,6.116,32.0000
A funnel,B0,2024,6.149,32.0000
A funnel,B0,2024,6.186,32.0000
A funnel,B0,2024,6.220,32.0000
A funnel,B0,2024,6.255,32.0000
A funnel,B0,2024,6.290,32.0000
A funnel,B0,2024,6.331,32.0000
A funnel,B0,2024,6.368,32.0000
A funnel,B0,2024,6.404,32.0000
A funnel,B0,2024,6.441,32.0000
A funnel,B0,2024,6.484,32.0000
A funnel,B0,2024,6.517,32.0000
A funnel,B0,2024,6.553,32.0000
A funnel,B0,2024,6.590,32.0000
A funnel,B0,2024,6.634,32.0000
A funnel,B0,2024,6.666,32.0000
A funnel,B0,2024,6.699,32.0000
A funnel,B0,2024,6.733,32.0000
A funnel,B0,2024,6.771,32.0000
A funnel,B0,2024,6.805,32.0000
A funnel,B0,2024,6.838,32.0000
A funnel,B0,2024,6.871,32.0000
A funnel,B0,2024,6.904,32.0000
A funnel,B0,2024,6.942,32.0000
A funnel,B0,2024,6.978,32.0000
A funnel,B0,2024,7.013,32.0000
A funnel,B0,2024,7.048,32.0000
A funnel,B0,2024,7.083,32.0000
A funnel,B0,2024,7.115,32.0000
A funnel,B0,2024,7.148,32.0000
A funnel,B0,2024,7.182,32.0000
A funnel,B0,2024,7.218,32.0000
A funnel,B0,2024,7.252,32.0000
A funnel,B0,2024,7.285,32.0000
A funnel,B0,2024,7.319,32.0000
A funnel,B0,2024,7.356,32.0000
A funnel,B0,2024,7.389,32.0000
A funnel,B0,2024,7.424,32.0000
A funnel,B0,2024,7.457,32.0000
A funnel,B0,2024,7.498,32.0000
A funnel,B0,2024,7.534,32.0000
A funnel,B0,2024,7.572,32.0000
A funnel,B0,2024,7.609,32.0000
A funnel,B0,2024,7.654,32.0000
A funnel,B0,2024,7.689,32.0000
A funnel,B0,2024,7.723,32.0000
A funnel,B0,2024,7.760,32.0000
A funnel,B0,2024,7.795,32.0000
A funnel,B0,2024,7.833,32.0000
A funnel,B0,2024,7.869,32.0000
A funnel,B0,2024,7.907,32.0000
A funnel,B0,2024,7.944,32.0000
A funnel,B0,2024,7.985,32.0000
A funnel,B0,2024,8.024,32.0000
A funnel,B0,2024,8.063,32.0000
A funnel,B0,2024,8.100,32.0000
A funnel,B0,2024,8.141,32.0000
A funnel,B0,2024,8.179,32.0000
A funnel,B0,2024,8.214,32.0000
A funnel,B0,2024,8.249,32.0000
A funnel,B0,2024,8.288,32.0000
A funnel,B0,2024,8.324,32.0000
A funnel,B0,2024,8.358,32.0000
A funnel,B0,2024,8.390,32.0000
A funnel,B0,2024,8.430,32.0000
A funnel,B0,2024,8.463,32.0000
A funnel,B0,2024,8.500,32.0000
A funnel,B0,2024,8.535,32.0000
A funnel,B0,2024,8.579,32.0000
A funnel,B0,2024,8.617,32.0000
A funnel,B0,2024,8.651,32.0000
A funnel,B0,2024,8.686,32.0000
A funnel,B0,2024,8.725,32.0000
A funnel,B0,2024,8.760,32.0000
A funnel,B0,2024,8.794,32.0000
A funnel,B0,2024,8.828,32.0000
A funnel,B0,2024,8.863,32.0000
A funnel,B0,2024,8.901,32.0000
A funnel,B0,2024,8.937,32.0000
A funnel,B0,2024,8.974,32.0000
A funnel,B0,2024,9.008,32.0000
A funnel,B0,2024,9.043,32.0000
A funnel,B0,2024,9.075,32.0000
A funnel,B0,2024,9.110,32.0000
A funnel,B0,2024,9.143,32.0000
A funnel,B0,2024,9.179,32.0000
A funnel,B0,2024,9.211,32.0000
A funnel,B0,2024,9.245,32.0000
A funnel,B0,2024,9.279,32.0000
A funnel,B0,2024,9.314,32.0000
A funnel,B0,2024,9.348,32.0000
A funnel,B0,2024,9.382,32.0000
A funnel,B0,2024,9.419,32.0000
A funnel,B0,2024,9.460,32.0000
A funnel,B0,2024,9.496,32.0000
A funnel,B0,2024,9.536,32.0000
A funnel,B0,2024,9.575,32.0000
A funnel,B0,2024,9.619,32.0000
A funnel,B0,2024,9.657,32.0000
A funnel,B0,2024,9.694,32.0000
A funnel,B0,2024,9.731,32.0000
A funnel,B0,2024,9.763,32.0000
A funnel,B0,2024,9.799,32.0000
A funnel,B0,2024,9.833,32.0000
A funnel,B0,2024,9.867,32.0000
A funnel,B0,2024,9.901,32.0000
A funnel,B0,2024,9.938,32.0000
A funnel,B0,2024,9.971,32.0000
A funnel,B0,2024,10.007,32.0000
A funnel,B0,2024,10.043,32.0000
A funnel,B0,2024,10.081,32.0000
A funnel,B0,2024,10.117,32.0000
A funnel,B0,2024,10.151,32.0000
A funnel,B0,2024,10.185,32.0000
A funnel,B0,2024,10.224,32.0000
A funnel,B0,2024,10.259,32.0000
A funnel,B0,2024,10.292,32.0000
A funnel,B0,2024,10.326,32.0000
A funnel,B0,2024,10.364,32.0000
A funnel,B0,2024,10.398,32.0000
A funnel,B0,2024,10.432,32.0000
A funnel,B0,2024,10.467,32.0000
A funnel,B0,2024,10.505,32.0000
A funnel,B0,2024,10.541,32.0000
A funnel,B0,2024,10.576,32.0000
A funnel,B0,2024,10.612,32.0000
A funnel,B0,2024,10.653,32.0000
A funnel,B0,2024,10.687,32.0000
A funnel,B0,2024,10.720,32.0000
A funnel,B0,2024,10.752,32.0000
A funnel,B0,2024,10.785,32.0000
A funnel,B0,2024,10.820,32.0000
A funnel,B0,2024,10.854,32.0000
A funnel,B0,2024,10.886,32.0000
A funnel,B0,2024,10.919,32.0000
A funnel,B0,2024,10.955,32.0000
A funnel,B0,2024,10.988,32.0000
A funnel,B0,2024,11.025,32.0000
A funnel,B0,2024,11.061,32.0000
A funnel,B0,2024,11.099,32.0000
A funnel,B0,2024,11.135,32.0000
A funnel,B0,2024,11.171,32.0000
A funnel,B0,2024,11.209,32.0000
A funnel,B0,2024,11.251,32.0000
A funnel,B0,2024,11.288,32.0000
A funnel,B0,2024,11.333,32.0000
A funnel,B0,2024,11.372,32.0000
A funnel,B0,2024,11.418,32.0000
A funnel,B0,2024,11.456,32.0000
A funnel,B0,2024,11.495,32.0000
A funnel,B0,2024,11.535,32.0000
A funnel,B0,2024,11.576,32.0000
A funnel,B0,2024,11.612,32.0000
A funnel,B0,2024,11.644,32.0000
A funnel,B0,2024,11.677,32.0000
A funnel,B0,2024,11.709,32.0000
A funnel,B0,2024,11.746,32.0000
A funnel,B0,2024,11.781,32.0000
A funnel,B0,2024,11.818,32.0000
A funnel,B0,2024,11.855,32.0000
A funnel,B0,2024,11.895,32.0000
A funnel,B0,2024,11.933,32.0000
A funnel,B0,2024,11.971,32.0000
A funnel,B0,2024,12.008,32.0000
A funnel,B0,2024,12.049,32.0000
A funnel,B0,2024,12.087,32.0000
A funnel,B0,2024,12.125,32.0000
A funnel,B0,2024,12.161,32.0000
A funnel,B0,2024,12.199,32.0000
A funnel,B0,2024,12.232,32.0000
A funnel,B0,2024,12.264,32.0000
A funnel,B0,2024,12.298,32.0000
A funnel,B0,2024,12.335,32.0000
A funnel,B0,2024,12.368,32.0000
A funnel,B0,2024,12.403,32.0000
A funnel,B0,2024,12.436,32.0000
A funnel,B0,2024,12.474,32.0000
A funnel,B0,2024,12.508,32.0000
A funnel,B0,2024,12.542,32.0000
A funnel,B0,2024,12.577,32.0000
A funnel,B0,2024,12.615,32.0000
A funnel,B0,2024,12.654,32.0000
A funnel,B0,2024,12.690,32.0000
A funnel,B0,2024,12.728,32.0000
A funnel,B0,2024,12.766,32.0000
A funnel,B0,2024,12.806,32.0000
A funnel,B0,2024,12.842,32.0000
A funnel,B0,2024,12.878,32.0000
A funnel,B0,2024,12.913,32.0000
A funnel,B0,2024,12.954,32.0000
A funnel,B0,2024,12.990,32.0000
A funnel,B0,2024,13.028,32.0000
A funnel,B0,2024,13.063,32.0000
A funnel,B0,2024,13.100,32.0000
A funnel,B0,2024,13.135,32.0000
A funnel,B0,2024,13.170,32.0000
A funnel,B0,2024,13.204,32.0000
A funnel,B0,2024,13.242,32.0000
A funnel,B0,2024,13.279,32.0000
A funnel,B0,2024,13.314,32.0000
A funnel,B0,2024,13.349,32.0000
A funnel,B0,2024,13.389,32.0000
A funnel,B0,2024,13.423,32.0000
A funnel,B0,2024,13.458,32.0000
A funnel,B0,2024,13.491,32.0000
A funnel,B0,2024,13.526,32.0000
A funnel,B0,2024,13.565,32.0000
A funnel,B0,2024,13.601,32.0000
A funnel,B0,2024,13.639,32.0000
A funnel,B0,2024,13.674,32.0000
A funnel,B0,2024,13.714,32.0000
A funnel,B0,2024,13.749,32.0000
A funnel,B0,2024,13.781,32.0000
A funnel,B0,2024,13.816,32.0000
A funnel,B0,2024,13.853,32.0000
A funnel,B0,2024,13.887,32.0000
A funnel,B0,2024,13.919,32.0000
A funnel,B0,2024,13.954,32.0000
A funnel,B0,2024,13.992,32.0000
A funnel,B0,2024,14.025,32.0000
A funnel,B0,2024,14.060,32.0000
A funnel,B0,2024,14.094,32.0000
A funnel,B0,2024,14.131,32.0000
A funnel,B0,2024,14.167,32.0000
A funnel,B0,2024,14.201,32.0000
A funnel,B0,2024,14.235,32.0000
A funnel,B0,2024,14.274,32.0000
A funnel,B0,2024,14.308,32.0000
A funnel,B0,2024,14.344,32.0000
A funnel,B0,2024,14.380,32.0000
A funnel,B0,2024,14.414,32.0000
A funnel,B0,2024,14.459,32.0000
A funnel,B0,2024,14.495,32.0000
A funnel,B0,2024,14.533,32.0000
A funnel,B0,2024,14.569,32.0000
A funnel,B0,2024,14.606,32.0000
A funnel,B0,2024,14.643,32.0000
A funnel,B0,2024,14.678,32.0000
A funnel,B0,2024,14.715,32.0000
A funnel,B0,2024,14.755,32.0000
A funnel,B0,2024,14.790,32.0000
A funnel,B0,2024,14.825,32.0000
A funnel,B0,2024,14.856,32.0000
A funnel,B0,2024,14.893,32.0000
A funnel,B0,2024,14.926,32.0000
A funnel,B0,2024,14.962,32.0000
A funnel,B0,2024,14.999,32.0000
A funnel,B0,2024,15.040,32.0000
A funnel,B0,2024,15.076,32.0000
A funnel,B0,2024,15.113,32.0000
A funnel,B0,2024,15.150,32.0000
A funnel,B0,2024,15.189,32.0000
A funnel,B0,2024,15.227,32.0000
A funnel,B0,2024,15.258,32.0000
A funnel,B0+,2024,0.048,45.0000
A funnel,B0+,2024,0.096,43.0000
A funnel,B0+,2024,0.141,40.0000
A funnel,B0+,2024,0.191,39.0000
A funnel,B0+,2024,0.240,39.0000
A funnel,B0+,2024,0.283,39.0000
A funnel,B0+,2024,0.323,39.0000
A funnel,B0+,2024,0.365,39.0000
A funnel,B0+,2024,0.410,39.0000
A funnel,B0+,2024,0.453,39.0000
A funnel,B0+,2024,0.496,39.0000
A funnel,B0+,2024,0.550,39.0000
A funnel,B0+,2024,0.595,38.0000
A funnel,B0+,2024,0.639,37.0000
A funnel,B0+,2024,0.677,35.0000
A funnel,B0+,2024,0.722,35.0000
A funnel,B0+,2024,0.762,35.0000
A funnel,B0+,2024,0.801,35.0000
A funnel,B0+,2024,0.841,34.0000
A funnel,B0+,2024,0.883,34.0000
A funnel,B0+,2024,0.922,32.0000
A funnel,B0+,2024,0.959,32.0000
A funnel,B0+,2024,0.991,32.0000
A funnel,B0+,2024,1.028,32.0000
A funnel,B0+,2024,1.061,32.0000
A funnel,B0+,2024,1.094,32.0000
A funnel,B0+,2024,1.128,32.0000
A funnel,B0+,2024,1.161,32.0000
A funnel,B0+,2024,1.197,32.0000
A funnel,B0+,2024,1.231,32.0000
A funnel,B0+,2024,1.264,32.0000
A funnel,B0+,2024,1.298,32.0000
A funnel,B0+,2024,1.335,32.0000
A funnel,B0+,2024,1.369,32.0000
A funnel,B0+,2024,1.403,32.0000
A funnel,B0+,2024,1.437,32.0000
A funnel,B0+,2024,1.474,32.0000
A funnel,B0+,2024,1.509,32.0000
A funnel,B0+,2024,1.544,32.0000
A funnel,B0+,2024,1.581,32.0000
A funnel,B0+,2024,1.618,32.0000
A funnel,B0+,2024,1.652,32.0000
A funnel,B0+,2024,1.686,32.0000
A funnel,B0+,2024,1.721,32.0000
A funnel,B0+,2024,1.758,32.0000
A funnel,B0+,2024,1.791,32.0000
A funnel,B0+,2024,1.824,32.0000
A funnel,B0+,2024,1.857,32.0000
A funnel,B0+,2024,1.898,32.0000
A funnel,B0+,2024,1.938,32.0000
A funnel,B0+,2024,1.972,32.0000
A funnel,B0+,2024,2.007,32.0000
A funnel,B0+,2024,2.042,32.0000
A funnel,B0+,2024,2.079,32.0000
A funnel,B0+,2024,2.115,32.0000
A funnel,B0+,2024,2.152,32.0000
A funnel,B0+,2024,2.190,32.0000
A funnel,B0+,2024,2.231,32.0000
A funnel,B0+,2024,2.264,32.0000
A funnel,B0+,2024,2.297,32.0000
A funnel,B0+,2024,2.330,32.0000
A funnel,B0+,2024,2.368,32.0000
A funnel,B0+,2024,2.405,32.0000
A funnel,B0+,2024,2.440,32.0000
A funnel,B0+,2024,2.480,32.0000
A funnel,B0+,2024,2.523,32.0000
A funnel,B0+,2024,2.562,32.0000
A funnel,B0+,2024,2.600,32.0000
A funnel,B0+,2024,2.638,32.0000
A funnel,B0+,2024,2.679,32.0000
A funnel,B0+,2024,2.716,32.0000
A funnel,B0+,2024,2.753,32.0000
A funnel,B0+,2024,2.790,32.0000
A funnel,B0+,2024,2.827,32.0000
A funnel,B0+,2024,2.868,32.0000
A funnel,B0+,2024,2.905,32.0000
A funnel,B0+,2024,2.943,32.0000
A funnel,B0+,2024,2.981,32.0000
A funnel,B0+,2024,3.021,32.0000
A funnel,B0+,2024,3.058,32.0000
A funnel,B0+,2024,3.097,32.0000
A funnel,B0+,2024,3.130,32.0000
A funnel,B0+,2024,3.167,32.0000
A funnel,B0+,2024,3.199,32.0000
A funnel,B0+,2024,3.231,32.0000
A funnel,B0+,2024,3.264,32.0000
A funnel,B0+,2024,3.300,32.0000
A funnel,B0+,2024,3.332,32.0000
A funnel,B0+,2024,3.364,32.0000
A funnel,B0+,2024,3.397,32.0000
A funnel,B0+,2024,3.435,32.0000
A funnel,B0+,2024,3.467,32.0000
A funnel,B0+,2024,3.502,32.0000
A funnel,B0+,2024,3.538,32.0000
A funnel,B0+,2024,3.578,32.0000
A funnel,B0+,2024,3.615,32.0000
A funnel,B0+,2024,3.648,32.0000
A funnel,B0+,2024,3.682,32.0000
A funnel,B0+,2024,3.719,32.0000
A funnel,B0+,2024,3.754,32.0000
A funnel,B0+,2024,3.786,32.0000
A funnel,B0+,2024,3.818,32.0000
A funnel,B0+,2024,3.851,32.0000
A funnel,B0+,2024,3.886,32.0000
A funnel,B0+,2024,3.919,32.0000
A funnel,B0+,2024,3.953,32.0000
A funnel,B0+,2024,3.987,32.0000
A funnel,B0+,2024,4.023,32.0000
A funnel,B0+,2024,4.056,32.0000
A funnel,B0+,2024,4.090,32.0000
A funnel,B0+,2024,4.128,32.0000
A funnel,B0+,2024,4.165,32.0000
A funnel,B0+,2024,4.199,32.0000
A funnel,B0+,2024,4.231,32.0000
A funnel,B0+,2024,4.264,32.0000
A funnel,B0+,2024,4.300,32.0000
A funnel,B0+,2024,4.333,32.0000
A funnel,B0+,2024,4.365,32.0000
A funnel,B0+,2024,4.400,32.0000
A funnel,B0+,2024,4.438,32.0000
A funnel,B0+,2024,4.471,32.0000
A funnel,B0+,2024,4.506,32.0000
A funnel,B0+,2024,4.541,32.0000
A funnel,B0+,2024,4.582,32.0000
A funnel,B0+,2024,4.616,32.0000
A funnel,B0+,2024,4.650,32.0000
A funnel,B0+,2024,4.684,32.0000
A funnel,B0+,2024,4.723,32.0000
A funnel,B0+,2024,4.756,32.0000
A funnel,B0+,2024,4.789,32.0000
A funnel,B0+,2024,4.823,32.0000
A funnel,B0+,2024,4.856,32.0000
A funnel,B0+,2024,4.891,32.0000
A funnel,B0+,2024,4.925,32.0000
A funnel,B0+,2024,4.960,32.0000
A funnel,B0+,2024,4.994,32.0000
A funnel,B0+,2024,5.031,32.0000
A funnel,B0+,2024,5.065,32.0000
A funnel,B0+,2024,5.098,32.0000
A funnel,B0+,2024,5.132,32.0000
A funnel,B0+,2024,5.167,32.0000
A funnel,B0+,2024,5.202,32.0000
A funnel,B0+,2024,5.238,32.0000
A funnel,B0+,2024,5.273,32.0000
A funnel,B0+,2024,5.312,32.0000
A funnel,B0+,2024,5.348,32.0000
A funnel,B0+,2024,5.382,32.0000
A funnel,B0+,2024,5.418,32.0000
A funnel,B0+,2024,5.459,32.0000
A funnel,B0+,2024,5.495,32.0000
A funnel,B0+,2024,5.531,32.0000
A funnel,B0+,2024,5.565,32.0000
A funnel,B0+,2024,5.602,32.0000
A funnel,B0+,2024,5.635,32.0000
A funnel,B0+,2024,5.668,32.0000
A funnel,B0+,2024,5.702,32.0000
A funnel,B0+,2024,5.739,32.0000
A funnel,B0+,2024,5.772,32.0000
A funnel,B0+,2024,5.804,32.0000
A funnel,B0+,2024,5.837,32.0000
A funnel,B0+,2024,5.870,32.0000
A funnel,B0+,2024,5.907,32.0000
A funnel,B0+,2024,5.941,32.0000
A funnel,B0+,2024,5.976,32.0000
A funnel,B0+,2024,6.013,32.0000
A funnel,B0+,2024,6.051,32.0000
A funnel,B0+,2024,6.083,32.0000
A funnel,B0+,2024,6.116,32.0000
A funnel,B0+,2024,6.149,32.0000
A funnel,B0+,2024,6.186,32.0000
A funnel,B0+,2024,6.220,32.0000
A funnel,B0+,2024,6.255,32.0000
A funnel,B0+,2024,6.290,32.0000
A funnel,B0+,2024,6.331,32.0000
A funnel,B0+,2024,6.368,32.0000
A funnel,B0+,2024,6.404,32.0000
A funnel,B0+,2024,6.441,32.0000
A funnel,B0+,2024,6.484,32.0000
A funnel,B0+,2024,6.517,32.0000
A funnel,B0+,2024,6.553,32.0000
A funnel,B0+,2024,6.590,32.0000
A funnel,B0+,2024,6.634,32.0000
A funnel,B0+,2024,6.666,32.0000
A funnel,B0+,2024,6.699,32.0000
A funnel,B0+,2024,6.733,32.0000
A funnel,B0+,2024,6.771,32.0000
A funnel,B0+,2024,6.805,32.0000
A funnel,B0+,2024,6.838,32.0000
A funnel,B0+,2024,6.871,32.0000
A funnel,B0+,2024,6.904,32.0000
A funnel,B0+,2024,6.942,32.0000
A funnel,B0+,2024,6.978,32.0000
A funnel,B0+,2024,7.013,32.0000
A funnel,B0+,2024,7.048,32.0000
A funnel,B0+,2024,7.083,32.0000
A funnel,B0+,2024,7.115,32.0000
A funnel,B0+,2024,7.148,32.0000
A funnel,B0+,2024,7.182,32.0000
A funnel,B0+,2024,7.218,32.0000
A funnel,B0+,2024,7.252,32.0000
A funnel,B0+,2024,7.285,32.0000
A funnel,B0+,2024,7.319,32.0000
A funnel,B0+,2024,7.356,32.0000
A funnel,B0+,2024,7.389,32.0000
A funnel,B0+,2024,7.424,32.0000
A funnel,B0+,2024,7.457,32.0000
A funnel,B0+,2024,7.498,32.0000
A funnel,B0+,2024,7.534,32.0000
A funnel,B0+,2024,7.572,32.0000
A funnel,B0+,2024,7.609,32.0000
A funnel,B0+,2024,7.654,32.0000
A funnel,B0+,2024,7.689,32.0000
A funnel,B0+,2024,7.723,32.0000
A funnel,B0+,2024,7.760,32.0000
A funnel,B0+,2024,7.795,32.0000
A funnel,B0+,2024,7.833,32.0000
A funnel,B0+,2024,7.869,32.0000
A funnel,B0+,2024,7.907,32.0000
A funnel,B0+,2024,7.944,32.0000
A funnel,B0+,2024,7.985,32.0000
A funnel,B0+,2024,8.024,32.0000
A funnel,B0+,2024,8.063,32.0000
A funnel,B0+,2024,8.100,32.0000
A funnel,B0+,2024,8.141,32.0000
A funnel,B0+,2024,8.179,32.0000
A funnel,B0+,2024,8.214,32.0000
A funnel,B0+,2024,8.249,32.0000
A funnel,B0+,2024,8.288,32.0000
A funnel,B0+,2024,8.324,32.0000
A funnel,B0+,2024,8.358,32.0000
A funnel,B0+,2024,8.390,32.0000
A funnel,B0+,2024,8.430,32.0000
A funnel,B0+,2024,8.463,32.0000
A funnel,B0+,2024,8.500,32.0000
A funnel,B0+,2024,8.535,32.0000
A funnel,B0+,2024,8.579,32.0000
A funnel,B0+,2024,8.617,32.0000
A funnel,B0+,2024,8.651,32.0000
A funnel,B0+,2024,8.686,32.0000
A funnel,B0+,2024,8.725,32.0000
A funnel,B0+,2024,8.760,32.0000
A funnel,B0+,2024,8.794,32.0000
A funnel,B0+,2024,8.828,32.0000
A funnel,B0+,2024,8.863,32.0000
A funnel,B0+,2024,8.901,32.0000
A funnel,B0+,2024,8.937,32.0000
A funnel,B0+,2024,8.974,32.0000
A funnel,B0+,2024,9.008,32.0000
A funnel,B0+,2024,9.043,32.0000
A funnel,B0+,2024,9.075,32.0000
A funnel,B0+,2024,9.110,32.0000
A funnel,B0+,2024,9.143,32.0000
A funnel,B0+,2024,9.179,32.0000
A funnel,B0+,2024,9.211,32.0000
A funnel,B0+,2024,9.245,32.0000
A funnel,B0+,2024,9.279,32.0000
A funnel,B0+,2024,9.314,32.0000
A funnel,B0+,2024,9.348,32.0000
A funnel,B0+,2024,9.382,32.0000
A funnel,B0+,2024,9.419,32.0000
A funnel,B0+,2024,9.460,32.0000
A funnel,B0+,2024,9.496,32.0000
A funnel,B0+,2024,9.536,32.0000
A funnel,B0+,2024,9.575,32.0000
A funnel,B0+,2024,9.619,32.0000
A funnel,B0+,2024,9.657,32.0000
A funnel,B0+,2024,9.694,32.0000
A funnel,B0+,2024,9.731,32.0000
A funnel,B0+,2024,9.763,32.0000
A funnel,B0+,2024,9.799,32.0000
A funnel,B0+,2024,9.833,32.0000
A funnel,B0+,2024,9.867,32.0000
A funnel,B0+,2024,9.901,32.0000
A funnel,B0+,2024,9.938,32.0000
A funnel,B0+,2024,9.971,32.0000
A funnel,B0+,2024,10.007,32.0000
A funnel,B0+,2024,10.043,32.0000
A funnel,B0+,2024,10.081,32.0000
A funnel,B0+,2024,10.117,32.0000
A funnel,B0+,2024,10.151,32.0000
A funnel,B0+,2024,10.185,32.0000
A funnel,B0+,2024,10.224,32.0000
A funnel,B0+,2024,10.259,32.0000
A funnel,B0+,2024,10.292,32.0000
A funnel,B0+,2024,10.326,32.0000
A funnel,B0+,2024,10.364,32.0000
A funnel,B0+,2024,10.398,32.0000
A funnel,B0+,2024,10.432,32.0000
A funnel,B0+,2024,10.467,32.0000
A funnel,B0+,2024,10.505,32.0000
A funnel,B0+,2024,10.541,32.0000
A funnel,B0+,2024,10.576,32.0000
A funnel,B0+,2024,10.612,32.0000
A funnel,B0+,2024,10.653,32.0000
A funnel,B0+,2024,10.687,32.0000
A funnel,B0+,2024,10.720,32.0000
A funnel,B0+,2024,10.752,32.0000
A funnel,B0+,2024,10.785,32.0000
A funnel,B0+,2024,10.820,32.0000
A funnel,B0+,2024,10.854,32.0000
A funnel,B0+,2024,10.886,32.0000
A funnel,B0+,2024,10.919,32.0000
A funnel,B0+,2024,10.955,32.0000
A funnel,B0+,2024,10.988,32.0000
A funnel,B0+,2024,11.025,32.0000
A funnel,B0+,2024,11.061,32.0000
A funnel,B0+,2024,11.099,32.0000
A funnel,B0+,2024,11.135,32.0000
A funnel,B0+,2024,11.171,32.0000
A funnel,B0+,2024,11.209,32.0000
A funnel,B0+,2024,11.251,32.0000
A funnel,B0+,2024,11.288,32.0000
A funnel,B0+,2024,11.333,32.0000
A funnel,B0+,2024,11.372,32.0000
A funnel,B0+,2024,11.418,32.0000
A funnel,B0+,2024,11.456,32.0000
A funnel,B0+,2024,11.495,32.0000
A funnel,B0+,2024,11.535,32.0000
A funnel,B0+,2024,11.576,32.0000
A funnel,B0+,2024,11.612,32.0000
A funnel,B0+,2024,11.644,32.0000
A funnel,B0+,2024,11.677,32.0000
A funnel,B0+,2024,11.709,32.0000
A funnel,B0+,2024,11.746,32.0000
A funnel,B0+,2024,11.781,32.0000
A funnel,B0+,2024,11.818,32.0000
A funnel,B0+,2024,11.855,32.0000
A funnel,B0+,2024,11.895,32.0000
A funnel,B0+,2024,11.933,32.0000
A funnel,B0+,2024,11.971,32.0000
A funnel,B0+,2024,12.008,32.0000
A funnel,B0+,2024,12.049,32.0000
A funnel,B0+,2024,12.087,32.0000
A funnel,B0+,2024,12.125,32.0000
A funnel,B0+,2024,12.161,32.0000
A funnel,B0+,2024,12.199,32.0000
A funnel,B0+,2024,12.232,32.0000
A funnel,B0+,2024,12.264,32.0000
A funnel,B0+,2024,12.298,32.0000
A funnel,B0+,2024,12.335,32.0000
A funnel,B0+,2024,12.368,32.0000
A funnel,B0+,2024,12.403,32.0000
A funnel,B0+,2024,12.436,32.0000
A funnel,B0+,2024,12.474,32.0000
A funnel,B0+,2024,12.508,32.0000
A funnel,B0+,2024,12.542,32.0000
A funnel,B0+,2024,12.577,32.0000
A funnel,B0+,2024,12.615,32.0000
A funnel,B0+,2024,12.654,32.0000
A funnel,B0+,2024,12.690,32.0000
A funnel,B0+,2024,12.728,32.0000
A funnel,B0+,2024,12.766,32.0000
A funnel,B0+,2024,12.806,32.0000
A funnel,B0+,2024,12.842,32.0000
A funnel,B0+,2024,12.878,32.0000
A funnel,B0+,2024,12.913,32.0000
A funnel,B0+,2024,12.954,32.0000
A funnel,B0+,2024,12.990,32.0000
A funnel,B0+,2024,13.028,32.0000
A funnel,B0+,2024,13.063,32.0000
A funnel,B0+,2024,13.100,32.0000
A funnel,B0+,2024,13.135,32.0000
A funnel,B0+,2024,13.170,32.0000
A funnel,B0+,2024,13.204,32.0000
A funnel,B0+,2024,13.242,32.0000
A funnel,B0+,2024,13.279,32.0000
A funnel,B0+,2024,13.314,32.0000
A funnel,B0+,2024,13.349,32.0000
A funnel,B0+,2024,13.389,32.0000
A funnel,B0+,2024,13.423,32.0000
A funnel,B0+,2024,13.458,32.0000
A funnel,B0+,2024,13.491,32.0000
A funnel,B0+,2024,13.526,32.0000
A funnel,B0+,2024,13.565,32.0000
A funnel,B0+,2024,13.601,32.0000
A funnel,B0+,2024,13.639,32.0000
A funnel,B0+,2024,13.674,32.0000
A funnel,B0+,2024,13.714,32.0000
A funnel,B0+,2024,13.749,32.0000
A funnel,B0+,2024,13.781,32.0000
A funnel,B0+,2024,13.816,32.0000
A funnel,B0+,2024,13.853,32.0000
A funnel,B0+,2024,13.887,32.0000
A funnel,B0+,2024,13.919,32.0000
A funnel,B0+,2024,13.954,32.0000
A funnel,B0+,2024,13.992,32.0000
A funnel,B0+,2024,14.025,32.0000
A funnel,B0+,2024,14.060,32.0000
A funnel,B0+,2024,14.094,32.0000
A funnel,B0+,2024,14.131,32.0000
A funnel,B0+,2024,14.167,32.0000
A funnel,B0+,2024,14.201,32.0000
A funnel,B0+,2024,14.235,32.0000
A funnel,B0+,2024,14.274,32.0000
A funnel,B0+,2024,14.308,32.0000
A funnel,B0+,2024,14.344,32.0000
A funnel,B0+,2024,14.380,32.0000
A funnel,B0+,2024,14.414,32.0000
A funnel,B0+,2024,14.459,32.0000
A funnel,B0+,2024,14.495,32.0000
A funnel,B0+,2024,14.533,32.0000
A funnel,B0+,2024,14.569,32.0000
A funnel,B0+,2024,14.606,32.0000
A funnel,B0+,2024,14.643,32.0000
A funnel,B0+,2024,14.678,32.0000
A funnel,B0+,2024,14.715,32.0000
A funnel,B0+,2024,14.755,32.0000
A funnel,B0+,2024,14.790,32.0000
A funnel,B0+,2024,14.825,32.0000
A funnel,B0+,2024,14.856,32.0000
A funnel,B0+,2024,14.893,32.0000
A funnel,B0+,2024,14.926,32.0000
A funnel,B0+,2024,14.962,32.0000
A funnel,B0+,2024,14.999,32.0000
A funnel,B0+,2024,15.040,32.0000
A funnel,B0+,2024,15.076,32.0000
A funnel,B0+,2024,15.113,32.0000
A funnel,B0+,2024,15.150,32.0000
A funnel,B0+,2024,15.189,32.0000
A funnel,B0+,2024,15.227,32.0000
A funnel,B0+,2024,15.258,32.0000
A funnel,B1,2024,0.402,69.0000
A funnel,B1,2024,0.814,68.0000
A funnel,B1,2024,1.173,68.0000
A funnel,B1,2024,1.550,68.0000
A funnel,B1,2024,1.920,68.0000
A funnel,B1,2024,2.309,68.0000
A funnel,B1,2024,2.644,63.0000
A funnel,B1,2024,2.981,63.0000
A funnel,B1,2024,3.332,63.0000
A funnel,B1,2024,3.699,63.0000
A funnel,B1,2024,4.026,61.0000
A funnel,B1,2024,4.329,59.0000
A funnel,B1,2024,4.675,56.0000
A funnel,B1,2024,4.972,56.0000
A funnel,B1,2024,5.279,53.0000
A funnel,B1,2024,5.569,53.0000
A funnel,B1,2024,5.866,52.0000
A funnel,B1,2024,6.161,52.0000
A funnel,B1,2024,6.449,51.0000
A funnel,B1,2024,6.713,51.0000
A funnel,B1,2024,6.960,51.0000
A funnel,B1,2024,7.227,50.0000
A funnel,B1,2024,7.547,50.0000
A funnel,B1,2024,7.836,47.0000
A funnel,B1,2024,8.097,47.0000
A funnel,B1,2024,8.359,47.0000
A funnel,B1,2024,8.598,47.0000
A funnel,B1,2024,8.842,47.0000
A funnel,B1,2024,9.079,46.0000
A funnel,B1,2024,9.333,46.0000
A funnel,B1,2024,9.592,45.0000
A funnel,B1,2024,9.810,44.0000
A funnel,B1,2024,10.015,44.0000
A funnel,B1,2024,10.238,44.0000
A funnel,B1,2024,10.448,44.0000
A funnel,B1,2024,10.665,44.0000
A funnel,B1,2024,10.872,44.0000
A funnel,B1,2024,11.084,42.0000
A funnel,B1,2024,11.320,42.0000
A funnel,B1,2024,11.547,42.0000
A funnel,B1,2024,11.763,42.0000
A funnel,B1,2024,11.999,42.0000
A funnel,B1,2024,12.228,42.0000
A funnel,B1,2024,12.458,42.0000
A funnel,B1,2024,12.692,42.0000
A funnel,B1,2024,12.920,42.0000
A funnel,B1,2024,13.137,42.0000
A funnel,B1,2024,13.355,40.0000
A funnel,B1,2024,13.631,40.0000
A funnel,B1,2024,13.836,40.0000
A funnel,B1,2024,14.043,40.0000
A funnel,B1,2024,14.250,40.0000
A funnel,B1,2024,14.452,40.0000
A funnel,B1,2024,14.663,40.0000
A funnel,B1,2024,14.870,40.0000
A funnel,B1,2024,15.068,40.0000
A funnel,B1,2024,15.264,40.0000
A funnel,B1,2024,15.459,40.0000
A funnel,B1,2024,15.656,40.0000
A funnel,B1,2024,15.851,40.0000
A funnel,B1,2024,16.043,40.0000
A funnel,B1,2024,16.227,40.0000
A funnel,B1,2024,16.413,40.0000
A funnel,B1,2024,16.597,40.0000
A funnel,B1,2024,16.794,40.0000
A funnel,B1,2024,16.991,40.0000
A funnel,B1,2024,17.189,40.0000
A funnel,B1,2024,17.384,40.0000
A funnel,B1,2024,17.593,40.0000
A funnel,B1,2024,17.798,40.0000
A funnel,B1,2024,18.006,40.0000
A funnel,B1,2024,18.205,40.0000
A funnel,B1,2024,18.398,40.0000
A funnel,B1,2024,18.595,40.0000
A funnel,B1,2024,18.785,40.0000
A funnel,B1,2024,18.975,40.0000
A funnel,B1,2024,19.171,40.0000
A funnel,B1,2024,19.364,40.0000
A funnel,B1,2024,19.562,40.0000
A funnel,B1,2024,19.766,40.0000
A funnel,B1,2024,19.961,40.0000
A funnel,B1,2024,20.159,40.0000
A funnel,B1,2024,20.363,40.0000
A funnel,B1,2024,20.552,40.0000
A funnel,B1,2024,20.739,40.0000
A funnel,B1,2024,20.934,40.0000
A funnel,B1,2024,21.130,40.0000
A funnel,B1,2024,21.328,40.0000
A funnel,B1,2024,21.527,40.0000
A funnel,B1,2024,21.720,40.0000
A funnel,B1,2024,21.914,40.0000
A funnel,B1,2024,22.115,40.0000
A funnel,B1,2024,22.313,40.0000
A funnel,B1,2024,22.508,40.0000
A funnel,B1,2024,22.702,40.0000
A funnel,B1,2024,22.896,40.0000
A funnel,B1,2024,23.085,40.0000
A funnel,B1,2024,23.298,40.0000
A funnel,B1,2024,23.501,40.0000
A funnel,B1,2024,23.711,40.0000
A funnel,B1,2024,23.921,40.0000
A funnel,B1,2024,24.115,40.0000
A funnel,B1,2024,24.306,40.0000
A funnel,B1,2024,24.508,40.0000
A funnel,B1,2024,24.708,40.0000
A funnel,B1,2024,24.907,40.0000
A funnel,B1,2024,25.099,40.0000
A funnel,B1,2024,25.285,40.0000
A funnel,B1,2024,25.475,40.0000
A funnel,B1,2024,25.665,40.0000
A funnel,B1,2024,25.857,40.0000
A funnel,B1,2024,26.063,40.0000
A funnel,B1,2024,26.280,40.0000
A funnel,B1,2024,26.469,40.0000
A funnel,B1,2024,26.674,40.0000
A funnel,B1,2024,26.883,40.0000
A funnel,B1,2024,27.094,40.0000
A funnel,B1,2024,27.339,40.0000
A funnel,B1,2024,27.555,40.0000
A funnel,B1,2024,27.767,40.0000
A funnel,B1,2024,27.973,40.0000
A funnel,B1,2024,28.182,40.0000
A funnel,B1,2024,28.390,40.0000
A funnel,B1,2024,28.583,40.0000
A funnel,B1,2024,28.776,40.0000
A funnel,B1,2024,28.969,40.0000
A funnel,B1,2024,29.168,40.0000
A funnel,B1,2024,29.370,40.0000
A funnel,B1,2024,29.569,40.0000
A funnel,B1,2024,29.781,40.0000
A funnel,B1,2024,29.970,40.0000
A funnel,B1,2024,30.159,40.0000
A funnel,B1,2024,30.362,40.0000
A funnel,B1,2024,30.558,40.0000
A funnel,B1,2024,30.769,40.0000
A funnel,B1,2024,30.990,40.0000
A funnel,B1,2024,31.184,40.0000
A funnel,B1,2024,31.382,40.0000
A funnel,B1,2024,31.584,40.0000
A funnel,B1,2024,31.776,40.0000
A funnel,B1,2024,31.967,40.0000
A funnel,B1,2024,32.182,40.0000
A funnel,B1,2024,32.388,40.0000
A funnel,B1,2024,32.580,40.0000
A funnel,B1,2024,32.781,40.0000
A funnel,B1,2024,32.972,40.0000
A funnel,B1,2024,33.164,40.0000
A funnel,B1,2024,33.362,40.0000
A funnel,B1,2024,33.555,40.0000
A funnel,B1,2024,33.763,40.0000
A funnel,B1,2024,33.961,40.0000
A funnel,B1,2024,34.155,40.0000
A funnel,B1,2024,34.351,40.0000
A funnel,B1,2024,34.549,40.0000
A funnel,B1,2024,34.740,40.0000
A funnel,B1,2024,34.934,40.0000
A funnel,B1,2024,35.135,40.0000
A funnel,B1,2024,35.346,40.0000
A funnel,B1,2024,35.544,40.0000
A funnel,B1,2024,35.733,40.0000
A funnel,B1,2024,35.936,40.0000
A funnel,B1,2024,36.134,40.0000
A funnel,B1,2024,36.332,40.0000
A funnel,B1,2024,36.538,40.0000
A funnel,B1,2024,36.754,40.0000
A funnel,B1,2024,36.964,40.0000
A funnel,B1,2024,37.151,40.0000
A funnel,B1,2024,37.351,40.0000
A funnel,B1,2024,37.562,40.0000
A funnel,B1,2024,37.772,40.0000
A funnel,B1,2024,37.981,40.0000
A funnel,B1,2024,38.192,40.0000
A funnel,B1,2024,38.387,40.0000
A funnel,B1,2024,38.573,40.0000
A funnel,B1,2024,38.762,40.0000
A funnel,B1,2024,38.948,40.0000
A funnel,B1,2024,39.154,40.0000
A funnel,B1,2024,39.347,40.0000
A funnel,B1,2024,39.535,40.0000
A funnel,B1,2024,39.731,40.0000
A funnel,B1,2024,39.933,40.0000
A funnel,B1,2024,40.129,40.0000
A funnel,B1,2024,40.324,40.0000
A funnel,B1,2024,40.514,40.0000
A funnel,B1,2024,40.712,40.0000
A funnel,B1,2024,40.908,40.0000
A funnel,B1,2024,41.092,40.0000
A funnel,B1,2024,41.287,40.0000
A funnel,B1,2024,41.486,40.0000
A funnel,B1,2024,41.671,40.0000
A funnel,B1,2024,41.863,40.0000
A funnel,B1,2024,42.067,40.0000
A funnel,B1,2024,42.253,40.0000
A funnel,B1,2024,42.446,40.0000
A funnel,B1,2024,42.642,40.0000
A funnel,B1,2024,42.838,40.0000
A funnel,B1,2024,43.024,40.0000
A funnel,B1,2024,43.222,40.0000
A funnel,B1,2024,43.409,40.0000
A funnel,B1,2024,43.596,40.0000
A funnel,B1,2024,43.789,40.0000
A funnel,B1,2024,43.980,40.0000
A funnel,B1,2024,44.183,40.0000
A funnel,B1,2024,44.399,40.0000
A funnel,B1,2024,44.606,40.0000
A funnel,B1,2024,44.811,40.0000
A funnel,B1,2024,45.019,40.0000
A funnel,B1,2024,45.229,40.0000
A funnel,B1,2024,45.433,40.0000
A funnel,B1,2024,45.626,40.0000
A funnel,B1,2024,45.818,40.0000
A funnel,B1,2024,46.009,40.0000
A funnel,B1,2024,46.204,40.0000
A funnel,B1,2024,46.396,40.0000
A funnel,B1,2024,46.579,40.0000
A funnel,B1,2024,46.768,40.0000
A funnel,B1,2024,46.953,40.0000
A funnel,B1,2024,47.140,40.0000
A funnel,B1,2024,47.340,40.0000
A funnel,B1,2024,47.528,40.0000
A funnel,B1,2024,47.712,40.0000
A funnel,B1,2024,47.901,40.0000
A funnel,B1,2024,48.084,40.0000
A funnel,B1,2024,48.270,40.0000
A funnel,B1,2024,48.475,40.0000
A funnel,B1,2024,48.660,40.0000
A funnel,B1,2024,48.850,40.0000
A funnel,B1,2024,49.049,40.0000
A funnel,B1,2024,49.278,40.0000
A funnel,B1,2024,49.483,40.0000
A funnel,B1,2024,49.677,40.0000
A funnel,B1,2024,49.870,40.0000
A funnel,B1,2024,50.061,40.0000
A funnel,B1,2024,50.260,40.0000
A funnel,B1,2024,50.450,40.0000
A funnel,B1,2024,50.638,40.0000
A funnel,B1,2024,50.833,40.0000
A funnel,B1,2024,51.023,40.0000
A funnel,B1,2024,51.220,40.0000
A funnel,B1,2024,51.414,40.0000
A funnel,B1,2024,51.604,40.0000
A funnel,B1,2024,51.806,40.0000
A funnel,B1,2024,52.001,40.0000
A funnel,B1,2024,52.190,40.0000
A funnel,B1,2024,52.385,40.0000
A funnel,B1,2024,52.575,40.0000
A funnel,B1,2024,52.775,40.0000
A funnel,B1,2024,52.980,40.0000
A funnel,B1,2024,53.179,40.0000
A funnel,B1,2024,53.374,40.0000
A funnel,B1,2024,53.570,40.0000
A funnel,B1,2024,53.767,40.0000
A funnel,B1,2024,53.967,40.0000
A funnel,B1,2024,54.174,40.0000
A funnel,B1,2024,54.378,40.0000
A funnel,B1,2024,54.580,40.0000
A funnel,B1,2024,54.799,40.0000
A funnel,B1,2024,54.996,40.0000
A funnel,B1,2024,55.192,40.0000
A funnel,B1,2024,55.391,40.0000
A funnel,B1,2024,55.577,40.0000
A funnel,B1,2024,55.762,40.0000
A funnel,B1,2024,55.955,40.0000
A funnel,B1,2024,56.144,40.0000
A funnel,B1,2024,56.339,40.0000
A funnel,B1,2024,56.532,40.0000
A funnel,B1,2024,56.722,40.0000
A funnel,B1,2024,56.929,40.0000
A funnel,B1,2024,57.140,40.0000
A funnel,B1,2024,57.342,40.0000
A funnel,B1,2024,57.530,40.0000
A funnel,B1,2024,57.722,40.0000
A funnel,B1,2024,57.904,40.0000
A funnel,B1,2024,58.090,40.0000
A funnel,B1,2024,58.280,40.0000
A funnel,B1,2024,58.466,40.0000
A funnel,B1,2024,58.650,40.0000
A funnel,B1,2024,58.842,40.0000
A funnel,B1,2024,59.028,40.0000
A funnel,B1,2024,59.222,40.0000
A funnel,B1,2024,59.413,40.0000
A funnel,B1,2024,59.597,40.0000
A funnel,B1,2024,59.779,40.0000
A funnel,B1,2024,59.972,40.0000
A funnel,B1,2024,60.179,40.0000
A funnel,B1,2024,60.389,40.0000
A funnel,B1,2024,60.606,40.0000
A funnel,B1,2024,60.815,40.0000
A funnel,B1,2024,61.022,40.0000
A funnel,B1,2024,61.216,40.0000
A funnel,B1,2024,61.409,40.0000
A funnel,B1,2024,61.605,40.0000
A funnel,B1,2024,61.797,40.0000
A funnel,B1,2024,61.987,40.0000
A funnel,B1,2024,62.185,40.0000
A funnel,B1,2024,62.376,40.0000
A funnel,B1,2024,62.564,40.0000
A funnel,B1,2024,62.754,40.0000
A funnel,B1,2024,62.948,40.0000
A funnel,B1,2024,63.144,40.0000
A funnel,B1,2024,63.357,40.0000
A funnel,B1,2024,63.564,40.0000
A funnel,B1,2024,63.774,40.0000
A funnel,B1,2024,63.993,40.0000
A funnel,B1,2024,64.184,40.0000
A funnel,B1,2024,64.373,40.0000
A funnel,B1,2024,64.574,40.0000
A funnel,B1,2024,64.762,40.0000
A funnel,B1,2024,64.955,40.0000
A funnel,B1,2024,65.154,40.0000
A funnel,B1,2024,65.349,40.0000
A funnel,B1,2024,65.538,40.0000
A funnel,B1,2024,65.729,40.0000
A funnel,B1,2024,65.921,40.0000
A funnel,B1,2024,66.116,40.0000
A funnel,B1,2024,66.357,40.0000
A funnel,B1,2024,66.551,40.0000
A funnel,B1,2024,66.741,40.0000
A funnel,B1,2024,66.941,40.0000
A funnel,B1,2024,67.134,40.0000
A funnel,B1,2024,67.322,40.0000
A funnel,B1,2024,67.519,40.0000
A funnel,B1,2024,67.721,40.0000
A funnel,B1,2024,67.917,40.0000
A funnel,B1,2024,68.117,40.0000
A funnel,B1,2024,68.320,40.0000
A funnel,B1,2024,68.513,40.0000
A funnel,B1,2024,68.722,40.0000
A funnel,B1,2024,68.920,40.0000
A funnel,B1,2024,69.105,40.0000
A funnel,B1,2024,69.295,40.0000
A funnel,B1,2024,69.490,40.0000
A funnel,B1,2024,69.682,40.0000
A funnel,B1,2024,69.874,40.0000
A funnel,B1,2024,70.071,40.0000
A funnel,B1,2024,70.266,40.0000
A funnel,B1,2024,70.469,40.0000
A funnel,B1,2024,70.665,40.0000
A funnel,B1,2024,70.857,40.0000
A funnel,B1,2024,71.056,40.0000
A funnel,B1,2024,71.254,40.0000
A funnel,B1,2024,71.448,40.0000
A funnel,B1,2024,71.647,40.0000
A funnel,B1,2024,71.846,40.0000
A funnel,B1,2024,72.049,40.0000
A funnel,B1,2024,72.239,40.0000
A funnel,B1,2024,72.428,40.0000
A funnel,B1,2024,72.625,40.0000
A funnel,B1,2024,72.818,40.0000
A funnel,B1,2024,73.008,40.0000
A funnel,B1,2024,73.200,40.0000
A funnel,B1,2024,73.388,40.0000
A funnel,B1,2024,73.590,40.0000
A funnel,B1,2024,73.813,40.0000
A funnel,B1,2024,74.032,40.0000
A funnel,B1,2024,74.237,40.0000
A funnel,B1,2024,74.449,40.0000
A funnel,B1,2024,74.666,40.0000
A funnel,B1,2024,74.873,40.0000
A funnel,B1,2024,75.094,40.0000
A funnel,B1,2024,75.318,40.0000
A funnel,B1,2024,75.522,40.0000
A funnel,B1,2024,75.738,40.0000
A funnel,B1,2024,75.936,40.0000
A funnel,B1,2024,76.140,40.0000
A funnel,B1,2024,76.338,40.0000
A funnel,B1,2024,76.537,40.0000
A funnel,B1,2024,76.731,40.0000
A funnel,B1,2024,76.937,40.0000
A funnel,B1,2024,77.168,40.0000
A funnel,B1,2024,77.429,40.0000
A funnel,B1,2024,77.638,40.0000
A funnel,B1,2024,77.837,40.0000
A funnel,B1,2024,78.036,40.0000
A funnel,B1,2024,78.244,40.0000
A funnel,B1,2024,78.456,40.0000
A funnel,B1,2024,78.655,40.0000
A funnel,B1,2024,78.855,40.0000
A funnel,B1,2024,79.056,40.0000
A funnel,B1,2024,79.256,40.0000
A funnel,B1,2024,79.472,40.0000
A funnel,B1,2024,79.678,40.0000
A funnel,B1,2024,79.879,40.0000
A funnel,B1,2024,80.079,40.0000
A funnel,B1,2024,80.279,40.0000
A funnel,B1,2024,80.473,40.0000
A funnel,B1,2024,80.671,40.0000
A funnel,B1,2024,80.875,40.0000
A funnel,B1,2024,81.088,40.0000
A funnel,B1,2024,81.315,40.0000
A funnel,B1,2024,81.523,40.0000
A funnel,B1,2024,81.729,40.0000
A funnel,B1,2024,81.934,40.0000
A funnel,B1,2024,82.133,40.0000
A funnel,B1,2024,82.340,40.0000
A funnel,B1,2024,82.556,40.0000
A funnel,B1,2024,82.761,40.0000
A funnel,B1,2024,82.974,40.0000
A funnel,B1,2024,83.183,40.0000
A funnel,B1,2024,83.381,40.0000
A funnel,B1,2024,83.582,40.0000
A funnel,B1,2024,83.776,40.0000
A funnel,B1,2024,83.971,40.0000
A funnel,B1,2024,84.179,40.0000
A funnel,B1,2024,84.381,40.0000
A funnel,B1,2024,84.594,40.0000
A funnel,B1,2024,84.819,40.0000
A funnel,B1,2024,85.024,40.0000
A funnel,B1,2024,85.219,40.0000
A funnel,B1,2024,85.428,40.0000
A funnel,B1,2024,85.640,40.0000
A funnel,B1,2024,85.858,40.0000
A funnel,B1,2024,86.083,40.0000
A funnel,B1,2024,86.309,40.0000
A funnel,B1,2024,86.501,40.0000
A funnel,B1,2024,86.699,40.0000
A funnel,B1,2024,86.926,40.0000
A funnel,B1,2024,87.141,40.0000
A funnel,B1,2024,87.355,40.0000
A funnel,B1,2024,87.565,40.0000
A funnel,B1,2024,87.766,40.0000
A funnel,B1,2024,87.973,40.0000
A funnel,B1,2024,88.173,40.0000
A funnel,B1,2024,88.386,40.0000
A funnel,B1,2024,88.608,40.0000
A funnel,B1,2024,88.816,40.0000
A funnel,B1,2024,89.004,40.0000
A funnel,B1,2024,89.215,40.0000
A funnel,B1,2024,89.428,40.0000
A funnel,B1,2024,89.617,40.0000
A funnel,B1,2024,89.817,40.0000
A funnel,B1,2024,90.015,40.0000
A funnel,B2,2024,2.572,63.0000
A funnel,B2,2024,5.364,61.0000
A funnel,B2,2024,7.672,57.0000
A funnel,B2,2024,10.249,56.0000
A funnel,B2,2024,12.273,56.0000
A funnel,B2,2024,14.371,52.0000
A funnel,B2,2024,16.211,48.0000
A funnel,B2,2024,17.947,48.0000
A funnel,B2,2024,19.782,48.0000
A funnel,B2,2024,21.498,48.0000
A funnel,B2,2024,23.224,48.0000
A funnel,B2,2024,24.911,45.0000
A funnel,B2,2024,26.445,45.0000
A funnel,B2,2024,27.986,44.0000
A funnel,B2,2024,29.671,44.0000
A funnel,B2,2024,31.455,44.0000
A funnel,B2,2024,33.194,44.0000
A funnel,B2,2024,34.851,43.0000
A funnel,B2,2024,36.501,43.0000
A funnel,B2,2024,37.977,43.0000
A funnel,B2,2024,39.485,43.0000
A funnel,B2,2024,40.958,43.0000
A funnel,B2,2024,42.415,43.0000
A funnel,B2,2024,43.919,43.0000
A funnel,B2,2024,45.425,43.0000
A funnel,B2,2024,47.007,43.0000
A funnel,B2,2024,48.554,43.0000
A funnel,B2,2024,50.026,42.0000
A funnel,B2,2024,51.507,42.0000
A funnel,B2,2024,53.003,42.0000
A funnel,B2,2024,54.542,42.0000
A funnel,B2,2024,56.139,42.0000
A funnel,B2,2024,57.646,42.0000
A funnel,B2,2024,59.180,42.0000
A funnel,B2,2024,60.767,42.0000
A funnel,B2,2024,62.301,42.0000
A funnel,B2,2024,63.759,42.0000
A funnel,B2,2024,65.303,42.0000
A funnel,B2,2024,66.793,42.0000
A funnel,B2,2024,68.372,42.0000
A funnel,B2,2024,70.027,42.0000
A funnel,B2,2024,71.592,42.0000
A funnel,B2,2024,73.089,42.0000
A funnel,B2,2024,74.642,42.0000
A funnel,B2,2024,76.223,42.0000
A funnel,B2,2024,77.792,42.0000
A funnel,B2,2024,79.386,42.0000
A funnel,B2,2024,80.906,42.0000
A funnel,B2,2024,82.439,42.0000
A funnel,B2,2024,83.965,42.0000
A funnel,B2,2024,85.524,42.0000
A funnel,B2,2024,87.074,42.0000
A funnel,B2,2024,88.611,42.0000
A funnel,B2,2024,90.129,42.0000
A mid,B0,42,0.047,45.0000
A mid,B0,42,0.102,37.0000
A mid,B0,42,0.145,37.0000
A mid,B0,42,0.194,37.0000
A mid,B0,42,0.238,37.0000
A mid,B0,42,0.281,37.0000
A mid,B0,42,0.322,37.0000
A mid,B0,42,0.359,36.0000
A mid,B0,42,0.399,36.0000
A mid,B0,42,0.438,36.0000
A mid,B0,42,0.478,36.0000
A mid,B0,42,0.516,36.0000
A mid,B0,42,0.554,36.0000
A mid,B0,42,0.592,36.0000
A mid,B0,42,0.632,35.0000
A mid,B0,42,0.669,35.0000
A mid,B0,42,0.708,35.0000
A mid,B0,42,0.749,35.0000
A mid,B0,42,0.785,35.0000
A mid,B0,42,0.825,34.0000
A mid,B0,42,0.862,34.0000
A mid,B0,42,0.902,34.0000
A mid,B0,42,0.937,34.0000
A mid,B0,42,0.970,34.0000
A mid,B0,42,1.004,34.0000
A mid,B0,42,1.044,34.0000
A mid,B0,42,1.082,34.0000
A mid,B0,42,1.120,34.0000
A mid,B0,42,1.157,34.0000
A mid,B0,42,1.200,33.0000
A mid,B0,42,1.243,33.0000
A mid,B0,42,1.281,33.0000
A mid,B0,42,1.320,33.0000
A mid,B0,42,1.358,33.0000
A mid,B0,42,1.401,33.0000
A mid,B0,42,1.435,33.0000
A mid,B0,42,1.473,33.0000
A mid,B0,42,1.514,33.0000
A mid,B0,42,1.558,33.0000
A mid,B0,42,1.598,33.0000
A mid,B0,42,1.644,33.0000
A mid,B0,42,1.684,33.0000
A mid,B0,42,1.728,33.0000
A mid,B0,42,1.763,33.0000
A mid,B0,42,1.801,33.0000
A mid,B0,42,1.837,33.0000
A mid,B0,42,1.877,33.0000
A mid,B0,42,1.914,33.0000
A mid,B0,42,1.951,33.0000
A mid,B0,42,1.989,33.0000
A mid,B0,42,2.028,33.0000
A mid,B0,42,2.070,33.0000
A mid,B0,42,2.110,33.0000
A mid,B0,42,2.151,33.0000
A mid,B0,42,2.187,33.0000
A mid,B0,42,2.230,33.0000
A mid,B0,42,2.264,33.0000
A mid,B0,42,2.301,33.0000
A mid,B0,42,2.336,33.0000
A mid,B0,42,2.378,33.0000
A mid,B0,42,2.414,33.0000
A mid,B0,42,2.450,33.0000
A mid,B0,42,2.487,33.0000
A mid,B0,42,2.525,33.0000
A mid,B0,42,2.566,33.0000
A mid,B0,42,2.605,33.0000
A mid,B0,42,2.642,33.0000
A mid,B0,42,2.679,33.0000
A mid,B0,42,2.720,33.0000
A mid,B0,42,2.758,33.0000
A mid,B0,42,2.795,33.0000
A mid,B0,42,2.833,33.0000
A mid,B0,42,2.874,33.0000
A mid,B0,42,2.911,33.0000
A mid,B0,42,2.948,33.0000
A mid,B0,42,2.985,33.0000
A mid,B0,42,3.023,33.0000
A mid,B0,42,3.064,33.0000
A mid,B0,42,3.104,33.0000
A mid,B0,42,3.144,33.0000
A mid,B0,42,3.180,33.0000
A mid,B0,42,3.222,33.0000
A mid,B0,42,3.259,32.0000
A mid,B0,42,3.296,32.0000
A mid,B0,42,3.334,31.0000
A mid,B0,42,3.375,31.0000
A mid,B0,42,3.410,31.0000
A mid,B0,42,3.447,31.0000
A mid,B0,42,3.487,31.0000
A mid,B0,42,3.525,31.0000
A mid,B0,42,3.566,31.0000
A mid,B0,42,3.605,31.0000
A mid,B0,42,3.643,31.0000
A mid,B0,42,3.679,31.0000
A mid,B0,42,3.718,31.0000
A mid,B0,42,3.753,31.0000
A mid,B0,42,3.790,31.0000
A mid,B0,42,3.825,31.0000
A mid,B0,42,3.866,31.0000
A mid,B0,42,3.903,31.0000
A mid,B0,42,3.941,31.0000
A mid,B0,42,3.980,31.0000
A mid,B0,42,4.022,31.0000
A mid,B0,42,4.060,31.0000
A mid,B0,42,4.099,31.0000
A mid,B0,42,4.136,31.0000
A mid,B0,42,4.176,31.0000
A mid,B0,42,4.220,31.0000
A mid,B0,42,4.260,31.0000
A mid,B0,42,4.297,31.0000
A mid,B0,42,4.333,31.0000
A mid,B0,42,4.373,31.0000
A mid,B0,42,4.411,31.0000
A mid,B0,42,4.448,31.0000
A mid,B0,42,4.488,31.0000
A mid,B0,42,4.536,31.0000
A mid,B0,42,4.578,31.0000
A mid,B0,42,4.620,31.0000
A mid,B0,42,4.660,31.0000
A mid,B0,42,4.700,31.0000
A mid,B0,42,4.737,31.0000
A mid,B0,42,4.776,31.0000
A mid,B0,42,4.818,31.0000
A mid,B0,42,4.861,31.0000
A mid,B0,42,4.906,31.0000
A mid,B0,42,4.947,31.0000
A mid,B0,42,4.988,31.0000
A mid,B0,42,5.028,31.0000
A mid,B0,42,5.072,31.0000
A mid,B0,42,5.113,31.0000
A mid,B0,42,5.157,31.0000
A mid,B0,42,5.200,31.0000
A mid,B0,42,5.248,31.0000
A mid,B0,42,5.289,31.0000
A mid,B0,42,5.341,31.0000
A mid,B0,42,5.399,31.0000
A mid,B0,42,5.459,31.0000
A mid,B0,42,5.511,31.0000
A mid,B0,42,5.549,31.0000
A mid,B0,42,5.586,31.0000
A mid,B0,42,5.623,31.0000
A mid,B0,42,5.662,31.0000
A mid,B0,42,5.698,31.0000
A mid,B0,42,5.736,31.0000
A mid,B0,42,5.774,31.0000
A mid,B0,42,5.815,31.0000
A mid,B0,42,5.851,31.0000
A mid,B0,42,5.888,31.0000
A mid,B0,42,5.925,31.0000
A mid,B0,42,5.963,31.0000
A mid,B0,42,5.999,31.0000
A mid,B0,42,6.037,31.0000
A mid,B0,42,6.076,31.0000
A mid,B0,42,6.122,31.0000
A mid,B0,42,6.161,31.0000
A mid,B0,42,6.200,31.0000
A mid,B0,42,6.237,31.0000
A mid,B0,42,6.272,31.0000
A mid,B0,42,6.310,31.0000
A mid,B0,42,6.347,31.0000
A mid,B0,42,6.383,31.0000
A mid,B0,42,6.421,31.0000
A mid,B0,42,6.464,31.0000
A mid,B0,42,6.504,31.0000
A mid,B0,42,6.545,31.0000
A mid,B0,42,6.585,31.0000
A mid,B0,42,6.628,31.0000
A mid,B0,42,6.663,31.0000
A mid,B0,42,6.703,31.0000
A mid,B0,42,6.742,31.0000
A mid,B0,42,6.786,31.0000
A mid,B0,42,6.824,31.0000
A mid,B0,42,6.863,31.0000
A mid,B0,42,6.902,31.0000
A mid,B0,42,6.937,31.0000
A mid,B0,42,6.975,31.0000
A mid,B0,42,7.011,31.0000
A mid,B0,42,7.050,31.0000
A mid,B0,42,7.088,31.0000
A mid,B0,42,7.128,31.0000
A mid,B0,42,7.166,31.0000
A mid,B0,42,7.205,31.0000
A mid,B0,42,7.245,31.0000
A mid,B0,42,7.286,31.0000
A mid,B0,42,7.324,31.0000
A mid,B0,42,7.362,31.0000
A mid,B0,42,7.398,31.0000
A mid,B0,42,7.438,31.0000
A mid,B0,42,7.475,31.0000
A mid,B0,42,7.513,31.0000
A mid,B0,42,7.552,31.0000
A mid,B0,42,7.592,31.0000
A mid,B0,42,7.634,31.0000
A mid,B0,42,7.671,31.0000
A mid,B0,42,7.708,31.0000
A mid,B0,42,7.745,31.0000
A mid,B0,42,7.786,31.0000
A mid,B0,42,7.821,31.0000
A mid,B0,42,7.859,31.0000
A mid,B0,42,7.896,31.0000
A mid,B0,42,7.937,31.0000
A mid,B0,42,7.974,31.0000
A mid,B0,42,8.010,31.0000
A mid,B0,42,8.046,31.0000
A mid,B0,42,8.084,31.0000
A mid,B0,42,8.125,31.0000
A mid,B0,42,8.164,31.0000
A mid,B0,42,8.204,31.0000
A mid,B0,42,8.243,31.0000
A mid,B0,42,8.285,31.0000
A mid,B0,42,8.325,31.0000
A mid,B0,42,8.365,31.0000
A mid,B0,42,8.405,31.0000
A mid,B0,42,8.446,31.0000
A mid,B0,42,8.484,31.0000
A mid,B0,42,8.523,31.0000
A mid,B0,42,8.562,31.0000
A mid,B0,42,8.604,31.0000
A mid,B0,42,8.641,31.0000
A mid,B0,42,8.678,31.0000
A mid,B0,42,8.714,31.0000
A mid,B0,42,8.753,31.0000
A mid,B0,42,8.797,31.0000
A mid,B0,42,8.837,31.0000
A mid,B0,42,8.874,31.0000
A mid,B0,42,8.911,31.0000
A mid,B0,42,8.949,31.0000
A mid,B0,42,8.985,31.0000
A mid,B0,42,9.020,31.0000
A mid,B0,42,9.060,31.0000
A mid,B0,42,9.108,31.0000
A mid,B0,42,9.153,31.0000
A mid,B0,42,9.194,31.0000
A mid,B0,42,9.231,31.0000
A mid,B0,42,9.271,31.0000
A mid,B0,42,9.307,31.0000
A mid,B0,42,9.343,31.0000
A mid,B0,42,9.379,31.0000
A mid,B0,42,9.415,31.0000
A mid,B0,42,9.455,31.0000
A mid,B0,42,9.490,31.0000
A mid,B0,42,9.526,31.0000
A mid,B0,42,9.561,31.0000
A mid,B0,42,9.600,31.0000
A mid,B0,42,9.636,31.0000
A mid,B0,42,9.670,31.0000
A mid,B0,42,9.707,31.0000
A mid,B0,42,9.747,31.0000
A mid,B0,42,9.787,31.0000
A mid,B0,42,9.825,31.0000
A mid,B0,42,9.865,31.0000
A mid,B0,42,9.905,31.0000
A mid,B0,42,9.949,31.0000
A mid,B0,42,9.985,31.0000
A mid,B0,42,10.018,31.0000
A mid,B0,42,10.053,31.0000
A mid,B0,42,10.091,31.0000
A mid,B0,42,10.125,31.0000
A mid,B0,42,10.162,31.0000
A mid,B0,42,10.196,31.0000
A mid,B0,42,10.236,31.0000
A mid,B0,42,10.273,31.0000
A mid,B0,42,10.310,31.0000
A mid,B0,42,10.346,31.0000
A mid,B0,42,10.386,31.0000
A mid,B0,42,10.425,31.0000
A mid,B0,42,10.462,31.0000
A mid,B0,42,10.501,31.0000
A mid,B0,42,10.539,31.0000
A mid,B0,42,10.581,31.0000
A mid,B0,42,10.619,31.0000
A mid,B0,42,10.656,31.0000
A mid,B0,42,10.690,31.0000
A mid,B0,42,10.728,31.0000
A mid,B0,42,10.762,31.0000
A mid,B0,42,10.797,31.0000
A mid,B0,42,10.832,31.0000
A mid,B0,42,10.872,31.0000
A mid,B0,42,10.907,31.0000
A mid,B0,42,10.946,31.0000
A mid,B0,42,10.981,31.0000
A mid,B0,42,11.020,31.0000
A mid,B0,42,11.057,31.0000
A mid,B0,42,11.094,31.0000
A mid,B0,42,11.131,31.0000
A mid,B0,42,11.168,31.0000
A mid,B0,42,11.208,31.0000
A mid,B0,42,11.244,31.0000
A mid,B0,42,11.281,31.0000
A mid,B0,42,11.318,31.0000
A mid,B0,42,11.358,31.0000
A mid,B0,42,11.394,31.0000
A mid,B0,42,11.432,31.0000
A mid,B0,42,11.470,31.0000
A mid,B0,42,11.510,31.0000
A mid,B0,42,11.548,31.0000
A mid,B0,42,11.588,31.0000
A mid,B0,42,11.627,31.0000
A mid,B0,42,11.670,31.0000
A mid,B0,42,11.709,31.0000
A mid,B0,42,11.746,31.0000
A mid,B0,42,11.783,31.0000
A mid,B0,42,11.823,31.0000
A mid,B0,42,11.865,31.0000
A mid,B0,42,11.903,31.0000
A mid,B0,42,11.940,31.0000
A mid,B0,42,11.974,31.0000
A mid,B0,42,12.012,31.0000
A mid,B0,42,12.048,31.0000
A mid,B0,42,12.084,31.0000
A mid,B0,42,12.122,31.0000
A mid,B0,42,12.164,31.0000
A mid,B0,42,12.203,31.0000
A mid,B0,42,12.245,31.0000
A mid,B0,42,12.283,31.0000
A mid,B0,42,12.327,31.0000
A mid,B0,42,12.362,31.0000
A mid,B0,42,12.399,31.0000
A mid,B0,42,12.439,31.0000
A mid,B0,42,12.480,31.0000
A mid,B0,42,12.522,31.0000
A mid,B0,42,12.559,31.0000
A mid,B0,42,12.596,31.0000
A mid,B0,42,12.634,31.0000
A mid,B0,42,12.676,31.0000
A mid,B0,42,12.715,31.0000
A mid,B0,42,12.754,31.0000
A mid,B0,42,12.795,31.0000
A mid,B0,42,12.838,31.0000
A mid,B0,42,12.877,31.0000
A mid,B0,42,12.917,31.0000
A mid,B0,42,12.959,31.0000
A mid,B0,42,12.998,31.0000
A mid,B0,42,13.040,31.0000
A mid,B0,42,13.080,31.0000
A mid,B0,42,13.120,31.0000
A mid,B0,42,13.160,31.0000
A mid,B0,42,13.203,31.0000
A mid,B0,42,13.243,31.0000
A mid,B0,42,13.283,31.0000
A mid,B0,42,13.323,31.0000
A mid,B0,42,13.367,31.0000
A mid,B0,42,13.406,31.0000
A mid,B0,42,13.446,31.0000
A mid,B0,42,13.488,31.0000
A mid,B0,42,13.528,31.0000
A mid,B0,42,13.568,31.0000
A mid,B0,42,13.605,31.0000
A mid,B0,42,13.643,31.0000
A mid,B0,42,13.680,31.0000
A mid,B0,42,13.719,31.0000
A mid,B0,42,13.758,31.0000
A mid,B0,42,13.795,31.0000
A mid,B0,42,13.831,31.0000
A mid,B0,42,13.871,31.0000
A mid,B0,42,13.911,31.0000
A mid,B0,42,13.949,31.0000
A mid,B0,42,13.984,31.0000
A mid,B0,42,14.025,31.0000
A mid,B0,42,14.061,31.0000
A mid,B0,42,14.102,31.0000
A mid,B0,42,14.141,31.0000
A mid,B0,42,14.183,31.0000
A mid,B0,42,14.220,31.0000
A mid,B0,42,14.257,31.0000
A mid,B0,42,14.295,31.0000
A mid,B0,42,14.333,31.0000
A mid,B0,42,14.373,31.0000
A mid,B0,42,14.412,31.0000
A mid,B0,42,14.449,31.0000
A mid,B0,42,14.486,31.0000
A mid,B0,42,14.527,31.0000
A mid,B0,42,14.564,31.0000
A mid,B0,42,14.601,31.0000
A mid,B0,42,14.639,31.0000
A mid,B0,42,14.679,31.0000
A mid,B0,42,14.714,31.0000
A mid,B0,42,14.751,31.0000
A mid,B0,42,14.788,31.0000
A mid,B0,42,14.825,31.0000
A mid,B0,42,14.864,31.0000
A mid,B0,42,14.902,31.0000
A mid,B0,42,14.939,31.0000
A mid,B0,42,14.976,31.0000
A mid,B0,42,15.017,31.0000
A mid,B0,42,15.053,31.0000
A mid,B0,42,15.089,31.0000
A mid,B0,42,15.129,31.0000
A mid,B0,42,15.173,31.0000
A mid,B0,42,15.209,31.0000
A mid,B0,42,15.245,31.0000
A mid,B0,42,15.283,31.0000
A mid,B0,42,15.324,31.0000
A mid,B0,42,15.362,31.0000
A mid,B0,42,15.399,31.0000
A mid,B0,42,15.437,31.0000
A mid,B0,42,15.476,31.0000
A mid,B0,42,15.518,31.0000
A mid,B0,42,15.557,31.0000
A mid,B0,42,15.596,31.0000
A mid,B0,42,15.636,31.0000
A mid,B0,42,15.678,31.0000
A mid,B0,42,15.717,31.0000
A mid,B0,42,15.758,31.0000
A mid,B0,42,15.798,31.0000
A mid,B0,42,15.842,31.0000
A mid,B0,42,15.883,31.0000
A mid,B0,42,15.925,31.0000
A mid,B0,42,15.959,31.0000
A mid,B0,42,15.998,31.0000
A mid,B0,42,16.036,31.0000
A mid,B0,42,16.074,31.0000
A mid,B0,42,16.112,31.0000
A mid,B0,42,16.150,31.0000
A mid,B0,42,16.190,31.0000
A mid,B0,42,16.227,31.0000
A mid,B0,42,16.264,31.0000
A mid,B0,42,16.301,31.0000
A mid,B0,42,16.343,31.0000
A mid,B0,42,16.380,31.0000
A mid,B0,42,16.417,31.0000
A mid,B0,42,16.456,31.0000
A mid,B0,42,16.500,31.0000
A mid,B0,42,16.539,31.0000
A mid,B0,42,16.579,31.0000
A mid,B0,42,16.618,31.0000
A mid,B0,42,16.659,31.0000
A mid,B0,42,16.697,31.0000
A mid,B0,42,16.739,31.0000
A mid,B0,42,16.779,31.0000
A mid,B0,42,16.819,31.0000
A mid,B0,42,16.864,31.0000
A mid,B0,42,16.904,31.0000
A mid,B0,42,16.944,31.0000
A mid,B0,42,16.982,31.0000
A mid,B0,42,17.024,31.0000
A mid,B0,42,17.061,31.0000
A mid,B0,42,17.097,31.0000
A mid,B0,42,17.135,31.0000
A mid,B0,42,17.179,31.0000
A mid,B0,42,17.216,31.0000
A mid,B0,42,17.255,31.0000
A mid,B0,42,17.292,31.0000
A mid,B0,42,17.334,31.0000
A mid,B0,42,17.371,31.0000
A mid,B0,42,17.408,31.0000
A mid,B0,42,17.444,31.0000
A mid,B0,42,17.483,31.0000
A mid,B0,42,17.525,31.0000
A mid,B0,42,17.562,31.0000
A mid,B0,42,17.600,31.0000
A mid,B0,42,17.639,31.0000
A mid,B0,42,17.682,31.0000
A mid,B0,42,17.722,31.0000
A mid,B0,42,17.763,31.0000
A mid,B0,42,17.801,31.0000
A mid,B0,42,17.841,31.0000
A mid,B0,42,17.877,31.0000
A mid,B0,42,17.914,31.0000
A mid,B0,42,17.951,31.0000
A mid,B0,42,17.990,31.0000
A mid,B0,42,18.033,31.0000
A mid,B0,42,18.070,31.0000
A mid,B0,42,18.111,31.0000
A mid,B0,42,18.153,31.0000
A mid,B0,42,18.200,31.0000
A mid,B0,42,18.244,31.0000
A mid,B0,42,18.285,31.0000
A mid,B0,42,18.324,31.0000
A mid,B0,42,18.367,31.0000
A mid,B0,42,18.404,31.0000
A mid,B0,42,18.442,31.0000
A mid,B0,42,18.483,31.0000
A mid,B0,42,18.528,31.0000
A mid,B0,42,18.569,31.0000
A mid,B0,42,18.606,31.0000
A mid,B0,42,18.644,31.0000
A mid,B0,42,18.681,31.0000
A mid,B0,42,18.723,31.0000
A mid,B0,42,18.761,31.0000
A mid,B0,42,18.798,31.0000
A mid,B0,42,18.837,31.0000
A mid,B0,42,18.877,31.0000
A mid,B0,42,18.915,31.0000
A mid,B0,42,18.954,31.0000
A mid,B0+,42,0.047,45.0000
A mid,B0+,42,0.102,37.0000
A mid,B0+,42,0.145,37.0000
A mid,B0+,42,0.194,37.0000
A mid,B0+,42,0.238,37.0000
A mid,B0+,42,0.281,37.0000
A mid,B0+,42,0.322,37.0000
A mid,B0+,42,0.359,36.0000
A mid,B0+,42,0.399,36.0000
A mid,B0+,42,0.438,36.0000
A mid,B0+,42,0.478,36.0000
A mid,B0+,42,0.516,36.0000
A mid,B0+,42,0.554,36.0000
A mid,B0+,42,0.592,36.0000
A mid,B0+,42,0.632,35.0000
A mid,B0+,42,0.669,35.0000
A mid,B0+,42,0.708,35.0000
A mid,B0+,42,0.749,35.0000
A mid,B0+,42,0.785,35.0000
A mid,B0+,42,0.825,34.0000
A mid,B0+,42,0.862,34.0000
A mid,B0+,42,0.902,34.0000
A mid,B0+,42,0.937,34.0000
A mid,B0+,42,0.970,34.0000
A mid,B0+,42,1.004,34.0000
A mid,B0+,42,1.044,34.0000
A mid,B0+,42,1.082,34.0000
A mid,B0+,42,1.120,34.0000
A mid,B0+,42,1.157,34.0000
A mid,B0+,42,1.200,33.0000
A mid,B0+,42,1.243,33.0000
A mid,B0+,42,1.281,33.0000
A mid,B0+,42,1.320,33.0000
A mid,B0+,42,1.358,33.0000
A mid,B0+,42,1.401,33.0000
A mid,B0+,42,1.435,33.0000
A mid,B0+,42,1.473,33.0000
A mid,B0+,42,1.514,33.0000
A mid,B0+,42,1.558,33.0000
A mid,B0+,42,1.598,33.0000
A mid,B0+,42,1.644,33.0000
A mid,B0+,42,1.684,33.0000
A mid,B0+,42,1.728,33.0000
A mid,B0+,42,1.763,33.0000
A mid,B0+,42,1.801,33.0000
A mid,B0+,42,1.837,33.0000
A mid,B0+,42,1.877,33.0000
A mid,B0+,42,1.914,33.0000
A mid,B0+,42,1.951,33.0000
A mid,B0+,42,1.989,33.0000
A mid,B0+,42,2.028,33.0000
A mid,B0+,42,2.070,33.0000
A mid,B0+,42,2.110,33.0000
A mid,B0+,42,2.151,33.0000
A mid,B0+,42,2.187,33.0000
A mid,B0+,42,2.230,33.0000
A mid,B0+,42,2.264,33.0000
A mid,B0+,42,2.301,33.0000
A mid,B0+,42,2.336,33.0000
A mid,B0+,42,2.378,33.0000
A mid,B0+,42,2.414,33.0000
A mid,B0+,42,2.450,33.0000
A mid,B0+,42,2.487,33.0000
A mid,B0+,42,2.525,33.0000
A mid,B0+,42,2.566,33.0000
A mid,B0+,42,2.605,33.0000
A mid,B0+,42,2.642,33.0000
A mid,B0+,42,2.679,33.0000
A mid,B0+,42,2.720,33.0000
A mid,B0+,42,2.758,33.0000
A mid,B0+,42,2.795,33.0000
A mid,B0+,42,2.833,33.0000
A mid,B0+,42,2.874,33.0000
A mid,B0+,42,2.911,33.0000
A mid,B0+,42,2.948,33.0000
A mid,B0+,42,2.985,33.0000
A mid,B0+,42,3.023,33.0000
A mid,B0+,42,3.064,33.0000
A mid,B0+,42,3.104,33.0000
A mid,B0+,42,3.144,33.0000
A mid,B0+,42,3.180,33.0000
A mid,B0+,42,3.222,33.0000
A mid,B0+,42,3.259,32.0000
A mid,B0+,42,3.296,32.0000
A mid,B0+,42,3.334,31.0000
A mid,B0+,42,3.375,31.0000
A mid,B0+,42,3.410,31.0000
A mid,B0+,42,3.447,31.0000
A mid,B0+,42,3.487,31.0000
A mid,B0+,42,3.525,31.0000
A mid,B0+,42,3.566,31.0000
A mid,B0+,42,3.605,31.0000
A mid,B0+,42,3.643,31.0000
A mid,B0+,42,3.679,31.0000
A mid,B0+,42,3.718,31.0000
A mid,B0+,42,3.753,31.0000
A mid,B0+,42,3.790,31.0000
A mid,B0+,42,3.825,31.0000
A mid,B0+,42,3.866,31.0000
A mid,B0+,42,3.903,31.0000
A mid,B0+,42,3.941,31.0000
A mid,B0+,42,3.980,31.0000
A mid,B0+,42,4.022,31.0000
A mid,B0+,42,4.060,31.0000
A mid,B0+,42,4.099,31.0000
A mid,B0+,42,4.136,31.0000
A mid,B0+,42,4.176,31.0000
A mid,B0+,42,4.220,31.0000
A mid,B0+,42,4.260,31.0000
A mid,B0+,42,4.297,31.0000
A mid,B0+,42,4.333,31.0000
A mid,B0+,42,4.373,31.0000
A mid,B0+,42,4.411,31.0000
A mid,B0+,42,4.448,31.0000
A mid,B0+,42,4.488,31.0000
A mid,B0+,42,4.536,31.0000
A mid,B0+,42,4.578,31.0000
A mid,B0+,42,4.620,31.0000
A mid,B0+,42,4.660,31.0000
A mid,B0+,42,4.700,31.0000
A mid,B0+,42,4.737,31.0000
A mid,B0+,42,4.776,31.0000
A mid,B0+,42,4.818,31.0000
A mid,B0+,42,4.861,31.0000
A mid,B0+,42,4.906,31.0000
A mid,B0+,42,4.947,31.0000
A mid,B0+,42,4.988,31.0000
A mid,B0+,42,5.028,31.0000
A mid,B0+,42,5.072,31.0000
A mid,B0+,42,5.113,31.0000
A mid,B0+,42,5.157,31.0000
A mid,B0+,42,5.200,31.0000
A mid,B0+,42,5.248,31.0000
A mid,B0+,42,5.289,31.0000
A mid,B0+,42,5.341,31.0000
A mid,B0+,42,5.399,31.0000
A mid,B0+,42,5.459,31.0000
A mid,B0+,42,5.511,31.0000
A mid,B0+,42,5.549,31.0000
A mid,B0+,42,5.586,31.0000
A mid,B0+,42,5.623,31.0000
A mid,B0+,42,5.662,31.0000
A mid,B0+,42,5.698,31.0000
A mid,B0+,42,5.736,31.0000
A mid,B0+,42,5.774,31.0000
A mid,B0+,42,5.815,31.0000
A mid,B0+,42,5.851,31.0000
A mid,B0+,42,5.888,31.0000
A mid,B0+,42,5.925,31.0000
A mid,B0+,42,5.963,31.0000
A mid,B0+,42,5.999,31.0000
A mid,B0+,42,6.037,31.0000
A mid,B0+,42,6.076,31.0000
A mid,B0+,42,6.122,31.0000
A mid,B0+,42,6.161,31.0000
A mid,B0+,42,6.200,31.0000
A mid,B0+,42,6.237,31.0000
A mid,B0+,42,6.272,31.0000
A mid,B0+,42,6.310,31.0000
A mid,B0+,42,6.347,31.0000
A mid,B0+,42,6.383,31.0000
A mid,B0+,42,6.421,31.0000
A mid,B0+,42,6.464,31.0000
A mid,B0+,42,6.504,31.0000
A mid,B0+,42,6.545,31.0000
A mid,B0+,42,6.585,31.0000
A mid,B0+,42,6.628,31.0000
A mid,B0+,42,6.663,31.0000
A mid,B0+,42,6.703,31.0000
A mid,B0+,42,6.742,31.0000
A mid,B0+,42,6.786,31.0000
A mid,B0+,42,6.824,31.0000
A mid,B0+,42,6.863,31.0000
A mid,B0+,42,6.902,31.0000
A mid,B0+,42,6.937,31.0000
A mid,B0+,42,6.975,31.0000
A mid,B0+,42,7.011,31.0000
A mid,B0+,42,7.050,31.0000
A mid,B0+,42,7.088,31.0000
A mid,B0+,42,7.128,31.0000
A mid,B0+,42,7.166,31.0000
A mid,B0+,42,7.205,31.0000
A mid,B0+,42,7.245,31.0000
A mid,B0+,42,7.286,31.0000
A mid,B0+,42,7.324,31.0000
A mid,B0+,42,7.362,31.0000
A mid,B0+,42,7.398,31.0000
A mid,B0+,42,7.438,31.0000
A mid,B0+,42,7.475,31.0000
A mid,B0+,42,7.513,31.0000
A mid,B0+,42,7.552,31.0000
A mid,B0+,42,7.592,31.0000
A mid,B0+,42,7.634,31.0000
A mid,B0+,42,7.671,31.0000
A mid,B0+,42,7.708,31.0000
A mid,B0+,42,7.745,31.0000
A mid,B0+,42,7.786,31.0000
A mid,B0+,42,7.821,31.0000
A mid,B0+,42,7.859,31.0000
A mid,B0+,42,7.896,31.0000
A mid,B0+,42,7.937,31.0000
A mid,B0+,42,7.974,31.0000
A mid,B0+,42,8.010,31.0000
A mid,B0+,42,8.046,31.0000
A mid,B0+,42,8.084,31.0000
A mid,B0+,42,8.125,31.0000
A mid,B0+,42,8.164,31.0000
A mid,B0+,42,8.204,31.0000
A mid,B0+,42,8.243,31.0000
A mid,B0+,42,8.285,31.0000
A mid,B0+,42,8.325,31.0000
A mid,B0+,42,8.365,31.0000
A mid,B0+,42,8.405,31.0000
A mid,B0+,42,8.446,31.0000
A mid,B0+,42,8.484,31.0000
A mid,B0+,42,8.523,31.0000
A mid,B0+,42,8.562,31.0000
A mid,B0+,42,8.604,31.0000
A mid,B0+,42,8.641,31.0000
A mid,B0+,42,8.678,31.0000
A mid,B0+,42,8.714,31.0000
A mid,B0+,42,8.753,31.0000
A mid,B0+,42,8.797,31.0000
A mid,B0+,42,8.837,31.0000
A mid,B0+,42,8.874,31.0000
A mid,B0+,42,8.911,31.0000
A mid,B0+,42,8.949,31.0000
A mid,B0+,42,8.985,31.0000
A mid,B0+,42,9.020,31.0000
A mid,B0+,42,9.060,31.0000
A mid,B0+,42,9.108,31.0000
A mid,B0+,42,9.153,31.0000
A mid,B0+,42,9.194,31.0000
A mid,B0+,42,9.231,31.0000
A mid,B0+,42,9.271,31.0000
A mid,B0+,42,9.307,31.0000
A mid,B0+,42,9.343,31.0000
A mid,B0+,42,9.379,31.0000
A mid,B0+,42,9.415,31.0000
A mid,B0+,42,9.455,31.0000
A mid,B0+,42,9.490,31.0000
A mid,B0+,42,9.526,31.0000
A mid,B0+,42,9.561,31.0000
A mid,B0+,42,9.600,31.0000
A mid,B0+,42,9.636,31.0000
A mid,B0+,42,9.670,31.0000
A mid,B0+,42,9.707,31.0000
A mid,B0+,42,9.747,31.0000
A mid,B0+,42,9.787,31.0000
A mid,B0+,42,9.825,31.0000
A mid,B0+,42,9.865,31.0000
A mid,B0+,42,9.905,31.0000
A mid,B0+,42,9.949,31.0000
A mid,B0+,42,9.985,31.0000
A mid,B0+,42,10.018,31.0000
A mid,B0+,42,10.053,31.0000
A mid,B0+,42,10.091,31.0000
A mid,B0+,42,10.125,31.0000
A mid,B0+,42,10.162,31.0000
A mid,B0+,42,10.196,31.0000
A mid,B0+,42,10.236,31.0000
A mid,B0+,42,10.273,31.0000
A mid,B0+,42,10.310,31.0000
A mid,B0+,42,10.346,31.0000
A mid,B0+,42,10.386,31.0000
A mid,B0+,42,10.425,31.0000
A mid,B0+,42,10.462,31.0000
A mid,B0+,42,10.501,31.0000
A mid,B0+,42,10.539,31.0000
A mid,B0+,42,10.581,31.0000
A mid,B0+,42,10.619,31.0000
A mid,B0+,42,10.656,31.0000
A mid,B0+,42,10.690,31.0000
A mid,B0+,42,10.728,31.0000
A mid,B0+,42,10.762,31.0000
A mid,B0+,42,10.797,31.0000
A mid,B0+,42,10.832,31.0000
A mid,B0+,42,10.872,31.0000
A mid,B0+,42,10.907,31.0000
A mid,B0+,42,10.946,31.0000
A mid,B0+,42,10.981,31.0000
A mid,B0+,42,11.020,31.0000
A mid,B0+,42,11.057,31.0000
A mid,B0+,42,11.094,31.0000
A mid,B0+,42,11.131,31.0000
A mid,B0+,42,11.168,31.0000
A mid,B0+,42,11.208,31.0000
A mid,B0+,42,11.244,31.0000
A mid,B0+,42,11.281,31.0000
A mid,B0+,42,11.318,31.0000
A mid,B0+,42,11.358,31.0000
A mid,B0+,42,11.394,31.0000
A mid,B0+,42,11.432,31.0000
A mid,B0+,42,11.470,31.0000
A mid,B0+,42,11.510,31.0000
A mid,B0+,42,11.548,31.0000
A mid,B0+,42,11.588,31.0000
A mid,B0+,42,11.627,31.0000
A mid,B0+,42,11.670,31.0000
A mid,B0+,42,11.709,31.0000
A mid,B0+,42,11.746,31.0000
A mid,B0+,42,11.783,31.0000
A mid,B0+,42,11.823,31.0000
A mid,B0+,42,11.865,31.0000
A mid,B0+,42,11.903,31.0000
A mid,B0+,42,11.940,31.0000
A mid,B0+,42,11.974,31.0000
A mid,B0+,42,12.012,31.0000
A mid,B0+,42,12.048,31.0000
A mid,B0+,42,12.084,31.0000
A mid,B0+,42,12.122,31.0000
A mid,B0+,42,12.164,31.0000
A mid,B0+,42,12.203,31.0000
A mid,B0+,42,12.245,31.0000
A mid,B0+,42,12.283,31.0000
A mid,B0+,42,12.327,31.0000
A mid,B0+,42,12.362,31.0000
A mid,B0+,42,12.399,31.0000
A mid,B0+,42,12.439,31.0000
A mid,B0+,42,12.480,31.0000
A mid,B0+,42,12.522,31.0000
A mid,B0+,42,12.559,31.0000
A mid,B0+,42,12.596,31.0000
A mid,B0+,42,12.634,31.0000
A mid,B0+,42,12.676,31.0000
A mid,B0+,42,12.715,31.0000
A mid,B0+,42,12.754,31.0000
A mid,B0+,42,12.795,31.0000
A mid,B0+,42,12.838,31.0000
A mid,B0+,42,12.877,31.0000
A mid,B0+,42,12.917,31.0000
A mid,B0+,42,12.959,31.0000
A mid,B0+,42,12.998,31.0000
A mid,B0+,42,13.040,31.0000
A mid,B0+,42,13.080,31.0000
A mid,B0+,42,13.120,31.0000
A mid,B0+,42,13.160,31.0000
A mid,B0+,42,13.203,31.0000
A mid,B0+,42,13.243,31.0000
A mid,B0+,42,13.283,31.0000
A mid,B0+,42,13.323,31.0000
A mid,B0+,42,13.367,31.0000
A mid,B0+,42,13.406,31.0000
A mid,B0+,42,13.446,31.0000
A mid,B0+,42,13.488,31.0000
A mid,B0+,42,13.528,31.0000
A mid,B0+,42,13.568,31.0000
A mid,B0+,42,13.605,31.0000
A mid,B0+,42,13.643,31.0000
A mid,B0+,42,13.680,31.0000
A mid,B0+,42,13.719,31.0000
A mid,B0+,42,13.758,31.0000
A mid,B0+,42,13.795,31.0000
A mid,B0+,42,13.831,31.0000
A mid,B0+,42,13.871,31.0000
A mid,B0+,42,13.911,31.0000
A mid,B0+,42,13.949,31.0000
A mid,B0+,42,13.984,31.0000
A mid,B0+,42,14.025,31.0000
A mid,B0+,42,14.061,31.0000
A mid,B0+,42,14.102,31.0000
A mid,B0+,42,14.141,31.0000
A mid,B0+,42,14.183,31.0000
A mid,B0+,42,14.220,31.0000
A mid,B0+,42,14.257,31.0000
A mid,B0+,42,14.295,31.0000
A mid,B0+,42,14.333,31.0000
A mid,B0+,42,14.373,31.0000
A mid,B0+,42,14.412,31.0000
A mid,B0+,42,14.449,31.0000
A mid,B0+,42,14.486,31.0000
A mid,B0+,42,14.527,31.0000
A mid,B0+,42,14.564,31.0000
A mid,B0+,42,14.601,31.0000
A mid,B0+,42,14.639,31.0000
A mid,B0+,42,14.679,31.0000
A mid,B0+,42,14.714,31.0000
A mid,B0+,42,14.751,31.0000
A mid,B0+,42,14.788,31.0000
A mid,B0+,42,14.825,31.0000
A mid,B0+,42,14.864,31.0000
A mid,B0+,42,14.902,31.0000
A mid,B0+,42,14.939,31.0000
A mid,B0+,42,14.976,31.0000
A mid,B0+,42,15.017,31.0000
A mid,B0+,42,15.053,31.0000
A mid,B0+,42,15.089,31.0000
A mid,B0+,42,15.129,31.0000
A mid,B0+,42,15.173,31.0000
A mid,B0+,42,15.209,31.0000
A mid,B0+,42,15.245,31.0000
A mid,B0+,42,15.283,31.0000
A mid,B0+,42,15.324,31.0000
A mid,B0+,42,15.362,31.0000
A mid,B0+,42,15.399,31.0000
A mid,B0+,42,15.437,31.0000
A mid,B0+,42,15.476,31.0000
A mid,B0+,42,15.518,31.0000
A mid,B0+,42,15.557,31.0000
A mid,B0+,42,15.596,31.0000
A mid,B0+,42,15.636,31.0000
A mid,B0+,42,15.678,31.0000
A mid,B0+,42,15.717,31.0000
A mid,B0+,42,15.758,31.0000
A mid,B0+,42,15.798,31.0000
A mid,B0+,42,15.842,31.0000
A mid,B0+,42,15.883,31.0000
A mid,B0+,42,15.925,31.0000
A mid,B0+,42,15.959,31.0000
A mid,B0+,42,15.998,31.0000
A mid,B0+,42,16.036,31.0000
A mid,B0+,42,16.074,31.0000
A mid,B0+,42,16.112,31.0000
A mid,B0+,42,16.150,31.0000
A mid,B0+,42,16.190,31.0000
A mid,B0+,42,16.227,31.0000
A mid,B0+,42,16.264,31.0000
A mid,B0+,42,16.301,31.0000
A mid,B0+,42,16.343,31.0000
A mid,B0+,42,16.380,31.0000
A mid,B0+,42,16.417,31.0000
A mid,B0+,42,16.456,31.0000
A mid,B0+,42,16.500,31.0000
A mid,B0+,42,16.539,31.0000
A mid,B0+,42,16.579,31.0000
A mid,B0+,42,16.618,31.0000
A mid,B0+,42,16.659,31.0000
A mid,B0+,42,16.697,31.0000
A mid,B0+,42,16.739,31.0000
A mid,B0+,42,16.779,31.0000
A mid,B0+,42,16.819,31.0000
A mid,B0+,42,16.864,31.0000
A mid,B0+,42,16.904,31.0000
A mid,B0+,42,16.944,31.0000
A mid,B0+,42,16.982,31.0000
A mid,B0+,42,17.024,31.0000
A mid,B0+,42,17.061,31.0000
A mid,B0+,42,17.097,31.0000
A mid,B0+,42,17.135,31.0000
A mid,B0+,42,17.179,31.0000
A mid,B0+,42,17.216,31.0000
A mid,B0+,42,17.255,31.0000
A mid,B0+,42,17.292,31.0000
A mid,B0+,42,17.334,31.0000
A mid,B0+,42,17.371,31.0000
A mid,B0+,42,17.408,31.0000
A mid,B0+,42,17.444,31.0000
A mid,B0+,42,17.483,31.0000
A mid,B0+,42,17.525,31.0000
A mid,B0+,42,17.562,31.0000
A mid,B0+,42,17.600,31.0000
A mid,B0+,42,17.639,31.0000
A mid,B0+,42,17.682,31.0000
A mid,B0+,42,17.722,31.0000
A mid,B0+,42,17.763,31.0000
A mid,B0+,42,17.801,31.0000
A mid,B0+,42,17.841,31.0000
A mid,B0+,42,17.877,31.0000
A mid,B0+,42,17.914,31.0000
A mid,B0+,42,17.951,31.0000
A mid,B0+,42,17.990,31.0000
A mid,B0+,42,18.033,31.0000
A mid,B0+,42,18.070,31.0000
A mid,B0+,42,18.111,31.0000
A mid,B0+,42,18.153,31.0000
A mid,B0+,42,18.200,31.0000
A mid,B0+,42,18.244,31.0000
A mid,B0+,42,18.285,31.0000
A mid,B0+,42,18.324,31.0000
A mid,B0+,42,18.367,31.0000
A mid,B0+,42,18.404,31.0000
A mid,B0+,42,18.442,31.0000
A mid,B0+,42,18.483,31.0000
A mid,B0+,42,18.528,31.0000
A mid,B0+,42,18.569,31.0000
A mid,B0+,42,18.606,31.0000
A mid,B0+,42,18.644,31.0000
A mid,B0+,42,18.681,31.0000
A mid,B0+,42,18.723,31.0000
A mid,B0+,42,18.761,31.0000
A mid,B0+,42,18.798,31.0000
A mid,B0+,42,18.837,31.0000
A mid,B0+,42,18.877,31.0000
A mid,B0+,42,18.915,31.0000
A mid,B0+,42,18.954,31.0000
A mid,B1,42,0.483,51.0000
A mid,B1,42,0.904,49.0000
A mid,B1,42,1.304,49.0000
A mid,B1,42,1.668,49.0000
A mid,B1,42,2.024,49.0000
A mid,B1,42,2.383,49.0000
A mid,B1,42,2.722,49.0000
A mid,B1,42,3.042,49.0000
A mid,B1,42,3.366,49.0000
A mid,B1,42,3.709,48.0000
A mid,B1,42,4.037,48.0000
A mid,B1,42,4.354,48.0000
A mid,B1,42,4.704,48.0000
A mid,B1,42,5.023,48.0000
A mid,B1,42,5.338,48.0000
A mid,B1,42,5.650,48.0000
A mid,B1,42,5.962,48.0000
A mid,B1,42,6.286,48.0000
A mid,B1,42,6.624,46.0000
A mid,B1,42,7.008,45.0000
A mid,B1,42,7.320,45.0000
A mid,B1,42,7.628,45.0000
A mid,B1,42,7.920,45.0000
A mid,B1,42,8.200,44.0000
A mid,B1,42,8.506,44.0000
A mid,B1,42,8.808,42.0000
A mid,B1,42,9.084,42.0000
A mid,B1,42,9.382,42.0000
A mid,B1,42,9.650,42.0000
A mid,B1,42,9.925,41.0000
A mid,B1,42,10.202,39.0000
A mid,B1,42,10.474,39.0000
A mid,B1,42,10.753,39.0000
A mid,B1,42,11.014,38.0000
A mid,B1,42,11.280,38.0000
A mid,B1,42,11.551,38.0000
A mid,B1,42,11.818,38.0000
A mid,B1,42,12.074,38.0000
A mid,B1,42,12.324,38.0000
A mid,B1,42,12.570,38.0000
A mid,B1,42,12.830,38.0000
A mid,B1,42,13.081,38.0000
A mid,B1,42,13.336,38.0000
A mid,B1,42,13.580,38.0000
A mid,B1,42,13.831,37.0000
A mid,B1,42,14.099,37.0000
A mid,B1,42,14.366,37.0000
A mid,B1,42,14.640,37.0000
A mid,B1,42,14.925,37.0000
A mid,B1,42,15.210,37.0000
A mid,B1,42,15.506,37.0000
A mid,B1,42,15.794,37.0000
A mid,B1,42,16.055,37.0000
A mid,B1,42,16.320,37.0000
A mid,B1,42,16.618,37.0000
A mid,B1,42,16.886,37.0000
A mid,B1,42,17.183,37.0000
A mid,B1,42,17.500,37.0000
A mid,B1,42,17.808,37.0000
A mid,B1,42,18.104,37.0000
A mid,B1,42,18.419,37.0000
A mid,B1,42,18.736,37.0000
A mid,B1,42,19.034,37.0000
A mid,B1,42,19.350,37.0000
A mid,B1,42,19.717,37.0000
A mid,B1,42,19.995,37.0000
A mid,B1,42,20.280,37.0000
A mid,B1,42,20.561,37.0000
A mid,B1,42,20.853,37.0000
A mid,B1,42,21.136,37.0000
A mid,B1,42,21.434,37.0000
A mid,B1,42,21.725,37.0000
A mid,B1,42,22.001,37.0000
A mid,B1,42,22.284,37.0000
A mid,B1,42,22.566,37.0000
A mid,B1,42,22.841,37.0000
A mid,B1,42,23.137,37.0000
A mid,B1,42,23.410,37.0000
A mid,B1,42,23.690,37.0000
A mid,B1,42,23.980,37.0000
A mid,B1,42,24.253,37.0000
A mid,B1,42,24.532,37.0000
A mid,B1,42,24.807,37.0000
A mid,B1,42,25.074,37.0000
A mid,B1,42,25.344,37.0000
A mid,B1,42,25.611,37.0000
A mid,B1,42,25.877,37.0000
A mid,B1,42,26.143,37.0000
A mid,B1,42,26.415,37.0000
A mid,B1,42,26.687,37.0000
A mid,B1,42,26.964,37.0000
A mid,B1,42,27.236,37.0000
A mid,B1,42,27.493,37.0000
A mid,B1,42,27.765,37.0000
A mid,B1,42,28.031,37.0000
A mid,B1,42,28.296,37.0000
A mid,B1,42,28.565,37.0000
A mid,B1,42,28.846,37.0000
A mid,B1,42,29.126,37.0000
A mid,B1,42,29.387,37.0000
A mid,B1,42,29.669,37.0000
A mid,B1,42,29.944,37.0000
A mid,B1,42,30.209,37.0000
A mid,B1,42,30.470,37.0000
A mid,B1,42,30.744,37.0000
A mid,B1,42,31.002,37.0000
A mid,B1,42,31.269,37.0000
A mid,B1,42,31.537,37.0000
A mid,B1,42,31.798,37.0000
A mid,B1,42,32.065,37.0000
A mid,B1,42,32.337,37.0000
A mid,B1,42,32.597,37.0000
A mid,B1,42,32.868,37.0000
A mid,B1,42,33.124,37.0000
A mid,B1,42,33.377,37.0000
A mid,B1,42,33.650,37.0000
A mid,B1,42,33.911,37.0000
A mid,B1,42,34.201,37.0000
A mid,B1,42,34.460,37.0000
A mid,B1,42,34.732,37.0000
A mid,B1,42,34.996,37.0000
A mid,B1,42,35.260,37.0000
A mid,B1,42,35.543,37.0000
A mid,B1,42,35.823,37.0000
A mid,B1,42,36.085,37.0000
A mid,B1,42,36.335,37.0000
A mid,B1,42,36.606,37.0000
A mid,B1,42,36.871,37.0000
A mid,B1,42,37.138,37.0000
A mid,B1,42,37.417,37.0000
A mid,B1,42,37.678,37.0000
A mid,B1,42,37.937,37.0000
A mid,B1,42,38.192,37.0000
A mid,B1,42,38.460,37.0000
A mid,B1,42,38.734,37.0000
A mid,B1,42,39.003,37.0000
A mid,B1,42,39.301,37.0000
A mid,B1,42,39.603,37.0000
A mid,B1,42,39.871,37.0000
A mid,B1,42,40.153,37.0000
A mid,B1,42,40.430,37.0000
A mid,B1,42,40.719,37.0000
A mid,B1,42,41.003,37.0000
A mid,B1,42,41.269,37.0000
A mid,B1,42,41.534,37.0000
A mid,B1,42,41.796,37.0000
A mid,B1,42,42.057,37.0000
A mid,B1,42,42.329,37.0000
A mid,B1,42,42.671,37.0000
A mid,B1,42,42.944,37.0000
A mid,B1,42,43.214,37.0000
A mid,B1,42,43.477,37.0000
A mid,B1,42,43.745,37.0000
A mid,B1,42,44.014,37.0000
A mid,B1,42,44.274,37.0000
A mid,B1,42,44.539,37.0000
A mid,B1,42,44.815,37.0000
A mid,B1,42,45.087,37.0000
A mid,B1,42,45.359,37.0000
A mid,B1,42,45.639,37.0000
A mid,B1,42,45.922,37.0000
A mid,B1,42,46.189,37.0000
A mid,B1,42,46.454,37.0000
A mid,B1,42,46.706,37.0000
A mid,B1,42,46.975,37.0000
A mid,B1,42,47.249,37.0000
A mid,B1,42,47.504,37.0000
A mid,B1,42,47.779,37.0000
A mid,B1,42,48.075,37.0000
A mid,B1,42,48.354,37.0000
A mid,B1,42,48.654,37.0000
A mid,B1,42,49.019,37.0000
A mid,B1,42,49.368,37.0000
A mid,B1,42,49.659,37.0000
A mid,B1,42,49.954,37.0000
A mid,B1,42,50.293,37.0000
A mid,B1,42,50.589,37.0000
A mid,B1,42,50.870,37.0000
A mid,B1,42,51.146,37.0000
A mid,B1,42,51.426,37.0000
A mid,B1,42,51.706,37.0000
A mid,B1,42,51.999,37.0000
A mid,B1,42,52.279,37.0000
A mid,B1,42,52.563,37.0000
A mid,B1,42,52.862,37.0000
A mid,B1,42,53.154,37.0000
A mid,B1,42,53.449,37.0000
A mid,B1,42,53.724,37.0000
A mid,B1,42,54.005,37.0000
A mid,B1,42,54.306,37.0000
A mid,B1,42,54.595,37.0000
A mid,B1,42,54.882,37.0000
A mid,B1,42,55.169,37.0000
A mid,B1,42,55.451,37.0000
A mid,B1,42,55.743,37.0000
A mid,B1,42,56.029,37.0000
A mid,B1,42,56.318,37.0000
A mid,B1,42,56.608,37.0000
A mid,B1,42,56.892,37.0000
A mid,B1,42,57.178,37.0000
A mid,B1,42,57.458,37.0000
A mid,B1,42,57.744,37.0000
A mid,B1,42,58.023,37.0000
A mid,B1,42,58.319,37.0000
A mid,B1,42,58.609,37.0000
A mid,B1,42,58.909,37.0000
A mid,B1,42,59.195,37.0000
A mid,B1,42,59.473,37.0000
A mid,B1,42,59.780,37.0000
A mid,B1,42,60.064,37.0000
A mid,B1,42,60.355,37.0000
A mid,B1,42,60.659,37.0000
A mid,B1,42,60.937,37.0000
A mid,B1,42,61.214,37.0000
A mid,B1,42,61.496,37.0000
A mid,B1,42,61.788,37.0000
A mid,B1,42,62.080,37.0000
A mid,B1,42,62.372,37.0000
A mid,B1,42,62.669,37.0000
A mid,B1,42,62.969,37.0000
A mid,B1,42,63.255,37.0000
A mid,B1,42,63.534,37.0000
A mid,B1,42,63.815,37.0000
A mid,B1,42,64.102,37.0000
A mid,B1,42,64.367,37.0000
A mid,B1,42,64.674,37.0000
A mid,B1,42,64.963,37.0000
A mid,B1,42,65.241,37.0000
A mid,B1,42,65.531,37.0000
A mid,B1,42,65.823,37.0000
A mid,B1,42,66.113,37.0000
A mid,B1,42,66.401,37.0000
A mid,B1,42,66.681,37.0000
A mid,B1,42,66.971,37.0000
A mid,B1,42,67.267,37.0000
A mid,B1,42,67.562,37.0000
A mid,B1,42,67.869,37.0000
A mid,B1,42,68.148,37.0000
A mid,B1,42,68.425,37.0000
A mid,B1,42,68.715,37.0000
A mid,B1,42,69.010,37.0000
A mid,B1,42,69.313,37.0000
A mid,B1,42,69.654,37.0000
A mid,B1,42,69.933,37.0000
A mid,B1,42,70.223,37.0000
A mid,B1,42,70.493,37.0000
A mid,B1,42,70.766,37.0000
A mid,B1,42,71.048,37.0000
A mid,B1,42,71.325,37.0000
A mid,B1,42,71.602,37.0000
A mid,B1,42,71.887,37.0000
A mid,B1,42,72.166,37.0000
A mid,B1,42,72.464,37.0000
A mid,B1,42,72.750,37.0000
A mid,B1,42,73.030,37.0000
A mid,B1,42,73.323,37.0000
A mid,B1,42,73.607,37.0000
A mid,B1,42,73.889,37.0000
A mid,B1,42,74.176,37.0000
A mid,B1,42,74.456,37.0000
A mid,B1,42,74.755,37.0000
A mid,B1,42,75.036,37.0000
A mid,B1,42,75.313,37.0000
A mid,B1,42,75.610,37.0000
A mid,B1,42,75.884,37.0000
A mid,B1,42,76.182,37.0000
A mid,B1,42,76.483,37.0000
A mid,B1,42,76.772,37.0000
A mid,B1,42,77.053,37.0000
A mid,B1,42,77.332,37.0000
A mid,B1,42,77.620,37.0000
A mid,B1,42,77.924,37.0000
A mid,B1,42,78.218,37.0000
A mid,B1,42,78.511,37.0000
A mid,B1,42,78.817,37.0000
A mid,B1,42,79.102,37.0000
A mid,B1,42,79.388,37.0000
A mid,B1,42,79.670,37.0000
A mid,B1,42,79.957,37.0000
A mid,B1,42,80.257,37.0000
A mid,B1,42,80.544,37.0000
A mid,B1,42,80.818,37.0000
A mid,B1,42,81.106,37.0000
A mid,B1,42,81.407,37.0000
A mid,B1,42,81.696,37.0000
A mid,B1,42,81.989,37.0000
A mid,B1,42,82.276,37.0000
A mid,B1,42,82.551,37.0000
A mid,B1,42,82.836,37.0000
A mid,B1,42,83.122,37.0000
A mid,B1,42,83.415,37.0000
A mid,B1,42,83.726,37.0000
A mid,B1,42,84.037,37.0000
A mid,B1,42,84.356,37.0000
A mid,B1,42,84.745,37.0000
A mid,B1,42,85.079,37.0000
A mid,B1,42,85.403,37.0000
A mid,B1,42,85.687,37.0000
A mid,B1,42,85.974,37.0000
A mid,B1,42,86.259,37.0000
A mid,B1,42,86.554,37.0000
A mid,B1,42,86.848,37.0000
A mid,B1,42,87.146,37.0000
A mid,B1,42,87.444,37.0000
A mid,B1,42,87.739,37.0000
A mid,B1,42,88.029,37.0000
A mid,B1,42,88.315,37.0000
A mid,B1,42,88.609,37.0000
A mid,B1,42,88.907,37.0000
A mid,B1,42,89.210,37.0000
A mid,B1,42,89.509,37.0000
A mid,B1,42,89.811,37.0000
A mid,B1,42,90.119,37.0000
A mid,B2,42,2.487,49.0000
A mid,B2,42,5.536,46.0000
A mid,B2,42,8.317,46.0000
A mid,B2,42,10.780,46.0000
A mid,B2,42,13.241,46.0000
A mid,B2,42,15.689,46.0000
A mid,B2,42,18.126,46.0000
A mid,B2,42,20.540,46.0000
A mid,B2,42,22.904,44.0000
A mid,B2,42,25.330,43.0000
A mid,B2,42,27.506,43.0000
A mid,B2,42,29.738,43.0000
A mid,B2,42,31.950,41.0000
A mid,B2,42,34.123,41.0000
A mid,B2,42,36.176,41.0000
A mid,B2,42,38.259,41.0000
A mid,B2,42,40.275,41.0000
A mid,B2,42,42.216,41.0000
A mid,B2,42,44.149,41.0000
A mid,B2,42,46.052,41.0000
A mid,B2,42,47.958,41.0000
A mid,B2,42,49.896,41.0000
A mid,B2,42,51.925,40.0000
A mid,B2,42,53.890,40.0000
A mid,B2,42,55.784,40.0000
A mid,B2,42,57.708,40.0000
A mid,B2,42,59.698,39.0000
A mid,B2,42,61.586,39.0000
A mid,B2,42,63.490,39.0000
A mid,B2,42,65.386,39.0000
A mid,B2,42,67.300,39.0000
A mid,B2,42,69.193,39.0000
A mid,B2,42,71.209,36.0000
A mid,B2,42,73.050,36.0000
A mid,B2,42,74.971,35.0000
A mid,B2,42,76.752,35.0000
A mid,B2,42,78.491,35.0000
A mid,B2,42,80.177,35.0000
A mid,B2,42,81.818,35.0000
A mid,B2,42,83.463,35.0000
A mid,B2,42,85.072,35.0000
A mid,B2,42,86.811,35.0000
A mid,B2,42,88.516,35.0000
A mid,B2,42,90.136,35.0000
A mid,B0,7,0.045,41.0000
A mid,B0,7,0.089,39.0000
A mid,B0,7,0.129,36.0000
A mid,B0,7,0.169,36.0000
A mid,B0,7,0.211,36.0000
A mid,B0,7,0.256,36.0000
A mid,B0,7,0.299,36.0000
A mid,B0,7,0.343,36.0000
A mid,B0,7,0.386,36.0000
A mid,B0,7,0.427,36.0000
A mid,B0,7,0.463,36.0000
A mid,B0,7,0.500,36.0000
A mid,B0,7,0.537,36.0000
A mid,B0,7,0.580,36.0000
A mid,B0,7,0.620,36.0000
A mid,B0,7,0.656,36.0000
A mid,B0,7,0.692,36.0000
A mid,B0,7,0.732,36.0000
A mid,B0,7,0.768,36.0000
A mid,B0,7,0.805,36.0000
A mid,B0,7,0.842,36.0000
A mid,B0,7,0.881,36.0000
A mid,B0,7,0.921,36.0000
A mid,B0,7,0.957,36.0000
A mid,B0,7,0.992,36.0000
A mid,B0,7,1.027,36.0000
A mid,B0,7,1.068,36.0000
A mid,B0,7,1.104,36.0000
A mid,B0,7,1.142,36.0000
A mid,B0,7,1.177,36.0000
A mid,B0,7,1.215,36.0000
A mid,B0,7,1.256,36.0000
A mid,B0,7,1.293,36.0000
A mid,B0,7,1.329,36.0000
A mid,B0,7,1.366,36.0000
A mid,B0,7,1.405,36.0000
A mid,B0,7,1.443,36.0000
A mid,B0,7,1.480,36.0000
A mid,B0,7,1.520,36.0000
A mid,B0,7,1.559,36.0000
A mid,B0,7,1.600,36.0000
A mid,B0,7,1.639,36.0000
A mid,B0,7,1.677,36.0000
A mid,B0,7,1.715,36.0000
A mid,B0,7,1.755,36.0000
A mid,B0,7,1.794,36.0000
A mid,B0,7,1.831,36.0000
A mid,B0,7,1.868,36.0000
A mid,B0,7,1.909,36.0000
A mid,B0,7,1.945,36.0000
A mid,B0,7,1.983,36.0000
A mid,B0,7,2.020,36.0000
A mid,B0,7,2.057,36.0000
A mid,B0,7,2.097,36.0000
A mid,B0,7,2.134,36.0000
A mid,B0,7,2.172,36.0000
A mid,B0,7,2.211,36.0000
A mid,B0,7,2.254,36.0000
A mid,B0,7,2.293,36.0000
A mid,B0,7,2.330,36.0000
A mid,B0,7,2.374,36.0000
A mid,B0,7,2.415,36.0000
A mid,B0,7,2.460,36.0000
A mid,B0,7,2.503,36.0000
A mid,B0,7,2.545,36.0000
A mid,B0,7,2.590,36.0000
A mid,B0,7,2.633,36.0000
A mid,B0,7,2.672,36.0000
A mid,B0,7,2.706,36.0000
A mid,B0,7,2.746,36.0000
A mid,B0,7,2.790,36.0000
A mid,B0,7,2.831,36.0000
A mid,B0,7,2.871,36.0000
A mid,B0,7,2.909,36.0000
A mid,B0,7,2.944,36.0000
A mid,B0,7,2.983,36.0000
A mid,B0,7,3.023,36.0000
A mid,B0,7,3.062,36.0000
A mid,B0,7,3.101,36.0000
A mid,B0,7,3.145,36.0000
A mid,B0,7,3.183,36.0000
A mid,B0,7,3.220,36.0000
A mid,B0,7,3.259,36.0000
A mid,B0,7,3.305,36.0000
A mid,B0,7,3.346,36.0000
A mid,B0,7,3.389,36.0000
A mid,B0,7,3.429,36.0000
A mid,B0,7,3.464,36.0000
A mid,B0,7,3.503,36.0000
A mid,B0,7,3.543,36.0000
A mid,B0,7,3.582,36.0000
A mid,B0,7,3.624,36.0000
A mid,B0,7,3.671,36.0000
A mid,B0,7,3.713,36.0000
A mid,B0,7,3.756,36.0000
A mid,B0,7,3.797,36.0000
A mid,B0,7,3.839,36.0000
A mid,B0,7,3.886,36.0000
A mid,B0,7,3.922,36.0000
A mid,B0,7,3.959,36.0000
A mid,B0,7,3.995,36.0000
A mid,B0,7,4.034,36.0000
A mid,B0,7,4.071,36.0000
A mid,B0,7,4.109,36.0000
A mid,B0,7,4.148,36.0000
A mid,B0,7,4.189,36.0000
A mid,B0,7,4.231,36.0000
A mid,B0,7,4.271,36.0000
A mid,B0,7,4.312,36.0000
A mid,B0,7,4.352,36.0000
A mid,B0,7,4.395,36.0000
A mid,B0,7,4.435,36.0000
A mid,B0,7,4.474,36.0000
A mid,B0,7,4.514,36.0000
A mid,B0,7,4.559,36.0000
A mid,B0,7,4.599,36.0000
A mid,B0,7,4.641,36.0000
A mid,B0,7,4.682,36.0000
A mid,B0,7,4.723,36.0000
A mid,B0,7,4.767,36.0000
A mid,B0,7,4.802,36.0000
A mid,B0,7,4.836,36.0000
A mid,B0,7,4.871,36.0000
A mid,B0,7,4.910,36.0000
A mid,B0,7,4.944,36.0000
A mid,B0,7,4.980,36.0000
A mid,B0,7,5.014,36.0000
A mid,B0,7,5.050,36.0000
A mid,B0,7,5.091,36.0000
A mid,B0,7,5.123,36.0000
A mid,B0,7,5.158,36.0000
A mid,B0,7,5.196,36.0000
A mid,B0,7,5.235,36.0000
A mid,B0,7,5.271,36.0000
A mid,B0,7,5.308,36.0000
A mid,B0,7,5.345,36.0000
A mid,B0,7,5.393,36.0000
A mid,B0,7,5.426,36.0000
A mid,B0,7,5.462,36.0000
A mid,B0,7,5.497,36.0000
A mid,B0,7,5.532,36.0000
A mid,B0,7,5.570,36.0000
A mid,B0,7,5.606,36.0000
A mid,B0,7,5.644,36.0000
A mid,B0,7,5.682,36.0000
A mid,B0,7,5.725,36.0000
A mid,B0,7,5.763,36.0000
A mid,B0,7,5.797,36.0000
A mid,B0,7,5.858,36.0000
A mid,B0,7,5.920,36.0000
A mid,B0,7,5.967,36.0000
A mid,B0,7,6.006,36.0000
A mid,B0,7,6.046,36.0000
A mid,B0,7,6.087,36.0000
A mid,B0,7,6.130,36.0000
A mid,B0,7,6.170,36.0000
A mid,B0,7,6.211,36.0000
A mid,B0,7,6.246,36.0000
A mid,B0,7,6.287,36.0000
A mid,B0,7,6.327,36.0000
A mid,B0,7,6.366,36.0000
A mid,B0,7,6.408,36.0000
A mid,B0,7,6.449,36.0000
A mid,B0,7,6.493,36.0000
A mid,B0,7,6.534,36.0000
A mid,B0,7,6.575,36.0000
A mid,B0,7,6.615,36.0000
A mid,B0,7,6.653,36.0000
A mid,B0,7,6.691,36.0000
A mid,B0,7,6.729,36.0000
A mid,B0,7,6.766,36.0000
A mid,B0,7,6.804,36.0000
A mid,B0,7,6.842,36.0000
A mid,B0,7,6.877,36.0000
A mid,B0,7,6.915,36.0000
A mid,B0,7,6.952,36.0000
A mid,B0,7,6.989,36.0000
A mid,B0,7,7.023,36.0000
A mid,B0,7,7.058,36.0000
A mid,B0,7,7.093,36.0000
A mid,B0,7,7.131,36.0000
A mid,B0,7,7.166,36.0000
A mid,B0,7,7.200,36.0000
A mid,B0,7,7.236,36.0000
A mid,B0,7,7.271,36.0000
A mid,B0,7,7.308,36.0000
A mid,B0,7,7.344,36.0000
A mid,B0,7,7.379,36.0000
A mid,B0,7,7.414,36.0000
A mid,B0,7,7.453,36.0000
A mid,B0,7,7.488,36.0000
A mid,B0,7,7.523,36.0000
A mid,B0,7,7.561,36.0000
A mid,B0,7,7.597,36.0000
A mid,B0,7,7.637,36.0000
A mid,B0,7,7.675,36.0000
A mid,B0,7,7.713,36.0000
A mid,B0,7,7.750,36.0000
A mid,B0,7,7.791,36.0000
A mid,B0,7,7.830,36.0000
A mid,B0,7,7.869,36.0000
A mid,B0,7,7.904,36.0000
A mid,B0,7,7.941,36.0000
A mid,B0,7,7.974,36.0000
A mid,B0,7,8.008,36.0000
A mid,B0,7,8.043,36.0000
A mid,B0,7,8.078,36.0000
A mid,B0,7,8.116,36.0000
A mid,B0,7,8.151,36.0000
A mid,B0,7,8.185,36.0000
A mid,B0,7,8.220,36.0000
A mid,B0,7,8.259,36.0000
A mid,B0,7,8.294,36.0000
A mid,B0,7,8.329,36.0000
A mid,B0,7,8.365,36.0000
A mid,B0,7,8.404,36.0000
A mid,B0,7,8.438,36.0000
A mid,B0,7,8.474,36.0000
A mid,B0,7,8.509,36.0000
A mid,B0,7,8.544,36.0000
A mid,B0,7,8.582,36.0000
A mid,B0,7,8.617,36.0000
A mid,B0,7,8.652,36.0000
A mid,B0,7,8.688,36.0000
A mid,B0,7,8.727,36.0000
A mid,B0,7,8.763,36.0000
A mid,B0,7,8.797,36.0000
A mid,B0,7,8.834,36.0000
A mid,B0,7,8.869,36.0000
A mid,B0,7,8.907,36.0000
A mid,B0,7,8.943,36.0000
A mid,B0,7,8.978,36.0000
A mid,B0,7,9.013,36.0000
A mid,B0,7,9.053,36.0000
A mid,B0,7,9.088,36.0000
A mid,B0,7,9.124,36.0000
A mid,B0,7,9.159,36.0000
A mid,B0,7,9.199,36.0000
A mid,B0,7,9.234,36.0000
A mid,B0,7,9.272,36.0000
A mid,B0,7,9.309,36.0000
A mid,B0,7,9.346,36.0000
A mid,B0,7,9.387,36.0000
A mid,B0,7,9.423,36.0000
A mid,B0,7,9.460,36.0000
A mid,B0,7,9.495,36.0000
A mid,B0,7,9.533,36.0000
A mid,B0,7,9.567,36.0000
A mid,B0,7,9.604,36.0000
A mid,B0,7,9.642,36.0000
A mid,B0,7,9.681,36.0000
A mid,B0,7,9.723,36.0000
A mid,B0,7,9.757,36.0000
A mid,B0,7,9.792,36.0000
A mid,B0,7,9.827,36.0000
A mid,B0,7,9.864,36.0000
A mid,B0,7,9.900,36.0000
A mid,B0,7,9.935,36.0000
A mid,B0,7,9.971,36.0000
A mid,B0,7,10.007,36.0000
A mid,B0,7,10.045,36.0000
A mid,B0,7,10.081,36.0000
A mid,B0,7,10.116,36.0000
A mid,B0,7,10.150,36.0000
A mid,B0,7,10.189,36.0000
A mid,B0,7,10.224,36.0000
A mid,B0,7,10.259,36.0000
A mid,B0,7,10.297,36.0000
A mid,B0,7,10.339,36.0000
A mid,B0,7,10.377,36.0000
A mid,B0,7,10.417,36.0000
A mid,B0,7,10.455,36.0000
A mid,B0,7,10.494,36.0000
A mid,B0,7,10.536,36.0000
A mid,B0,7,10.576,36.0000
A mid,B0,7,10.616,36.0000
A mid,B0,7,10.658,36.0000
A mid,B0,7,10.703,36.0000
A mid,B0,7,10.744,36.0000
A mid,B0,7,10.779,35.0000
A mid,B0,7,10.814,35.0000
A mid,B0,7,10.848,35.0000
A mid,B0,7,10.886,35.0000
A mid,B0,7,10.921,35.0000
A mid,B0,7,10.956,35.0000
A mid,B0,7,10.991,35.0000
A mid,B0,7,11.029,35.0000
A mid,B0,7,11.064,34.0000
A mid,B0,7,11.099,34.0000
A mid,B0,7,11.135,34.0000
A mid,B0,7,11.173,34.0000
A mid,B0,7,11.208,34.0000
A mid,B0,7,11.242,34.0000
A mid,B0,7,11.278,34.0000
A mid,B0,7,11.313,34.0000
A mid,B0,7,11.352,34.0000
A mid,B0,7,11.386,34.0000
A mid,B0,7,11.422,34.0000
A mid,B0,7,11.456,34.0000
A mid,B0,7,11.496,34.0000
A mid,B0,7,11.530,34.0000
A mid,B0,7,11.565,34.0000
A mid,B0,7,11.600,34.0000
A mid,B0,7,11.635,34.0000
A mid,B0,7,11.676,34.0000
A mid,B0,7,11.713,34.0000
A mid,B0,7,11.750,34.0000
A mid,B0,7,11.789,34.0000
A mid,B0,7,11.826,34.0000
A mid,B0,7,11.866,34.0000
A mid,B0,7,11.905,34.0000
A mid,B0,7,11.938,34.0000
A mid,B0,7,11.971,34.0000
A mid,B0,7,12.009,34.0000
A mid,B0,7,12.041,34.0000
A mid,B0,7,12.076,34.0000
A mid,B0,7,12.111,34.0000
A mid,B0,7,12.149,34.0000
A mid,B0,7,12.185,34.0000
A mid,B0,7,12.218,34.0000
A mid,B0,7,12.251,34.0000
A mid,B0,7,12.288,34.0000
A mid,B0,7,12.327,34.0000
A mid,B0,7,12.363,34.0000
A mid,B0,7,12.398,34.0000
A mid,B0,7,12.434,34.0000
A mid,B0,7,12.473,34.0000
A mid,B0,7,12.507,34.0000
A mid,B0,7,12.542,34.0000
A mid,B0,7,12.577,34.0000
A mid,B0,7,12.609,34.0000
A mid,B0,7,12.645,34.0000
A mid,B0,7,12.677,34.0000
A mid,B0,7,12.711,34.0000
A mid,B0,7,12.746,34.0000
A mid,B0,7,12.782,34.0000
A mid,B0,7,12.819,34.0000
A mid,B0,7,12.851,34.0000
A mid,B0,7,12.886,34.0000
A mid,B0,7,12.920,34.0000
A mid,B0,7,12.958,34.0000
A mid,B0,7,12.991,34.0000
A mid,B0,7,13.024,34.0000
A mid,B0,7,13.056,34.0000
A mid,B0,7,13.092,34.0000
A mid,B0,7,13.126,34.0000
A mid,B0,7,13.159,34.0000
A mid,B0,7,13.193,34.0000
A mid,B0,7,13.228,34.0000
A mid,B0,7,13.264,34.0000
A mid,B0,7,13.298,34.0000
A mid,B0,7,13.332,34.0000
A mid,B0,7,13.365,34.0000
A mid,B0,7,13.399,34.0000
A mid,B0,7,13.440,34.0000
A mid,B0,7,13.474,34.0000
A mid,B0,7,13.507,34.0000
A mid,B0,7,13.540,34.0000
A mid,B0,7,13.578,34.0000
A mid,B0,7,13.619,34.0000
A mid,B0,7,13.660,34.0000
A mid,B0,7,13.695,34.0000
A mid,B0,7,13.733,34.0000
A mid,B0,7,13.773,34.0000
A mid,B0,7,13.813,34.0000
A mid,B0,7,13.850,34.0000
A mid,B0,7,13.888,34.0000
A mid,B0,7,13.925,34.0000
A mid,B0,7,13.961,34.0000
A mid,B0,7,13.994,34.0000
A mid,B0,7,14.029,34.0000
A mid,B0,7,14.063,34.0000
A mid,B0,7,14.100,34.0000
A mid,B0,7,14.136,34.0000
A mid,B0,7,14.170,34.0000
A mid,B0,7,14.205,34.0000
A mid,B0,7,14.244,34.0000
A mid,B0,7,14.277,34.0000
A mid,B0,7,14.313,34.0000
A mid,B0,7,14.347,34.0000
A mid,B0,7,14.381,34.0000
A mid,B0,7,14.419,34.0000
A mid,B0,7,14.453,34.0000
A mid,B0,7,14.487,34.0000
A mid,B0,7,14.524,34.0000
A mid,B0,7,14.562,34.0000
A mid,B0,7,14.596,34.0000
A mid,B0,7,14.630,34.0000
A mid,B0,7,14.665,34.0000
A mid,B0,7,14.699,34.0000
A mid,B0,7,14.738,34.0000
A mid,B0,7,14.772,34.0000
A mid,B0,7,14.808,34.0000
A mid,B0,7,14.842,34.0000
A mid,B0,7,14.879,34.0000
A mid,B0,7,14.914,34.0000
A mid,B0,7,14.950,34.0000
A mid,B0,7,14.986,34.0000
A mid,B0,7,15.027,34.0000
A mid,B0,7,15.062,34.0000
A mid,B0,7,15.099,34.0000
A mid,B0,7,15.135,34.0000
A mid,B0,7,15.171,34.0000
A mid,B0,7,15.206,34.0000
A mid,B0,7,15.239,34.0000
A mid,B0,7,15.274,34.0000
A mid,B0,7,15.311,34.0000
A mid,B0,7,15.350,34.0000
A mid,B0,7,15.387,34.0000
A mid,B0,7,15.425,34.0000
A mid,B0,7,15.463,34.0000
A mid,B0,7,15.500,34.0000
A mid,B0,7,15.538,34.0000
A mid,B0,7,15.573,34.0000
A mid,B0,7,15.606,34.0000
A mid,B0,7,15.642,34.0000
A mid,B0,7,15.684,34.0000
A mid,B0,7,15.720,34.0000
A mid,B0,7,15.756,34.0000
A mid,B0,7,15.792,34.0000
A mid,B0,7,15.829,34.0000
A mid,B0,7,15.868,34.0000
A mid,B0,7,15.904,34.0000
A mid,B0,7,15.941,34.0000
A mid,B0,7,15.977,34.0000
A mid,B0,7,16.015,34.0000
A mid,B0,7,16.046,34.0000
A mid,B0,7,16.080,34.0000
A mid,B0,7,16.113,34.0000
A mid,B0,7,16.147,34.0000
A mid,B0,7,16.184,34.0000
A mid,B0,7,16.217,34.0000
A mid,B0,7,16.253,34.0000
A mid,B0,7,16.288,34.0000
A mid,B0,7,16.321,34.0000
A mid,B0,7,16.357,34.0000
A mid,B0,7,16.390,34.0000
A mid,B0,7,16.422,34.0000
A mid,B0,7,16.456,34.0000
A mid,B0,7,16.493,34.0000
A mid,B0,7,16.524,34.0000
A mid,B0,7,16.558,34.0000
A mid,B0,7,16.589,34.0000
A mid,B0,7,16.622,34.0000
A mid,B0,7,16.662,34.0000
A mid,B0,7,16.700,34.0000
A mid,B0,7,16.737,34.0000
A mid,B0,7,16.772,34.0000
A mid,B0,7,16.812,34.0000
A mid,B0,7,16.846,34.0000
A mid,B0,7,16.879,34.0000
A mid,B0,7,16.918,34.0000
A mid,B0,7,16.952,34.0000
A mid,B0,7,16.989,34.0000
A mid,B0,7,17.023,34.0000
A mid,B0,7,17.057,34.0000
A mid,B0,7,17.091,34.0000
A mid,B0,7,17.128,34.0000
A mid,B0,7,17.161,34.0000
A mid,B0,7,17.195,34.0000
A mid,B0,7,17.230,34.0000
A mid,B0,7,17.264,34.0000
A mid,B0,7,17.303,34.0000
A mid,B0,7,17.335,34.0000
A mid,B0,7,17.372,34.0000
A mid,B0,7,17.408,34.0000
A mid,B0,7,17.448,34.0000
A mid,B0,7,17.485,34.0000
A mid,B0,7,17.522,34.0000
A mid,B0,7,17.560,34.0000
A mid,B0,7,17.598,34.0000
A mid,B0,7,17.639,34.0000
A mid,B0,7,17.676,34.0000
A mid,B0,7,17.709,34.0000
A mid,B0,7,17.742,34.0000
A mid,B0,7,17.781,34.0000
A mid,B0,7,17.816,34.0000
A mid,B0,7,17.849,34.0000
A mid,B0,7,17.884,34.0000
A mid,B0,7,17.919,34.0000
A mid,B0,7,17.955,34.0000
A mid,B0,7,17.989,34.0000
A mid,B0,7,18.024,34.0000
A mid,B0,7,18.059,34.0000
A mid,B0,7,18.098,34.0000
A mid,B0,7,18.133,34.0000
A mid,B0,7,18.167,34.0000
A mid,B0,7,18.201,34.0000
A mid,B0,7,18.235,34.0000
A mid,B0,7,18.276,34.0000
A mid,B0,7,18.313,34.0000
A mid,B0,7,18.350,34.0000
A mid,B0,7,18.387,34.0000
A mid,B0,7,18.425,34.0000
A mid,B0,7,18.460,34.0000
A mid,B0,7,18.496,34.0000
A mid,B0,7,18.531,34.0000
A mid,B0,7,18.567,34.0000
A mid,B0,7,18.605,34.0000
A mid,B0,7,18.641,34.0000
A mid,B0,7,18.675,34.0000
A mid,B0,7,18.710,34.0000
A mid,B0,7,18.750,34.0000
A mid,B0,7,18.786,34.0000
A mid,B0,7,18.819,34.0000
A mid,B0,7,18.851,34.0000
A mid,B0,7,18.885,34.0000
A mid,B0,7,18.922,34.0000
A mid,B0,7,18.955,34.0000
A mid,B0,7,18.990,34.0000
A mid,B0,7,19.021,34.0000
A mid,B0,7,19.058,34.0000
A mid,B0,7,19.091,34.0000
A mid,B0,7,19.126,34.0000
A mid,B0,7,19.161,34.0000
A mid,B0,7,19.195,34.0000
A mid,B0,7,19.235,34.0000
A mid,B0,7,19.268,34.0000
A mid,B0,7,19.305,34.0000
A mid,B0,7,19.339,34.0000
A mid,B0,7,19.371,34.0000
A mid,B0,7,19.408,34.0000
A mid,B0,7,19.440,34.0000
A mid,B0,7,19.475,34.0000
A mid,B0,7,19.508,34.0000
A mid,B0,7,19.545,34.0000
A mid,B0,7,19.579,34.0000
A mid,B0,7,19.613,34.0000
A mid,B0,7,19.648,34.0000
A mid,B0,7,19.686,34.0000
A mid,B0,7,19.724,34.0000
A mid,B0,7,19.762,34.0000
A mid,B0,7,19.797,34.0000
A mid,B0,7,19.836,34.0000
A mid,B0,7,19.876,34.0000
A mid,B0,7,19.911,34.0000
A mid,B0,7,19.948,34.0000
A mid,B0,7,19.983,34.0000
A mid,B0,7,20.019,34.0000
A mid,B0,7,20.059,34.0000
A mid,B0,7,20.094,34.0000
A mid,B0,7,20.129,34.0000
A mid,B0,7,20.164,34.0000
A mid,B0,7,20.203,34.0000
A mid,B0,7,20.237,34.0000
A mid,B0,7,20.271,34.0000
A mid,B0,7,20.306,34.0000
A mid,B0,7,20.343,34.0000
A mid,B0,7,20.383,34.0000
A mid,B0,7,20.421,34.0000
A mid,B0,7,20.458,34.0000
A mid,B0,7,20.495,34.0000
A mid,B0,7,20.536,34.0000
A mid,B0,7,20.573,34.0000
A mid,B0,7,20.611,34.0000
A mid,B0,7,20.650,34.0000
A mid,B0,7,20.687,34.0000
A mid,B0,7,20.723,34.0000
A mid,B0,7,20.756,34.0000
A mid,B0,7,20.789,34.0000
A mid,B0,7,20.823,34.0000
A mid,B0,7,20.861,34.0000
A mid,B0,7,20.894,34.0000
A mid,B0,7,20.929,34.0000
A mid,B0,7,20.962,34.0000
A mid,B0,7,20.995,34.0000
A mid,B0,7,21.031,34.0000
A mid,B0,7,21.065,34.0000
A mid,B0,7,21.101,34.0000
A mid,B0,7,21.136,34.0000
A mid,B0,7,21.172,34.0000
A mid,B0,7,21.208,34.0000
A mid,B0,7,21.242,34.0000
A mid,B0,7,21.278,34.0000
A mid,B0,7,21.313,34.0000
A mid,B0,7,21.355,34.0000
A mid,B0,7,21.389,34.0000
A mid,B0,7,21.424,34.0000
A mid,B0,7,21.457,34.0000
A mid,B0,7,21.491,34.0000
A mid,B0,7,21.527,34.0000
A mid,B0,7,21.561,34.0000
A mid,B0,7,21.595,34.0000
A mid,B0,7,21.630,34.0000
A mid,B0,7,21.675,34.0000
A mid,B0,7,21.714,34.0000
A mid,B0,7,21.754,34.0000
A mid,B0,7,21.790,34.0000
A mid,B0,7,21.827,34.0000
A mid,B0,7,21.865,34.0000
A mid,B0,7,21.900,34.0000
A mid,B0,7,21.935,34.0000
A mid,B0,7,21.970,34.0000
A mid,B0,7,22.010,34.0000
A mid,B0,7,22.045,34.0000
A mid,B0,7,22.082,34.0000
A mid,B0,7,22.117,34.0000
A mid,B0,7,22.157,34.0000
A mid,B0,7,22.195,34.0000
A mid,B0,7,22.231,34.0000
A mid,B0,7,22.271,34.0000
A mid,B0,7,22.307,34.0000
A mid,B0,7,22.347,34.0000
A mid,B0,7,22.384,34.0000
A mid,B0,7,22.418,34.0000
A mid,B0,7,22.454,34.0000
A mid,B0,7,22.489,34.0000
A mid,B0,7,22.527,34.0000
A mid,B0,7,22.563,34.0000
A mid,B0,7,22.598,34.0000
A mid,B0,7,22.634,34.0000
A mid,B0,7,22.673,34.0000
A mid,B0,7,22.711,34.0000
A mid,B0,7,22.747,34.0000
A mid,B0,7,22.785,34.0000
A mid,B0,7,22.821,34.0000
A mid,B0,7,22.862,34.0000
A mid,B0,7,22.899,34.0000
A mid,B0,7,22.936,34.0000
A mid,B0,7,22.974,34.0000
A mid,B0,7,23.010,34.0000
A mid,B0,7,23.049,34.0000
A mid,B0,7,23.083,34.0000
A mid,B0,7,23.118,34.0000
A mid,B0,7,23.152,34.0000
A mid,B0,7,23.192,34.0000
A mid,B0,7,23.228,34.0000
A mid,B0,7,23.264,34.0000
A mid,B0,7,23.299,34.0000
A mid,B0,7,23.334,34.0000
A mid,B0,7,23.373,34.0000
A mid,B0,7,23.410,34.0000
A mid,B0,7,23.445,34.0000
A mid,B0,7,23.482,34.0000
A mid,B0,7,23.523,34.0000
A mid,B0,7,23.559,34.0000
A mid,B0,7,23.595,34.0000
A mid,B0,7,23.630,34.0000
A mid,B0,7,23.664,34.0000
A mid,B0,7,23.703,34.0000
A mid,B0,7,23.738,34.0000
A mid,B0,7,23.773,34.0000
A mid,B0,7,23.809,34.0000
A mid,B0,7,23.847,34.0000
A mid,B0,7,23.884,34.0000
A mid,B0,7,23.918,34.0000
A mid,B0,7,23.956,34.0000
A mid,B0,7,23.991,34.0000
A mid,B0,7,24.032,34.0000
A mid,B0,7,24.065,34.0000
A mid,B0,7,24.098,34.0000
A mid,B0,7,24.133,34.0000
A mid,B0,7,24.172,34.0000
A mid,B0,7,24.206,34.0000
A mid,B0,7,24.240,34.0000
A mid,B0,7,24.279,34.0000
A mid,B0,7,24.318,34.0000
A mid,B0,7,24.358,34.0000
A mid,B0,7,24.397,34.0000
A mid,B0,7,24.432,34.0000
A mid,B0,7,24.469,34.0000
A mid,B0,7,24.508,34.0000
A mid,B0,7,24.544,34.0000
A mid,B0,7,24.580,34.0000
A mid,B0,7,24.617,34.0000
A mid,B0,7,24.653,34.0000
A mid,B0,7,24.692,34.0000
A mid,B0,7,24.730,34.0000
A mid,B0,7,24.768,34.0000
A mid,B0,7,24.807,34.0000
A mid,B0,7,24.846,34.0000
A mid,B0,7,24.886,34.0000
A mid,B0,7,24.926,34.0000
A mid,B0,7,24.961,34.0000
A mid,B0,7,24.997,34.0000
A mid,B0,7,25.036,34.0000
A mid,B0,7,25.072,34.0000
A mid,B0,7,25.107,34.0000
A mid,B0,7,25.140,34.0000
A mid,B0,7,25.175,34.0000
A mid,B0,7,25.214,34.0000
A mid,B0,7,25.249,34.0000
A mid,B0,7,25.282,34.0000
A mid,B0,7,25.317,34.0000
A mid,B0,7,25.355,34.0000
A mid,B0,7,25.390,34.0000
A mid,B0,7,25.424,34.0000
A mid,B0,7,25.460,34.0000
A mid,B0+,7,0.045,41.0000
A mid,B0+,7,0.089,39.0000
A mid,B0+,7,0.129,36.0000
A mid,B0+,7,0.169,36.0000
A mid,B0+,7,0.211,36.0000
A mid,B0+,7,0.256,36.0000
A mid,B0+,7,0.299,36.0000
A mid,B0+,7,0.343,36.0000
A mid,B0+,7,0.386,36.0000
A mid,B0+,7,0.427,36.0000
A mid,B0+,7,0.463,36.0000
A mid,B0+,7,0.500,36.0000
A mid,B0+,7,0.537,36.0000
A mid,B0+,7,0.580,36.0000
A mid,B0+,7,0.620,36.0000
A mid,B0+,7,0.656,36.0000
A mid,B0+,7,0.692,36.0000
A mid,B0+,7,0.732,36.0000
A mid,B0+,7,0.768,36.0000
A mid,B0+,7,0.805,36.0000
A mid,B0+,7,0.842,36.0000
A mid,B0+,7,0.881,36.0000
A mid,B0+,7,0.921,36.0000
A mid,B0+,7,0.957,36.0000
A mid,B0+,7,0.992,36.0000
A mid,B0+,7,1.027,36.0000
A mid,B0+,7,1.068,36.0000
A mid,B0+,7,1.104,36.0000
A mid,B0+,7,1.142,36.0000
A mid,B0+,7,1.177,36.0000
A mid,B0+,7,1.215,36.0000
A mid,B0+,7,1.256,36.0000
A mid,B0+,7,1.293,36.0000
A mid,B0+,7,1.329,36.0000
A mid,B0+,7,1.366,36.0000
A mid,B0+,7,1.405,36.0000
A mid,B0+,7,1.443,36.0000
A mid,B0+,7,1.480,36.0000
A mid,B0+,7,1.520,36.0000
A mid,B0+,7,1.559,36.0000
A mid,B0+,7,1.600,36.0000
A mid,B0+,7,1.639,36.0000
A mid,B0+,7,1.677,36.0000
A mid,B0+,7,1.715,36.0000
A mid,B0+,7,1.755,36.0000
A mid,B0+,7,1.794,36.0000
A mid,B0+,7,1.831,36.0000
A mid,B0+,7,1.868,36.0000
A mid,B0+,7,1.909,36.0000
A mid,B0+,7,1.945,36.0000
A mid,B0+,7,1.983,36.0000
A mid,B0+,7,2.020,36.0000
A mid,B0+,7,2.057,36.0000
A mid,B0+,7,2.097,36.0000
A mid,B0+,7,2.134,36.0000
A mid,B0+,7,2.172,36.0000
A mid,B0+,7,2.211,36.0000
A mid,B0+,7,2.254,36.0000
A mid,B0+,7,2.293,36.0000
A mid,B0+,7,2.330,36.0000
A mid,B0+,7,2.374,36.0000
A mid,B0+,7,2.415,36.0000
A mid,B0+,7,2.460,36.0000
A mid,B0+,7,2.503,36.0000
A mid,B0+,7,2.545,36.0000
A mid,B0+,7,2.590,36.0000
A mid,B0+,7,2.633,36.0000
A mid,B0+,7,2.672,36.0000
A mid,B0+,7,2.706,36.0000
A mid,B0+,7,2.746,36.0000
A mid,B0+,7,2.790,36.0000
A mid,B0+,7,2.831,36.0000
A mid,B0+,7,2.871,36.0000
A mid,B0+,7,2.909,36.0000
A mid,B0+,7,2.944,36.0000
A mid,B0+,7,2.983,36.0000
A mid,B0+,7,3.023,36.0000
A mid,B0+,7,3.062,36.0000
A mid,B0+,7,3.101,36.0000
A mid,B0+,7,3.145,36.0000
A mid,B0+,7,3.183,36.0000
A mid,B0+,7,3.220,36.0000
A mid,B0+,7,3.259,36.0000
A mid,B0+,7,3.305,36.0000
A mid,B0+,7,3.346,36.0000
A mid,B0+,7,3.389,36.0000
A mid,B0+,7,3.429,36.0000
A mid,B0+,7,3.464,36.0000
A mid,B0+,7,3.503,36.0000
A mid,B0+,7,3.543,36.0000
A mid,B0+,7,3.582,36.0000
A mid,B0+,7,3.624,36.0000
A mid,B0+,7,3.671,36.0000
A mid,B0+,7,3.713,36.0000
A mid,B0+,7,3.756,36.0000
A mid,B0+,7,3.797,36.0000
A mid,B0+,7,3.839,36.0000
A mid,B0+,7,3.886,36.0000
A mid,B0+,7,3.922,36.0000
A mid,B0+,7,3.959,36.0000
A mid,B0+,7,3.995,36.0000
A mid,B0+,7,4.034,36.0000
A mid,B0+,7,4.071,36.0000
A mid,B0+,7,4.109,36.0000
A mid,B0+,7,4.148,36.0000
A mid,B0+,7,4.189,36.0000
A mid,B0+,7,4.231,36.0000
A mid,B0+,7,4.271,36.0000
A mid,B0+,7,4.312,36.0000
A mid,B0+,7,4.352,36.0000
A mid,B0+,7,4.395,36.0000
A mid,B0+,7,4.435,36.0000
A mid,B0+,7,4.474,36.0000
A mid,B0+,7,4.514,36.0000
A mid,B0+,7,4.559,36.0000
A mid,B0+,7,4.599,36.0000
A mid,B0+,7,4.641,36.0000
A mid,B0+,7,4.682,36.0000
A mid,B0+,7,4.723,36.0000
A mid,B0+,7,4.767,36.0000
A mid,B0+,7,4.802,36.0000
A mid,B0+,7,4.836,36.0000
A mid,B0+,7,4.871,36.0000
A mid,B0+,7,4.910,36.0000
A mid,B0+,7,4.944,36.0000
A mid,B0+,7,4.980,36.0000
A mid,B0+,7,5.014,36.0000
A mid,B0+,7,5.050,36.0000
A mid,B0+,7,5.091,36.0000
A mid,B0+,7,5.123,36.0000
A mid,B0+,7,5.158,36.0000
A mid,B0+,7,5.196,36.0000
A mid,B0+,7,5.235,36.0000
A mid,B0+,7,5.271,36.0000
A mid,B0+,7,5.308,36.0000
A mid,B0+,7,5.345,36.0000
A mid,B0+,7,5.393,36.0000
A mid,B0+,7,5.426,36.0000
A mid,B0+,7,5.462,36.0000
A mid,B0+,7,5.497,36.0000
A mid,B0+,7,5.532,36.0000
A mid,B0+,7,5.570,36.0000
A mid,B0+,7,5.606,36.0000
A mid,B0+,7,5.644,36.0000
A mid,B0+,7,5.682,36.0000
A mid,B0+,7,5.725,36.0000
A mid,B0+,7,5.763,36.0000
A mid,B0+,7,5.797,36.0000
A mid,B0+,7,5.858,36.0000
A mid,B0+,7,5.920,36.0000
A mid,B0+,7,5.967,36.0000
A mid,B0+,7,6.006,36.0000
A mid,B0+,7,6.046,36.0000
A mid,B0+,7,6.087,36.0000
A mid,B0+,7,6.130,36.0000
A mid,B0+,7,6.170,36.0000
A mid,B0+,7,6.211,36.0000
A mid,B0+,7,6.246,36.0000
A mid,B0+,7,6.287,36.0000
A mid,B0+,7,6.327,36.0000
A mid,B0+,7,6.366,36.0000
A mid,B0+,7,6.408,36.0000
A mid,B0+,7,6.449,36.0000
A mid,B0+,7,6.493,36.0000
A mid,B0+,7,6.534,36.0000
A mid,B0+,7,6.575,36.0000
A mid,B0+,7,6.615,36.0000
A mid,B0+,7,6.653,36.0000
A mid,B0+,7,6.691,36.0000
A mid,B0+,7,6.729,36.0000
A mid,B0+,7,6.766,36.0000
A mid,B0+,7,6.804,36.0000
A mid,B0+,7,6.842,36.0000
A mid,B0+,7,6.877,36.0000
A mid,B0+,7,6.915,36.0000
A mid,B0+,7,6.952,36.0000
A mid,B0+,7,6.989,36.0000
A mid,B0+,7,7.023,36.0000
A mid,B0+,7,7.058,36.0000
A mid,B0+,7,7.093,36.0000
A mid,B0+,7,7.131,36.0000
A mid,B0+,7,7.166,36.0000
A mid,B0+,7,7.200,36.0000
A mid,B0+,7,7.236,36.0000
A mid,B0+,7,7.271,36.0000
A mid,B0+,7,7.308,36.0000
A mid,B0+,7,7.344,36.0000
A mid,B0+,7,7.379,36.0000
A mid,B0+,7,7.414,36.0000
A mid,B0+,7,7.453,36.0000
A mid,B0+,7,7.488,36.0000
A mid,B0+,7,7.523,36.0000
A mid,B0+,7,7.561,36.0000
A mid,B0+,7,7.597,36.0000
A mid,B0+,7,7.637,36.0000
A mid,B0+,7,7.675,36.0000
A mid,B0+,7,7.713,36.0000
A mid,B0+,7,7.750,36.0000
A mid,B0+,7,7.791,36.0000
A mid,B0+,7,7.830,36.0000
A mid,B0+,7,7.869,36.0000
A mid,B0+,7,7.904,36.0000
A mid,B0+,7,7.941,36.0000
A mid,B0+,7,7.974,36.0000
A mid,B0+,7,8.008,36.0000
A mid,B0+,7,8.043,36.0000
A mid,B0+,7,8.078,36.0000
A mid,B0+,7,8.116,36.0000
A mid,B0+,7,8.151,36.0000
A mid,B0+,7,8.185,36.0000
A mid,B0+,7,8.220,36.0000
A mid,B0+,7,8.259,36.0000
A mid,B0+,7,8.294,36.0000
A mid,B0+,7,8.329,36.0000
A mid,B0+,7,8.365,36.0000
A mid,B0+,7,8.404,36.0000
A mid,B0+,7,8.438,36.0000
A mid,B0+,7,8.474,36.0000
A mid,B0+,7,8.509,36.0000
A mid,B0+,7,8.544,36.0000
A mid,B0+,7,8.582,36.0000
A mid,B0+,7,8.617,36.0000
A mid,B0+,7,8.652,36.0000
A mid,B0+,7,8.688,36.0000
A mid,B0+,7,8.727,36.0000
A mid,B0+,7,8.763,36.0000
A mid,B0+,7,8.797,36.0000
A mid,B0+,7,8.834,36.0000
A mid,B0+,7,8.869,36.0000
A mid,B0+,7,8.907,36.0000
A mid,B0+,7,8.943,36.0000
A mid,B0+,7,8.978,36.0000
A mid,B0+,7,9.013,36.0000
A mid,B0+,7,9.053,36.0000
A mid,B0+,7,9.088,36.0000
A mid,B0+,7,9.124,36.0000
A mid,B0+,7,9.159,36.0000
A mid,B0+,7,9.199,36.0000
A mid,B0+,7,9.234,36.0000
A mid,B0+,7,9.272,36.0000
A mid,B0+,7,9.309,36.0000
A mid,B0+,7,9.346,36.0000
A mid,B0+,7,9.387,36.0000
A mid,B0+,7,9.423,36.0000
A mid,B0+,7,9.460,36.0000
A mid,B0+,7,9.495,36.0000
A mid,B0+,7,9.533,36.0000
A mid,B0+,7,9.567,36.0000
A mid,B0+,7,9.604,36.0000
A mid,B0+,7,9.642,36.0000
A mid,B0+,7,9.681,36.0000
A mid,B0+,7,9.723,36.0000
A mid,B0+,7,9.757,36.0000
A mid,B0+,7,9.792,36.0000
A mid,B0+,7,9.827,36.0000
A mid,B0+,7,9.864,36.0000
A mid,B0+,7,9.900,36.0000
A mid,B0+,7,9.935,36.0000
A mid,B0+,7,9.971,36.0000
A mid,B0+,7,10.007,36.0000
A mid,B0+,7,10.045,36.0000
A mid,B0+,7,10.081,36.0000
A mid,B0+,7,10.116,36.0000
A mid,B0+,7,10.150,36.0000
A mid,B0+,7,10.189,36.0000
A mid,B0+,7,10.224,36.0000
A mid,B0+,7,10.259,36.0000
A mid,B0+,7,10.297,36.0000
A mid,B0+,7,10.339,36.0000
A mid,B0+,7,10.377,36.0000
A mid,B0+,7,10.417,36.0000
A mid,B0+,7,10.455,36.0000
A mid,B0+,7,10.494,36.0000
A mid,B0+,7,10.536,36.0000
A mid,B0+,7,10.576,36.0000
A mid,B0+,7,10.616,36.0000
A mid,B0+,7,10.658,36.0000
A mid,B0+,7,10.703,36.0000
A mid,B0+,7,10.744,36.0000
A mid,B0+,7,10.779,35.0000
A mid,B0+,7,10.814,35.0000
A mid,B0+,7,10.848,35.0000
A mid,B0+,7,10.886,35.0000
A mid,B0+,7,10.921,35.0000
A mid,B0+,7,10.956,35.0000
A mid,B0+,7,10.991,35.0000
A mid,B0+,7,11.029,35.0000
A mid,B0+,7,11.064,34.0000
A mid,B0+,7,11.099,34.0000
A mid,B0+,7,11.135,34.0000
A mid,B0+,7,11.173,34.0000
A mid,B0+,7,11.208,34.0000
A mid,B0+,7,11.242,34.0000
A mid,B0+,7,11.278,34.0000
A mid,B0+,7,11.313,34.0000
A mid,B0+,7,11.352,34.0000
A mid,B0+,7,11.386,34.0000
A mid,B0+,7,11.422,34.0000
A mid,B0+,7,11.456,34.0000
A mid,B0+,7,11.496,34.0000
A mid,B0+,7,11.530,34.0000
A mid,B0+,7,11.565,34.0000
A mid,B0+,7,11.600,34.0000
A mid,B0+,7,11.635,34.0000
A mid,B0+,7,11.676,34.0000
A mid,B0+,7,11.713,34.0000
A mid,B0+,7,11.750,34.0000
A mid,B0+,7,11.789,34.0000
A mid,B0+,7,11.826,34.0000
A mid,B0+,7,11.866,34.0000
A mid,B0+,7,11.905,34.0000
A mid,B0+,7,11.938,34.0000
A mid,B0+,7,11.971,34.0000
A mid,B0+,7,12.009,34.0000
A mid,B0+,7,12.041,34.0000
A mid,B0+,7,12.076,34.0000
A mid,B0+,7,12.111,34.0000
A mid,B0+,7,12.149,34.0000
A mid,B0+,7,12.185,34.0000
A mid,B0+,7,12.218,34.0000
A mid,B0+,7,12.251,34.0000
A mid,B0+,7,12.288,34.0000
A mid,B0+,7,12.327,34.0000
A mid,B0+,7,12.363,34.0000
A mid,B0+,7,12.398,34.0000
A mid,B0+,7,12.434,34.0000
A mid,B0+,7,12.473,34.0000
A mid,B0+,7,12.507,34.0000
A mid,B0+,7,12.542,34.0000
A mid,B0+,7,12.577,34.0000
A mid,B0+,7,12.609,34.0000
A mid,B0+,7,12.645,34.0000
A mid,B0+,7,12.677,34.0000
A mid,B0+,7,12.711,34.0000
A mid,B0+,7,12.746,34.0000
A mid,B0+,7,12.782,34.0000
A mid,B0+,7,12.819,34.0000
A mid,B0+,7,12.851,34.0000
A mid,B0+,7,12.886,34.0000
A mid,B0+,7,12.920,34.0000
A mid,B0+,7,12.958,34.0000
A mid,B0+,7,12.991,34.0000
A mid,B0+,7,13.024,34.0000
A mid,B0+,7,13.056,34.0000
A mid,B0+,7,13.092,34.0000
A mid,B0+,7,13.126,34.0000
A mid,B0+,7,13.159,34.0000
A mid,B0+,7,13.193,34.0000
A mid,B0+,7,13.228,34.0000
A mid,B0+,7,13.264,34.0000
A mid,B0+,7,13.298,34.0000
A mid,B0+,7,13.332,34.0000
A mid,B0+,7,13.365,34.0000
A mid,B0+,7,13.399,34.0000
A mid,B0+,7,13.440,34.0000
A mid,B0+,7,13.474,34.0000
A mid,B0+,7,13.507,34.0000
A mid,B0+,7,13.540,34.0000
A mid,B0+,7,13.578,34.0000
A mid,B0+,7,13.619,34.0000
A mid,B0+,7,13.660,34.0000
A mid,B0+,7,13.695,34.0000
A mid,B0+,7,13.733,34.0000
A mid,B0+,7,13.773,34.0000
A mid,B0+,7,13.813,34.0000
A mid,B0+,7,13.850,34.0000
A mid,B0+,7,13.888,34.0000
A mid,B0+,7,13.925,34.0000
A mid,B0+,7,13.961,34.0000
A mid,B0+,7,13.994,34.0000
A mid,B0+,7,14.029,34.0000
A mid,B0+,7,14.063,34.0000
A mid,B0+,7,14.100,34.0000
A mid,B0+,7,14.136,34.0000
A mid,B0+,7,14.170,34.0000
A mid,B0+,7,14.205,34.0000
A mid,B0+,7,14.244,34.0000
A mid,B0+,7,14.277,34.0000
A mid,B0+,7,14.313,34.0000
A mid,B0+,7,14.347,34.0000
A mid,B0+,7,14.381,34.0000
A mid,B0+,7,14.419,34.0000
A mid,B0+,7,14.453,34.0000
A mid,B0+,7,14.487,34.0000
A mid,B0+,7,14.524,34.0000
A mid,B0+,7,14.562,34.0000
A mid,B0+,7,14.596,34.0000
A mid,B0+,7,14.630,34.0000
A mid,B0+,7,14.665,34.0000
A mid,B0+,7,14.699,34.0000
A mid,B0+,7,14.738,34.0000
A mid,B0+,7,14.772,34.0000
A mid,B0+,7,14.808,34.0000
A mid,B0+,7,14.842,34.0000
A mid,B0+,7,14.879,34.0000
A mid,B0+,7,14.914,34.0000
A mid,B0+,7,14.950,34.0000
A mid,B0+,7,14.986,34.0000
A mid,B0+,7,15.027,34.0000
A mid,B0+,7,15.062,34.0000
A mid,B0+,7,15.099,34.0000
A mid,B0+,7,15.135,34.0000
A mid,B0+,7,15.171,34.0000
A mid,B0+,7,15.206,34.0000
A mid,B0+,7,15.239,34.0000
A mid,B0+,7,15.274,34.0000
A mid,B0+,7,15.311,34.0000
A mid,B0+,7,15.350,34.0000
A mid,B0+,7,15.387,34.0000
A mid,B0+,7,15.425,34.0000
A mid,B0+,7,15.463,34.0000
A mid,B0+,7,15.500,34.0000
A mid,B0+,7,15.538,34.0000
A mid,B0+,7,15.573,34.0000
A mid,B0+,7,15.606,34.0000
A mid,B0+,7,15.642,34.0000
A mid,B0+,7,15.684,34.0000
A mid,B0+,7,15.720,34.0000
A mid,B0+,7,15.756,34.0000
A mid,B0+,7,15.792,34.0000
A mid,B0+,7,15.829,34.0000
A mid,B0+,7,15.868,34.0000
A mid,B0+,7,15.904,34.0000
A mid,B0+,7,15.941,34.0000
A mid,B0+,7,15.977,34.0000
A mid,B0+,7,16.015,34.0000
A mid,B0+,7,16.046,34.0000
A mid,B0+,7,16.080,34.0000
A mid,B0+,7,16.113,34.0000
A mid,B0+,7,16.147,34.0000
A mid,B0+,7,16.184,34.0000
A mid,B0+,7,16.217,34.0000
A mid,B0+,7,16.253,34.0000
A mid,B0+,7,16.288,34.0000
A mid,B0+,7,16.321,34.0000
A mid,B0+,7,16.357,34.0000
A mid,B0+,7,16.390,34.0000
A mid,B0+,7,16.422,34.0000
A mid,B0+,7,16.456,34.0000
A mid,B0+,7,16.493,34.0000
A mid,B0+,7,16.524,34.0000
A mid,B0+,7,16.558,34.0000
A mid,B0+,7,16.589,34.0000
A mid,B0+,7,16.622,34.0000
A mid,B0+,7,16.662,34.0000
A mid,B0+,7,16.700,34.0000
A mid,B0+,7,16.737,34.0000
A mid,B0+,7,16.772,34.0000
A mid,B0+,7,16.812,34.0000
A mid,B0+,7,16.846,34.0000
A mid,B0+,7,16.879,34.0000
A mid,B0+,7,16.918,34.0000
A mid,B0+,7,16.952,34.0000
A mid,B0+,7,16.989,34.0000
A mid,B0+,7,17.023,34.0000
A mid,B0+,7,17.057,34.0000
A mid,B0+,7,17.091,34.0000
A mid,B0+,7,17.128,34.0000
A mid,B0+,7,17.161,34.0000
A mid,B0+,7,17.195,34.0000
A mid,B0+,7,17.230,34.0000
A mid,B0+,7,17.264,34.0000
A mid,B0+,7,17.303,34.0000
A mid,B0+,7,17.335,34.0000
A mid,B0+,7,17.372,34.0000
A mid,B0+,7,17.408,34.0000
A mid,B0+,7,17.448,34.0000
A mid,B0+,7,17.485,34.0000
A mid,B0+,7,17.522,34.0000
A mid,B0+,7,17.560,34.0000
A mid,B0+,7,17.598,34.0000
A mid,B0+,7,17.639,34.0000
A mid,B0+,7,17.676,34.0000
A mid,B0+,7,17.709,34.0000
A mid,B0+,7,17.742,34.0000
A mid,B0+,7,17.781,34.0000
A mid,B0+,7,17.816,34.0000
A mid,B0+,7,17.849,34.0000
A mid,B0+,7,17.884,34.0000
A mid,B0+,7,17.919,34.0000
A mid,B0+,7,17.955,34.0000
A mid,B0+,7,17.989,34.0000
A mid,B0+,7,18.024,34.0000
A mid,B0+,7,18.059,34.0000
A mid,B0+,7,18.098,34.0000
A mid,B0+,7,18.133,34.0000
A mid,B0+,7,18.167,34.0000
A mid,B0+,7,18.201,34.0000
A mid,B0+,7,18.235,34.0000
A mid,B0+,7,18.276,34.0000
A mid,B0+,7,18.313,34.0000
A mid,B0+,7,18.350,34.0000
A mid,B0+,7,18.387,34.0000
A mid,B0+,7,18.425,34.0000
A mid,B0+,7,18.460,34.0000
A mid,B0+,7,18.496,34.0000
A mid,B0+,7,18.531,34.0000
A mid,B0+,7,18.567,34.0000
A mid,B0+,7,18.605,34.0000
A mid,B0+,7,18.641,34.0000
A mid,B0+,7,18.675,34.0000
A mid,B0+,7,18.710,34.0000
A mid,B0+,7,18.750,34.0000
A mid,B0+,7,18.786,34.0000
A mid,B0+,7,18.819,34.0000
A mid,B0+,7,18.851,34.0000
A mid,B0+,7,18.885,34.0000
A mid,B0+,7,18.922,34.0000
A mid,B0+,7,18.955,34.0000
A mid,B0+,7,18.990,34.0000
A mid,B0+,7,19.021,34.0000
A mid,B0+,7,19.058,34.0000
A mid,B0+,7,19.091,34.0000
A mid,B0+,7,19.126,34.0000
A mid,B0+,7,19.161,34.0000
A mid,B0+,7,19.195,34.0000
A mid,B0+,7,19.235,34.0000
A mid,B0+,7,19.268,34.0000
A mid,B0+,7,19.305,34.0000
A mid,B0+,7,19.339,34.0000
A mid,B0+,7,19.371,34.0000
A mid,B0+,7,19.408,34.0000
A mid,B0+,7,19.440,34.0000
A mid,B0+,7,19.475,34.0000
A mid,B0+,7,19.508,34.0000
A mid,B0+,7,19.545,34.0000
A mid,B0+,7,19.579,34.0000
A mid,B0+,7,19.613,34.0000
A mid,B0+,7,19.648,34.0000
A mid,B0+,7,19.686,34.0000
A mid,B0+,7,19.724,34.0000
A mid,B0+,7,19.762,34.0000
A mid,B0+,7,19.797,34.0000
A mid,B0+,7,19.836,34.0000
A mid,B0+,7,19.876,34.0000
A mid,B0+,7,19.911,34.0000
A mid,B0+,7,19.948,34.0000
A mid,B0+,7,19.983,34.0000
A mid,B0+,7,20.019,34.0000
A mid,B0+,7,20.059,34.0000
A mid,B0+,7,20.094,34.0000
A mid,B0+,7,20.129,34.0000
A mid,B0+,7,20.164,34.0000
A mid,B0+,7,20.203,34.0000
A mid,B0+,7,20.237,34.0000
A mid,B0+,7,20.271,34.0000
A mid,B0+,7,20.306,34.0000
A mid,B0+,7,20.343,34.0000
A mid,B0+,7,20.383,34.0000
A mid,B0+,7,20.421,34.0000
A mid,B0+,7,20.458,34.0000
A mid,B0+,7,20.495,34.0000
A mid,B0+,7,20.536,34.0000
A mid,B0+,7,20.573,34.0000
A mid,B0+,7,20.611,34.0000
A mid,B0+,7,20.650,34.0000
A mid,B0+,7,20.687,34.0000
A mid,B0+,7,20.723,34.0000
A mid,B0+,7,20.756,34.0000
A mid,B0+,7,20.789,34.0000
A mid,B0+,7,20.823,34.0000
A mid,B0+,7,20.861,34.0000
A mid,B0+,7,20.894,34.0000
A mid,B0+,7,20.929,34.0000
A mid,B0+,7,20.962,34.0000
A mid,B0+,7,20.995,34.0000
A mid,B0+,7,21.031,34.0000
A mid,B0+,7,21.065,34.0000
A mid,B0+,7,21.101,34.0000
A mid,B0+,7,21.136,34.0000
A mid,B0+,7,21.172,34.0000
A mid,B0+,7,21.208,34.0000
A mid,B0+,7,21.242,34.0000
A mid,B0+,7,21.278,34.0000
A mid,B0+,7,21.313,34.0000
A mid,B0+,7,21.355,34.0000
A mid,B0+,7,21.389,34.0000
A mid,B0+,7,21.424,34.0000
A mid,B0+,7,21.457,34.0000
A mid,B0+,7,21.491,34.0000
A mid,B0+,7,21.527,34.0000
A mid,B0+,7,21.561,34.0000
A mid,B0+,7,21.595,34.0000
A mid,B0+,7,21.630,34.0000
A mid,B0+,7,21.675,34.0000
A mid,B0+,7,21.714,34.0000
A mid,B0+,7,21.754,34.0000
A mid,B0+,7,21.790,34.0000
A mid,B0+,7,21.827,34.0000
A mid,B0+,7,21.865,34.0000
A mid,B0+,7,21.900,34.0000
A mid,B0+,7,21.935,34.0000
A mid,B0+,7,21.970,34.0000
A mid,B0+,7,22.010,34.0000
A mid,B0+,7,22.045,34.0000
A mid,B0+,7,22.082,34.0000
A mid,B0+,7,22.117,34.0000
A mid,B0+,7,22.157,34.0000
A mid,B0+,7,22.195,34.0000
A mid,B0+,7,22.231,34.0000
A mid,B0+,7,22.271,34.0000
A mid,B0+,7,22.307,34.0000
A mid,B0+,7,22.347,34.0000
A mid,B0+,7,22.384,34.0000
A mid,B0+,7,22.418,34.0000
A mid,B0+,7,22.454,34.0000
A mid,B0+,7,22.489,34.0000
A mid,B0+,7,22.527,34.0000
A mid,B0+,7,22.563,34.0000
A mid,B0+,7,22.598,34.0000
A mid,B0+,7,22.634,34.0000
A mid,B0+,7,22.673,34.0000
A mid,B0+,7,22.711,34.0000
A mid,B0+,7,22.747,34.0000
A mid,B0+,7,22.785,34.0000
A mid,B0+,7,22.821,34.0000
A mid,B0+,7,22.862,34.0000
A mid,B0+,7,22.899,34.0000
A mid,B0+,7,22.936,34.0000
A mid,B0+,7,22.974,34.0000
A mid,B0+,7,23.010,34.0000
A mid,B0+,7,23.049,34.0000
A mid,B0+,7,23.083,34.0000
A mid,B0+,7,23.118,34.0000
A mid,B0+,7,23.152,34.0000
A mid,B0+,7,23.192,34.0000
A mid,B0+,7,23.228,34.0000
A mid,B0+,7,23.264,34.0000
A mid,B0+,7,23.299,34.0000
A mid,B0+,7,23.334,34.0000
A mid,B0+,7,23.373,34.0000
A mid,B0+,7,23.410,34.0000
A mid,B0+,7,23.445,34.0000
A mid,B0+,7,23.482,34.0000
A mid,B0+,7,23.523,34.0000
A mid,B0+,7,23.559,34.0000
A mid,B0+,7,23.595,34.0000
A mid,B0+,7,23.630,34.0000
A mid,B0+,7,23.664,34.0000
A mid,B0+,7,23.703,34.0000
A mid,B0+,7,23.738,34.0000
A mid,B0+,7,23.773,34.0000
A mid,B0+,7,23.809,34.0000
A mid,B0+,7,23.847,34.0000
A mid,B0+,7,23.884,34.0000
A mid,B0+,7,23.918,34.0000
A mid,B0+,7,23.956,34.0000
A mid,B0+,7,23.991,34.0000
A mid,B0+,7,24.032,34.0000
A mid,B0+,7,24.065,34.0000
A mid,B0+,7,24.098,34.0000
A mid,B0+,7,24.133,34.0000
A mid,B0+,7,24.172,34.0000
A mid,B0+,7,24.206,34.0000
A mid,B0+,7,24.240,34.0000
A mid,B0+,7,24.279,34.0000
A mid,B0+,7,24.318,34.0000
A mid,B0+,7,24.358,34.0000
A mid,B0+,7,24.397,34.0000
A mid,B0+,7,24.432,34.0000
A mid,B0+,7,24.469,34.0000
A mid,B0+,7,24.508,34.0000
A mid,B0+,7,24.544,34.0000
A mid,B0+,7,24.580,34.0000
A mid,B0+,7,24.617,34.0000
A mid,B0+,7,24.653,34.0000
A mid,B0+,7,24.692,34.0000
A mid,B0+,7,24.730,34.0000
A mid,B0+,7,24.768,34.0000
A mid,B0+,7,24.807,34.0000
A mid,B0+,7,24.846,34.0000
A mid,B0+,7,24.886,34.0000
A mid,B0+,7,24.926,34.0000
A mid,B0+,7,24.961,34.0000
A mid,B0+,7,24.997,34.0000
A mid,B0+,7,25.036,34.0000
A mid,B0+,7,25.072,34.0000
A mid,B0+,7,25.107,34.0000
A mid,B0+,7,25.140,34.0000
A mid,B0+,7,25.175,34.0000
A mid,B0+,7,25.214,34.0000
A mid,B0+,7,25.249,34.0000
A mid,B0+,7,25.282,34.0000
A mid,B0+,7,25.317,34.0000
A mid,B0+,7,25.355,34.0000
A mid,B0+,7,25.390,34.0000
A mid,B0+,7,25.424,34.0000
A mid,B0+,7,25.460,34.0000
A mid,B1,7,0.407,51.0000
A mid,B1,7,0.788,49.0000
A mid,B1,7,1.164,48.0000
A mid,B1,7,1.506,48.0000
A mid,B1,7,1.840,48.0000
A mid,B1,7,2.163,48.0000
A mid,B1,7,2.462,48.0000
A mid,B1,7,2.771,48.0000
A mid,B1,7,3.070,48.0000
A mid,B1,7,3.368,48.0000
A mid,B1,7,3.674,48.0000
A mid,B1,7,3.975,48.0000
A mid,B1,7,4.254,48.0000
A mid,B1,7,4.542,48.0000
A mid,B1,7,4.841,48.0000
A mid,B1,7,5.118,48.0000
A mid,B1,7,5.386,48.0000
A mid,B1,7,5.654,48.0000
A mid,B1,7,5.932,48.0000
A mid,B1,7,6.205,48.0000
A mid,B1,7,6.501,48.0000
A mid,B1,7,6.775,48.0000
A mid,B1,7,7.062,48.0000
A mid,B1,7,7.343,48.0000
A mid,B1,7,7.635,48.0000
A mid,B1,7,7.947,48.0000
A mid,B1,7,8.227,48.0000
A mid,B1,7,8.510,48.0000
A mid,B1,7,8.800,48.0000
A mid,B1,7,9.091,48.0000
A mid,B1,7,9.373,48.0000
A mid,B1,7,9.651,48.0000
A mid,B1,7,9.954,48.0000
A mid,B1,7,10.232,48.0000
A mid,B1,7,10.506,48.0000
A mid,B1,7,10.780,48.0000
A mid,B1,7,11.062,48.0000
A mid,B1,7,11.335,48.0000
A mid,B1,7,11.613,48.0000
A mid,B1,7,11.886,48.0000
A mid,B1,7,12.171,48.0000
A mid,B1,7,12.452,48.0000
A mid,B1,7,12.730,48.0000
A mid,B1,7,13.019,48.0000
A mid,B1,7,13.293,48.0000
A mid,B1,7,13.567,48.0000
A mid,B1,7,13.852,48.0000
A mid,B1,7,14.125,48.0000
A mid,B1,7,14.394,48.0000
A mid,B1,7,14.686,48.0000
A mid,B1,7,14.967,48.0000
A mid,B1,7,15.242,48.0000
A mid,B1,7,15.540,48.0000
A mid,B1,7,15.832,48.0000
A mid,B1,7,16.122,48.0000
A mid,B1,7,16.392,46.0000
A mid,B1,7,16.645,46.0000
A mid,B1,7,16.892,46.0000
A mid,B1,7,17.137,46.0000
A mid,B1,7,17.377,46.0000
A mid,B1,7,17.616,46.0000
A mid,B1,7,17.871,46.0000
A mid,B1,7,18.146,46.0000
A mid,B1,7,18.391,46.0000
A mid,B1,7,18.656,46.0000
A mid,B1,7,18.921,46.0000
A mid,B1,7,19.173,46.0000
A mid,B1,7,19.428,46.0000
A mid,B1,7,19.683,46.0000
A mid,B1,7,19.929,46.0000
A mid,B1,7,20.167,46.0000
A mid,B1,7,20.407,46.0000
A mid,B1,7,20.656,46.0000
A mid,B1,7,20.918,46.0000
A mid,B1,7,21.160,46.0000
A mid,B1,7,21.407,46.0000
A mid,B1,7,21.658,45.0000
A mid,B1,7,21.912,45.0000
A mid,B1,7,22.173,45.0000
A mid,B1,7,22.428,45.0000
A mid,B1,7,22.699,45.0000
A mid,B1,7,22.955,45.0000
A mid,B1,7,23.205,45.0000
A mid,B1,7,23.467,44.0000
A mid,B1,7,23.736,44.0000
A mid,B1,7,24.038,43.0000
A mid,B1,7,24.326,43.0000
A mid,B1,7,24.616,43.0000
A mid,B1,7,24.886,43.0000
A mid,B1,7,25.154,43.0000
A mid,B1,7,25.422,43.0000
A mid,B1,7,25.706,43.0000
A mid,B1,7,25.996,43.0000
A mid,B1,7,26.266,43.0000
A mid,B1,7,26.543,43.0000
A mid,B1,7,26.854,43.0000
A mid,B1,7,27.142,43.0000
A mid,B1,7,27.416,43.0000
A mid,B1,7,27.698,43.0000
A mid,B1,7,27.965,43.0000
A mid,B1,7,28.228,43.0000
A mid,B1,7,28.498,43.0000
A mid,B1,7,28.764,43.0000
A mid,B1,7,29.047,41.0000
A mid,B1,7,29.315,41.0000
A mid,B1,7,29.577,41.0000
A mid,B1,7,29.844,41.0000
A mid,B1,7,30.118,41.0000
A mid,B1,7,30.398,41.0000
A mid,B1,7,30.690,41.0000
A mid,B1,7,30.968,41.0000
A mid,B1,7,31.216,41.0000
A mid,B1,7,31.502,41.0000
A mid,B1,7,31.764,41.0000
A mid,B1,7,32.055,40.0000
A mid,B1,7,32.326,40.0000
A mid,B1,7,32.615,40.0000
A mid,B1,7,32.906,40.0000
A mid,B1,7,33.175,40.0000
A mid,B1,7,33.433,40.0000
A mid,B1,7,33.706,40.0000
A mid,B1,7,33.983,40.0000
A mid,B1,7,34.275,40.0000
A mid,B1,7,34.564,40.0000
A mid,B1,7,34.868,40.0000
A mid,B1,7,35.177,40.0000
A mid,B1,7,35.465,40.0000
A mid,B1,7,35.765,40.0000
A mid,B1,7,36.068,40.0000
A mid,B1,7,36.348,40.0000
A mid,B1,7,36.628,40.0000
A mid,B1,7,36.902,40.0000
A mid,B1,7,37.170,40.0000
A mid,B1,7,37.443,40.0000
A mid,B1,7,37.707,40.0000
A mid,B1,7,37.986,40.0000
A mid,B1,7,38.267,40.0000
A mid,B1,7,38.575,40.0000
A mid,B1,7,38.841,40.0000
A mid,B1,7,39.113,40.0000
A mid,B1,7,39.389,40.0000
A mid,B1,7,39.701,40.0000
A mid,B1,7,39.976,40.0000
A mid,B1,7,40.255,40.0000
A mid,B1,7,40.524,40.0000
A mid,B1,7,40.822,40.0000
A mid,B1,7,41.101,40.0000
A mid,B1,7,41.371,40.0000
A mid,B1,7,41.650,40.0000
A mid,B1,7,41.935,40.0000
A mid,B1,7,42.213,40.0000
A mid,B1,7,42.476,40.0000
A mid,B1,7,42.768,40.0000
A mid,B1,7,43.043,40.0000
A mid,B1,7,43.321,40.0000
A mid,B1,7,43.588,40.0000
A mid,B1,7,43.855,40.0000
A mid,B1,7,44.121,40.0000
A mid,B1,7,44.386,40.0000
A mid,B1,7,44.651,40.0000
A mid,B1,7,44.921,40.0000
A mid,B1,7,45.193,40.0000
A mid,B1,7,45.462,40.0000
A mid,B1,7,45.767,40.0000
A mid,B1,7,46.049,40.0000
A mid,B1,7,46.333,40.0000
A mid,B1,7,46.616,40.0000
A mid,B1,7,46.893,40.0000
A mid,B1,7,47.177,40.0000
A mid,B1,7,47.467,40.0000
A mid,B1,7,47.743,40.0000
A mid,B1,7,48.024,40.0000
A mid,B1,7,48.286,40.0000
A mid,B1,7,48.573,40.0000
A mid,B1,7,48.857,40.0000
A mid,B1,7,49.121,40.0000
A mid,B1,7,49.389,40.0000
A mid,B1,7,49.652,40.0000
A mid,B1,7,49.929,40.0000
A mid,B1,7,50.203,40.0000
A mid,B1,7,50.459,40.0000
A mid,B1,7,50.721,40.0000
A mid,B1,7,50.983,40.0000
A mid,B1,7,51.242,40.0000
A mid,B1,7,51.502,40.0000
A mid,B1,7,51.782,40.0000
A mid,B1,7,52.054,40.0000
A mid,B1,7,52.334,40.0000
A mid,B1,7,52.611,40.0000
A mid,B1,7,52.908,40.0000
A mid,B1,7,53.195,40.0000
A mid,B1,7,53.470,40.0000
A mid,B1,7,53.727,40.0000
A mid,B1,7,54.031,40.0000
A mid,B1,7,54.291,40.0000
A mid,B1,7,54.557,40.0000
A mid,B1,7,54.843,40.0000
A mid,B1,7,55.128,40.0000
A mid,B1,7,55.391,40.0000
A mid,B1,7,55.645,40.0000
A mid,B1,7,55.906,40.0000
A mid,B1,7,56.166,40.0000
A mid,B1,7,56.428,40.0000
A mid,B1,7,56.693,40.0000
A mid,B1,7,56.959,40.0000
A mid,B1,7,57.220,40.0000
A mid,B1,7,57.490,40.0000
A mid,B1,7,57.749,40.0000
A mid,B1,7,58.017,40.0000
A mid,B1,7,58.288,40.0000
A mid,B1,7,58.554,40.0000
A mid,B1,7,58.820,40.0000
A mid,B1,7,59.085,40.0000
A mid,B1,7,59.349,40.0000
A mid,B1,7,59.641,40.0000
A mid,B1,7,59.929,40.0000
A mid,B1,7,60.199,40.0000
A mid,B1,7,60.461,40.0000
A mid,B1,7,60.722,40.0000
A mid,B1,7,60.992,40.0000
A mid,B1,7,61.258,40.0000
A mid,B1,7,61.526,40.0000
A mid,B1,7,61.833,40.0000
A mid,B1,7,62.114,40.0000
A mid,B1,7,62.385,40.0000
A mid,B1,7,62.672,40.0000
A mid,B1,7,62.946,40.0000
A mid,B1,7,63.212,40.0000
A mid,B1,7,63.492,40.0000
A mid,B1,7,63.761,40.0000
A mid,B1,7,64.042,40.0000
A mid,B1,7,64.304,40.0000
A mid,B1,7,64.562,40.0000
A mid,B1,7,64.833,40.0000
A mid,B1,7,65.105,40.0000
A mid,B1,7,65.369,40.0000
A mid,B1,7,65.640,40.0000
A mid,B1,7,65.932,40.0000
A mid,B1,7,66.194,40.0000
A mid,B1,7,66.463,40.0000
A mid,B1,7,66.726,40.0000
A mid,B1,7,67.010,40.0000
A mid,B1,7,67.271,40.0000
A mid,B1,7,67.547,40.0000
A mid,B1,7,67.827,40.0000
A mid,B1,7,68.094,40.0000
A mid,B1,7,68.358,40.0000
A mid,B1,7,68.630,40.0000
A mid,B1,7,68.915,40.0000
A mid,B1,7,69.189,40.0000
A mid,B1,7,69.463,40.0000
A mid,B1,7,69.727,40.0000
A mid,B1,7,70.004,40.0000
A mid,B1,7,70.268,40.0000
A mid,B1,7,70.553,40.0000
A mid,B1,7,70.838,40.0000
A mid,B1,7,71.109,40.0000
A mid,B1,7,71.375,40.0000
A mid,B1,7,71.647,40.0000
A mid,B1,7,71.922,40.0000
A mid,B1,7,72.199,40.0000
A mid,B1,7,72.468,40.0000
A mid,B1,7,72.733,40.0000
A mid,B1,7,73.006,40.0000
A mid,B1,7,73.277,40.0000
A mid,B1,7,73.556,40.0000
A mid,B1,7,73.830,40.0000
A mid,B1,7,74.101,40.0000
A mid,B1,7,74.367,40.0000
A mid,B1,7,74.634,40.0000
A mid,B1,7,74.908,40.0000
A mid,B1,7,75.183,40.0000
A mid,B1,7,75.448,40.0000
A mid,B1,7,75.713,40.0000
A mid,B1,7,75.983,40.0000
A mid,B1,7,76.249,40.0000
A mid,B1,7,76.529,40.0000
A mid,B1,7,76.811,40.0000
A mid,B1,7,77.101,40.0000
A mid,B1,7,77.369,40.0000
A mid,B1,7,77.633,40.0000
A mid,B1,7,77.898,40.0000
A mid,B1,7,78.164,40.0000
A mid,B1,7,78.431,40.0000
A mid,B1,7,78.701,40.0000
A mid,B1,7,78.993,40.0000
A mid,B1,7,79.278,40.0000
A mid,B1,7,79.571,40.0000
A mid,B1,7,79.949,40.0000
A mid,B1,7,80.212,40.0000
A mid,B1,7,80.490,40.0000
A mid,B1,7,80.753,40.0000
A mid,B1,7,81.051,40.0000
A mid,B1,7,81.329,40.0000
A mid,B1,7,81.589,40.0000
A mid,B1,7,81.865,40.0000
A mid,B1,7,82.137,40.0000
A mid,B1,7,82.422,40.0000
A mid,B1,7,82.701,40.0000
A mid,B1,7,82.981,40.0000
A mid,B1,7,83.244,40.0000
A mid,B1,7,83.505,40.0000
A mid,B1,7,83.783,40.0000
A mid,B1,7,84.058,40.0000
A mid,B1,7,84.318,40.0000
A mid,B1,7,84.589,40.0000
A mid,B1,7,84.860,40.0000
A mid,B1,7,85.128,40.0000
A mid,B1,7,85.393,40.0000
A mid,B1,7,85.661,40.0000
A mid,B1,7,85.948,40.0000
A mid,B1,7,86.224,40.0000
A mid,B1,7,86.502,40.0000
A mid,B1,7,86.765,40.0000
A mid,B1,7,87.042,40.0000
A mid,B1,7,87.306,40.0000
A mid,B1,7,87.568,40.0000
A mid,B1,7,87.831,40.0000
A mid,B1,7,88.094,40.0000
A mid,B1,7,88.358,40.0000
A mid,B1,7,88.633,40.0000
A mid,B1,7,88.921,40.0000
A mid,B1,7,89.194,40.0000
A mid,B1,7,89.465,40.0000
A mid,B1,7,89.750,40.0000
A mid,B1,7,90.045,40.0000
A mid,B2,7,2.271,50.0000
A mid,B2,7,4.709,44.0000
A mid,B2,7,6.819,44.0000
A mid,B2,7,8.732,44.0000
A mid,B2,7,10.686,44.0000
A mid,B2,7,12.737,44.0000
A mid,B2,7,14.732,44.0000
A mid,B2,7,16.726,44.0000
A mid,B2,7,18.640,44.0000
A mid,B2,7,20.539,44.0000
A mid,B2,7,22.395,44.0000
A mid,B2,7,24.290,44.0000
A mid,B2,7,26.105,42.0000
A mid,B2,7,27.878,42.0000
A mid,B2,7,29.525,42.0000
A mid,B2,7,30.998,42.0000
A mid,B2,7,32.519,42.0000
A mid,B2,7,34.051,42.0000
A mid,B2,7,35.563,42.0000
A mid,B2,7,37.038,41.0000
A mid,B2,7,38.476,41.0000
A mid,B2,7,39.915,41.0000
A mid,B2,7,41.234,41.0000
A mid,B2,7,42.517,41.0000
A mid,B2,7,43.929,40.0000
A mid,B2,7,45.218,40.0000
A mid,B2,7,46.530,40.0000
A mid,B2,7,47.855,40.0000
A mid,B2,7,49.159,40.0000
A mid,B2,7,50.554,40.0000
A mid,B2,7,52.061,39.0000
A mid,B2,7,53.470,39.0000
A mid,B2,7,54.908,39.0000
A mid,B2,7,56.378,39.0000
A mid,B2,7,57.859,39.0000
A mid,B2,7,59.324,39.0000
A mid,B2,7,60.880,38.0000
A mid,B2,7,62.420,38.0000
A mid,B2,7,63.931,38.0000
A mid,B2,7,65.477,38.0000
A mid,B2,7,67.055,38.0000
A mid,B2,7,68.591,38.0000
A mid,B2,7,70.143,38.0000
A mid,B2,7,71.696,38.0000
A mid,B2,7,73.304,38.0000
A mid,B2,7,74.842,38.0000
A mid,B2,7,76.358,38.0000
A mid,B2,7,77.985,38.0000
A mid,B2,7,79.596,38.0000
A mid,B2,7,81.187,38.0000
A mid,B2,7,82.791,38.0000
A mid,B2,7,84.322,38.0000
A mid,B2,7,85.871,38.0000
A mid,B2,7,87.407,38.0000
A mid,B2,7,89.040,38.0000
A mid,B2,7,90.648,38.0000
A mid,B0,2024,0.048,45.0000
A mid,B0,2024,0.090,43.0000
A mid,B0,2024,0.132,40.0000
A mid,B0,2024,0.181,39.0000
A mid,B0,2024,0.221,39.0000
A mid,B0,2024,0.259,39.0000
A mid,B0,2024,0.298,39.0000
A mid,B0,2024,0.339,39.0000
A mid,B0,2024,0.377,39.0000
A mid,B0,2024,0.416,39.0000
A mid,B0,2024,0.458,39.0000
A mid,B0,2024,0.494,39.0000
A mid,B0,2024,0.532,38.0000
A mid,B0,2024,0.571,37.0000
A mid,B0,2024,0.612,35.0000
A mid,B0,2024,0.651,35.0000
A mid,B0,2024,0.687,35.0000
A mid,B0,2024,0.724,35.0000
A mid,B0,2024,0.765,34.0000
A mid,B0,2024,0.801,34.0000
A mid,B0,2024,0.838,32.0000
A mid,B0,2024,0.875,32.0000
A mid,B0,2024,0.914,32.0000
A mid,B0,2024,0.950,32.0000
A mid,B0,2024,0.987,32.0000
A mid,B0,2024,1.022,32.0000
A mid,B0,2024,1.061,32.0000
A mid,B0,2024,1.099,32.0000
A mid,B0,2024,1.138,32.0000
A mid,B0,2024,1.174,32.0000
A mid,B0,2024,1.209,32.0000
A mid,B0,2024,1.247,32.0000
A mid,B0,2024,1.277,32.0000
A mid,B0,2024,1.309,32.0000
A mid,B0,2024,1.343,32.0000
A mid,B0,2024,1.379,32.0000
A mid,B0,2024,1.411,32.0000
A mid,B0,2024,1.442,32.0000
A mid,B0,2024,1.476,32.0000
A mid,B0,2024,1.512,32.0000
A mid,B0,2024,1.545,32.0000
A mid,B0,2024,1.577,32.0000
A mid,B0,2024,1.610,32.0000
A mid,B0,2024,1.646,32.0000
A mid,B0,2024,1.678,32.0000
A mid,B0,2024,1.711,32.0000
A mid,B0,2024,1.744,32.0000
A mid,B0,2024,1.778,32.0000
A mid,B0,2024,1.815,32.0000
A mid,B0,2024,1.848,32.0000
A mid,B0,2024,1.884,32.0000
A mid,B0,2024,1.917,32.0000
A mid,B0,2024,1.954,32.0000
A mid,B0,2024,1.988,32.0000
A mid,B0,2024,2.021,32.0000
A mid,B0,2024,2.055,32.0000
A mid,B0,2024,2.092,32.0000
A mid,B0,2024,2.125,32.0000
A mid,B0,2024,2.158,32.0000
A mid,B0,2024,2.192,32.0000
A mid,B0,2024,2.229,32.0000
A mid,B0,2024,2.263,32.0000
A mid,B0,2024,2.297,32.0000
A mid,B0,2024,2.330,32.0000
A mid,B0,2024,2.367,32.0000
A mid,B0,2024,2.400,32.0000
A mid,B0,2024,2.434,32.0000
A mid,B0,2024,2.468,32.0000
A mid,B0,2024,2.508,32.0000
A mid,B0,2024,2.541,32.0000
A mid,B0,2024,2.575,32.0000
A mid,B0,2024,2.608,32.0000
A mid,B0,2024,2.642,32.0000
A mid,B0,2024,2.678,32.0000
A mid,B0,2024,2.712,32.0000
A mid,B0,2024,2.746,32.0000
A mid,B0,2024,2.779,32.0000
A mid,B0,2024,2.816,32.0000
A mid,B0,2024,2.850,32.0000
A mid,B0,2024,2.883,32.0000
A mid,B0,2024,2.917,32.0000
A mid,B0,2024,2.954,32.0000
A mid,B0,2024,2.989,32.0000
A mid,B0,2024,3.026,32.0000
A mid,B0,2024,3.060,32.0000
A mid,B0,2024,3.100,32.0000
A mid,B0,2024,3.137,32.0000
A mid,B0,2024,3.175,32.0000
A mid,B0,2024,3.208,32.0000
A mid,B0,2024,3.244,32.0000
A mid,B0,2024,3.279,32.0000
A mid,B0,2024,3.311,32.0000
A mid,B0,2024,3.345,32.0000
A mid,B0,2024,3.383,32.0000
A mid,B0,2024,3.416,32.0000
A mid,B0,2024,3.451,32.0000
A mid,B0,2024,3.482,32.0000
A mid,B0,2024,3.518,32.0000
A mid,B0,2024,3.557,32.0000
A mid,B0,2024,3.593,32.0000
A mid,B0,2024,3.630,32.0000
A mid,B0,2024,3.665,32.0000
A mid,B0,2024,3.705,32.0000
A mid,B0,2024,3.740,32.0000
A mid,B0,2024,3.776,32.0000
A mid,B0,2024,3.811,32.0000
A mid,B0,2024,3.851,32.0000
A mid,B0,2024,3.888,32.0000
A mid,B0,2024,3.925,32.0000
A mid,B0,2024,3.961,32.0000
A mid,B0,2024,4.002,32.0000
A mid,B0,2024,4.039,32.0000
A mid,B0,2024,4.075,32.0000
A mid,B0,2024,4.114,32.0000
A mid,B0,2024,4.158,32.0000
A mid,B0,2024,4.194,32.0000
A mid,B0,2024,4.230,32.0000
A mid,B0,2024,4.265,32.0000
A mid,B0,2024,4.304,32.0000
A mid,B0,2024,4.334,32.0000
A mid,B0,2024,4.369,32.0000
A mid,B0,2024,4.402,32.0000
A mid,B0,2024,4.435,32.0000
A mid,B0,2024,4.470,32.0000
A mid,B0,2024,4.503,32.0000
A mid,B0,2024,4.536,32.0000
A mid,B0,2024,4.570,32.0000
A mid,B0,2024,4.607,32.0000
A mid,B0,2024,4.639,32.0000
A mid,B0,2024,4.673,32.0000
A mid,B0,2024,4.705,32.0000
A mid,B0,2024,4.743,32.0000
A mid,B0,2024,4.778,32.0000
A mid,B0,2024,4.814,32.0000
A mid,B0,2024,4.849,32.0000
A mid,B0,2024,4.889,32.0000
A mid,B0,2024,4.926,32.0000
A mid,B0,2024,4.963,32.0000
A mid,B0,2024,4.999,32.0000
A mid,B0,2024,5.039,32.0000
A mid,B0,2024,5.075,32.0000
A mid,B0,2024,5.111,32.0000
A mid,B0,2024,5.148,32.0000
A mid,B0,2024,5.189,32.0000
A mid,B0,2024,5.225,32.0000
A mid,B0,2024,5.263,32.0000
A mid,B0,2024,5.299,32.0000
A mid,B0,2024,5.337,32.0000
A mid,B0,2024,5.373,32.0000
A mid,B0,2024,5.409,32.0000
A mid,B0,2024,5.446,32.0000
A mid,B0,2024,5.486,32.0000
A mid,B0,2024,5.523,32.0000
A mid,B0,2024,5.556,32.0000
A mid,B0,2024,5.590,32.0000
A mid,B0,2024,5.623,32.0000
A mid,B0,2024,5.664,32.0000
A mid,B0,2024,5.700,32.0000
A mid,B0,2024,5.733,32.0000
A mid,B0,2024,5.768,32.0000
A mid,B0,2024,5.802,32.0000
A mid,B0,2024,5.835,32.0000
A mid,B0,2024,5.869,32.0000
A mid,B0,2024,5.904,32.0000
A mid,B0,2024,5.944,32.0000
A mid,B0,2024,5.980,32.0000
A mid,B0,2024,6.016,32.0000
A mid,B0,2024,6.053,32.0000
A mid,B0,2024,6.095,32.0000
A mid,B0,2024,6.133,32.0000
A mid,B0,2024,6.171,32.0000
A mid,B0,2024,6.210,32.0000
A mid,B0,2024,6.251,32.0000
A mid,B0,2024,6.288,32.0000
A mid,B0,2024,6.325,32.0000
A mid,B0,2024,6.361,32.0000
A mid,B0,2024,6.402,32.0000
A mid,B0,2024,6.438,32.0000
A mid,B0,2024,6.475,32.0000
A mid,B0,2024,6.512,32.0000
A mid,B0,2024,6.553,32.0000
A mid,B0,2024,6.589,32.0000
A mid,B0,2024,6.626,32.0000
A mid,B0,2024,6.661,32.0000
A mid,B0,2024,6.697,32.0000
A mid,B0,2024,6.740,32.0000
A mid,B0,2024,6.772,32.0000
A mid,B0,2024,6.804,32.0000
A mid,B0,2024,6.837,32.0000
A mid,B0,2024,6.875,32.0000
A mid,B0,2024,6.910,32.0000
A mid,B0,2024,6.943,32.0000
A mid,B0,2024,6.976,32.0000
A mid,B0,2024,7.011,32.0000
A mid,B0,2024,7.046,32.0000
A mid,B0,2024,7.083,32.0000
A mid,B0,2024,7.123,32.0000
A mid,B0,2024,7.165,32.0000
A mid,B0,2024,7.204,32.0000
A mid,B0,2024,7.241,32.0000
A mid,B0,2024,7.276,32.0000
A mid,B0,2024,7.317,32.0000
A mid,B0,2024,7.352,32.0000
A mid,B0,2024,7.387,32.0000
A mid,B0,2024,7.424,32.0000
A mid,B0,2024,7.465,32.0000
A mid,B0,2024,7.502,32.0000
A mid,B0,2024,7.539,32.0000
A mid,B0,2024,7.575,32.0000
A mid,B0,2024,7.612,32.0000
A mid,B0,2024,7.646,32.0000
A mid,B0,2024,7.680,32.0000
A mid,B0,2024,7.712,32.0000
A mid,B0,2024,7.747,32.0000
A mid,B0,2024,7.783,32.0000
A mid,B0,2024,7.818,32.0000
A mid,B0,2024,7.867,32.0000
A mid,B0,2024,7.915,32.0000
A mid,B0,2024,7.964,32.0000
A mid,B0,2024,8.010,32.0000
A mid,B0,2024,8.050,32.0000
A mid,B0,2024,8.088,32.0000
A mid,B0,2024,8.133,32.0000
A mid,B0,2024,8.172,32.0000
A mid,B0,2024,8.210,32.0000
A mid,B0,2024,8.247,32.0000
A mid,B0,2024,8.288,32.0000
A mid,B0,2024,8.327,32.0000
A mid,B0,2024,8.362,32.0000
A mid,B0,2024,8.399,32.0000
A mid,B0,2024,8.435,32.0000
A mid,B0,2024,8.466,32.0000
A mid,B0,2024,8.502,32.0000
A mid,B0,2024,8.540,32.0000
A mid,B0,2024,8.570,32.0000
A mid,B0,2024,8.605,32.0000
A mid,B0,2024,8.641,32.0000
A mid,B0,2024,8.676,32.0000
A mid,B0,2024,8.711,32.0000
A mid,B0,2024,8.750,32.0000
A mid,B0,2024,8.781,32.0000
A mid,B0,2024,8.814,32.0000
A mid,B0,2024,8.847,32.0000
A mid,B0,2024,8.883,32.0000
A mid,B0,2024,8.916,32.0000
A mid,B0,2024,8.951,32.0000
A mid,B0,2024,8.985,32.0000
A mid,B0,2024,9.023,32.0000
A mid,B0,2024,9.060,32.0000
A mid,B0,2024,9.099,32.0000
A mid,B0,2024,9.139,32.0000
A mid,B0,2024,9.181,32.0000
A mid,B0,2024,9.217,32.0000
A mid,B0,2024,9.253,32.0000
A mid,B0,2024,9.293,32.0000
A mid,B0,2024,9.333,32.0000
A mid,B0,2024,9.369,32.0000
A mid,B0,2024,9.402,32.0000
A mid,B0,2024,9.433,32.0000
A mid,B0,2024,9.466,32.0000
A mid,B0,2024,9.502,32.0000
A mid,B0,2024,9.536,32.0000
A mid,B0,2024,9.567,32.0000
A mid,B0,2024,9.600,32.0000
A mid,B0,2024,9.637,32.0000
A mid,B0,2024,9.670,32.0000
A mid,B0,2024,9.704,32.0000
A mid,B0,2024,9.737,32.0000
A mid,B0,2024,9.775,32.0000
A mid,B0,2024,9.807,32.0000
A mid,B0,2024,9.840,32.0000
A mid,B0,2024,9.874,32.0000
A mid,B0,2024,9.911,32.0000
A mid,B0,2024,9.947,32.0000
A mid,B0,2024,9.983,32.0000
A mid,B0,2024,10.016,32.0000
A mid,B0,2024,10.052,32.0000
A mid,B0,2024,10.087,32.0000
A mid,B0,2024,10.122,32.0000
A mid,B0,2024,10.156,32.0000
A mid,B0,2024,10.197,32.0000
A mid,B0,2024,10.234,32.0000
A mid,B0,2024,10.271,32.0000
A mid,B0,2024,10.308,32.0000
A mid,B0,2024,10.350,32.0000
A mid,B0,2024,10.385,32.0000
A mid,B0,2024,10.421,32.0000
A mid,B0,2024,10.456,32.0000
A mid,B0,2024,10.489,32.0000
A mid,B0,2024,10.527,32.0000
A mid,B0,2024,10.563,32.0000
A mid,B0,2024,10.596,32.0000
A mid,B0,2024,10.628,32.0000
A mid,B0,2024,10.663,32.0000
A mid,B0,2024,10.695,32.0000
A mid,B0,2024,10.728,32.0000
A mid,B0,2024,10.758,32.0000
A mid,B0,2024,10.793,32.0000
A mid,B0,2024,10.826,32.0000
A mid,B0,2024,10.858,32.0000
A mid,B0,2024,10.892,32.0000
A mid,B0,2024,10.928,32.0000
A mid,B0,2024,10.960,32.0000
A mid,B0,2024,10.994,32.0000
A mid,B0,2024,11.026,32.0000
A mid,B0,2024,11.063,32.0000
A mid,B0,2024,11.098,32.0000
A mid,B0,2024,11.135,32.0000
A mid,B0,2024,11.172,32.0000
A mid,B0,2024,11.215,32.0000
A mid,B0,2024,11.247,32.0000
A mid,B0,2024,11.283,32.0000
A mid,B0,2024,11.317,32.0000
A mid,B0,2024,11.350,32.0000
A mid,B0,2024,11.390,32.0000
A mid,B0,2024,11.427,32.0000
A mid,B0,2024,11.463,32.0000
A mid,B0,2024,11.500,32.0000
A mid,B0,2024,11.540,32.0000
A mid,B0,2024,11.570,32.0000
A mid,B0,2024,11.602,32.0000
A mid,B0,2024,11.634,32.0000
A mid,B0,2024,11.669,32.0000
A mid,B0,2024,11.702,32.0000
A mid,B0,2024,11.736,32.0000
A mid,B0,2024,11.769,32.0000
A mid,B0,2024,11.806,32.0000
A mid,B0,2024,11.838,32.0000
A mid,B0,2024,11.868,32.0000
A mid,B0,2024,11.902,32.0000
A mid,B0,2024,11.938,32.0000
A mid,B0,2024,11.970,32.0000
A mid,B0,2024,12.004,32.0000
A mid,B0,2024,12.037,32.0000
A mid,B0,2024,12.075,32.0000
A mid,B0,2024,12.110,32.0000
A mid,B0,2024,12.144,32.0000
A mid,B0,2024,12.180,32.0000
A mid,B0,2024,12.222,32.0000
A mid,B0,2024,12.257,32.0000
A mid,B0,2024,12.292,32.0000
A mid,B0,2024,12.325,32.0000
A mid,B0,2024,12.357,32.0000
A mid,B0,2024,12.394,32.0000
A mid,B0,2024,12.428,32.0000
A mid,B0,2024,12.461,32.0000
A mid,B0,2024,12.495,32.0000
A mid,B0,2024,12.534,32.0000
A mid,B0,2024,12.568,32.0000
A mid,B0,2024,12.602,32.0000
A mid,B0,2024,12.636,32.0000
A mid,B0,2024,12.673,32.0000
A mid,B0,2024,12.708,32.0000
A mid,B0,2024,12.741,32.0000
A mid,B0,2024,12.774,32.0000
A mid,B0,2024,12.810,32.0000
A mid,B0,2024,12.842,32.0000
A mid,B0,2024,12.876,32.0000
A mid,B0,2024,12.908,32.0000
A mid,B0,2024,12.948,32.0000
A mid,B0,2024,12.982,32.0000
A mid,B0,2024,13.019,32.0000
A mid,B0,2024,13.055,32.0000
A mid,B0,2024,13.090,32.0000
A mid,B0,2024,13.130,32.0000
A mid,B0,2024,13.168,32.0000
A mid,B0,2024,13.208,32.0000
A mid,B0,2024,13.248,32.0000
A mid,B0,2024,13.290,32.0000
A mid,B0,2024,13.331,32.0000
A mid,B0,2024,13.371,32.0000
A mid,B0,2024,13.406,32.0000
A mid,B0,2024,13.441,32.0000
A mid,B0,2024,13.472,32.0000
A mid,B0,2024,13.504,32.0000
A mid,B0,2024,13.538,32.0000
A mid,B0,2024,13.575,32.0000
A mid,B0,2024,13.608,32.0000
A mid,B0,2024,13.640,32.0000
A mid,B0,2024,13.672,32.0000
A mid,B0,2024,13.708,32.0000
A mid,B0,2024,13.740,32.0000
A mid,B0,2024,13.774,32.0000
A mid,B0,2024,13.807,32.0000
A mid,B0,2024,13.839,32.0000
A mid,B0,2024,13.875,32.0000
A mid,B0,2024,13.909,32.0000
A mid,B0,2024,13.945,32.0000
A mid,B0,2024,13.982,32.0000
A mid,B0,2024,14.018,32.0000
A mid,B0,2024,14.054,32.0000
A mid,B0,2024,14.091,32.0000
A mid,B0,2024,14.128,32.0000
A mid,B0,2024,14.166,32.0000
A mid,B0,2024,14.202,32.0000
A mid,B0,2024,14.234,32.0000
A mid,B0,2024,14.267,32.0000
A mid,B0,2024,14.302,32.0000
A mid,B0,2024,14.335,32.0000
A mid,B0,2024,14.367,32.0000
A mid,B0,2024,14.402,32.0000
A mid,B0,2024,14.437,32.0000
A mid,B0,2024,14.470,32.0000
A mid,B0,2024,14.503,32.0000
A mid,B0,2024,14.535,32.0000
A mid,B0,2024,14.573,32.0000
A mid,B0,2024,14.605,32.0000
A mid,B0,2024,14.638,32.0000
A mid,B0,2024,14.671,32.0000
A mid,B0,2024,14.702,32.0000
A mid,B0,2024,14.739,32.0000
A mid,B0,2024,14.772,32.0000
A mid,B0,2024,14.804,32.0000
A mid,B0,2024,14.837,32.0000
A mid,B0,2024,14.873,32.0000
A mid,B0,2024,14.905,32.0000
A mid,B0,2024,14.937,32.0000
A mid,B0,2024,14.970,32.0000
A mid,B0,2024,15.006,32.0000
A mid,B0,2024,15.039,32.0000
A mid,B0,2024,15.072,32.0000
A mid,B0+,2024,0.048,45.0000
A mid,B0+,2024,0.090,43.0000
A mid,B0+,2024,0.132,40.0000
A mid,B0+,2024,0.181,39.0000
A mid,B0+,2024,0.221,39.0000
A mid,B0+,2024,0.259,39.0000
A mid,B0+,2024,0.298,39.0000
A mid,B0+,2024,0.339,39.0000
A mid,B0+,2024,0.377,39.0000
A mid,B0+,2024,0.416,39.0000
A mid,B0+,2024,0.458,39.0000
A mid,B0+,2024,0.494,39.0000
A mid,B0+,2024,0.532,38.0000
A mid,B0+,2024,0.571,37.0000
A mid,B0+,2024,0.612,35.0000
A mid,B0+,2024,0.651,35.0000
A mid,B0+,2024,0.687,35.0000
A mid,B0+,2024,0.724,35.0000
A mid,B0+,2024,0.765,34.0000
A mid,B0+,2024,0.801,34.0000
A mid,B0+,2024,0.838,32.0000
A mid,B0+,2024,0.875,32.0000
A mid,B0+,2024,0.914,32.0000
A mid,B0+,2024,0.950,32.0000
A mid,B0+,2024,0.987,32.0000
A mid,B0+,2024,1.022,32.0000
A mid,B0+,2024,1.061,32.0000
A mid,B0+,2024,1.099,32.0000
A mid,B0+,2024,1.138,32.0000
A mid,B0+,2024,1.174,32.0000
A mid,B0+,2024,1.209,32.0000
A mid,B0+,2024,1.247,32.0000
A mid,B0+,2024,1.277,32.0000
A mid,B0+,2024,1.309,32.0000
A mid,B0+,2024,1.343,32.0000
A mid,B0+,2024,1.379,32.0000
A mid,B0+,2024,1.411,32.0000
A mid,B0+,2024,1.442,32.0000
A mid,B0+,2024,1.476,32.0000
A mid,B0+,2024,1.512,32.0000
A mid,B0+,2024,1.545,32.0000
A mid,B0+,2024,1.577,32.0000
A mid,B0+,2024,1.610,32.0000
A mid,B0+,2024,1.646,32.0000
A mid,B0+,2024,1.678,32.0000
A mid,B0+,2024,1.711,32.0000
A mid,B0+,2024,1.744,32.0000
A mid,B0+,2024,1.778,32.0000
A mid,B0+,2024,1.815,32.0000
A mid,B0+,2024,1.848,32.0000
A mid,B0+,2024,1.884,32.0000
A mid,B0+,2024,1.917,32.0000
A mid,B0+,2024,1.954,32.0000
A mid,B0+,2024,1.988,32.0000
A mid,B0+,2024,2.021,32.0000
A mid,B0+,2024,2.055,32.0000
A mid,B0+,2024,2.092,32.0000
A mid,B0+,2024,2.125,32.0000
A mid,B0+,2024,2.158,32.0000
A mid,B0+,2024,2.192,32.0000
A mid,B0+,2024,2.229,32.0000
A mid,B0+,2024,2.263,32.0000
A mid,B0+,2024,2.297,32.0000
A mid,B0+,2024,2.330,32.0000
A mid,B0+,2024,2.367,32.0000
A mid,B0+,2024,2.400,32.0000
A mid,B0+,2024,2.434,32.0000
A mid,B0+,2024,2.468,32.0000
A mid,B0+,2024,2.508,32.0000
A mid,B0+,2024,2.541,32.0000
A mid,B0+,2024,2.575,32.0000
A mid,B0+,2024,2.608,32.0000
A mid,B0+,2024,2.642,32.0000
A mid,B0+,2024,2.678,32.0000
A mid,B0+,2024,2.712,32.0000
A mid,B0+,2024,2.746,32.0000
A mid,B0+,2024,2.779,32.0000
A mid,B0+,2024,2.816,32.0000
A mid,B0+,2024,2.850,32.0000
A mid,B0+,2024,2.883,32.0000
A mid,B0+,2024,2.917,32.0000
A mid,B0+,2024,2.954,32.0000
A mid,B0+,2024,2.989,32.0000
A mid,B0+,2024,3.026,32.0000
A mid,B0+,2024,3.060,32.0000
A mid,B0+,2024,3.100,32.0000
A mid,B0+,2024,3.137,32.0000
A mid,B0+,2024,3.175,32.0000
A mid,B0+,2024,3.208,32.0000
A mid,B0+,2024,3.244,32.0000
A mid,B0+,2024,3.279,32.0000
A mid,B0+,2024,3.311,32.0000
A mid,B0+,2024,3.345,32.0000
A mid,B0+,2024,3.383,32.0000
A mid,B0+,2024,3.416,32.0000
A mid,B0+,2024,3.451,32.0000
A mid,B0+,2024,3.482,32.0000
A mid,B0+,2024,3.518,32.0000
A mid,B0+,2024,3.557,32.0000
A mid,B0+,2024,3.593,32.0000
A mid,B0+,2024,3.630,32.0000
A mid,B0+,2024,3.665,32.0000
A mid,B0+,2024,3.705,32.0000
A mid,B0+,2024,3.740,32.0000
A mid,B0+,2024,3.776,32.0000
A mid,B0+,2024,3.811,32.0000
A mid,B0+,2024,3.851,32.0000
A mid,B0+,2024,3.888,32.0000
A mid,B0+,2024,3.925,32.0000
A mid,B0+,2024,3.961,32.0000
A mid,B0+,2024,4.002,32.0000
A mid,B0+,2024,4.039,32.0000
A mid,B0+,2024,4.075,32.0000
A mid,B0+,2024,4.114,32.0000
A mid,B0+,2024,4.158,32.0000
A mid,B0+,2024,4.194,32.0000
A mid,B0+,2024,4.230,32.0000
A mid,B0+,2024,4.265,32.0000
A mid,B0+,2024,4.304,32.0000
A mid,B0+,2024,4.334,32.0000
A mid,B0+,2024,4.369,32.0000
A mid,B0+,2024,4.402,32.0000
A mid,B0+,2024,4.435,32.0000
A mid,B0+,2024,4.470,32.0000
A mid,B0+,2024,4.503,32.0000
A mid,B0+,2024,4.536,32.0000
A mid,B0+,2024,4.570,32.0000
A mid,B0+,2024,4.607,32.0000
A mid,B0+,2024,4.639,32.0000
A mid,B0+,2024,4.673,32.0000
A mid,B0+,2024,4.705,32.0000
A mid,B0+,2024,4.743,32.0000
A mid,B0+,2024,4.778,32.0000
A mid,B0+,2024,4.814,32.0000
A mid,B0+,2024,4.849,32.0000
A mid,B0+,2024,4.889,32.0000
A mid,B0+,2024,4.926,32.0000
A mid,B0+,2024,4.963,32.0000
A mid,B0+,2024,4.999,32.0000
A mid,B0+,2024,5.039,32.0000
A mid,B0+,2024,5.075,32.0000
A mid,B0+,2024,5.111,32.0000
A mid,B0+,2024,5.148,32.0000
A mid,B0+,2024,5.189,32.0000
A mid,B0+,2024,5.225,32.0000
A mid,B0+,2024,5.263,32.0000
A mid,B0+,2024,5.299,32.0000
A mid,B0+,2024,5.337,32.0000
A mid,B0+,2024,5.373,32.0000
A mid,B0+,2024,5.409,32.0000
A mid,B0+,2024,5.446,32.0000
A mid,B0+,2024,5.486,32.0000
A mid,B0+,2024,5.523,32.0000
A mid,B0+,2024,5.556,32.0000
A mid,B0+,2024,5.590,32.0000
A mid,B0+,2024,5.623,32.0000
A mid,B0+,2024,5.664,32.0000
A mid,B0+,2024,5.700,32.0000
A mid,B0+,2024,5.733,32.0000
A mid,B0+,2024,5.768,32.0000
A mid,B0+,2024,5.802,32.0000
A mid,B0+,2024,5.835,32.0000
A mid,B0+,2024,5.869,32.0000
A mid,B0+,2024,5.904,32.0000
A mid,B0+,2024,5.944,32.0000
A mid,B0+,2024,5.980,32.0000
A mid,B0+,2024,6.016,32.0000
A mid,B0+,2024,6.053,32.0000
A mid,B0+,2024,6.095,32.0000
A mid,B0+,2024,6.133,32.0000
A mid,B0+,2024,6.171,32.0000
A mid,B0+,2024,6.210,32.0000
A mid,B0+,2024,6.251,32.0000
A mid,B0+,2024,6.288,32.0000
A mid,B0+,2024,6.325,32.0000
A mid,B0+,2024,6.361,32.0000
A mid,B0+,2024,6.402,32.0000
A mid,B0+,2024,6.438,32.0000
A mid,B0+,2024,6.475,32.0000
A mid,B0+,2024,6.512,32.0000
A mid,B0+,2024,6.553,32.0000
A mid,B0+,2024,6.589,32.0000
A mid,B0+,2024,6.626,32.0000
A mid,B0+,2024,6.661,32.0000
A mid,B0+,2024,6.697,32.0000
A mid,B0+,2024,6.740,32.0000
A mid,B0+,2024,6.772,32.0000
A mid,B0+,2024,6.804,32.0000
A mid,B0+,2024,6.837,32.0000
A mid,B0+,2024,6.875,32.0000
A mid,B0+,2024,6.910,32.0000
A mid,B0+,2024,6.943,32.0000
A mid,B0+,2024,6.976,32.0000
A mid,B0+,2024,7.011,32.0000
A mid,B0+,2024,7.046,32.0000
A mid,B0+,2024,7.083,32.0000
A mid,B0+,2024,7.123,32.0000
A mid,B0+,2024,7.165,32.0000
A mid,B0+,2024,7.204,32.0000
A mid,B0+,2024,7.241,32.0000
A mid,B0+,2024,7.276,32.0000
A mid,B0+,2024,7.317,32.0000
A mid,B0+,2024,7.352,32.0000
A mid,B0+,2024,7.387,32.0000
A mid,B0+,2024,7.424,32.0000
A mid,B0+,2024,7.465,32.0000
A mid,B0+,2024,7.502,32.0000
A mid,B0+,2024,7.539,32.0000
A mid,B0+,2024,7.575,32.0000
A mid,B0+,2024,7.612,32.0000
A mid,B0+,2024,7.646,32.0000
A mid,B0+,2024,7.680,32.0000
A mid,B0+,2024,7.712,32.0000
A mid,B0+,2024,7.747,32.0000
A mid,B0+,2024,7.783,32.0000
A mid,B0+,2024,7.818,32.0000
A mid,B0+,2024,7.867,32.0000
A mid,B0+,2024,7.915,32.0000
A mid,B0+,2024,7.964,32.0000
A mid,B0+,2024,8.010,32.0000
A mid,B0+,2024,8.050,32.0000
A mid,B0+,2024,8.088,32.0000
A mid,B0+,2024,8.133,32.0000
A mid,B0+,2024,8.172,32.0000
A mid,B0+,2024,8.210,32.0000
A mid,B0+,2024,8.247,32.0000
A mid,B0+,2024,8.288,32.0000
A mid,B0+,2024,8.327,32.0000
A mid,B0+,2024,8.362,32.0000
A mid,B0+,2024,8.399,32.0000
A mid,B0+,2024,8.435,32.0000
A mid,B0+,2024,8.466,32.0000
A mid,B0+,2024,8.502,32.0000
A mid,B0+,2024,8.540,32.0000
A mid,B0+,2024,8.570,32.0000
A mid,B0+,2024,8.605,32.0000
A mid,B0+,2024,8.641,32.0000
A mid,B0+,2024,8.676,32.0000
A mid,B0+,2024,8.711,32.0000
A mid,B0+,2024,8.750,32.0000
A mid,B0+,2024,8.781,32.0000
A mid,B0+,2024,8.814,32.0000
A mid,B0+,2024,8.847,32.0000
A mid,B0+,2024,8.883,32.0000
A mid,B0+,2024,8.916,32.0000
A mid,B0+,2024,8.951,32.0000
A mid,B0+,2024,8.985,32.0000
A mid,B0+,2024,9.023,32.0000
A mid,B0+,2024,9.060,32.0000
A mid,B0+,2024,9.099,32.0000
A mid,B0+,2024,9.139,32.0000
A mid,B0+,2024,9.181,32.0000
A mid,B0+,2024,9.217,32.0000
A mid,B0+,2024,9.253,32.0000
A mid,B0+,2024,9.293,32.0000
A mid,B0+,2024,9.333,32.0000
A mid,B0+,2024,9.369,32.0000
A mid,B0+,2024,9.402,32.0000
A mid,B0+,2024,9.433,32.0000
A mid,B0+,2024,9.466,32.0000
A mid,B0+,2024,9.502,32.0000
A mid,B0+,2024,9.536,32.0000
A mid,B0+,2024,9.567,32.0000
A mid,B0+,2024,9.600,32.0000
A mid,B0+,2024,9.637,32.0000
A mid,B0+,2024,9.670,32.0000
A mid,B0+,2024,9.704,32.0000
A mid,B0+,2024,9.737,32.0000
A mid,B0+,2024,9.775,32.0000
A mid,B0+,2024,9.807,32.0000
A mid,B0+,2024,9.840,32.0000
A mid,B0+,2024,9.874,32.0000
A mid,B0+,2024,9.911,32.0000
A mid,B0+,2024,9.947,32.0000
A mid,B0+,2024,9.983,32.0000
A mid,B0+,2024,10.016,32.0000
A mid,B0+,2024,10.052,32.0000
A mid,B0+,2024,10.087,32.0000
A mid,B0+,2024,10.122,32.0000
A mid,B0+,2024,10.156,32.0000
A mid,B0+,2024,10.197,32.0000
A mid,B0+,2024,10.234,32.0000
A mid,B0+,2024,10.271,32.0000
A mid,B0+,2024,10.308,32.0000
A mid,B0+,2024,10.350,32.0000
A mid,B0+,2024,10.385,32.0000
A mid,B0+,2024,10.421,32.0000
A mid,B0+,2024,10.456,32.0000
A mid,B0+,2024,10.489,32.0000
A mid,B0+,2024,10.527,32.0000
A mid,B0+,2024,10.563,32.0000
A mid,B0+,2024,10.596,32.0000
A mid,B0+,2024,10.628,32.0000
A mid,B0+,2024,10.663,32.0000
A mid,B0+,2024,10.695,32.0000
A mid,B0+,2024,10.728,32.0000
A mid,B0+,2024,10.758,32.0000
A mid,B0+,2024,10.793,32.0000
A mid,B0+,2024,10.826,32.0000
A mid,B0+,2024,10.858,32.0000
A mid,B0+,2024,10.892,32.0000
A mid,B0+,2024,10.928,32.0000
A mid,B0+,2024,10.960,32.0000
A mid,B0+,2024,10.994,32.0000
A mid,B0+,2024,11.026,32.0000
A mid,B0+,2024,11.063,32.0000
A mid,B0+,2024,11.098,32.0000
A mid,B0+,2024,11.135,32.0000
A mid,B0+,2024,11.172,32.0000
A mid,B0+,2024,11.215,32.0000
A mid,B0+,2024,11.247,32.0000
A mid,B0+,2024,11.283,32.0000
A mid,B0+,2024,11.317,32.0000
A mid,B0+,2024,11.350,32.0000
A mid,B0+,2024,11.390,32.0000
A mid,B0+,2024,11.427,32.0000
A mid,B0+,2024,11.463,32.0000
A mid,B0+,2024,11.500,32.0000
A mid,B0+,2024,11.540,32.0000
A mid,B0+,2024,11.570,32.0000
A mid,B0+,2024,11.602,32.0000
A mid,B0+,2024,11.634,32.0000
A mid,B0+,2024,11.669,32.0000
A mid,B0+,2024,11.702,32.0000
A mid,B0+,2024,11.736,32.0000
A mid,B0+,2024,11.769,32.0000
A mid,B0+,2024,11.806,32.0000
A mid,B0+,2024,11.838,32.0000
A mid,B0+,2024,11.868,32.0000
A mid,B0+,2024,11.902,32.0000
A mid,B0+,2024,11.938,32.0000
A mid,B0+,2024,11.970,32.0000
A mid,B0+,2024,12.004,32.0000
A mid,B0+,2024,12.037,32.0000
A mid,B0+,2024,12.075,32.0000
A mid,B0+,2024,12.110,32.0000
A mid,B0+,2024,12.144,32.0000
A mid,B0+,2024,12.180,32.0000
A mid,B0+,2024,12.222,32.0000
A mid,B0+,2024,12.257,32.0000
A mid,B0+,2024,12.292,32.0000
A mid,B0+,2024,12.325,32.0000
A mid,B0+,2024,12.357,32.0000
A mid,B0+,2024,12.394,32.0000
A mid,B0+,2024,12.428,32.0000
A mid,B0+,2024,12.461,32.0000
A mid,B0+,2024,12.495,32.0000
A mid,B0+,2024,12.534,32.0000
A mid,B0+,2024,12.568,32.0000
A mid,B0+,2024,12.602,32.0000
A mid,B0+,2024,12.636,32.0000
A mid,B0+,2024,12.673,32.0000
A mid,B0+,2024,12.708,32.0000
A mid,B0+,2024,12.741,32.0000
A mid,B0+,2024,12.774,32.0000
A mid,B0+,2024,12.810,32.0000
A mid,B0+,2024,12.842,32.0000
A mid,B0+,2024,12.876,32.0000
A mid,B0+,2024,12.908,32.0000
A mid,B0+,2024,12.948,32.0000
A mid,B0+,2024,12.982,32.0000
A mid,B0+,2024,13.019,32.0000
A mid,B0+,2024,13.055,32.0000
A mid,B0+,2024,13.090,32.0000
A mid,B0+,2024,13.130,32.0000
A mid,B0+,2024,13.168,32.0000
A mid,B0+,2024,13.208,32.0000
A mid,B0+,2024,13.248,32.0000
A mid,B0+,2024,13.290,32.0000
A mid,B0+,2024,13.331,32.0000
A mid,B0+,2024,13.371,32.0000
A mid,B0+,2024,13.406,32.0000
A mid,B0+,2024,13.441,32.0000
A mid,B0+,2024,13.472,32.0000
A mid,B0+,2024,13.504,32.0000
A mid,B0+,2024,13.538,32.0000
A mid,B0+,2024,13.575,32.0000
A mid,B0+,2024,13.608,32.0000
A mid,B0+,2024,13.640,32.0000
A mid,B0+,2024,13.672,32.0000
A mid,B0+,2024,13.708,32.0000
A mid,B0+,2024,13.740,32.0000
A mid,B0+,2024,13.774,32.0000
A mid,B0+,2024,13.807,32.0000
A mid,B0+,2024,13.839,32.0000
A mid,B0+,2024,13.875,32.0000
A mid,B0+,2024,13.909,32.0000
A mid,B0+,2024,13.945,32.0000
A mid,B0+,2024,13.982,32.0000
A mid,B0+,2024,14.018,32.0000
A mid,B0+,2024,14.054,32.0000
A mid,B0+,2024,14.091,32.0000
A mid,B0+,2024,14.128,32.0000
A mid,B0+,2024,14.166,32.0000
A mid,B0+,2024,14.202,32.0000
A mid,B0+,2024,14.234,32.0000
A mid,B0+,2024,14.267,32.0000
A mid,B0+,2024,14.302,32.0000
A mid,B0+,2024,14.335,32.0000
A mid,B0+,2024,14.367,32.0000
A mid,B0+,2024,14.402,32.0000
A mid,B0+,2024,14.437,32.0000
A mid,B0+,2024,14.470,32.0000
A mid,B0+,2024,14.503,32.0000
A mid,B0+,2024,14.535,32.0000
A mid,B0+,2024,14.573,32.0000
A mid,B0+,2024,14.605,32.0000
A mid,B0+,2024,14.638,32.0000
A mid,B0+,2024,14.671,32.0000
A mid,B0+,2024,14.702,32.0000
A mid,B0+,2024,14.739,32.0000
A mid,B0+,2024,14.772,32.0000
A mid,B0+,2024,14.804,32.0000
A mid,B0+,2024,14.837,32.0000
A mid,B0+,2024,14.873,32.0000
A mid,B0+,2024,14.905,32.0000
A mid,B0+,2024,14.937,32.0000
A mid,B0+,2024,14.970,32.0000
A mid,B0+,2024,15.006,32.0000
A mid,B0+,2024,15.039,32.0000
A mid,B0+,2024,15.072,32.0000
A mid,B1,2024,0.455,61.0000
A mid,B1,2024,0.852,53.0000
A mid,B1,2024,1.349,52.0000
A mid,B1,2024,1.744,51.0000
A mid,B1,2024,2.132,51.0000
A mid,B1,2024,2.476,51.0000
A mid,B1,2024,2.829,51.0000
A mid,B1,2024,3.180,51.0000
A mid,B1,2024,3.504,51.0000
A mid,B1,2024,3.827,51.0000
A mid,B1,2024,4.164,51.0000
A mid,B1,2024,4.481,51.0000
A mid,B1,2024,4.805,49.0000
A mid,B1,2024,5.123,46.0000
A mid,B1,2024,5.436,46.0000
A mid,B1,2024,5.750,46.0000
A mid,B1,2024,6.072,46.0000
A mid,B1,2024,6.394,46.0000
A mid,B1,2024,6.694,46.0000
A mid,B1,2024,7.008,45.0000
A mid,B1,2024,7.315,45.0000
A mid,B1,2024,7.625,45.0000
A mid,B1,2024,7.920,44.0000
A mid,B1,2024,8.220,44.0000
A mid,B1,2024,8.506,44.0000
A mid,B1,2024,8.765,44.0000
A mid,B1,2024,9.024,44.0000
A mid,B1,2024,9.300,44.0000
A mid,B1,2024,9.554,43.0000
A mid,B1,2024,9.804,43.0000
A mid,B1,2024,10.065,43.0000
A mid,B1,2024,10.319,43.0000
A mid,B1,2024,10.598,43.0000
A mid,B1,2024,10.862,43.0000
A mid,B1,2024,11.133,42.0000
A mid,B1,2024,11.432,42.0000
A mid,B1,2024,11.746,42.0000
A mid,B1,2024,12.067,42.0000
A mid,B1,2024,12.362,42.0000
A mid,B1,2024,12.668,42.0000
A mid,B1,2024,12.988,42.0000
A mid,B1,2024,13.299,42.0000
A mid,B1,2024,13.604,42.0000
A mid,B1,2024,13.910,42.0000
A mid,B1,2024,14.194,42.0000
A mid,B1,2024,14.503,42.0000
A mid,B1,2024,14.814,42.0000
A mid,B1,2024,15.107,42.0000
A mid,B1,2024,15.390,42.0000
A mid,B1,2024,15.676,42.0000
A mid,B1,2024,15.966,42.0000
A mid,B1,2024,16.272,42.0000
A mid,B1,2024,16.566,41.0000
A mid,B1,2024,16.836,41.0000
A mid,B1,2024,17.097,41.0000
A mid,B1,2024,17.360,41.0000
A mid,B1,2024,17.612,41.0000
A mid,B1,2024,17.866,41.0000
A mid,B1,2024,18.114,41.0000
A mid,B1,2024,18.359,41.0000
A mid,B1,2024,18.611,41.0000
A mid,B1,2024,18.864,41.0000
A mid,B1,2024,19.121,41.0000
A mid,B1,2024,19.382,41.0000
A mid,B1,2024,19.636,41.0000
A mid,B1,2024,19.891,41.0000
A mid,B1,2024,20.170,41.0000
A mid,B1,2024,20.435,41.0000
A mid,B1,2024,20.697,41.0000
A mid,B1,2024,20.951,41.0000
A mid,B1,2024,21.217,41.0000
A mid,B1,2024,21.469,41.0000
A mid,B1,2024,21.733,41.0000
A mid,B1,2024,22.053,41.0000
A mid,B1,2024,22.320,41.0000
A mid,B1,2024,22.578,41.0000
A mid,B1,2024,22.868,41.0000
A mid,B1,2024,23.156,41.0000
A mid,B1,2024,23.450,41.0000
A mid,B1,2024,23.710,41.0000
A mid,B1,2024,23.972,41.0000
A mid,B1,2024,24.240,41.0000
A mid,B1,2024,24.493,41.0000
A mid,B1,2024,24.757,41.0000
A mid,B1,2024,25.009,41.0000
A mid,B1,2024,25.270,41.0000
A mid,B1,2024,25.557,41.0000
A mid,B1,2024,25.815,41.0000
A mid,B1,2024,26.075,41.0000
A mid,B1,2024,26.357,41.0000
A mid,B1,2024,26.630,41.0000
A mid,B1,2024,26.883,41.0000
A mid,B1,2024,27.133,41.0000
A mid,B1,2024,27.383,41.0000
A mid,B1,2024,27.641,41.0000
A mid,B1,2024,27.887,41.0000
A mid,B1,2024,28.162,41.0000
A mid,B1,2024,28.430,41.0000
A mid,B1,2024,28.685,41.0000
A mid,B1,2024,28.941,41.0000
A mid,B1,2024,29.194,41.0000
A mid,B1,2024,29.447,41.0000
A mid,B1,2024,29.713,41.0000
A mid,B1,2024,29.975,41.0000
A mid,B1,2024,30.247,41.0000
A mid,B1,2024,30.523,41.0000
A mid,B1,2024,30.800,41.0000
A mid,B1,2024,31.068,41.0000
A mid,B1,2024,31.323,41.0000
A mid,B1,2024,31.580,41.0000
A mid,B1,2024,31.839,41.0000
A mid,B1,2024,32.095,41.0000
A mid,B1,2024,32.359,41.0000
A mid,B1,2024,32.625,41.0000
A mid,B1,2024,32.882,41.0000
A mid,B1,2024,33.155,41.0000
A mid,B1,2024,33.408,41.0000
A mid,B1,2024,33.663,41.0000
A mid,B1,2024,33.911,41.0000
A mid,B1,2024,34.168,41.0000
A mid,B1,2024,34.421,41.0000
A mid,B1,2024,34.669,41.0000
A mid,B1,2024,34.920,41.0000
A mid,B1,2024,35.170,41.0000
A mid,B1,2024,35.436,41.0000
A mid,B1,2024,35.715,41.0000
A mid,B1,2024,35.965,41.0000
A mid,B1,2024,36.219,41.0000
A mid,B1,2024,36.466,41.0000
A mid,B1,2024,36.715,41.0000
A mid,B1,2024,36.964,41.0000
A mid,B1,2024,37.218,41.0000
A mid,B1,2024,37.466,41.0000
A mid,B1,2024,37.719,41.0000
A mid,B1,2024,37.969,41.0000
A mid,B1,2024,38.228,41.0000
A mid,B1,2024,38.488,41.0000
A mid,B1,2024,38.738,41.0000
A mid,B1,2024,38.995,41.0000
A mid,B1,2024,39.239,41.0000
A mid,B1,2024,39.488,41.0000
A mid,B1,2024,39.737,41.0000
A mid,B1,2024,39.993,41.0000
A mid,B1,2024,40.256,41.0000
A mid,B1,2024,40.518,41.0000
A mid,B1,2024,40.770,41.0000
A mid,B1,2024,41.024,41.0000
A mid,B1,2024,41.274,41.0000
A mid,B1,2024,41.539,41.0000
A mid,B1,2024,41.794,41.0000
A mid,B1,2024,42.051,41.0000
A mid,B1,2024,42.319,41.0000
A mid,B1,2024,42.571,41.0000
A mid,B1,2024,42.833,41.0000
A mid,B1,2024,43.086,41.0000
A mid,B1,2024,43.340,41.0000
A mid,B1,2024,43.601,40.0000
A mid,B1,2024,43.860,40.0000
A mid,B1,2024,44.118,40.0000
A mid,B1,2024,44.371,40.0000
A mid,B1,2024,44.633,40.0000
A mid,B1,2024,44.884,40.0000
A mid,B1,2024,45.135,40.0000
A mid,B1,2024,45.387,40.0000
A mid,B1,2024,45.643,40.0000
A mid,B1,2024,45.891,40.0000
A mid,B1,2024,46.153,40.0000
A mid,B1,2024,46.396,40.0000
A mid,B1,2024,46.658,40.0000
A mid,B1,2024,46.907,40.0000
A mid,B1,2024,47.153,40.0000
A mid,B1,2024,47.410,40.0000
A mid,B1,2024,47.675,40.0000
A mid,B1,2024,47.915,40.0000
A mid,B1,2024,48.178,40.0000
A mid,B1,2024,48.446,40.0000
A mid,B1,2024,48.718,40.0000
A mid,B1,2024,48.965,40.0000
A mid,B1,2024,49.217,40.0000
A mid,B1,2024,49.471,40.0000
A mid,B1,2024,49.718,40.0000
A mid,B1,2024,49.962,40.0000
A mid,B1,2024,50.219,40.0000
A mid,B1,2024,50.468,40.0000
A mid,B1,2024,50.733,40.0000
A mid,B1,2024,50.992,40.0000
A mid,B1,2024,51.252,40.0000
A mid,B1,2024,51.507,40.0000
A mid,B1,2024,51.759,40.0000
A mid,B1,2024,51.996,40.0000
A mid,B1,2024,52.253,40.0000
A mid,B1,2024,52.502,40.0000
A mid,B1,2024,52.762,40.0000
A mid,B1,2024,53.009,40.0000
A mid,B1,2024,53.266,40.0000
A mid,B1,2024,53.530,40.0000
A mid,B1,2024,53.776,40.0000
A mid,B1,2024,54.028,40.0000
A mid,B1,2024,54.276,40.0000
A mid,B1,2024,54.518,40.0000
A mid,B1,2024,54.769,40.0000
A mid,B1,2024,55.014,40.0000
A mid,B1,2024,55.265,40.0000
A mid,B1,2024,55.508,40.0000
A mid,B1,2024,55.750,40.0000
A mid,B1,2024,55.998,40.0000
A mid,B1,2024,56.240,40.0000
A mid,B1,2024,56.519,40.0000
A mid,B1,2024,56.786,40.0000
A mid,B1,2024,57.041,40.0000
A mid,B1,2024,57.295,40.0000
A mid,B1,2024,57.541,40.0000
A mid,B1,2024,57.788,40.0000
A mid,B1,2024,58.040,40.0000
A mid,B1,2024,58.291,40.0000
A mid,B1,2024,58.544,40.0000
A mid,B1,2024,58.805,40.0000
A mid,B1,2024,59.068,40.0000
A mid,B1,2024,59.327,40.0000
A mid,B1,2024,59.572,40.0000
A mid,B1,2024,59.823,40.0000
A mid,B1,2024,60.076,40.0000
A mid,B1,2024,60.340,40.0000
A mid,B1,2024,60.607,40.0000
A mid,B1,2024,60.864,40.0000
A mid,B1,2024,61.124,40.0000
A mid,B1,2024,61.393,40.0000
A mid,B1,2024,61.661,40.0000
A mid,B1,2024,61.919,40.0000
A mid,B1,2024,62.159,40.0000
A mid,B1,2024,62.400,40.0000
A mid,B1,2024,62.654,40.0000
A mid,B1,2024,62.902,40.0000
A mid,B1,2024,63.162,40.0000
A mid,B1,2024,63.423,40.0000
A mid,B1,2024,63.672,40.0000
A mid,B1,2024,63.920,40.0000
A mid,B1,2024,64.165,40.0000
A mid,B1,2024,64.406,40.0000
A mid,B1,2024,64.655,40.0000
A mid,B1,2024,64.899,40.0000
A mid,B1,2024,65.144,40.0000
A mid,B1,2024,65.388,40.0000
A mid,B1,2024,65.631,40.0000
A mid,B1,2024,65.891,40.0000
A mid,B1,2024,66.139,40.0000
A mid,B1,2024,66.408,40.0000
A mid,B1,2024,66.673,40.0000
A mid,B1,2024,66.933,40.0000
A mid,B1,2024,67.193,40.0000
A mid,B1,2024,67.438,40.0000
A mid,B1,2024,67.681,40.0000
A mid,B1,2024,67.929,40.0000
A mid,B1,2024,68.170,40.0000
A mid,B1,2024,68.419,40.0000
A mid,B1,2024,68.663,40.0000
A mid,B1,2024,68.913,40.0000
A mid,B1,2024,69.158,40.0000
A mid,B1,2024,69.404,40.0000
A mid,B1,2024,69.662,40.0000
A mid,B1,2024,69.923,40.0000
A mid,B1,2024,70.170,40.0000
A mid,B1,2024,70.417,40.0000
A mid,B1,2024,70.656,40.0000
A mid,B1,2024,70.911,40.0000
A mid,B1,2024,71.163,40.0000
A mid,B1,2024,71.417,40.0000
A mid,B1,2024,71.665,40.0000
A mid,B1,2024,71.917,40.0000
A mid,B1,2024,72.157,40.0000
A mid,B1,2024,72.401,40.0000
A mid,B1,2024,72.638,40.0000
A mid,B1,2024,72.881,40.0000
A mid,B1,2024,73.138,40.0000
A mid,B1,2024,73.386,40.0000
A mid,B1,2024,73.639,40.0000
A mid,B1,2024,73.897,40.0000
A mid,B1,2024,74.152,40.0000
A mid,B1,2024,74.401,40.0000
A mid,B1,2024,74.645,40.0000
A mid,B1,2024,74.904,40.0000
A mid,B1,2024,75.145,40.0000
A mid,B1,2024,75.388,40.0000
A mid,B1,2024,75.635,40.0000
A mid,B1,2024,75.878,40.0000
A mid,B1,2024,76.134,40.0000
A mid,B1,2024,76.378,40.0000
A mid,B1,2024,76.623,40.0000
A mid,B1,2024,76.872,40.0000
A mid,B1,2024,77.119,40.0000
A mid,B1,2024,77.374,40.0000
A mid,B1,2024,77.624,40.0000
A mid,B1,2024,77.901,40.0000
A mid,B1,2024,78.152,40.0000
A mid,B1,2024,78.395,40.0000
A mid,B1,2024,78.639,40.0000
A mid,B1,2024,78.896,40.0000
A mid,B1,2024,79.144,40.0000
A mid,B1,2024,79.394,40.0000
A mid,B1,2024,79.639,40.0000
A mid,B1,2024,79.907,40.0000
A mid,B1,2024,80.176,40.0000
A mid,B1,2024,80.421,40.0000
A mid,B1,2024,80.676,40.0000
A mid,B1,2024,80.914,40.0000
A mid,B1,2024,81.165,40.0000
A mid,B1,2024,81.418,40.0000
A mid,B1,2024,81.660,40.0000
A mid,B1,2024,81.916,40.0000
A mid,B1,2024,82.173,40.0000
A mid,B1,2024,82.423,40.0000
A mid,B1,2024,82.681,40.0000
A mid,B1,2024,82.935,40.0000
A mid,B1,2024,83.179,40.0000
A mid,B1,2024,83.439,40.0000
A mid,B1,2024,83.683,40.0000
A mid,B1,2024,83.951,40.0000
A mid,B1,2024,84.196,40.0000
A mid,B1,2024,84.445,40.0000
A mid,B1,2024,84.708,40.0000
A mid,B1,2024,84.969,40.0000
A mid,B1,2024,85.241,40.0000
A mid,B1,2024,85.486,40.0000
A mid,B1,2024,85.731,40.0000
A mid,B1,2024,86.004,40.0000
A mid,B1,2024,86.248,40.0000
A mid,B1,2024,86.514,40.0000
A mid,B1,2024,86.760,40.0000
A mid,B1,2024,87.012,40.0000
A mid,B1,2024,87.264,40.0000
A mid,B1,2024,87.522,40.0000
A mid,B1,2024,87.787,40.0000
A mid,B1,2024,88.034,40.0000
A mid,B1,2024,88.286,40.0000
A mid,B1,2024,88.534,40.0000
A mid,B1,2024,88.779,40.0000
A mid,B1,2024,89.020,40.0000
A mid,B1,2024,89.268,40.0000
A mid,B1,2024,89.551,40.0000
A mid,B1,2024,89.833,40.0000
A mid,B1,2024,90.102,40.0000
A mid,B2,2024,2.336,54.0000
A mid,B2,2024,4.626,53.0000
A mid,B2,2024,6.826,51.0000
A mid,B2,2024,8.983,50.0000
A mid,B2,2024,11.015,47.0000
A mid,B2,2024,13.021,47.0000
A mid,B2,2024,14.960,47.0000
A mid,B2,2024,16.886,47.0000
A mid,B2,2024,18.773,47.0000
A mid,B2,2024,20.657,47.0000
A mid,B2,2024,22.561,47.0000
A mid,B2,2024,24.512,47.0000
A mid,B2,2024,26.535,47.0000
A mid,B2,2024,28.434,47.0000
A mid,B2,2024,30.164,43.0000
A mid,B2,2024,31.833,43.0000
A mid,B2,2024,33.437,43.0000
A mid,B2,2024,35.117,43.0000
A mid,B2,2024,36.901,43.0000
A mid,B2,2024,38.496,43.0000
A mid,B2,2024,40.117,43.0000
A mid,B2,2024,41.677,43.0000
A mid,B2,2024,43.295,40.0000
A mid,B2,2024,44.790,40.0000
A mid,B2,2024,46.230,40.0000
A mid,B2,2024,47.712,40.0000
A mid,B2,2024,49.172,40.0000
A mid,B2,2024,50.652,40.0000
A mid,B2,2024,52.101,40.0000
A mid,B2,2024,53.510,40.0000
A mid,B2,2024,54.932,40.0000
A mid,B2,2024,56.302,40.0000
A mid,B2,2024,57.662,40.0000
A mid,B2,2024,59.075,40.0000
A mid,B2,2024,60.461,40.0000
A mid,B2,2024,61.880,40.0000
A mid,B2,2024,63.261,40.0000
A mid,B2,2024,64.671,40.0000
A mid,B2,2024,66.053,40.0000
A mid,B2,2024,67.448,40.0000
A mid,B2,2024,68.792,40.0000
A mid,B2,2024,70.161,40.0000
A mid,B2,2024,71.551,40.0000
A mid,B2,2024,72.940,40.0000
A mid,B2,2024,74.314,40.0000
A mid,B2,2024,75.747,40.0000
A mid,B2,2024,77.168,40.0000
A mid,B2,2024,78.507,40.0000
A mid,B2,2024,79.895,40.0000
A mid,B2,2024,81.349,40.0000
A mid,B2,2024,82.711,40.0000
A mid,B2,2024,84.073,40.0000
A mid,B2,2024,85.501,40.0000
A mid,B2,2024,86.850,40.0000
A mid,B2,2024,88.252,40.0000
A mid,B2,2024,89.623,40.0000
A mid,B2,2024,90.975,40.0000
B NA/NM 0.5,B0,42,0.035,104.0000
B NA/NM 0.5,B0,42,0.074,100.0000
B NA/NM 0.5,B0,42,0.106,96.0000
B NA/NM 0.5,B0,42,0.138,92.0000
B NA/NM 0.5,B0,42,0.168,92.0000
B NA/NM 0.5,B0,42,0.205,86.0000
B NA/NM 0.5,B0,42,0.237,75.0000
B NA/NM 0.5,B0,42,0.270,69.0000
B NA/NM 0.5,B0,42,0.301,69.0000
B NA/NM 0.5,B0,42,0.332,67.0000
B NA/NM 0.5,B0,42,0.359,67.0000
B NA/NM 0.5,B0,42,0.388,67.0000
B NA/NM 0.5,B0,42,0.416,67.0000
B NA/NM 0.5,B0,42,0.447,67.0000
B NA/NM 0.5,B0,42,0.475,64.0000
B NA/NM 0.5,B0,42,0.505,63.0000
B NA/NM 0.5,B0,42,0.531,63.0000
B NA/NM 0.5,B0,42,0.559,63.0000
B NA/NM 0.5,B0,42,0.588,63.0000
B NA/NM 0.5,B0,42,0.615,61.0000
B NA/NM 0.5,B0,42,0.642,61.0000
B NA/NM 0.5,B0,42,0.668,61.0000
B NA/NM 0.5,B0,42,0.694,61.0000
B NA/NM 0.5,B0,42,0.722,61.0000
B NA/NM 0.5,B0,42,0.749,61.0000
B NA/NM 0.5,B0,42,0.776,57.0000
B NA/NM 0.5,B0,42,0.801,57.0000
B NA/NM 0.5,B0,42,0.829,57.0000
B NA/NM 0.5,B0,42,0.852,57.0000
B NA/NM 0.5,B0,42,0.876,57.0000
B NA/NM 0.5,B0,42,0.901,57.0000
B NA/NM 0.5,B0,42,0.923,57.0000
B NA/NM 0.5,B0,42,0.951,57.0000
B NA/NM 0.5,B0,42,0.975,57.0000
B NA/NM 0.5,B0,42,1.000,57.0000
B NA/NM 0.5,B0,42,1.024,57.0000
B NA/NM 0.5,B0,42,1.048,57.0000
B NA/NM 0.5,B0,42,1.077,56.0000
B NA/NM 0.5,B0,42,1.103,56.0000
B NA/NM 0.5,B0,42,1.129,55.0000
B NA/NM 0.5,B0,42,1.154,55.0000
B NA/NM 0.5,B0,42,1.178,55.0000
B NA/NM 0.5,B0,42,1.207,55.0000
B NA/NM 0.5,B0,42,1.232,55.0000
B NA/NM 0.5,B0,42,1.257,55.0000
B NA/NM 0.5,B0,42,1.283,55.0000
B NA/NM 0.5,B0,42,1.308,55.0000
B NA/NM 0.5,B0,42,1.336,55.0000
B NA/NM 0.5,B0,42,1.361,55.0000
B NA/NM 0.5,B0,42,1.386,55.0000
B NA/NM 0.5,B0,42,1.412,55.0000
B NA/NM 0.5,B0,42,1.439,55.0000
B NA/NM 0.5,B0,42,1.469,55.0000
B NA/NM 0.5,B0,42,1.496,55.0000
B NA/NM 0.5,B0,42,1.523,55.0000
B NA/NM 0.5,B0,42,1.548,55.0000
B NA/NM 0.5,B0,42,1.572,55.0000
B NA/NM 0.5,B0,42,1.601,55.0000
B NA/NM 0.5,B0,42,1.628,55.0000
B NA/NM 0.5,B0,42,1.654,55.0000
B NA/NM 0.5,B0,42,1.679,55.0000
B NA/NM 0.5,B0,42,1.703,55.0000
B NA/NM 0.5,B0,42,1.731,55.0000
B NA/NM 0.5,B0,42,1.756,55.0000
B NA/NM 0.5,B0,42,1.781,55.0000
B NA/NM 0.5,B0,42,1.805,55.0000
B NA/NM 0.5,B0,42,1.826,55.0000
B NA/NM 0.5,B0,42,1.850,55.0000
B NA/NM 0.5,B0,42,1.873,55.0000
B NA/NM 0.5,B0,42,1.896,55.0000
B NA/NM 0.5,B0,42,1.918,55.0000
B NA/NM 0.5,B0,42,1.941,55.0000
B NA/NM 0.5,B0,42,1.968,55.0000
B NA/NM 0.5,B0,42,1.991,55.0000
B NA/NM 0.5,B0,42,2.015,55.0000
B NA/NM 0.5,B0,42,2.040,55.0000
B NA/NM 0.5,B0,42,2.066,55.0000
B NA/NM 0.5,B0,42,2.088,55.0000
B NA/NM 0.5,B0,42,2.110,55.0000
B NA/NM 0.5,B0,42,2.133,55.0000
B NA/NM 0.5,B0,42,2.156,55.0000
B NA/NM 0.5,B0,42,2.184,55.0000
B NA/NM 0.5,B0,42,2.207,55.0000
B NA/NM 0.5,B0,42,2.231,55.0000
B NA/NM 0.5,B0,42,2.254,55.0000
B NA/NM 0.5,B0,42,2.278,55.0000
B NA/NM 0.5,B0,42,2.309,55.0000
B NA/NM 0.5,B0,42,2.333,55.0000
B NA/NM 0.5,B0,42,2.357,55.0000
B NA/NM 0.5,B0,42,2.381,55.0000
B NA/NM 0.5,B0,42,2.405,55.0000
B NA/NM 0.5,B0,42,2.432,55.0000
B NA/NM 0.5,B0,42,2.455,55.0000
B NA/NM 0.5,B0,42,2.479,55.0000
B NA/NM 0.5,B0,42,2.503,55.0000
B NA/NM 0.5,B0,42,2.528,55.0000
B NA/NM 0.5,B0,42,2.556,55.0000
B NA/NM 0.5,B0,42,2.578,55.0000
B NA/NM 0.5,B0,42,2.602,55.0000
B NA/NM 0.5,B0,42,2.627,55.0000
B NA/NM 0.5,B0,42,2.652,55.0000
B NA/NM 0.5,B0,42,2.681,55.0000
B NA/NM 0.5,B0,42,2.702,55.0000
B NA/NM 0.5,B0,42,2.729,55.0000
B NA/NM 0.5,B0,42,2.755,55.0000
B NA/NM 0.5,B0,42,2.779,55.0000
B NA/NM 0.5,B0,42,2.808,55.0000
B NA/NM 0.5,B0,42,2.834,55.0000
B NA/NM 0.5,B0,42,2.857,55.0000
B NA/NM 0.5,B0,42,2.882,55.0000
B NA/NM 0.5,B0,42,2.905,55.0000
B NA/NM 0.5,B0,42,2.933,55.0000
B NA/NM 0.5,B0,42,2.956,55.0000
B NA/NM 0.5,B0,42,2.980,55.0000
B NA/NM 0.5,B0,42,3.004,55.0000
B NA/NM 0.5,B0,42,3.028,55.0000
B NA/NM 0.5,B0,42,3.055,55.0000
B NA/NM 0.5,B0,42,3.078,55.0000
B NA/NM 0.5,B0,42,3.101,55.0000
B NA/NM 0.5,B0,42,3.124,55.0000
B NA/NM 0.5,B0,42,3.148,55.0000
B NA/NM 0.5,B0,42,3.174,55.0000
B NA/NM 0.5,B0,42,3.198,55.0000
B NA/NM 0.5,B0,42,3.221,55.0000
B NA/NM 0.5,B0,42,3.245,55.0000
B NA/NM 0.5,B0,42,3.273,55.0000
B NA/NM 0.5,B0,42,3.297,55.0000
B NA/NM 0.5,B0,42,3.320,55.0000
B NA/NM 0.5,B0,42,3.344,55.0000
B NA/NM 0.5,B0,42,3.366,55.0000
B NA/NM 0.5,B0,42,3.391,55.0000
B NA/NM 0.5,B0,42,3.413,55.0000
B NA/NM 0.5,B0,42,3.436,55.0000
B NA/NM 0.5,B0,42,3.458,55.0000
B NA/NM 0.5,B0,42,3.481,55.0000
B NA/NM 0.5,B0,42,3.508,55.0000
B NA/NM 0.5,B0,42,3.530,55.0000
B NA/NM 0.5,B0,42,3.553,55.0000
B NA/NM 0.5,B0,42,3.577,55.0000
B NA/NM 0.5,B0,42,3.601,55.0000
B NA/NM 0.5,B0,42,3.629,55.0000
B NA/NM 0.5,B0,42,3.655,55.0000
B NA/NM 0.5,B0,42,3.678,55.0000
B NA/NM 0.5,B0,42,3.701,55.0000
B NA/NM 0.5,B0,42,3.725,55.0000
B NA/NM 0.5,B0,42,3.750,55.0000
B NA/NM 0.5,B0,42,3.773,55.0000
B NA/NM 0.5,B0,42,3.796,55.0000
B NA/NM 0.5,B0,42,3.819,55.0000
B NA/NM 0.5,B0,42,3.842,55.0000
B NA/NM 0.5,B0,42,3.868,55.0000
B NA/NM 0.5,B0,42,3.891,55.0000
B NA/NM 0.5,B0,42,3.914,55.0000
B NA/NM 0.5,B0,42,3.938,55.0000
B NA/NM 0.5,B0,42,3.960,55.0000
B NA/NM 0.5,B0,42,3.987,55.0000
B NA/NM 0.5,B0,42,4.009,55.0000
B NA/NM 0.5,B0,42,4.032,55.0000
B NA/NM 0.5,B0,42,4.054,55.0000
B NA/NM 0.5,B0,42,4.078,55.0000
B NA/NM 0.5,B0,42,4.103,55.0000
B NA/NM 0.5,B0,42,4.126,55.0000
B NA/NM 0.5,B0,42,4.148,55.0000
B NA/NM 0.5,B0,42,4.171,55.0000
B NA/NM 0.5,B0,42,4.194,55.0000
B NA/NM 0.5,B0,42,4.220,55.0000
B NA/NM 0.5,B0,42,4.243,55.0000
B NA/NM 0.5,B0,42,4.267,55.0000
B NA/NM 0.5,B0,42,4.291,55.0000
B NA/NM 0.5,B0,42,4.315,55.0000
B NA/NM 0.5,B0,42,4.341,55.0000
B NA/NM 0.5,B0,42,4.364,55.0000
B NA/NM 0.5,B0,42,4.387,55.0000
B NA/NM 0.5,B0,42,4.410,55.0000
B NA/NM 0.5,B0,42,4.435,55.0000
B NA/NM 0.5,B0,42,4.466,55.0000
B NA/NM 0.5,B0,42,4.489,55.0000
B NA/NM 0.5,B0,42,4.516,55.0000
B NA/NM 0.5,B0,42,4.540,55.0000
B NA/NM 0.5,B0,42,4.565,55.0000
B NA/NM 0.5,B0,42,4.594,55.0000
B NA/NM 0.5,B0,42,4.618,55.0000
B NA/NM 0.5,B0,42,4.642,55.0000
B NA/NM 0.5,B0,42,4.667,55.0000
B NA/NM 0.5,B0,42,4.694,55.0000
B NA/NM 0.5,B0,42,4.717,55.0000
B NA/NM 0.5,B0,42,4.740,55.0000
B NA/NM 0.5,B0,42,4.763,55.0000
B NA/NM 0.5,B0,42,4.789,55.0000
B NA/NM 0.5,B0,42,4.817,55.0000
B NA/NM 0.5,B0,42,4.840,55.0000
B NA/NM 0.5,B0,42,4.862,55.0000
B NA/NM 0.5,B0,42,4.884,55.0000
B NA/NM 0.5,B0,42,4.906,55.0000
B NA/NM 0.5,B0,42,4.933,55.0000
B NA/NM 0.5,B0,42,4.955,55.0000
B NA/NM 0.5,B0,42,4.978,55.0000
B NA/NM 0.5,B0,42,5.001,55.0000
B NA/NM 0.5,B0,42,5.025,55.0000
B NA/NM 0.5,B0,42,5.052,55.0000
B NA/NM 0.5,B0,42,5.075,55.0000
B NA/NM 0.5,B0,42,5.099,55.0000
B NA/NM 0.5,B0,42,5.122,55.0000
B NA/NM 0.5,B0,42,5.145,55.0000
B NA/NM 0.5,B0,42,5.172,55.0000
B NA/NM 0.5,B0,42,5.195,55.0000
B NA/NM 0.5,B0,42,5.218,55.0000
B NA/NM 0.5,B0,42,5.241,55.0000
B NA/NM 0.5,B0,42,5.264,55.0000
B NA/NM 0.5,B0,42,5.290,55.0000
B NA/NM 0.5,B0,42,5.313,55.0000
B NA/NM 0.5,B0,42,5.337,55.0000
B NA/NM 0.5,B0,42,5.360,55.0000
B NA/NM 0.5,B0,42,5.384,55.0000
B NA/NM 0.5,B0,42,5.410,55.0000
B NA/NM 0.5,B0,42,5.433,55.0000
B NA/NM 0.5,B0,42,5.457,55.0000
B NA/NM 0.5,B0,42,5.481,55.0000
B NA/NM 0.5,B0,42,5.505,55.0000
B NA/NM 0.5,B0,42,5.533,55.0000
B NA/NM 0.5,B0,42,5.558,55.0000
B NA/NM 0.5,B0,42,5.581,55.0000
B NA/NM 0.5,B0,42,5.602,55.0000
B NA/NM 0.5,B0,42,5.627,55.0000
B NA/NM 0.5,B0,42,5.654,55.0000
B NA/NM 0.5,B0,42,5.678,55.0000
B NA/NM 0.5,B0,42,5.705,55.0000
B NA/NM 0.5,B0,42,5.731,55.0000
B NA/NM 0.5,B0,42,5.758,55.0000
B NA/NM 0.5,B0,42,5.788,55.0000
B NA/NM 0.5,B0,42,5.815,55.0000
B NA/NM 0.5,B0,42,5.842,55.0000
B NA/NM 0.5,B0,42,5.868,55.0000
B NA/NM 0.5,B0,42,5.894,55.0000
B NA/NM 0.5,B0,42,5.923,55.0000
B NA/NM 0.5,B0,42,5.945,55.0000
B NA/NM 0.5,B0,42,5.967,55.0000
B NA/NM 0.5,B0,42,5.990,55.0000
B NA/NM 0.5,B0,42,6.013,55.0000
B NA/NM 0.5,B0,42,6.039,55.0000
B NA/NM 0.5,B0,42,6.063,55.0000
B NA/NM 0.5,B0,42,6.086,55.0000
B NA/NM 0.5,B0,42,6.109,55.0000
B NA/NM 0.5,B0,42,6.135,55.0000
B NA/NM 0.5,B0,42,6.158,55.0000
B NA/NM 0.5,B0,42,6.181,55.0000
B NA/NM 0.5,B0,42,6.205,55.0000
B NA/NM 0.5,B0,42,6.228,55.0000
B NA/NM 0.5,B0,42,6.256,55.0000
B NA/NM 0.5,B0,42,6.278,55.0000
B NA/NM 0.5,B0,42,6.302,55.0000
B NA/NM 0.5,B0,42,6.326,55.0000
B NA/NM 0.5,B0,42,6.350,55.0000
B NA/NM 0.5,B0,42,6.377,55.0000
B NA/NM 0.5,B0,42,6.400,55.0000
B NA/NM 0.5,B0,42,6.424,55.0000
B NA/NM 0.5,B0,42,6.447,55.0000
B NA/NM 0.5,B0,42,6.471,55.0000
B NA/NM 0.5,B0,42,6.498,55.0000
B NA/NM 0.5,B0,42,6.521,55.0000
B NA/NM 0.5,B0,42,6.545,55.0000
B NA/NM 0.5,B0,42,6.568,55.0000
B NA/NM 0.5,B0,42,6.592,55.0000
B NA/NM 0.5,B0,42,6.618,55.0000
B NA/NM 0.5,B0,42,6.641,55.0000
B NA/NM 0.5,B0,42,6.665,55.0000
B NA/NM 0.5,B0,42,6.688,55.0000
B NA/NM 0.5,B0,42,6.713,55.0000
B NA/NM 0.5,B0,42,6.740,55.0000
B NA/NM 0.5,B0,42,6.763,55.0000
B NA/NM 0.5,B0,42,6.786,55.0000
B NA/NM 0.5,B0,42,6.808,55.0000
B NA/NM 0.5,B0,42,6.832,55.0000
B NA/NM 0.5,B0,42,6.860,55.0000
B NA/NM 0.5,B0,42,6.885,55.0000
B NA/NM 0.5,B0,42,6.910,55.0000
B NA/NM 0.5,B0,42,6.936,55.0000
B NA/NM 0.5,B0,42,6.959,55.0000
B NA/NM 0.5,B0,42,6.985,55.0000
B NA/NM 0.5,B0,42,7.007,55.0000
B NA/NM 0.5,B0,42,7.030,55.0000
B NA/NM 0.5,B0,42,7.052,55.0000
B NA/NM 0.5,B0,42,7.081,55.0000
B NA/NM 0.5,B0,42,7.108,55.0000
B NA/NM 0.5,B0,42,7.131,55.0000
B NA/NM 0.5,B0,42,7.154,55.0000
B NA/NM 0.5,B0,42,7.177,55.0000
B NA/NM 0.5,B0,42,7.201,55.0000
B NA/NM 0.5,B0,42,7.228,55.0000
B NA/NM 0.5,B0,42,7.251,55.0000
B NA/NM 0.5,B0,42,7.276,55.0000
B NA/NM 0.5,B0,42,7.299,55.0000
B NA/NM 0.5,B0,42,7.323,55.0000
B NA/NM 0.5,B0,42,7.351,55.0000
B NA/NM 0.5,B0,42,7.378,55.0000
B NA/NM 0.5,B0,42,7.402,55.0000
B NA/NM 0.5,B0,42,7.426,55.0000
B NA/NM 0.5,B0,42,7.450,55.0000
B NA/NM 0.5,B0,42,7.479,55.0000
B NA/NM 0.5,B0,42,7.506,55.0000
B NA/NM 0.5,B0,42,7.532,55.0000
B NA/NM 0.5,B0,42,7.559,55.0000
B NA/NM 0.5,B0,42,7.591,55.0000
B NA/NM 0.5,B0,42,7.619,55.0000
B NA/NM 0.5,B0,42,7.645,55.0000
B NA/NM 0.5,B0,42,7.672,55.0000
B NA/NM 0.5,B0,42,7.702,55.0000
B NA/NM 0.5,B0,42,7.731,55.0000
B NA/NM 0.5,B0,42,7.755,55.0000
B NA/NM 0.5,B0,42,7.777,55.0000
B NA/NM 0.5,B0,42,7.799,55.0000
B NA/NM 0.5,B0,42,7.822,55.0000
B NA/NM 0.5,B0,42,7.848,55.0000
B NA/NM 0.5,B0,42,7.871,55.0000
B NA/NM 0.5,B0,42,7.896,55.0000
B NA/NM 0.5,B0,42,7.919,55.0000
B NA/NM 0.5,B0,42,7.941,55.0000
B NA/NM 0.5,B0,42,7.968,55.0000
B NA/NM 0.5,B0,42,7.990,55.0000
B NA/NM 0.5,B0,42,8.014,55.0000
B NA/NM 0.5,B0,42,8.037,55.0000
B NA/NM 0.5,B0,42,8.060,55.0000
B NA/NM 0.5,B0,42,8.087,55.0000
B NA/NM 0.5,B0,42,8.111,55.0000
B NA/NM 0.5,B0,42,8.135,55.0000
B NA/NM 0.5,B0,42,8.159,55.0000
B NA/NM 0.5,B0,42,8.182,55.0000
B NA/NM 0.5,B0,42,8.209,55.0000
B NA/NM 0.5,B0,42,8.232,55.0000
B NA/NM 0.5,B0,42,8.256,55.0000
B NA/NM 0.5,B0,42,8.277,55.0000
B NA/NM 0.5,B0,42,8.300,55.0000
B NA/NM 0.5,B0,42,8.328,55.0000
B NA/NM 0.5,B0,42,8.353,55.0000
B NA/NM 0.5,B0,42,8.379,55.0000
B NA/NM 0.5,B0,42,8.404,55.0000
B NA/NM 0.5,B0,42,8.429,55.0000
B NA/NM 0.5,B0,42,8.455,55.0000
B NA/NM 0.5,B0,42,8.480,55.0000
B NA/NM 0.5,B0,42,8.506,55.0000
B NA/NM 0.5,B0,42,8.532,55.0000
B NA/NM 0.5,B0,42,8.557,55.0000
B NA/NM 0.5,B0,42,8.586,55.0000
B NA/NM 0.5,B0,42,8.612,55.0000
B NA/NM 0.5,B0,42,8.637,55.0000
B NA/NM 0.5,B0,42,8.663,55.0000
B NA/NM 0.5,B0,42,8.688,55.0000
B NA/NM 0.5,B0,42,8.717,55.0000
B NA/NM 0.5,B0,42,8.743,55.0000
B NA/NM 0.5,B0,42,8.770,55.0000
B NA/NM 0.5,B0,42,8.797,55.0000
B NA/NM 0.5,B0,42,8.822,55.0000
B NA/NM 0.5,B0,42,8.852,55.0000
B NA/NM 0.5,B0,42,8.877,55.0000
B NA/NM 0.5,B0,42,8.899,55.0000
B NA/NM 0.5,B0,42,8.923,55.0000
B NA/NM 0.5,B0,42,8.946,55.0000
B NA/NM 0.5,B0,42,8.972,55.0000
B NA/NM 0.5,B0,42,8.995,55.0000
B NA/NM 0.5,B0,42,9.019,55.0000
B NA/NM 0.5,B0,42,9.043,55.0000
B NA/NM 0.5,B0,42,9.069,55.0000
B NA/NM 0.5,B0,42,9.092,55.0000
B NA/NM 0.5,B0,42,9.117,55.0000
B NA/NM 0.5,B0,42,9.140,55.0000
B NA/NM 0.5,B0,42,9.165,55.0000
B NA/NM 0.5,B0,42,9.191,55.0000
B NA/NM 0.5,B0,42,9.215,55.0000
B NA/NM 0.5,B0,42,9.239,55.0000
B NA/NM 0.5,B0,42,9.262,55.0000
B NA/NM 0.5,B0,42,9.286,55.0000
B NA/NM 0.5,B0,42,9.313,55.0000
B NA/NM 0.5,B0,42,9.336,55.0000
B NA/NM 0.5,B0,42,9.360,55.0000
B NA/NM 0.5,B0,42,9.384,55.0000
B NA/NM 0.5,B0,42,9.409,55.0000
B NA/NM 0.5,B0,42,9.435,55.0000
B NA/NM 0.5,B0,42,9.459,55.0000
B NA/NM 0.5,B0,42,9.482,55.0000
B NA/NM 0.5,B0,42,9.506,55.0000
B NA/NM 0.5,B0,42,9.529,55.0000
B NA/NM 0.5,B0,42,9.555,55.0000
B NA/NM 0.5,B0,42,9.578,55.0000
B NA/NM 0.5,B0,42,9.602,55.0000
B NA/NM 0.5,B0,42,9.626,55.0000
B NA/NM 0.5,B0,42,9.651,55.0000
B NA/NM 0.5,B0,42,9.676,55.0000
B NA/NM 0.5,B0,42,9.700,55.0000
B NA/NM 0.5,B0,42,9.723,55.0000
B NA/NM 0.5,B0,42,9.747,55.0000
B NA/NM 0.5,B0,42,9.771,55.0000
B NA/NM 0.5,B0,42,9.800,55.0000
B NA/NM 0.5,B0,42,9.823,55.0000
B NA/NM 0.5,B0,42,9.847,55.0000
B NA/NM 0.5,B0,42,9.870,55.0000
B NA/NM 0.5,B0,42,9.895,55.0000
B NA/NM 0.5,B0,42,9.923,55.0000
B NA/NM 0.5,B0,42,9.946,55.0000
B NA/NM 0.5,B0,42,9.970,55.0000
B NA/NM 0.5,B0,42,9.995,55.0000
B NA/NM 0.5,B0,42,10.019,55.0000
B NA/NM 0.5,B0,42,10.048,55.0000
B NA/NM 0.5,B0,42,10.072,55.0000
B NA/NM 0.5,B0,42,10.093,55.0000
B NA/NM 0.5,B0,42,10.116,55.0000
B NA/NM 0.5,B0,42,10.140,55.0000
B NA/NM 0.5,B0,42,10.167,55.0000
B NA/NM 0.5,B0,42,10.189,55.0000
B NA/NM 0.5,B0,42,10.212,55.0000
B NA/NM 0.5,B0,42,10.237,55.0000
B NA/NM 0.5,B0,42,10.262,55.0000
B NA/NM 0.5,B0,42,10.291,55.0000
B NA/NM 0.5,B0,42,10.313,55.0000
B NA/NM 0.5,B0,42,10.335,55.0000
B NA/NM 0.5,B0,42,10.357,55.0000
B NA/NM 0.5,B0,42,10.382,55.0000
B NA/NM 0.5,B0,42,10.409,55.0000
B NA/NM 0.5,B0,42,10.432,55.0000
B NA/NM 0.5,B0,42,10.455,55.0000
B NA/NM 0.5,B0,42,10.478,55.0000
B NA/NM 0.5,B0,42,10.507,55.0000
B NA/NM 0.5,B0,42,10.534,55.0000
B NA/NM 0.5,B0,42,10.558,55.0000
B NA/NM 0.5,B0,42,10.584,55.0000
B NA/NM 0.5,B0,42,10.609,55.0000
B NA/NM 0.5,B0,42,10.639,55.0000
B NA/NM 0.5,B0,42,10.663,55.0000
B NA/NM 0.5,B0,42,10.687,55.0000
B NA/NM 0.5,B0,42,10.710,55.0000
B NA/NM 0.5,B0,42,10.734,55.0000
B NA/NM 0.5,B0,42,10.760,55.0000
B NA/NM 0.5,B0,42,10.783,55.0000
B NA/NM 0.5,B0,42,10.805,55.0000
B NA/NM 0.5,B0,42,10.828,55.0000
B NA/NM 0.5,B0,42,10.851,55.0000
B NA/NM 0.5,B0,42,10.877,55.0000
B NA/NM 0.5,B0,42,10.899,55.0000
B NA/NM 0.5,B0,42,10.923,55.0000
B NA/NM 0.5,B0,42,10.947,55.0000
B NA/NM 0.5,B0,42,10.969,55.0000
B NA/NM 0.5,B0+,42,0.035,104.0000
B NA/NM 0.5,B0+,42,0.074,100.0000
B NA/NM 0.5,B0+,42,0.106,96.0000
B NA/NM 0.5,B0+,42,0.138,92.0000
B NA/NM 0.5,B0+,42,0.168,92.0000
B NA/NM 0.5,B0+,42,0.205,86.0000
B NA/NM 0.5,B0+,42,0.237,75.0000
B NA/NM 0.5,B0+,42,0.270,69.0000
B NA/NM 0.5,B0+,42,0.301,69.0000
B NA/NM 0.5,B0+,42,0.332,67.0000
B NA/NM 0.5,B0+,42,0.359,67.0000
B NA/NM 0.5,B0+,42,0.388,67.0000
B NA/NM 0.5,B0+,42,0.416,67.0000
B NA/NM 0.5,B0+,42,0.447,67.0000
B NA/NM 0.5,B0+,42,0.475,64.0000
B NA/NM 0.5,B0+,42,0.505,63.0000
B NA/NM 0.5,B0+,42,0.531,63.0000
B NA/NM 0.5,B0+,42,0.559,63.0000
B NA/NM 0.5,B0+,42,0.588,63.0000
B NA/NM 0.5,B0+,42,0.615,61.0000
B NA/NM 0.5,B0+,42,0.642,61.0000
B NA/NM 0.5,B0+,42,0.668,61.0000
B NA/NM 0.5,B0+,42,0.694,61.0000
B NA/NM 0.5,B0+,42,0.722,61.0000
B NA/NM 0.5,B0+,42,0.749,61.0000
B NA/NM 0.5,B0+,42,0.776,57.0000
B NA/NM 0.5,B0+,42,0.801,57.0000
B NA/NM 0.5,B0+,42,0.829,57.0000
B NA/NM 0.5,B0+,42,0.852,57.0000
B NA/NM 0.5,B0+,42,0.876,57.0000
B NA/NM 0.5,B0+,42,0.901,57.0000
B NA/NM 0.5,B0+,42,0.923,57.0000
B NA/NM 0.5,B0+,42,0.951,57.0000
B NA/NM 0.5,B0+,42,0.975,57.0000
B NA/NM 0.5,B0+,42,1.000,57.0000
B NA/NM 0.5,B0+,42,1.024,57.0000
B NA/NM 0.5,B0+,42,1.048,57.0000
B NA/NM 0.5,B0+,42,1.077,56.0000
B NA/NM 0.5,B0+,42,1.103,56.0000
B NA/NM 0.5,B0+,42,1.129,55.0000
B NA/NM 0.5,B0+,42,1.154,55.0000
B NA/NM 0.5,B0+,42,1.178,55.0000
B NA/NM 0.5,B0+,42,1.207,55.0000
B NA/NM 0.5,B0+,42,1.232,55.0000
B NA/NM 0.5,B0+,42,1.257,55.0000
B NA/NM 0.5,B0+,42,1.283,55.0000
B NA/NM 0.5,B0+,42,1.308,55.0000
B NA/NM 0.5,B0+,42,1.336,55.0000
B NA/NM 0.5,B0+,42,1.361,55.0000
B NA/NM 0.5,B0+,42,1.386,55.0000
B NA/NM 0.5,B0+,42,1.412,55.0000
B NA/NM 0.5,B0+,42,1.439,55.0000
B NA/NM 0.5,B0+,42,1.469,55.0000
B NA/NM 0.5,B0+,42,1.496,55.0000
B NA/NM 0.5,B0+,42,1.523,55.0000
B NA/NM 0.5,B0+,42,1.548,55.0000
B NA/NM 0.5,B0+,42,1.572,55.0000
B NA/NM 0.5,B0+,42,1.601,55.0000
B NA/NM 0.5,B0+,42,1.628,55.0000
B NA/NM 0.5,B0+,42,1.654,55.0000
B NA/NM 0.5,B0+,42,1.679,55.0000
B NA/NM 0.5,B0+,42,1.703,55.0000
B NA/NM 0.5,B0+,42,1.731,55.0000
B NA/NM 0.5,B0+,42,1.756,55.0000
B NA/NM 0.5,B0+,42,1.781,55.0000
B NA/NM 0.5,B0+,42,1.805,55.0000
B NA/NM 0.5,B0+,42,1.826,55.0000
B NA/NM 0.5,B0+,42,1.850,55.0000
B NA/NM 0.5,B0+,42,1.873,55.0000
B NA/NM 0.5,B0+,42,1.896,55.0000
B NA/NM 0.5,B0+,42,1.918,55.0000
B NA/NM 0.5,B0+,42,1.941,55.0000
B NA/NM 0.5,B0+,42,1.968,55.0000
B NA/NM 0.5,B0+,42,1.991,55.0000
B NA/NM 0.5,B0+,42,2.015,55.0000
B NA/NM 0.5,B0+,42,2.040,55.0000
B NA/NM 0.5,B0+,42,2.066,55.0000
B NA/NM 0.5,B0+,42,2.088,55.0000
B NA/NM 0.5,B0+,42,2.110,55.0000
B NA/NM 0.5,B0+,42,2.133,55.0000
B NA/NM 0.5,B0+,42,2.156,55.0000
B NA/NM 0.5,B0+,42,2.184,55.0000
B NA/NM 0.5,B0+,42,2.207,55.0000
B NA/NM 0.5,B0+,42,2.231,55.0000
B NA/NM 0.5,B0+,42,2.254,55.0000
B NA/NM 0.5,B0+,42,2.278,55.0000
B NA/NM 0.5,B0+,42,2.309,55.0000
B NA/NM 0.5,B0+,42,2.333,55.0000
B NA/NM 0.5,B0+,42,2.357,55.0000
B NA/NM 0.5,B0+,42,2.381,55.0000
B NA/NM 0.5,B0+,42,2.405,55.0000
B NA/NM 0.5,B0+,42,2.432,55.0000
B NA/NM 0.5,B0+,42,2.455,55.0000
B NA/NM 0.5,B0+,42,2.479,55.0000
B NA/NM 0.5,B0+,42,2.503,55.0000
B NA/NM 0.5,B0+,42,2.528,55.0000
B NA/NM 0.5,B0+,42,2.556,55.0000
B NA/NM 0.5,B0+,42,2.578,55.0000
B NA/NM 0.5,B0+,42,2.602,55.0000
B NA/NM 0.5,B0+,42,2.627,55.0000
B NA/NM 0.5,B0+,42,2.652,55.0000
B NA/NM 0.5,B0+,42,2.681,55.0000
B NA/NM 0.5,B0+,42,2.702,55.0000
B NA/NM 0.5,B0+,42,2.729,55.0000
B NA/NM 0.5,B0+,42,2.755,55.0000
B NA/NM 0.5,B0+,42,2.779,55.0000
B NA/NM 0.5,B0+,42,2.808,55.0000
B NA/NM 0.5,B0+,42,2.834,55.0000
B NA/NM 0.5,B0+,42,2.857,55.0000
B NA/NM 0.5,B0+,42,2.882,55.0000
B NA/NM 0.5,B0+,42,2.905,55.0000
B NA/NM 0.5,B0+,42,2.933,55.0000
B NA/NM 0.5,B0+,42,2.956,55.0000
B NA/NM 0.5,B0+,42,2.980,55.0000
B NA/NM 0.5,B0+,42,3.004,55.0000
B NA/NM 0.5,B0+,42,3.028,55.0000
B NA/NM 0.5,B0+,42,3.055,55.0000
B NA/NM 0.5,B0+,42,3.078,55.0000
B NA/NM 0.5,B0+,42,3.101,55.0000
B NA/NM 0.5,B0+,42,3.124,55.0000
B NA/NM 0.5,B0+,42,3.148,55.0000
B NA/NM 0.5,B0+,42,3.174,55.0000
B NA/NM 0.5,B0+,42,3.198,55.0000
B NA/NM 0.5,B0+,42,3.221,55.0000
B NA/NM 0.5,B0+,42,3.245,55.0000
B NA/NM 0.5,B0+,42,3.273,55.0000
B NA/NM 0.5,B0+,42,3.297,55.0000
B NA/NM 0.5,B0+,42,3.320,55.0000
B NA/NM 0.5,B0+,42,3.344,55.0000
B NA/NM 0.5,B0+,42,3.366,55.0000
B NA/NM 0.5,B0+,42,3.391,55.0000
B NA/NM 0.5,B0+,42,3.413,55.0000
B NA/NM 0.5,B0+,42,3.436,55.0000
B NA/NM 0.5,B0+,42,3.458,55.0000
B NA/NM 0.5,B0+,42,3.481,55.0000
B NA/NM 0.5,B0+,42,3.508,55.0000
B NA/NM 0.5,B0+,42,3.530,55.0000
B NA/NM 0.5,B0+,42,3.553,55.0000
B NA/NM 0.5,B0+,42,3.577,55.0000
B NA/NM 0.5,B0+,42,3.601,55.0000
B NA/NM 0.5,B0+,42,3.629,55.0000
B NA/NM 0.5,B0+,42,3.655,55.0000
B NA/NM 0.5,B0+,42,3.678,55.0000
B NA/NM 0.5,B0+,42,3.701,55.0000
B NA/NM 0.5,B0+,42,3.725,55.0000
B NA/NM 0.5,B0+,42,3.750,55.0000
B NA/NM 0.5,B0+,42,3.773,55.0000
B NA/NM 0.5,B0+,42,3.796,55.0000
B NA/NM 0.5,B0+,42,3.819,55.0000
B NA/NM 0.5,B0+,42,3.842,55.0000
B NA/NM 0.5,B0+,42,3.868,55.0000
B NA/NM 0.5,B0+,42,3.891,55.0000
B NA/NM 0.5,B0+,42,3.914,55.0000
B NA/NM 0.5,B0+,42,3.938,55.0000
B NA/NM 0.5,B0+,42,3.960,55.0000
B NA/NM 0.5,B0+,42,3.987,55.0000
B NA/NM 0.5,B0+,42,4.009,55.0000
B NA/NM 0.5,B0+,42,4.032,55.0000
B NA/NM 0.5,B0+,42,4.054,55.0000
B NA/NM 0.5,B0+,42,4.078,55.0000
B NA/NM 0.5,B0+,42,4.103,55.0000
B NA/NM 0.5,B0+,42,4.126,55.0000
B NA/NM 0.5,B0+,42,4.148,55.0000
B NA/NM 0.5,B0+,42,4.171,55.0000
B NA/NM 0.5,B0+,42,4.194,55.0000
B NA/NM 0.5,B0+,42,4.220,55.0000
B NA/NM 0.5,B0+,42,4.243,55.0000
B NA/NM 0.5,B0+,42,4.267,55.0000
B NA/NM 0.5,B0+,42,4.291,55.0000
B NA/NM 0.5,B0+,42,4.315,55.0000
B NA/NM 0.5,B0+,42,4.341,55.0000
B NA/NM 0.5,B0+,42,4.364,55.0000
B NA/NM 0.5,B0+,42,4.387,55.0000
B NA/NM 0.5,B0+,42,4.410,55.0000
B NA/NM 0.5,B0+,42,4.435,55.0000
B NA/NM 0.5,B0+,42,4.466,55.0000
B NA/NM 0.5,B0+,42,4.489,55.0000
B NA/NM 0.5,B0+,42,4.516,55.0000
B NA/NM 0.5,B0+,42,4.540,55.0000
B NA/NM 0.5,B0+,42,4.565,55.0000
B NA/NM 0.5,B0+,42,4.594,55.0000
B NA/NM 0.5,B0+,42,4.618,55.0000
B NA/NM 0.5,B0+,42,4.642,55.0000
B NA/NM 0.5,B0+,42,4.667,55.0000
B NA/NM 0.5,B0+,42,4.694,55.0000
B NA/NM 0.5,B0+,42,4.717,55.0000
B NA/NM 0.5,B0+,42,4.740,55.0000
B NA/NM 0.5,B0+,42,4.763,55.0000
B NA/NM 0.5,B0+,42,4.789,55.0000
B NA/NM 0.5,B0+,42,4.817,55.0000
B NA/NM 0.5,B0+,42,4.840,55.0000
B NA/NM 0.5,B0+,42,4.862,55.0000
B NA/NM 0.5,B0+,42,4.884,55.0000
B NA/NM 0.5,B0+,42,4.906,55.0000
B NA/NM 0.5,B0+,42,4.933,55.0000
B NA/NM 0.5,B0+,42,4.955,55.0000
B NA/NM 0.5,B0+,42,4.978,55.0000
B NA/NM 0.5,B0+,42,5.001,55.0000
B NA/NM 0.5,B0+,42,5.025,55.0000
B NA/NM 0.5,B0+,42,5.052,55.0000
B NA/NM 0.5,B0+,42,5.075,55.0000
B NA/NM 0.5,B0+,42,5.099,55.0000
B NA/NM 0.5,B0+,42,5.122,55.0000
B NA/NM 0.5,B0+,42,5.145,55.0000
B NA/NM 0.5,B0+,42,5.172,55.0000
B NA/NM 0.5,B0+,42,5.195,55.0000
B NA/NM 0.5,B0+,42,5.218,55.0000
B NA/NM 0.5,B0+,42,5.241,55.0000
B NA/NM 0.5,B0+,42,5.264,55.0000
B NA/NM 0.5,B0+,42,5.290,55.0000
B NA/NM 0.5,B0+,42,5.313,55.0000
B NA/NM 0.5,B0+,42,5.337,55.0000
B NA/NM 0.5,B0+,42,5.360,55.0000
B NA/NM 0.5,B0+,42,5.384,55.0000
B NA/NM 0.5,B0+,42,5.410,55.0000
B NA/NM 0.5,B0+,42,5.433,55.0000
B NA/NM 0.5,B0+,42,5.457,55.0000
B NA/NM 0.5,B0+,42,5.481,55.0000
B NA/NM 0.5,B0+,42,5.505,55.0000
B NA/NM 0.5,B0+,42,5.533,55.0000
B NA/NM 0.5,B0+,42,5.558,55.0000
B NA/NM 0.5,B0+,42,5.581,55.0000
B NA/NM 0.5,B0+,42,5.602,55.0000
B NA/NM 0.5,B0+,42,5.627,55.0000
B NA/NM 0.5,B0+,42,5.654,55.0000
B NA/NM 0.5,B0+,42,5.678,55.0000
B NA/NM 0.5,B0+,42,5.705,55.0000
B NA/NM 0.5,B0+,42,5.731,55.0000
B NA/NM 0.5,B0+,42,5.758,55.0000
B NA/NM 0.5,B0+,42,5.788,55.0000
B NA/NM 0.5,B0+,42,5.815,55.0000
B NA/NM 0.5,B0+,42,5.842,55.0000
B NA/NM 0.5,B0+,42,5.868,55.0000
B NA/NM 0.5,B0+,42,5.894,55.0000
B NA/NM 0.5,B0+,42,5.923,55.0000
B NA/NM 0.5,B0+,42,5.945,55.0000
B NA/NM 0.5,B0+,42,5.967,55.0000
B NA/NM 0.5,B0+,42,5.990,55.0000
B NA/NM 0.5,B0+,42,6.013,55.0000
B NA/NM 0.5,B0+,42,6.039,55.0000
B NA/NM 0.5,B0+,42,6.063,55.0000
B NA/NM 0.5,B0+,42,6.086,55.0000
B NA/NM 0.5,B0+,42,6.109,55.0000
B NA/NM 0.5,B0+,42,6.135,55.0000
B NA/NM 0.5,B0+,42,6.158,55.0000
B NA/NM 0.5,B0+,42,6.181,55.0000
B NA/NM 0.5,B0+,42,6.205,55.0000
B NA/NM 0.5,B0+,42,6.228,55.0000
B NA/NM 0.5,B0+,42,6.256,55.0000
B NA/NM 0.5,B0+,42,6.278,55.0000
B NA/NM 0.5,B0+,42,6.302,55.0000
B NA/NM 0.5,B0+,42,6.326,55.0000
B NA/NM 0.5,B0+,42,6.350,55.0000
B NA/NM 0.5,B0+,42,6.377,55.0000
B NA/NM 0.5,B0+,42,6.400,55.0000
B NA/NM 0.5,B0+,42,6.424,55.0000
B NA/NM 0.5,B0+,42,6.447,55.0000
B NA/NM 0.5,B0+,42,6.471,55.0000
B NA/NM 0.5,B0+,42,6.498,55.0000
B NA/NM 0.5,B0+,42,6.521,55.0000
B NA/NM 0.5,B0+,42,6.545,55.0000
B NA/NM 0.5,B0+,42,6.568,55.0000
B NA/NM 0.5,B0+,42,6.592,55.0000
B NA/NM 0.5,B0+,42,6.618,55.0000
B NA/NM 0.5,B0+,42,6.641,55.0000
B NA/NM 0.5,B0+,42,6.665,55.0000
B NA/NM 0.5,B0+,42,6.688,55.0000
B NA/NM 0.5,B0+,42,6.713,55.0000
B NA/NM 0.5,B0+,42,6.740,55.0000
B NA/NM 0.5,B0+,42,6.763,55.0000
B NA/NM 0.5,B0+,42,6.786,55.0000
B NA/NM 0.5,B0+,42,6.808,55.0000
B NA/NM 0.5,B0+,42,6.832,55.0000
B NA/NM 0.5,B0+,42,6.860,55.0000
B NA/NM 0.5,B0+,42,6.885,55.0000
B NA/NM 0.5,B0+,42,6.910,55.0000
B NA/NM 0.5,B0+,42,6.936,55.0000
B NA/NM 0.5,B0+,42,6.959,55.0000
B NA/NM 0.5,B0+,42,6.985,55.0000
B NA/NM 0.5,B0+,42,7.007,55.0000
B NA/NM 0.5,B0+,42,7.030,55.0000
B NA/NM 0.5,B0+,42,7.052,55.0000
B NA/NM 0.5,B0+,42,7.081,55.0000
B NA/NM 0.5,B0+,42,7.108,55.0000
B NA/NM 0.5,B0+,42,7.131,55.0000
B NA/NM 0.5,B0+,42,7.154,55.0000
B NA/NM 0.5,B0+,42,7.177,55.0000
B NA/NM 0.5,B0+,42,7.201,55.0000
B NA/NM 0.5,B0+,42,7.228,55.0000
B NA/NM 0.5,B0+,42,7.251,55.0000
B NA/NM 0.5,B0+,42,7.276,55.0000
B NA/NM 0.5,B0+,42,7.299,55.0000
B NA/NM 0.5,B0+,42,7.323,55.0000
B NA/NM 0.5,B0+,42,7.351,55.0000
B NA/NM 0.5,B0+,42,7.378,55.0000
B NA/NM 0.5,B0+,42,7.402,55.0000
B NA/NM 0.5,B0+,42,7.426,55.0000
B NA/NM 0.5,B0+,42,7.450,55.0000
B NA/NM 0.5,B0+,42,7.479,55.0000
B NA/NM 0.5,B0+,42,7.506,55.0000
B NA/NM 0.5,B0+,42,7.532,55.0000
B NA/NM 0.5,B0+,42,7.559,55.0000
B NA/NM 0.5,B0+,42,7.591,55.0000
B NA/NM 0.5,B0+,42,7.619,55.0000
B NA/NM 0.5,B0+,42,7.645,55.0000
B NA/NM 0.5,B0+,42,7.672,55.0000
B NA/NM 0.5,B0+,42,7.702,55.0000
B NA/NM 0.5,B0+,42,7.731,55.0000
B NA/NM 0.5,B0+,42,7.755,55.0000
B NA/NM 0.5,B0+,42,7.777,55.0000
B NA/NM 0.5,B0+,42,7.799,55.0000
B NA/NM 0.5,B0+,42,7.822,55.0000
B NA/NM 0.5,B0+,42,7.848,55.0000
B NA/NM 0.5,B0+,42,7.871,55.0000
B NA/NM 0.5,B0+,42,7.896,55.0000
B NA/NM 0.5,B0+,42,7.919,55.0000
B NA/NM 0.5,B0+,42,7.941,55.0000
B NA/NM 0.5,B0+,42,7.968,55.0000
B NA/NM 0.5,B0+,42,7.990,55.0000
B NA/NM 0.5,B0+,42,8.014,55.0000
B NA/NM 0.5,B0+,42,8.037,55.0000
B NA/NM 0.5,B0+,42,8.060,55.0000
B NA/NM 0.5,B0+,42,8.087,55.0000
B NA/NM 0.5,B0+,42,8.111,55.0000
B NA/NM 0.5,B0+,42,8.135,55.0000
B NA/NM 0.5,B0+,42,8.159,55.0000
B NA/NM 0.5,B0+,42,8.182,55.0000
B NA/NM 0.5,B0+,42,8.209,55.0000
B NA/NM 0.5,B0+,42,8.232,55.0000
B NA/NM 0.5,B0+,42,8.256,55.0000
B NA/NM 0.5,B0+,42,8.277,55.0000
B NA/NM 0.5,B0+,42,8.300,55.0000
B NA/NM 0.5,B0+,42,8.328,55.0000
B NA/NM 0.5,B0+,42,8.353,55.0000
B NA/NM 0.5,B0+,42,8.379,55.0000
B NA/NM 0.5,B0+,42,8.404,55.0000
B NA/NM 0.5,B0+,42,8.429,55.0000
B NA/NM 0.5,B0+,42,8.455,55.0000
B NA/NM 0.5,B0+,42,8.480,55.0000
B NA/NM 0.5,B0+,42,8.506,55.0000
B NA/NM 0.5,B0+,42,8.532,55.0000
B NA/NM 0.5,B0+,42,8.557,55.0000
B NA/NM 0.5,B0+,42,8.586,55.0000
B NA/NM 0.5,B0+,42,8.612,55.0000
B NA/NM 0.5,B0+,42,8.637,55.0000
B NA/NM 0.5,B0+,42,8.663,55.0000
B NA/NM 0.5,B0+,42,8.688,55.0000
B NA/NM 0.5,B0+,42,8.717,55.0000
B NA/NM 0.5,B0+,42,8.743,55.0000
B NA/NM 0.5,B0+,42,8.770,55.0000
B NA/NM 0.5,B0+,42,8.797,55.0000
B NA/NM 0.5,B0+,42,8.822,55.0000
B NA/NM 0.5,B0+,42,8.852,55.0000
B NA/NM 0.5,B0+,42,8.877,55.0000
B NA/NM 0.5,B0+,42,8.899,55.0000
B NA/NM 0.5,B0+,42,8.923,55.0000
B NA/NM 0.5,B0+,42,8.946,55.0000
B NA/NM 0.5,B0+,42,8.972,55.0000
B NA/NM 0.5,B0+,42,8.995,55.0000
B NA/NM 0.5,B0+,42,9.019,55.0000
B NA/NM 0.5,B0+,42,9.043,55.0000
B NA/NM 0.5,B0+,42,9.069,55.0000
B NA/NM 0.5,B0+,42,9.092,55.0000
B NA/NM 0.5,B0+,42,9.117,55.0000
B NA/NM 0.5,B0+,42,9.140,55.0000
B NA/NM 0.5,B0+,42,9.165,55.0000
B NA/NM 0.5,B0+,42,9.191,55.0000
B NA/NM 0.5,B0+,42,9.215,55.0000
B NA/NM 0.5,B0+,42,9.239,55.0000
B NA/NM 0.5,B0+,42,9.262,55.0000
B NA/NM 0.5,B0+,42,9.286,55.0000
B NA/NM 0.5,B0+,42,9.313,55.0000
B NA/NM 0.5,B0+,42,9.336,55.0000
B NA/NM 0.5,B0+,42,9.360,55.0000
B NA/NM 0.5,B0+,42,9.384,55.0000
B NA/NM 0.5,B0+,42,9.409,55.0000
B NA/NM 0.5,B0+,42,9.435,55.0000
B NA/NM 0.5,B0+,42,9.459,55.0000
B NA/NM 0.5,B0+,42,9.482,55.0000
B NA/NM 0.5,B0+,42,9.506,55.0000
B NA/NM 0.5,B0+,42,9.529,55.0000
B NA/NM 0.5,B0+,42,9.555,55.0000
B NA/NM 0.5,B0+,42,9.578,55.0000
B NA/NM 0.5,B0+,42,9.602,55.0000
B NA/NM 0.5,B0+,42,9.626,55.0000
B NA/NM 0.5,B0+,42,9.651,55.0000
B NA/NM 0.5,B0+,42,9.676,55.0000
B NA/NM 0.5,B0+,42,9.700,55.0000
B NA/NM 0.5,B0+,42,9.723,55.0000
B NA/NM 0.5,B0+,42,9.747,55.0000
B NA/NM 0.5,B0+,42,9.771,55.0000
B NA/NM 0.5,B0+,42,9.800,55.0000
B NA/NM 0.5,B0+,42,9.823,55.0000
B NA/NM 0.5,B0+,42,9.847,55.0000
B NA/NM 0.5,B0+,42,9.870,55.0000
B NA/NM 0.5,B0+,42,9.895,55.0000
B NA/NM 0.5,B0+,42,9.923,55.0000
B NA/NM 0.5,B0+,42,9.946,55.0000
B NA/NM 0.5,B0+,42,9.970,55.0000
B NA/NM 0.5,B0+,42,9.995,55.0000
B NA/NM 0.5,B0+,42,10.019,55.0000
B NA/NM 0.5,B0+,42,10.048,55.0000
B NA/NM 0.5,B0+,42,10.072,55.0000
B NA/NM 0.5,B0+,42,10.093,55.0000
B NA/NM 0.5,B0+,42,10.116,55.0000
B NA/NM 0.5,B0+,42,10.140,55.0000
B NA/NM 0.5,B0+,42,10.167,55.0000
B NA/NM 0.5,B0+,42,10.189,55.0000
B NA/NM 0.5,B0+,42,10.212,55.0000
B NA/NM 0.5,B0+,42,10.237,55.0000
B NA/NM 0.5,B0+,42,10.262,55.0000
B NA/NM 0.5,B0+,42,10.291,55.0000
B NA/NM 0.5,B0+,42,10.313,55.0000
B NA/NM 0.5,B0+,42,10.335,55.0000
B NA/NM 0.5,B0+,42,10.357,55.0000
B NA/NM 0.5,B0+,42,10.382,55.0000
B NA/NM 0.5,B0+,42,10.409,55.0000
B NA/NM 0.5,B0+,42,10.432,55.0000
B NA/NM 0.5,B0+,42,10.455,55.0000
B NA/NM 0.5,B0+,42,10.478,55.0000
B NA/NM 0.5,B0+,42,10.507,55.0000
B NA/NM 0.5,B0+,42,10.534,55.0000
B NA/NM 0.5,B0+,42,10.558,55.0000
B NA/NM 0.5,B0+,42,10.584,55.0000
B NA/NM 0.5,B0+,42,10.609,55.0000
B NA/NM 0.5,B0+,42,10.639,55.0000
B NA/NM 0.5,B0+,42,10.663,55.0000
B NA/NM 0.5,B0+,42,10.687,55.0000
B NA/NM 0.5,B0+,42,10.710,55.0000
B NA/NM 0.5,B0+,42,10.734,55.0000
B NA/NM 0.5,B0+,42,10.760,55.0000
B NA/NM 0.5,B0+,42,10.783,55.0000
B NA/NM 0.5,B0+,42,10.805,55.0000
B NA/NM 0.5,B0+,42,10.828,55.0000
B NA/NM 0.5,B0+,42,10.851,55.0000
B NA/NM 0.5,B0+,42,10.877,55.0000
B NA/NM 0.5,B0+,42,10.899,55.0000
B NA/NM 0.5,B0+,42,10.923,55.0000
B NA/NM 0.5,B0+,42,10.947,55.0000
B NA/NM 0.5,B0+,42,10.969,55.0000
B NA/NM 0.5,B1,42,0.418,123.0000
B NA/NM 0.5,B1,42,0.830,108.0000
B NA/NM 0.5,B1,42,1.254,103.0000
B NA/NM 0.5,B1,42,1.601,97.0000
B NA/NM 0.5,B1,42,2.080,95.0000
B NA/NM 0.5,B1,42,2.418,95.0000
B NA/NM 0.5,B1,42,2.756,95.0000
B NA/NM 0.5,B1,42,3.067,95.0000
B NA/NM 0.5,B1,42,3.392,95.0000
B NA/NM 0.5,B1,42,3.714,91.0000
B NA/NM 0.5,B1,42,4.036,87.0000
B NA/NM 0.5,B1,42,4.335,87.0000
B NA/NM 0.5,B1,42,4.625,84.0000
B NA/NM 0.5,B1,42,4.915,84.0000
B NA/NM 0.5,B1,42,5.202,83.0000
B NA/NM 0.5,B1,42,5.476,83.0000
B NA/NM 0.5,B1,42,5.748,83.0000
B NA/NM 0.5,B1,42,5.998,83.0000
B NA/NM 0.5,B1,42,6.257,83.0000
B NA/NM 0.5,B1,42,6.513,83.0000
B NA/NM 0.5,B1,42,6.776,83.0000
B NA/NM 0.5,B1,42,7.052,83.0000
B NA/NM 0.5,B1,42,7.310,82.0000
B NA/NM 0.5,B1,42,7.551,82.0000
B NA/NM 0.5,B1,42,7.776,82.0000
B NA/NM 0.5,B1,42,7.995,82.0000
B NA/NM 0.5,B1,42,8.218,82.0000
B NA/NM 0.5,B1,42,8.433,82.0000
B NA/NM 0.5,B1,42,8.650,82.0000
B NA/NM 0.5,B1,42,8.875,82.0000
B NA/NM 0.5,B1,42,9.089,82.0000
B NA/NM 0.5,B1,42,9.308,82.0000
B NA/NM 0.5,B1,42,9.525,82.0000
B NA/NM 0.5,B1,42,9.750,82.0000
B NA/NM 0.5,B1,42,9.991,82.0000
B NA/NM 0.5,B1,42,10.205,82.0000
B NA/NM 0.5,B1,42,10.410,82.0000
B NA/NM 0.5,B1,42,10.625,82.0000
B NA/NM 0.5,B1,42,10.839,82.0000
B NA/NM 0.5,B1,42,11.052,82.0000
B NA/NM 0.5,B1,42,11.266,82.0000
B NA/NM 0.5,B1,42,11.479,82.0000
B NA/NM 0.5,B1,42,11.700,82.0000
B NA/NM 0.5,B1,42,11.913,82.0000
B NA/NM 0.5,B1,42,12.136,82.0000
B NA/NM 0.5,B1,42,12.392,82.0000
B NA/NM 0.5,B1,42,12.607,82.0000
B NA/NM 0.5,B1,42,12.833,82.0000
B NA/NM 0.5,B1,42,13.051,82.0000
B NA/NM 0.5,B1,42,13.264,82.0000
B NA/NM 0.5,B1,42,13.480,82.0000
B NA/NM 0.5,B1,42,13.694,82.0000
B NA/NM 0.5,B1,42,13.912,82.0000
B NA/NM 0.5,B1,42,14.124,82.0000
B NA/NM 0.5,B1,42,14.335,82.0000
B NA/NM 0.5,B1,42,14.552,82.0000
B NA/NM 0.5,B1,42,14.769,82.0000
B NA/NM 0.5,B1,42,14.993,82.0000
B NA/NM 0.5,B1,42,15.225,82.0000
B NA/NM 0.5,B1,42,15.453,82.0000
B NA/NM 0.5,B1,42,15.685,82.0000
B NA/NM 0.5,B1,42,15.920,82.0000
B NA/NM 0.5,B1,42,16.131,82.0000
B NA/NM 0.5,B1,42,16.341,82.0000
B NA/NM 0.5,B1,42,16.550,82.0000
B NA/NM 0.5,B1,42,16.776,82.0000
B NA/NM 0.5,B1,42,16.987,82.0000
B NA/NM 0.5,B1,42,17.193,82.0000
B NA/NM 0.5,B1,42,17.406,82.0000
B NA/NM 0.5,B1,42,17.616,82.0000
B NA/NM 0.5,B1,42,17.822,82.0000
B NA/NM 0.5,B1,42,18.037,82.0000
B NA/NM 0.5,B1,42,18.255,82.0000
B NA/NM 0.5,B1,42,18.475,82.0000
B NA/NM 0.5,B1,42,18.687,82.0000
B NA/NM 0.5,B1,42,18.907,82.0000
B NA/NM 0.5,B1,42,19.132,82.0000
B NA/NM 0.5,B1,42,19.343,82.0000
B NA/NM 0.5,B1,42,19.556,82.0000
B NA/NM 0.5,B1,42,19.780,82.0000
B NA/NM 0.5,B1,42,19.998,82.0000
B NA/NM 0.5,B1,42,20.213,82.0000
B NA/NM 0.5,B1,42,20.426,82.0000
B NA/NM 0.5,B1,42,20.636,82.0000
B NA/NM 0.5,B1,42,20.860,82.0000
B NA/NM 0.5,B1,42,21.069,82.0000
B NA/NM 0.5,B1,42,21.295,82.0000
B NA/NM 0.5,B1,42,21.514,82.0000
B NA/NM 0.5,B1,42,21.739,82.0000
B NA/NM 0.5,B1,42,21.982,82.0000
B NA/NM 0.5,B1,42,22.194,82.0000
B NA/NM 0.5,B1,42,22.403,82.0000
B NA/NM 0.5,B1,42,22.615,82.0000
B NA/NM 0.5,B1,42,22.825,82.0000
B NA/NM 0.5,B1,42,23.033,82.0000
B NA/NM 0.5,B1,42,23.246,82.0000
B NA/NM 0.5,B1,42,23.459,82.0000
B NA/NM 0.5,B1,42,23.681,80.0000
B NA/NM 0.5,B1,42,23.951,75.0000
B NA/NM 0.5,B1,42,24.224,75.0000
B NA/NM 0.5,B1,42,24.492,75.0000
B NA/NM 0.5,B1,42,24.744,75.0000
B NA/NM 0.5,B1,42,25.007,75.0000
B NA/NM 0.5,B1,42,25.249,75.0000
B NA/NM 0.5,B1,42,25.500,75.0000
B NA/NM 0.5,B1,42,25.757,75.0000
B NA/NM 0.5,B1,42,26.008,75.0000
B NA/NM 0.5,B1,42,26.261,75.0000
B NA/NM 0.5,B1,42,26.511,75.0000
B NA/NM 0.5,B1,42,26.757,75.0000
B NA/NM 0.5,B1,42,27.012,75.0000
B NA/NM 0.5,B1,42,27.257,75.0000
B NA/NM 0.5,B1,42,27.503,75.0000
B NA/NM 0.5,B1,42,27.753,75.0000
B NA/NM 0.5,B1,42,28.005,75.0000
B NA/NM 0.5,B1,42,28.246,75.0000
B NA/NM 0.5,B1,42,28.496,75.0000
B NA/NM 0.5,B1,42,28.736,75.0000
B NA/NM 0.5,B1,42,28.986,75.0000
B NA/NM 0.5,B1,42,29.234,75.0000
B NA/NM 0.5,B1,42,29.480,75.0000
B NA/NM 0.5,B1,42,29.727,75.0000
B NA/NM 0.5,B1,42,29.986,75.0000
B NA/NM 0.5,B1,42,30.229,75.0000
B NA/NM 0.5,B1,42,30.471,75.0000
B NA/NM 0.5,B1,42,30.709,75.0000
B NA/NM 0.5,B1,42,30.969,75.0000
B NA/NM 0.5,B1,42,31.235,75.0000
B NA/NM 0.5,B1,42,31.479,75.0000
B NA/NM 0.5,B1,42,31.737,75.0000
B NA/NM 0.5,B1,42,31.994,75.0000
B NA/NM 0.5,B1,42,32.240,75.0000
B NA/NM 0.5,B1,42,32.490,75.0000
B NA/NM 0.5,B1,42,32.734,75.0000
B NA/NM 0.5,B1,42,32.983,75.0000
B NA/NM 0.5,B1,42,33.237,75.0000
B NA/NM 0.5,B1,42,33.498,75.0000
B NA/NM 0.5,B1,42,33.760,75.0000
B NA/NM 0.5,B1,42,34.014,75.0000
B NA/NM 0.5,B1,42,34.261,75.0000
B NA/NM 0.5,B1,42,34.523,75.0000
B NA/NM 0.5,B1,42,34.772,75.0000
B NA/NM 0.5,B1,42,35.016,75.0000
B NA/NM 0.5,B1,42,35.260,75.0000
B NA/NM 0.5,B1,42,35.502,75.0000
B NA/NM 0.5,B1,42,35.741,75.0000
B NA/NM 0.5,B1,42,35.991,75.0000
B NA/NM 0.5,B1,42,36.233,75.0000
B NA/NM 0.5,B1,42,36.477,75.0000
B NA/NM 0.5,B1,42,36.739,75.0000
B NA/NM 0.5,B1,42,36.992,75.0000
B NA/NM 0.5,B1,42,37.241,75.0000
B NA/NM 0.5,B1,42,37.494,75.0000
B NA/NM 0.5,B1,42,37.745,75.0000
B NA/NM 0.5,B1,42,38.008,75.0000
B NA/NM 0.5,B1,42,38.252,75.0000
B NA/NM 0.5,B1,42,38.494,75.0000
B NA/NM 0.5,B1,42,38.738,75.0000
B NA/NM 0.5,B1,42,38.987,75.0000
B NA/NM 0.5,B1,42,39.231,75.0000
B NA/NM 0.5,B1,42,39.470,75.0000
B NA/NM 0.5,B1,42,39.709,75.0000
B NA/NM 0.5,B1,42,39.978,75.0000
B NA/NM 0.5,B1,42,40.244,75.0000
B NA/NM 0.5,B1,42,40.521,75.0000
B NA/NM 0.5,B1,42,40.769,75.0000
B NA/NM 0.5,B1,42,41.025,75.0000
B NA/NM 0.5,B1,42,41.267,75.0000
B NA/NM 0.5,B1,42,41.515,75.0000
B NA/NM 0.5,B1,42,41.756,75.0000
B NA/NM 0.5,B1,42,42.007,75.0000
B NA/NM 0.5,B1,42,42.259,75.0000
B NA/NM 0.5,B1,42,42.506,75.0000
B NA/NM 0.5,B1,42,42.771,75.0000
B NA/NM 0.5,B1,42,43.025,75.0000
B NA/NM 0.5,B1,42,43.276,75.0000
B NA/NM 0.5,B1,42,43.518,75.0000
B NA/NM 0.5,B1,42,43.757,75.0000
B NA/NM 0.5,B1,42,44.013,75.0000
B NA/NM 0.5,B1,42,44.261,75.0000
B NA/NM 0.5,B1,42,44.507,75.0000
B NA/NM 0.5,B1,42,44.751,75.0000
B NA/NM 0.5,B1,42,45.003,75.0000
B NA/NM 0.5,B1,42,45.253,75.0000
B NA/NM 0.5,B1,42,45.512,75.0000
B NA/NM 0.5,B1,42,45.767,75.0000
B NA/NM 0.5,B1,42,46.012,75.0000
B NA/NM 0.5,B1,42,46.257,75.0000
B NA/NM 0.5,B1,42,46.495,75.0000
B NA/NM 0.5,B1,42,46.738,75.0000
B NA/NM 0.5,B1,42,46.987,75.0000
B NA/NM 0.5,B1,42,47.242,75.0000
B NA/NM 0.5,B1,42,47.489,75.0000
B NA/NM 0.5,B1,42,47.729,75.0000
B NA/NM 0.5,B1,42,47.971,75.0000
B NA/NM 0.5,B1,42,48.216,75.0000
B NA/NM 0.5,B1,42,48.473,75.0000
B NA/NM 0.5,B1,42,48.728,75.0000
B NA/NM 0.5,B1,42,48.992,75.0000
B NA/NM 0.5,B1,42,49.239,75.0000
B NA/NM 0.5,B1,42,49.477,75.0000
B NA/NM 0.5,B1,42,49.719,75.0000
B NA/NM 0.5,B1,42,49.964,75.0000
B NA/NM 0.5,B1,42,50.258,75.0000
B NA/NM 0.5,B1,42,50.500,75.0000
B NA/NM 0.5,B1,42,50.743,75.0000
B NA/NM 0.5,B1,42,50.985,75.0000
B NA/NM 0.5,B1,42,51.244,75.0000
B NA/NM 0.5,B1,42,51.510,75.0000
B NA/NM 0.5,B1,42,51.780,75.0000
B NA/NM 0.5,B1,42,52.049,75.0000
B NA/NM 0.5,B1,42,52.319,75.0000
B NA/NM 0.5,B1,42,52.582,75.0000
B NA/NM 0.5,B1,42,52.821,75.0000
B NA/NM 0.5,B1,42,53.077,75.0000
B NA/NM 0.5,B1,42,53.326,75.0000
B NA/NM 0.5,B1,42,53.573,75.0000
B NA/NM 0.5,B1,42,53.825,75.0000
B NA/NM 0.5,B1,42,54.071,75.0000
B NA/NM 0.5,B1,42,54.316,75.0000
B NA/NM 0.5,B1,42,54.568,75.0000
B NA/NM 0.5,B1,42,54.831,75.0000
B NA/NM 0.5,B1,42,55.082,75.0000
B NA/NM 0.5,B1,42,55.330,75.0000
B NA/NM 0.5,B1,42,55.573,75.0000
B NA/NM 0.5,B1,42,55.824,75.0000
B NA/NM 0.5,B1,42,56.071,75.0000
B NA/NM 0.5,B1,42,56.332,75.0000
B NA/NM 0.5,B1,42,56.593,75.0000
B NA/NM 0.5,B1,42,56.844,75.0000
B NA/NM 0.5,B1,42,57.094,75.0000
B NA/NM 0.5,B1,42,57.361,75.0000
B NA/NM 0.5,B1,42,57.621,75.0000
B NA/NM 0.5,B1,42,57.896,75.0000
B NA/NM 0.5,B1,42,58.153,75.0000
B NA/NM 0.5,B1,42,58.418,75.0000
B NA/NM 0.5,B1,42,58.684,75.0000
B NA/NM 0.5,B1,42,58.948,75.0000
B NA/NM 0.5,B1,42,59.221,75.0000
B NA/NM 0.5,B1,42,59.494,75.0000
B NA/NM 0.5,B1,42,59.757,75.0000
B NA/NM 0.5,B1,42,60.013,75.0000
B NA/NM 0.5,B1,42,60.278,75.0000
B NA/NM 0.5,B1,42,60.531,75.0000
B NA/NM 0.5,B1,42,60.799,75.0000
B NA/NM 0.5,B1,42,61.054,75.0000
B NA/NM 0.5,B1,42,61.299,75.0000
B NA/NM 0.5,B1,42,61.547,75.0000
B NA/NM 0.5,B1,42,61.782,75.0000
B NA/NM 0.5,B1,42,62.025,75.0000
B NA/NM 0.5,B1,42,62.284,75.0000
B NA/NM 0.5,B1,42,62.535,75.0000
B NA/NM 0.5,B1,42,62.779,75.0000
B NA/NM 0.5,B1,42,63.034,75.0000
B NA/NM 0.5,B1,42,63.285,75.0000
B NA/NM 0.5,B1,42,63.546,75.0000
B NA/NM 0.5,B1,42,63.805,75.0000
B NA/NM 0.5,B1,42,64.051,75.0000
B NA/NM 0.5,B1,42,64.322,75.0000
B NA/NM 0.5,B1,42,64.580,75.0000
B NA/NM 0.5,B1,42,64.820,75.0000
B NA/NM 0.5,B1,42,65.064,75.0000
B NA/NM 0.5,B1,42,65.306,75.0000
B NA/NM 0.5,B1,42,65.548,75.0000
B NA/NM 0.5,B1,42,65.791,75.0000
B NA/NM 0.5,B1,42,66.037,75.0000
B NA/NM 0.5,B1,42,66.288,75.0000
B NA/NM 0.5,B1,42,66.535,75.0000
B NA/NM 0.5,B1,42,66.783,75.0000
B NA/NM 0.5,B1,42,67.038,75.0000
B NA/NM 0.5,B1,42,67.280,75.0000
B NA/NM 0.5,B1,42,67.519,75.0000
B NA/NM 0.5,B1,42,67.766,75.0000
B NA/NM 0.5,B1,42,68.006,75.0000
B NA/NM 0.5,B1,42,68.266,75.0000
B NA/NM 0.5,B1,42,68.513,75.0000
B NA/NM 0.5,B1,42,68.763,75.0000
B NA/NM 0.5,B1,42,69.007,75.0000
B NA/NM 0.5,B1,42,69.251,75.0000
B NA/NM 0.5,B1,42,69.492,75.0000
B NA/NM 0.5,B1,42,69.739,75.0000
B NA/NM 0.5,B1,42,69.993,75.0000
B NA/NM 0.5,B1,42,70.250,75.0000
B NA/NM 0.5,B1,42,70.501,75.0000
B NA/NM 0.5,B1,42,70.746,75.0000
B NA/NM 0.5,B1,42,70.987,75.0000
B NA/NM 0.5,B1,42,71.229,75.0000
B NA/NM 0.5,B1,42,71.470,75.0000
B NA/NM 0.5,B1,42,71.736,75.0000
B NA/NM 0.5,B1,42,71.998,75.0000
B NA/NM 0.5,B1,42,72.258,75.0000
B NA/NM 0.5,B1,42,72.500,75.0000
B NA/NM 0.5,B1,42,72.743,75.0000
B NA/NM 0.5,B1,42,73.008,75.0000
B NA/NM 0.5,B1,42,73.276,75.0000
B NA/NM 0.5,B1,42,73.529,75.0000
B NA/NM 0.5,B1,42,73.774,75.0000
B NA/NM 0.5,B1,42,74.013,75.0000
B NA/NM 0.5,B1,42,74.257,75.0000
B NA/NM 0.5,B1,42,74.508,75.0000
B NA/NM 0.5,B1,42,74.755,75.0000
B NA/NM 0.5,B1,42,75.001,75.0000
B NA/NM 0.5,B1,42,75.258,75.0000
B NA/NM 0.5,B1,42,75.520,75.0000
B NA/NM 0.5,B1,42,75.762,75.0000
B NA/NM 0.5,B1,42,76.033,75.0000
B NA/NM 0.5,B1,42,76.289,75.0000
B NA/NM 0.5,B1,42,76.559,75.0000
B NA/NM 0.5,B1,42,76.822,75.0000
B NA/NM 0.5,B1,42,77.079,75.0000
B NA/NM 0.5,B1,42,77.341,75.0000
B NA/NM 0.5,B1,42,77.587,75.0000
B NA/NM 0.5,B1,42,77.830,75.0000
B NA/NM 0.5,B1,42,78.079,75.0000
B NA/NM 0.5,B1,42,78.318,75.0000
B NA/NM 0.5,B1,42,78.563,75.0000
B NA/NM 0.5,B1,42,78.809,75.0000
B NA/NM 0.5,B1,42,79.059,75.0000
B NA/NM 0.5,B1,42,79.326,75.0000
B NA/NM 0.5,B1,42,79.579,75.0000
B NA/NM 0.5,B1,42,79.830,75.0000
B NA/NM 0.5,B1,42,80.069,75.0000
B NA/NM 0.5,B1,42,80.318,75.0000
B NA/NM 0.5,B1,42,80.561,75.0000
B NA/NM 0.5,B1,42,80.808,75.0000
B NA/NM 0.5,B1,42,81.053,75.0000
B NA/NM 0.5,B1,42,81.302,75.0000
B NA/NM 0.5,B1,42,81.548,75.0000
B NA/NM 0.5,B1,42,81.796,75.0000
B NA/NM 0.5,B1,42,82.054,75.0000
B NA/NM 0.5,B1,42,82.295,75.0000
B NA/NM 0.5,B1,42,82.540,75.0000
B NA/NM 0.5,B1,42,82.788,75.0000
B NA/NM 0.5,B1,42,83.035,75.0000
B NA/NM 0.5,B1,42,83.286,75.0000
B NA/NM 0.5,B1,42,83.540,75.0000
B NA/NM 0.5,B1,42,83.785,75.0000
B NA/NM 0.5,B1,42,84.027,75.0000
B NA/NM 0.5,B1,42,84.273,75.0000
B NA/NM 0.5,B1,42,84.532,75.0000
B NA/NM 0.5,B1,42,84.790,75.0000
B NA/NM 0.5,B1,42,85.041,75.0000
B NA/NM 0.5,B1,42,85.280,75.0000
B NA/NM 0.5,B1,42,85.525,75.0000
B NA/NM 0.5,B1,42,85.764,75.0000
B NA/NM 0.5,B1,42,86.016,75.0000
B NA/NM 0.5,B1,42,86.274,75.0000
B NA/NM 0.5,B1,42,86.532,75.0000
B NA/NM 0.5,B1,42,86.779,75.0000
B NA/NM 0.5,B1,42,87.040,75.0000
B NA/NM 0.5,B1,42,87.336,75.0000
B NA/NM 0.5,B1,42,87.606,75.0000
B NA/NM 0.5,B1,42,87.866,75.0000
B NA/NM 0.5,B1,42,88.106,75.0000
B NA/NM 0.5,B1,42,88.351,75.0000
B NA/NM 0.5,B1,42,88.591,75.0000
B NA/NM 0.5,B1,42,88.832,75.0000
B NA/NM 0.5,B1,42,89.074,75.0000
B NA/NM 0.5,B1,42,89.316,75.0000
B NA/NM 0.5,B1,42,89.572,75.0000
B NA/NM 0.5,B1,42,89.826,75.0000
B NA/NM 0.5,B1,42,90.062,75.0000
B NA/NM 0.5,B2,42,1.175,111.0000
B NA/NM 0.5,B2,42,2.177,107.0000
B NA/NM 0.5,B2,42,3.083,107.0000
B NA/NM 0.5,B2,42,3.959,107.0000
B NA/NM 0.5,B2,42,4.833,95.0000
B NA/NM 0.5,B2,42,5.697,91.0000
B NA/NM 0.5,B2,42,6.478,84.0000
B NA/NM 0.5,B2,42,7.229,79.0000
B NA/NM 0.5,B2,42,7.946,79.0000
B NA/NM 0.5,B2,42,8.703,79.0000
B NA/NM 0.5,B2,42,9.369,79.0000
B NA/NM 0.5,B2,42,10.046,79.0000
B NA/NM 0.5,B2,42,10.686,79.0000
B NA/NM 0.5,B2,42,11.303,79.0000
B NA/NM 0.5,B2,42,11.950,74.0000
B NA/NM 0.5,B2,42,12.571,74.0000
B NA/NM 0.5,B2,42,13.232,74.0000
B NA/NM 0.5,B2,42,13.882,72.0000
B NA/NM 0.5,B2,42,14.505,72.0000
B NA/NM 0.5,B2,42,15.108,69.0000
B NA/NM 0.5,B2,42,15.697,69.0000
B NA/NM 0.5,B2,42,16.322,67.0000
B NA/NM 0.5,B2,42,16.918,67.0000
B NA/NM 0.5,B2,42,17.490,65.0000
B NA/NM 0.5,B2,42,18.073,65.0000
B NA/NM 0.5,B2,42,18.631,64.0000
B NA/NM 0.5,B2,42,19.205,61.0000
B NA/NM 0.5,B2,42,19.752,61.0000
B NA/NM 0.5,B2,42,20.324,61.0000
B NA/NM 0.5,B2,42,20.917,61.0000
B NA/NM 0.5,B2,42,21.497,61.0000
B NA/NM 0.5,B2,42,22.082,61.0000
B NA/NM 0.5,B2,42,22.665,61.0000
B NA/NM 0.5,B2,42,23.230,61.0000
B NA/NM 0.5,B2,42,23.811,61.0000
B NA/NM 0.5,B2,42,24.389,61.0000
B NA/NM 0.5,B2,42,24.985,61.0000
B NA/NM 0.5,B2,42,25.587,61.0000
B NA/NM 0.5,B2,42,26.162,61.0000
B NA/NM 0.5,B2,42,26.730,61.0000
B NA/NM 0.5,B2,42,27.321,61.0000
B NA/NM 0.5,B2,42,27.884,61.0000
B NA/NM 0.5,B2,42,28.434,61.0000
B NA/NM 0.5,B2,42,29.000,61.0000
B NA/NM 0.5,B2,42,29.610,61.0000
B NA/NM 0.5,B2,42,30.176,61.0000
B NA/NM 0.5,B2,42,30.752,61.0000
B NA/NM 0.5,B2,42,31.351,61.0000
B NA/NM 0.5,B2,42,31.898,61.0000
B NA/NM 0.5,B2,42,32.474,61.0000
B NA/NM 0.5,B2,42,33.092,61.0000
B NA/NM 0.5,B2,42,33.679,61.0000
B NA/NM 0.5,B2,42,34.237,61.0000
B NA/NM 0.5,B2,42,34.787,61.0000
B NA/NM 0.5,B2,42,35.349,61.0000
B NA/NM 0.5,B2,42,35.907,61.0000
B NA/NM 0.5,B2,42,36.460,61.0000
B NA/NM 0.5,B2,42,37.025,61.0000
B NA/NM 0.5,B2,42,37.591,61.0000
B NA/NM 0.5,B2,42,38.153,61.0000
B NA/NM 0.5,B2,42,38.717,61.0000
B NA/NM 0.5,B2,42,39.299,61.0000
B NA/NM 0.5,B2,42,39.881,61.0000
B NA/NM 0.5,B2,42,40.471,61.0000
B NA/NM 0.5,B2,42,41.017,61.0000
B NA/NM 0.5,B2,42,41.626,61.0000
B NA/NM 0.5,B2,42,42.201,61.0000
B NA/NM 0.5,B2,42,42.755,61.0000
B NA/NM 0.5,B2,42,43.322,61.0000
B NA/NM 0.5,B2,42,43.897,61.0000
B NA/NM 0.5,B2,42,44.502,61.0000
B NA/NM 0.5,B2,42,45.060,61.0000
B NA/NM 0.5,B2,42,45.617,61.0000
B NA/NM 0.5,B2,42,46.189,61.0000
B NA/NM 0.5,B2,42,46.765,61.0000
B NA/NM 0.5,B2,42,47.331,61.0000
B NA/NM 0.5,B2,42,47.896,61.0000
B NA/NM 0.5,B2,42,48.467,61.0000
B NA/NM 0.5,B2,42,49.032,61.0000
B NA/NM 0.5,B2,42,49.590,61.0000
B NA/NM 0.5,B2,42,50.145,61.0000
B NA/NM 0.5,B2,42,50.718,61.0000
B NA/NM 0.5,B2,42,51.282,61.0000
B NA/NM 0.5,B2,42,51.863,61.0000
B NA/NM 0.5,B2,42,52.410,61.0000
B NA/NM 0.5,B2,42,52.958,61.0000
B NA/NM 0.5,B2,42,53.518,61.0000
B NA/NM 0.5,B2,42,54.109,61.0000
B NA/NM 0.5,B2,42,54.687,61.0000
B NA/NM 0.5,B2,42,55.269,61.0000
B NA/NM 0.5,B2,42,55.826,61.0000
B NA/NM 0.5,B2,42,56.386,61.0000
B NA/NM 0.5,B2,42,56.976,61.0000
B NA/NM 0.5,B2,42,57.548,61.0000
B NA/NM 0.5,B2,42,58.120,61.0000
B NA/NM 0.5,B2,42,58.677,61.0000
B NA/NM 0.5,B2,42,59.232,61.0000
B NA/NM 0.5,B2,42,59.827,61.0000
B NA/NM 0.5,B2,42,60.380,61.0000
B NA/NM 0.5,B2,42,60.942,61.0000
B NA/NM 0.5,B2,42,61.524,61.0000
B NA/NM 0.5,B2,42,62.084,61.0000
B NA/NM 0.5,B2,42,62.636,61.0000
B NA/NM 0.5,B2,42,63.206,61.0000
B NA/NM 0.5,B2,42,63.761,61.0000
B NA/NM 0.5,B2,42,64.333,61.0000
B NA/NM 0.5,B2,42,64.889,61.0000
B NA/NM 0.5,B2,42,65.456,61.0000
B NA/NM 0.5,B2,42,66.025,61.0000
B NA/NM 0.5,B2,42,66.623,61.0000
B NA/NM 0.5,B2,42,67.230,61.0000
B NA/NM 0.5,B2,42,67.803,61.0000
B NA/NM 0.5,B2,42,68.354,61.0000
B NA/NM 0.5,B2,42,68.906,61.0000
B NA/NM 0.5,B2,42,69.517,61.0000
B NA/NM 0.5,B2,42,70.127,61.0000
B NA/NM 0.5,B2,42,70.690,61.0000
B NA/NM 0.5,B2,42,71.309,61.0000
B NA/NM 0.5,B2,42,71.865,61.0000
B NA/NM 0.5,B2,42,72.487,61.0000
B NA/NM 0.5,B2,42,73.065,61.0000
B NA/NM 0.5,B2,42,73.626,61.0000
B NA/NM 0.5,B2,42,74.213,61.0000
B NA/NM 0.5,B2,42,74.763,61.0000
B NA/NM 0.5,B2,42,75.315,61.0000
B NA/NM 0.5,B2,42,75.877,61.0000
B NA/NM 0.5,B2,42,76.446,61.0000
B NA/NM 0.5,B2,42,77.005,61.0000
B NA/NM 0.5,B2,42,77.569,61.0000
B NA/NM 0.5,B2,42,78.120,61.0000
B NA/NM 0.5,B2,42,78.671,61.0000
B NA/NM 0.5,B2,42,79.238,61.0000
B NA/NM 0.5,B2,42,79.791,61.0000
B NA/NM 0.5,B2,42,80.356,61.0000
B NA/NM 0.5,B2,42,80.929,61.0000
B NA/NM 0.5,B2,42,81.530,61.0000
B NA/NM 0.5,B2,42,82.144,61.0000
B NA/NM 0.5,B2,42,82.705,61.0000
B NA/NM 0.5,B2,42,83.288,61.0000
B NA/NM 0.5,B2,42,83.878,61.0000
B NA/NM 0.5,B2,42,84.454,61.0000
B NA/NM 0.5,B2,42,85.029,61.0000
B NA/NM 0.5,B2,42,85.600,61.0000
B NA/NM 0.5,B2,42,86.169,61.0000
B NA/NM 0.5,B2,42,86.749,61.0000
B NA/NM 0.5,B2,42,87.327,61.0000
B NA/NM 0.5,B2,42,87.941,61.0000
B NA/NM 0.5,B2,42,88.520,61.0000
B NA/NM 0.5,B2,42,89.136,61.0000
B NA/NM 0.5,B2,42,89.708,61.0000
B NA/NM 0.5,B2,42,90.262,61.0000
B NA/NM 0.5,B0,7,0.035,105.0000
B NA/NM 0.5,B0,7,0.066,91.0000
B NA/NM 0.5,B0,7,0.096,85.0000
B NA/NM 0.5,B0,7,0.126,85.0000
B NA/NM 0.5,B0,7,0.153,84.0000
B NA/NM 0.5,B0,7,0.181,80.0000
B NA/NM 0.5,B0,7,0.208,73.0000
B NA/NM 0.5,B0,7,0.240,66.0000
B NA/NM 0.5,B0,7,0.267,65.0000
B NA/NM 0.5,B0,7,0.293,65.0000
B NA/NM 0.5,B0,7,0.320,64.0000
B NA/NM 0.5,B0,7,0.349,64.0000
B NA/NM 0.5,B0,7,0.374,58.0000
B NA/NM 0.5,B0,7,0.398,58.0000
B NA/NM 0.5,B0,7,0.421,58.0000
B NA/NM 0.5,B0,7,0.448,58.0000
B NA/NM 0.5,B0,7,0.476,58.0000
B NA/NM 0.5,B0,7,0.500,58.0000
B NA/NM 0.5,B0,7,0.526,58.0000
B NA/NM 0.5,B0,7,0.549,58.0000
B NA/NM 0.5,B0,7,0.576,58.0000
B NA/NM 0.5,B0,7,0.599,58.0000
B NA/NM 0.5,B0,7,0.621,58.0000
B NA/NM 0.5,B0,7,0.643,57.0000
B NA/NM 0.5,B0,7,0.666,57.0000
B NA/NM 0.5,B0,7,0.693,57.0000
B NA/NM 0.5,B0,7,0.714,57.0000
B NA/NM 0.5,B0,7,0.737,57.0000
B NA/NM 0.5,B0,7,0.761,57.0000
B NA/NM 0.5,B0,7,0.784,57.0000
B NA/NM 0.5,B0,7,0.810,57.0000
B NA/NM 0.5,B0,7,0.834,57.0000
B NA/NM 0.5,B0,7,0.859,57.0000
B NA/NM 0.5,B0,7,0.883,57.0000
B NA/NM 0.5,B0,7,0.910,57.0000
B NA/NM 0.5,B0,7,0.935,57.0000
B NA/NM 0.5,B0,7,0.958,57.0000
B NA/NM 0.5,B0,7,0.985,57.0000
B NA/NM 0.5,B0,7,1.011,57.0000
B NA/NM 0.5,B0,7,1.043,57.0000
B NA/NM 0.5,B0,7,1.068,57.0000
B NA/NM 0.5,B0,7,1.092,57.0000
B NA/NM 0.5,B0,7,1.116,57.0000
B NA/NM 0.5,B0,7,1.139,57.0000
B NA/NM 0.5,B0,7,1.165,57.0000
B NA/NM 0.5,B0,7,1.188,57.0000
B NA/NM 0.5,B0,7,1.211,57.0000
B NA/NM 0.5,B0,7,1.234,57.0000
B NA/NM 0.5,B0,7,1.259,57.0000
B NA/NM 0.5,B0,7,1.287,57.0000
B NA/NM 0.5,B0,7,1.311,56.0000
B NA/NM 0.5,B0,7,1.337,56.0000
B NA/NM 0.5,B0,7,1.364,56.0000
B NA/NM 0.5,B0,7,1.393,56.0000
B NA/NM 0.5,B0,7,1.419,55.0000
B NA/NM 0.5,B0,7,1.445,55.0000
B NA/NM 0.5,B0,7,1.471,55.0000
B NA/NM 0.5,B0,7,1.497,55.0000
B NA/NM 0.5,B0,7,1.524,55.0000
B NA/NM 0.5,B0,7,1.547,55.0000
B NA/NM 0.5,B0,7,1.569,55.0000
B NA/NM 0.5,B0,7,1.592,55.0000
B NA/NM 0.5,B0,7,1.615,55.0000
B NA/NM 0.5,B0,7,1.640,55.0000
B NA/NM 0.5,B0,7,1.663,55.0000
B NA/NM 0.5,B0,7,1.686,55.0000
B NA/NM 0.5,B0,7,1.708,55.0000
B NA/NM 0.5,B0,7,1.731,55.0000
B NA/NM 0.5,B0,7,1.761,55.0000
B NA/NM 0.5,B0,7,1.786,55.0000
B NA/NM 0.5,B0,7,1.812,55.0000
B NA/NM 0.5,B0,7,1.839,55.0000
B NA/NM 0.5,B0,7,1.868,55.0000
B NA/NM 0.5,B0,7,1.893,55.0000
B NA/NM 0.5,B0,7,1.920,55.0000
B NA/NM 0.5,B0,7,1.945,55.0000
B NA/NM 0.5,B0,7,1.968,55.0000
B NA/NM 0.5,B0,7,1.996,55.0000
B NA/NM 0.5,B0,7,2.019,55.0000
B NA/NM 0.5,B0,7,2.042,54.0000
B NA/NM 0.5,B0,7,2.068,54.0000
B NA/NM 0.5,B0,7,2.091,54.0000
B NA/NM 0.5,B0,7,2.117,54.0000
B NA/NM 0.5,B0,7,2.139,54.0000
B NA/NM 0.5,B0,7,2.162,54.0000
B NA/NM 0.5,B0,7,2.185,54.0000
B NA/NM 0.5,B0,7,2.211,54.0000
B NA/NM 0.5,B0,7,2.232,54.0000
B NA/NM 0.5,B0,7,2.255,54.0000
B NA/NM 0.5,B0,7,2.277,54.0000
B NA/NM 0.5,B0,7,2.301,54.0000
B NA/NM 0.5,B0,7,2.326,54.0000
B NA/NM 0.5,B0,7,2.348,54.0000
B NA/NM 0.5,B0,7,2.371,54.0000
B NA/NM 0.5,B0,7,2.393,54.0000
B NA/NM 0.5,B0,7,2.416,54.0000
B NA/NM 0.5,B0,7,2.441,54.0000
B NA/NM 0.5,B0,7,2.462,54.0000
B NA/NM 0.5,B0,7,2.484,54.0000
B NA/NM 0.5,B0,7,2.506,54.0000
B NA/NM 0.5,B0,7,2.530,54.0000
B NA/NM 0.5,B0,7,2.555,54.0000
B NA/NM 0.5,B0,7,2.580,54.0000
B NA/NM 0.5,B0,7,2.602,54.0000
B NA/NM 0.5,B0,7,2.625,54.0000
B NA/NM 0.5,B0,7,2.652,54.0000
B NA/NM 0.5,B0,7,2.673,54.0000
B NA/NM 0.5,B0,7,2.694,54.0000
B NA/NM 0.5,B0,7,2.719,54.0000
B NA/NM 0.5,B0,7,2.743,54.0000
B NA/NM 0.5,B0,7,2.770,54.0000
B NA/NM 0.5,B0,7,2.793,54.0000
B NA/NM 0.5,B0,7,2.816,54.0000
B NA/NM 0.5,B0,7,2.839,54.0000
B NA/NM 0.5,B0,7,2.863,54.0000
B NA/NM 0.5,B0,7,2.888,54.0000
B NA/NM 0.5,B0,7,2.911,54.0000
B NA/NM 0.5,B0,7,2.934,54.0000
B NA/NM 0.5,B0,7,2.957,54.0000
B NA/NM 0.5,B0,7,2.981,54.0000
B NA/NM 0.5,B0,7,3.009,54.0000
B NA/NM 0.5,B0,7,3.034,54.0000
B NA/NM 0.5,B0,7,3.059,54.0000
B NA/NM 0.5,B0,7,3.083,54.0000
B NA/NM 0.5,B0,7,3.107,54.0000
B NA/NM 0.5,B0,7,3.130,54.0000
B NA/NM 0.5,B0,7,3.152,54.0000
B NA/NM 0.5,B0,7,3.176,54.0000
B NA/NM 0.5,B0,7,3.199,54.0000
B NA/NM 0.5,B0,7,3.225,54.0000
B NA/NM 0.5,B0,7,3.249,54.0000
B NA/NM 0.5,B0,7,3.270,54.0000
B NA/NM 0.5,B0,7,3.293,54.0000
B NA/NM 0.5,B0,7,3.317,54.0000
B NA/NM 0.5,B0,7,3.344,54.0000
B NA/NM 0.5,B0,7,3.368,54.0000
B NA/NM 0.5,B0,7,3.393,54.0000
B NA/NM 0.5,B0,7,3.418,54.0000
B NA/NM 0.5,B0,7,3.446,54.0000
B NA/NM 0.5,B0,7,3.473,54.0000
B NA/NM 0.5,B0,7,3.499,54.0000
B NA/NM 0.5,B0,7,3.526,54.0000
B NA/NM 0.5,B0,7,3.554,54.0000
B NA/NM 0.5,B0,7,3.585,54.0000
B NA/NM 0.5,B0,7,3.611,54.0000
B NA/NM 0.5,B0,7,3.637,54.0000
B NA/NM 0.5,B0,7,3.662,54.0000
B NA/NM 0.5,B0,7,3.686,54.0000
B NA/NM 0.5,B0,7,3.715,54.0000
B NA/NM 0.5,B0,7,3.739,54.0000
B NA/NM 0.5,B0,7,3.764,54.0000
B NA/NM 0.5,B0,7,3.789,54.0000
B NA/NM 0.5,B0,7,3.814,54.0000
B NA/NM 0.5,B0,7,3.842,54.0000
B NA/NM 0.5,B0,7,3.867,54.0000
B NA/NM 0.5,B0,7,3.892,54.0000
B NA/NM 0.5,B0,7,3.917,54.0000
B NA/NM 0.5,B0,7,3.942,54.0000
B NA/NM 0.5,B0,7,3.970,54.0000
B NA/NM 0.5,B0,7,3.995,54.0000
B NA/NM 0.5,B0,7,4.016,54.0000
B NA/NM 0.5,B0,7,4.037,54.0000
B NA/NM 0.5,B0,7,4.062,54.0000
B NA/NM 0.5,B0,7,4.085,54.0000
B NA/NM 0.5,B0,7,4.108,54.0000
B NA/NM 0.5,B0,7,4.130,54.0000
B NA/NM 0.5,B0,7,4.151,54.0000
B NA/NM 0.5,B0,7,4.177,54.0000
B NA/NM 0.5,B0,7,4.199,54.0000
B NA/NM 0.5,B0,7,4.221,54.0000
B NA/NM 0.5,B0,7,4.245,54.0000
B NA/NM 0.5,B0,7,4.268,54.0000
B NA/NM 0.5,B0,7,4.292,54.0000
B NA/NM 0.5,B0,7,4.315,54.0000
B NA/NM 0.5,B0,7,4.337,54.0000
B NA/NM 0.5,B0,7,4.360,54.0000
B NA/NM 0.5,B0,7,4.387,54.0000
B NA/NM 0.5,B0,7,4.411,54.0000
B NA/NM 0.5,B0,7,4.435,54.0000
B NA/NM 0.5,B0,7,4.456,54.0000
B NA/NM 0.5,B0,7,4.477,54.0000
B NA/NM 0.5,B0,7,4.503,54.0000
B NA/NM 0.5,B0,7,4.525,54.0000
B NA/NM 0.5,B0,7,4.548,54.0000
B NA/NM 0.5,B0,7,4.571,54.0000
B NA/NM 0.5,B0,7,4.594,54.0000
B NA/NM 0.5,B0,7,4.619,54.0000
B NA/NM 0.5,B0,7,4.641,54.0000
B NA/NM 0.5,B0,7,4.663,54.0000
B NA/NM 0.5,B0,7,4.686,54.0000
B NA/NM 0.5,B0,7,4.709,54.0000
B NA/NM 0.5,B0,7,4.735,54.0000
B NA/NM 0.5,B0,7,4.757,54.0000
B NA/NM 0.5,B0,7,4.783,54.0000
B NA/NM 0.5,B0,7,4.808,54.0000
B NA/NM 0.5,B0,7,4.837,54.0000
B NA/NM 0.5,B0,7,4.863,54.0000
B NA/NM 0.5,B0,7,4.888,54.0000
B NA/NM 0.5,B0,7,4.915,54.0000
B NA/NM 0.5,B0,7,4.938,54.0000
B NA/NM 0.5,B0,7,4.969,54.0000
B NA/NM 0.5,B0,7,4.991,54.0000
B NA/NM 0.5,B0,7,5.013,54.0000
B NA/NM 0.5,B0,7,5.035,54.0000
B NA/NM 0.5,B0,7,5.059,54.0000
B NA/NM 0.5,B0,7,5.087,54.0000
B NA/NM 0.5,B0,7,5.112,54.0000
B NA/NM 0.5,B0,7,5.136,54.0000
B NA/NM 0.5,B0,7,5.159,54.0000
B NA/NM 0.5,B0,7,5.184,54.0000
B NA/NM 0.5,B0,7,5.211,54.0000
B NA/NM 0.5,B0,7,5.236,54.0000
B NA/NM 0.5,B0,7,5.260,54.0000
B NA/NM 0.5,B0,7,5.285,54.0000
B NA/NM 0.5,B0,7,5.313,54.0000
B NA/NM 0.5,B0,7,5.337,54.0000
B NA/NM 0.5,B0,7,5.363,54.0000
B NA/NM 0.5,B0,7,5.388,54.0000
B NA/NM 0.5,B0,7,5.412,54.0000
B NA/NM 0.5,B0,7,5.440,54.0000
B NA/NM 0.5,B0,7,5.465,54.0000
B NA/NM 0.5,B0,7,5.490,54.0000
B NA/NM 0.5,B0,7,5.514,54.0000
B NA/NM 0.5,B0,7,5.540,54.0000
B NA/NM 0.5,B0,7,5.568,54.0000
B NA/NM 0.5,B0,7,5.592,54.0000
B NA/NM 0.5,B0,7,5.617,54.0000
B NA/NM 0.5,B0,7,5.643,54.0000
B NA/NM 0.5,B0,7,5.667,54.0000
B NA/NM 0.5,B0,7,5.695,54.0000
B NA/NM 0.5,B0,7,5.719,54.0000
B NA/NM 0.5,B0,7,5.744,54.0000
B NA/NM 0.5,B0,7,5.768,54.0000
B NA/NM 0.5,B0,7,5.795,54.0000
B NA/NM 0.5,B0,7,5.818,53.0000
B NA/NM 0.5,B0,7,5.845,53.0000
B NA/NM 0.5,B0,7,5.870,53.0000
B NA/NM 0.5,B0,7,5.896,53.0000
B NA/NM 0.5,B0,7,5.926,53.0000
B NA/NM 0.5,B0,7,5.951,53.0000
B NA/NM 0.5,B0,7,5.977,53.0000
B NA/NM 0.5,B0,7,6.002,53.0000
B NA/NM 0.5,B0,7,6.026,53.0000
B NA/NM 0.5,B0,7,6.051,53.0000
B NA/NM 0.5,B0,7,6.075,53.0000
B NA/NM 0.5,B0,7,6.099,53.0000
B NA/NM 0.5,B0,7,6.122,53.0000
B NA/NM 0.5,B0,7,6.145,53.0000
B NA/NM 0.5,B0,7,6.170,53.0000
B NA/NM 0.5,B0,7,6.193,53.0000
B NA/NM 0.5,B0,7,6.215,53.0000
B NA/NM 0.5,B0,7,6.238,53.0000
B NA/NM 0.5,B0,7,6.260,53.0000
B NA/NM 0.5,B0,7,6.286,53.0000
B NA/NM 0.5,B0,7,6.309,53.0000
B NA/NM 0.5,B0,7,6.332,53.0000
B NA/NM 0.5,B0,7,6.355,53.0000
B NA/NM 0.5,B0,7,6.377,53.0000
B NA/NM 0.5,B0,7,6.403,53.0000
B NA/NM 0.5,B0,7,6.426,53.0000
B NA/NM 0.5,B0,7,6.452,53.0000
B NA/NM 0.5,B0,7,6.477,53.0000
B NA/NM 0.5,B0,7,6.501,53.0000
B NA/NM 0.5,B0,7,6.532,53.0000
B NA/NM 0.5,B0,7,6.557,53.0000
B NA/NM 0.5,B0,7,6.582,53.0000
B NA/NM 0.5,B0,7,6.605,53.0000
B NA/NM 0.5,B0,7,6.632,53.0000
B NA/NM 0.5,B0,7,6.656,53.0000
B NA/NM 0.5,B0,7,6.681,53.0000
B NA/NM 0.5,B0,7,6.703,53.0000
B NA/NM 0.5,B0,7,6.727,53.0000
B NA/NM 0.5,B0,7,6.755,53.0000
B NA/NM 0.5,B0,7,6.779,53.0000
B NA/NM 0.5,B0,7,6.804,53.0000
B NA/NM 0.5,B0,7,6.829,53.0000
B NA/NM 0.5,B0,7,6.853,53.0000
B NA/NM 0.5,B0,7,6.883,53.0000
B NA/NM 0.5,B0,7,6.907,53.0000
B NA/NM 0.5,B0,7,6.932,53.0000
B NA/NM 0.5,B0,7,6.957,53.0000
B NA/NM 0.5,B0,7,6.983,53.0000
B NA/NM 0.5,B0,7,7.012,53.0000
B NA/NM 0.5,B0,7,7.037,53.0000
B NA/NM 0.5,B0,7,7.062,53.0000
B NA/NM 0.5,B0,7,7.087,53.0000
B NA/NM 0.5,B0,7,7.114,53.0000
B NA/NM 0.5,B0,7,7.143,53.0000
B NA/NM 0.5,B0,7,7.166,53.0000
B NA/NM 0.5,B0,7,7.187,53.0000
B NA/NM 0.5,B0,7,7.209,53.0000
B NA/NM 0.5,B0,7,7.231,53.0000
B NA/NM 0.5,B0,7,7.256,53.0000
B NA/NM 0.5,B0,7,7.278,53.0000
B NA/NM 0.5,B0,7,7.300,53.0000
B NA/NM 0.5,B0,7,7.322,53.0000
B NA/NM 0.5,B0,7,7.345,53.0000
B NA/NM 0.5,B0,7,7.371,53.0000
B NA/NM 0.5,B0,7,7.394,53.0000
B NA/NM 0.5,B0,7,7.416,53.0000
B NA/NM 0.5,B0,7,7.439,53.0000
B NA/NM 0.5,B0,7,7.462,53.0000
B NA/NM 0.5,B0,7,7.488,53.0000
B NA/NM 0.5,B0,7,7.510,53.0000
B NA/NM 0.5,B0,7,7.532,53.0000
B NA/NM 0.5,B0,7,7.556,53.0000
B NA/NM 0.5,B0,7,7.579,53.0000
B NA/NM 0.5,B0,7,7.606,53.0000
B NA/NM 0.5,B0,7,7.629,53.0000
B NA/NM 0.5,B0,7,7.653,53.0000
B NA/NM 0.5,B0,7,7.675,53.0000
B NA/NM 0.5,B0,7,7.698,53.0000
B NA/NM 0.5,B0,7,7.724,53.0000
B NA/NM 0.5,B0,7,7.747,53.0000
B NA/NM 0.5,B0,7,7.769,53.0000
B NA/NM 0.5,B0,7,7.792,53.0000
B NA/NM 0.5,B0,7,7.816,53.0000
B NA/NM 0.5,B0,7,7.846,53.0000
B NA/NM 0.5,B0,7,7.870,53.0000
B NA/NM 0.5,B0,7,7.895,53.0000
B NA/NM 0.5,B0,7,7.920,53.0000
B NA/NM 0.5,B0,7,7.946,53.0000
B NA/NM 0.5,B0,7,7.973,53.0000
B NA/NM 0.5,B0,7,7.999,53.0000
B NA/NM 0.5,B0,7,8.022,53.0000
B NA/NM 0.5,B0,7,8.045,53.0000
B NA/NM 0.5,B0,7,8.071,53.0000
B NA/NM 0.5,B0,7,8.095,53.0000
B NA/NM 0.5,B0,7,8.117,53.0000
B NA/NM 0.5,B0,7,8.140,53.0000
B NA/NM 0.5,B0,7,8.163,53.0000
B NA/NM 0.5,B0,7,8.189,53.0000
B NA/NM 0.5,B0,7,8.213,53.0000
B NA/NM 0.5,B0,7,8.236,53.0000
B NA/NM 0.5,B0,7,8.258,53.0000
B NA/NM 0.5,B0,7,8.281,53.0000
B NA/NM 0.5,B0,7,8.307,53.0000
B NA/NM 0.5,B0,7,8.330,53.0000
B NA/NM 0.5,B0,7,8.352,53.0000
B NA/NM 0.5,B0,7,8.376,53.0000
B NA/NM 0.5,B0,7,8.400,53.0000
B NA/NM 0.5,B0,7,8.427,53.0000
B NA/NM 0.5,B0,7,8.450,53.0000
B NA/NM 0.5,B0,7,8.473,53.0000
B NA/NM 0.5,B0,7,8.497,53.0000
B NA/NM 0.5,B0,7,8.520,53.0000
B NA/NM 0.5,B0,7,8.546,53.0000
B NA/NM 0.5,B0,7,8.568,53.0000
B NA/NM 0.5,B0,7,8.591,53.0000
B NA/NM 0.5,B0,7,8.615,53.0000
B NA/NM 0.5,B0,7,8.638,53.0000
B NA/NM 0.5,B0,7,8.665,53.0000
B NA/NM 0.5,B0,7,8.688,53.0000
B NA/NM 0.5,B0,7,8.710,53.0000
B NA/NM 0.5,B0,7,8.733,53.0000
B NA/NM 0.5,B0,7,8.756,53.0000
B NA/NM 0.5,B0,7,8.782,53.0000
B NA/NM 0.5,B0,7,8.805,53.0000
B NA/NM 0.5,B0,7,8.827,53.0000
B NA/NM 0.5,B0,7,8.849,53.0000
B NA/NM 0.5,B0,7,8.872,53.0000
B NA/NM 0.5,B0,7,8.898,53.0000
B NA/NM 0.5,B0,7,8.921,53.0000
B NA/NM 0.5,B0,7,8.944,53.0000
B NA/NM 0.5,B0,7,8.967,53.0000
B NA/NM 0.5,B0,7,8.991,53.0000
B NA/NM 0.5,B0,7,9.018,53.0000
B NA/NM 0.5,B0,7,9.041,53.0000
B NA/NM 0.5,B0,7,9.064,53.0000
B NA/NM 0.5,B0,7,9.087,53.0000
B NA/NM 0.5,B0,7,9.110,53.0000
B NA/NM 0.5,B0,7,9.137,53.0000
B NA/NM 0.5,B0,7,9.160,53.0000
B NA/NM 0.5,B0,7,9.186,53.0000
B NA/NM 0.5,B0,7,9.208,53.0000
B NA/NM 0.5,B0,7,9.231,53.0000
B NA/NM 0.5,B0,7,9.259,53.0000
B NA/NM 0.5,B0,7,9.283,53.0000
B NA/NM 0.5,B0,7,9.305,53.0000
B NA/NM 0.5,B0,7,9.328,53.0000
B NA/NM 0.5,B0,7,9.350,53.0000
B NA/NM 0.5,B0,7,9.376,53.0000
B NA/NM 0.5,B0,7,9.399,53.0000
B NA/NM 0.5,B0,7,9.424,53.0000
B NA/NM 0.5,B0,7,9.450,53.0000
B NA/NM 0.5,B0,7,9.479,53.0000
B NA/NM 0.5,B0,7,9.504,53.0000
B NA/NM 0.5,B0,7,9.530,53.0000
B NA/NM 0.5,B0,7,9.556,53.0000
B NA/NM 0.5,B0,7,9.583,53.0000
B NA/NM 0.5,B0,7,9.609,53.0000
B NA/NM 0.5,B0,7,9.632,53.0000
B NA/NM 0.5,B0,7,9.655,53.0000
B NA/NM 0.5,B0,7,9.678,53.0000
B NA/NM 0.5,B0,7,9.702,53.0000
B NA/NM 0.5,B0,7,9.728,53.0000
B NA/NM 0.5,B0,7,9.753,53.0000
B NA/NM 0.5,B0,7,9.777,53.0000
B NA/NM 0.5,B0,7,9.800,53.0000
B NA/NM 0.5,B0,7,9.824,53.0000
B NA/NM 0.5,B0,7,9.851,53.0000
B NA/NM 0.5,B0,7,9.875,53.0000
B NA/NM 0.5,B0,7,9.897,53.0000
B NA/NM 0.5,B0,7,9.920,53.0000
B NA/NM 0.5,B0,7,9.945,53.0000
B NA/NM 0.5,B0,7,9.972,53.0000
B NA/NM 0.5,B0,7,9.996,53.0000
B NA/NM 0.5,B0,7,10.019,53.0000
B NA/NM 0.5,B0,7,10.044,53.0000
B NA/NM 0.5,B0,7,10.067,53.0000
B NA/NM 0.5,B0,7,10.094,53.0000
B NA/NM 0.5,B0,7,10.118,53.0000
B NA/NM 0.5,B0,7,10.143,53.0000
B NA/NM 0.5,B0,7,10.167,53.0000
B NA/NM 0.5,B0,7,10.192,53.0000
B NA/NM 0.5,B0,7,10.219,53.0000
B NA/NM 0.5,B0,7,10.242,53.0000
B NA/NM 0.5,B0,7,10.266,53.0000
B NA/NM 0.5,B0,7,10.290,53.0000
B NA/NM 0.5,B0,7,10.313,53.0000
B NA/NM 0.5,B0,7,10.339,53.0000
B NA/NM 0.5,B0,7,10.362,53.0000
B NA/NM 0.5,B0,7,10.386,53.0000
B NA/NM 0.5,B0,7,10.411,53.0000
B NA/NM 0.5,B0,7,10.434,53.0000
B NA/NM 0.5,B0,7,10.460,53.0000
B NA/NM 0.5,B0,7,10.483,53.0000
B NA/NM 0.5,B0,7,10.507,53.0000
B NA/NM 0.5,B0,7,10.530,53.0000
B NA/NM 0.5,B0,7,10.554,53.0000
B NA/NM 0.5,B0,7,10.580,53.0000
B NA/NM 0.5,B0,7,10.605,53.0000
B NA/NM 0.5,B0,7,10.627,53.0000
B NA/NM 0.5,B0,7,10.650,53.0000
B NA/NM 0.5,B0,7,10.674,53.0000
B NA/NM 0.5,B0,7,10.702,53.0000
B NA/NM 0.5,B0,7,10.727,53.0000
B NA/NM 0.5,B0,7,10.752,53.0000
B NA/NM 0.5,B0,7,10.776,53.0000
B NA/NM 0.5,B0,7,10.801,53.0000
B NA/NM 0.5,B0,7,10.830,53.0000
B NA/NM 0.5,B0,7,10.857,53.0000
B NA/NM 0.5,B0,7,10.883,53.0000
B NA/NM 0.5,B0,7,10.912,53.0000
B NA/NM 0.5,B0,7,10.945,53.0000
B NA/NM 0.5,B0,7,10.975,53.0000
B NA/NM 0.5,B0,7,11.002,53.0000
B NA/NM 0.5,B0,7,11.032,53.0000
B NA/NM 0.5,B0,7,11.059,53.0000
B NA/NM 0.5,B0,7,11.088,53.0000
B NA/NM 0.5,B0,7,11.114,53.0000
B NA/NM 0.5,B0,7,11.140,53.0000
B NA/NM 0.5,B0,7,11.166,53.0000
B NA/NM 0.5,B0,7,11.191,53.0000
B NA/NM 0.5,B0,7,11.217,53.0000
B NA/NM 0.5,B0,7,11.240,53.0000
B NA/NM 0.5,B0,7,11.264,53.0000
B NA/NM 0.5,B0,7,11.286,53.0000
B NA/NM 0.5,B0,7,11.308,53.0000
B NA/NM 0.5,B0,7,11.335,53.0000
B NA/NM 0.5,B0,7,11.357,53.0000
B NA/NM 0.5,B0,7,11.381,53.0000
B NA/NM 0.5,B0,7,11.404,53.0000
B NA/NM 0.5,B0,7,11.427,53.0000
B NA/NM 0.5,B0,7,11.453,53.0000
B NA/NM 0.5,B0,7,11.477,53.0000
B NA/NM 0.5,B0,7,11.500,53.0000
B NA/NM 0.5,B0,7,11.523,53.0000
B NA/NM 0.5,B0,7,11.548,53.0000
B NA/NM 0.5,B0,7,11.576,53.0000
B NA/NM 0.5,B0,7,11.600,53.0000
B NA/NM 0.5,B0,7,11.625,53.0000
B NA/NM 0.5,B0,7,11.650,53.0000
B NA/NM 0.5,B0,7,11.673,53.0000
B NA/NM 0.5,B0,7,11.701,53.0000
B NA/NM 0.5,B0,7,11.724,53.0000
B NA/NM 0.5,B0,7,11.747,53.0000
B NA/NM 0.5,B0,7,11.770,53.0000
B NA/NM 0.5,B0,7,11.793,53.0000
B NA/NM 0.5,B0,7,11.819,53.0000
B NA/NM 0.5,B0,7,11.843,53.0000
B NA/NM 0.5,B0,7,11.867,53.0000
B NA/NM 0.5,B0,7,11.890,53.0000
B NA/NM 0.5,B0,7,11.913,53.0000
B NA/NM 0.5,B0,7,11.939,53.0000
B NA/NM 0.5,B0,7,11.963,53.0000
B NA/NM 0.5,B0,7,11.987,53.0000
B NA/NM 0.5,B0,7,12.011,53.0000
B NA/NM 0.5,B0,7,12.036,53.0000
B NA/NM 0.5,B0,7,12.064,53.0000
B NA/NM 0.5,B0,7,12.089,53.0000
B NA/NM 0.5,B0,7,12.114,53.0000
B NA/NM 0.5,B0,7,12.139,53.0000
B NA/NM 0.5,B0,7,12.168,53.0000
B NA/NM 0.5,B0,7,12.194,53.0000
B NA/NM 0.5,B0,7,12.217,53.0000
B NA/NM 0.5,B0,7,12.241,53.0000
B NA/NM 0.5,B0,7,12.263,53.0000
B NA/NM 0.5,B0,7,12.290,53.0000
B NA/NM 0.5,B0,7,12.313,53.0000
B NA/NM 0.5,B0,7,12.336,53.0000
B NA/NM 0.5,B0,7,12.359,53.0000
B NA/NM 0.5,B0,7,12.382,53.0000
B NA/NM 0.5,B0,7,12.408,53.0000
B NA/NM 0.5,B0,7,12.434,53.0000
B NA/NM 0.5,B0,7,12.460,53.0000
B NA/NM 0.5,B0,7,12.487,53.0000
B NA/NM 0.5,B0,7,12.512,53.0000
B NA/NM 0.5,B0,7,12.543,53.0000
B NA/NM 0.5,B0,7,12.570,53.0000
B NA/NM 0.5,B0,7,12.595,53.0000
B NA/NM 0.5,B0,7,12.617,53.0000
B NA/NM 0.5,B0,7,12.642,53.0000
B NA/NM 0.5,B0,7,12.671,53.0000
B NA/NM 0.5,B0,7,12.697,53.0000
B NA/NM 0.5,B0,7,12.723,53.0000
B NA/NM 0.5,B0,7,12.748,53.0000
B NA/NM 0.5,B0,7,12.775,53.0000
B NA/NM 0.5,B0,7,12.806,53.0000
B NA/NM 0.5,B0,7,12.833,53.0000
B NA/NM 0.5,B0,7,12.859,53.0000
B NA/NM 0.5,B0,7,12.886,53.0000
B NA/NM 0.5,B0,7,12.910,53.0000
B NA/NM 0.5,B0,7,12.935,53.0000
B NA/NM 0.5,B0,7,12.958,53.0000
B NA/NM 0.5,B0,7,12.981,53.0000
B NA/NM 0.5,B0,7,13.004,53.0000
B NA/NM 0.5,B0,7,13.028,53.0000
B NA/NM 0.5,B0,7,13.054,53.0000
B NA/NM 0.5,B0,7,13.079,53.0000
B NA/NM 0.5,B0,7,13.105,53.0000
B NA/NM 0.5,B0,7,13.130,53.0000
B NA/NM 0.5,B0,7,13.154,53.0000
B NA/NM 0.5,B0,7,13.181,53.0000
B NA/NM 0.5,B0,7,13.206,53.0000
B NA/NM 0.5,B0,7,13.231,53.0000
B NA/NM 0.5,B0,7,13.257,53.0000
B NA/NM 0.5,B0,7,13.283,53.0000
B NA/NM 0.5,B0,7,13.312,53.0000
B NA/NM 0.5,B0,7,13.342,53.0000
B NA/NM 0.5,B0,7,13.376,53.0000
B NA/NM 0.5,B0,7,13.413,53.0000
B NA/NM 0.5,B0,7,13.440,53.0000
B NA/NM 0.5,B0,7,13.473,53.0000
B NA/NM 0.5,B0,7,13.500,53.0000
B NA/NM 0.5,B0,7,13.528,53.0000
B NA/NM 0.5,B0,7,13.555,53.0000
B NA/NM 0.5,B0,7,13.585,53.0000
B NA/NM 0.5,B0,7,13.617,53.0000
B NA/NM 0.5,B0,7,13.645,53.0000
B NA/NM 0.5,B0,7,13.673,53.0000
B NA/NM 0.5,B0,7,13.698,53.0000
B NA/NM 0.5,B0,7,13.728,53.0000
B NA/NM 0.5,B0,7,13.751,53.0000
B NA/NM 0.5,B0,7,13.773,53.0000
B NA/NM 0.5,B0,7,13.796,53.0000
B NA/NM 0.5,B0,7,13.819,53.0000
B NA/NM 0.5,B0,7,13.847,53.0000
B NA/NM 0.5,B0,7,13.873,53.0000
B NA/NM 0.5,B0,7,13.896,53.0000
B NA/NM 0.5,B0,7,13.921,53.0000
B NA/NM 0.5,B0,7,13.947,53.0000
B NA/NM 0.5,B0,7,13.977,53.0000
B NA/NM 0.5,B0,7,14.003,53.0000
B NA/NM 0.5,B0,7,14.028,53.0000
B NA/NM 0.5,B0,7,14.054,53.0000
B NA/NM 0.5,B0,7,14.077,53.0000
B NA/NM 0.5,B0,7,14.104,53.0000
B NA/NM 0.5,B0,7,14.127,53.0000
B NA/NM 0.5,B0,7,14.150,53.0000
B NA/NM 0.5,B0,7,14.173,53.0000
B NA/NM 0.5,B0,7,14.196,53.0000
B NA/NM 0.5,B0,7,14.223,53.0000
B NA/NM 0.5,B0,7,14.247,53.0000
B NA/NM 0.5,B0,7,14.269,53.0000
B NA/NM 0.5,B0,7,14.294,53.0000
B NA/NM 0.5,B0,7,14.316,53.0000
B NA/NM 0.5,B0,7,14.342,53.0000
B NA/NM 0.5,B0,7,14.365,53.0000
B NA/NM 0.5,B0,7,14.387,53.0000
B NA/NM 0.5,B0,7,14.410,53.0000
B NA/NM 0.5,B0,7,14.432,53.0000
B NA/NM 0.5,B0,7,14.458,53.0000
B NA/NM 0.5,B0,7,14.480,53.0000
B NA/NM 0.5,B0,7,14.503,53.0000
B NA/NM 0.5,B0,7,14.527,53.0000
B NA/NM 0.5,B0,7,14.550,53.0000
B NA/NM 0.5,B0,7,14.575,53.0000
B NA/NM 0.5,B0,7,14.599,53.0000
B NA/NM 0.5,B0,7,14.621,53.0000
B NA/NM 0.5,B0,7,14.644,53.0000
B NA/NM 0.5,B0,7,14.667,53.0000
B NA/NM 0.5,B0,7,14.694,53.0000
B NA/NM 0.5,B0,7,14.717,53.0000
B NA/NM 0.5,B0,7,14.741,53.0000
B NA/NM 0.5,B0,7,14.763,53.0000
B NA/NM 0.5,B0,7,14.787,53.0000
B NA/NM 0.5,B0,7,14.813,53.0000
B NA/NM 0.5,B0,7,14.836,53.0000
B NA/NM 0.5,B0,7,14.859,53.0000
B NA/NM 0.5,B0,7,14.882,53.0000
B NA/NM 0.5,B0,7,14.905,53.0000
B NA/NM 0.5,B0,7,14.931,53.0000
B NA/NM 0.5,B0,7,14.953,53.0000
B NA/NM 0.5,B0,7,14.976,53.0000
B NA/NM 0.5,B0,7,14.999,53.0000
B NA/NM 0.5,B0,7,15.021,53.0000
B NA/NM 0.5,B0,7,15.046,53.0000
B NA/NM 0.5,B0,7,15.069,53.0000
B NA/NM 0.5,B0,7,15.092,53.0000
B NA/NM 0.5,B0,7,15.116,53.0000
B NA/NM 0.5,B0,7,15.144,53.0000
B NA/NM 0.5,B0,7,15.167,53.0000
B NA/NM 0.5,B0,7,15.189,53.0000
B NA/NM 0.5,B0,7,15.212,53.0000
B NA/NM 0.5,B0,7,15.235,53.0000
B NA/NM 0.5,B0,7,15.262,53.0000
B NA/NM 0.5,B0,7,15.285,53.0000
B NA/NM 0.5,B0,7,15.308,53.0000
B NA/NM 0.5,B0,7,15.331,53.0000
B NA/NM 0.5,B0,7,15.354,53.0000
B NA/NM 0.5,B0,7,15.380,53.0000
B NA/NM 0.5,B0,7,15.402,53.0000
B NA/NM 0.5,B0,7,15.427,53.0000
B NA/NM 0.5,B0,7,15.452,53.0000
B NA/NM 0.5,B0,7,15.478,53.0000
B NA/NM 0.5,B0,7,15.508,53.0000
B NA/NM 0.5,B0,7,15.533,53.0000
B NA/NM 0.5,B0,7,15.558,53.0000
B NA/NM 0.5,B0,7,15.582,53.0000
B NA/NM 0.5,B0,7,15.604,53.0000
B NA/NM 0.5,B0,7,15.631,53.0000
B NA/NM 0.5,B0,7,15.654,53.0000
B NA/NM 0.5,B0,7,15.677,53.0000
B NA/NM 0.5,B0,7,15.700,53.0000
B NA/NM 0.5,B0+,7,0.035,105.0000
B NA/NM 0.5,B0+,7,0.066,91.0000
B NA/NM 0.5,B0+,7,0.096,85.0000
B NA/NM 0.5,B0+,7,0.126,85.0000
B NA/NM 0.5,B0+,7,0.153,84.0000
B NA/NM 0.5,B0+,7,0.181,80.0000
B NA/NM 0.5,B0+,7,0.208,73.0000
B NA/NM 0.5,B0+,7,0.240,66.0000
B NA/NM 0.5,B0+,7,0.267,65.0000
B NA/NM 0.5,B0+,7,0.293,65.0000
B NA/NM 0.5,B0+,7,0.320,64.0000
B NA/NM 0.5,B0+,7,0.349,64.0000
B NA/NM 0.5,B0+,7,0.374,58.0000
B NA/NM 0.5,B0+,7,0.398,58.0000
B NA/NM 0.5,B0+,7,0.421,58.0000
B NA/NM 0.5,B0+,7,0.448,58.0000
B NA/NM 0.5,B0+,7,0.476,58.0000
B NA/NM 0.5,B0+,7,0.500,58.0000
B NA/NM 0.5,B0+,7,0.526,58.0000
B NA/NM 0.5,B0+,7,0.549,58.0000
B NA/NM 0.5,B0+,7,0.576,58.0000
B NA/NM 0.5,B0+,7,0.599,58.0000
B NA/NM 0.5,B0+,7,0.621,58.0000
B NA/NM 0.5,B0+,7,0.643,57.0000
B NA/NM 0.5,B0+,7,0.666,57.0000
B NA/NM 0.5,B0+,7,0.693,57.0000
B NA/NM 0.5,B0+,7,0.714,57.0000
B NA/NM 0.5,B0+,7,0.737,57.0000
B NA/NM 0.5,B0+,7,0.761,57.0000
B NA/NM 0.5,B0+,7,0.784,57.0000
B NA/NM 0.5,B0+,7,0.810,57.0000
B NA/NM 0.5,B0+,7,0.834,57.0000
B NA/NM 0.5,B0+,7,0.859,57.0000
B NA/NM 0.5,B0+,7,0.883,57.0000
B NA/NM 0.5,B0+,7,0.910,57.0000
B NA/NM 0.5,B0+,7,0.935,57.0000
B NA/NM 0.5,B0+,7,0.958,57.0000
B NA/NM 0.5,B0+,7,0.985,57.0000
B NA/NM 0.5,B0+,7,1.011,57.0000
B NA/NM 0.5,B0+,7,1.043,57.0000
B NA/NM 0.5,B0+,7,1.068,57.0000
B NA/NM 0.5,B0+,7,1.092,57.0000
B NA/NM 0.5,B0+,7,1.116,57.0000
B NA/NM 0.5,B0+,7,1.139,57.0000
B NA/NM 0.5,B0+,7,1.165,57.0000
B NA/NM 0.5,B0+,7,1.188,57.0000
B NA/NM 0.5,B0+,7,1.211,57.0000
B NA/NM 0.5,B0+,7,1.234,57.0000
B NA/NM 0.5,B0+,7,1.259,57.0000
B NA/NM 0.5,B0+,7,1.287,57.0000
B NA/NM 0.5,B0+,7,1.311,56.0000
B NA/NM 0.5,B0+,7,1.337,56.0000
B NA/NM 0.5,B0+,7,1.364,56.0000
B NA/NM 0.5,B0+,7,1.393,56.0000
B NA/NM 0.5,B0+,7,1.419,55.0000
B NA/NM 0.5,B0+,7,1.445,55.0000
B NA/NM 0.5,B0+,7,1.471,55.0000
B NA/NM 0.5,B0+,7,1.497,55.0000
B NA/NM 0.5,B0+,7,1.524,55.0000
B NA/NM 0.5,B0+,7,1.547,55.0000
B NA/NM 0.5,B0+,7,1.569,55.0000
B NA/NM 0.5,B0+,7,1.592,55.0000
B NA/NM 0.5,B0+,7,1.615,55.0000
B NA/NM 0.5,B0+,7,1.640,55.0000
B NA/NM 0.5,B0+,7,1.663,55.0000
B NA/NM 0.5,B0+,7,1.686,55.0000
B NA/NM 0.5,B0+,7,1.708,55.0000
B NA/NM 0.5,B0+,7,1.731,55.0000
B NA/NM 0.5,B0+,7,1.761,55.0000
B NA/NM 0.5,B0+,7,1.786,55.0000
B NA/NM 0.5,B0+,7,1.812,55.0000
B NA/NM 0.5,B0+,7,1.839,55.0000
B NA/NM 0.5,B0+,7,1.868,55.0000
B NA/NM 0.5,B0+,7,1.893,55.0000
B NA/NM 0.5,B0+,7,1.920,55.0000
B NA/NM 0.5,B0+,7,1.945,55.0000
B NA/NM 0.5,B0+,7,1.968,55.0000
B NA/NM 0.5,B0+,7,1.996,55.0000
B NA/NM 0.5,B0+,7,2.019,55.0000
B NA/NM 0.5,B0+,7,2.042,54.0000
B NA/NM 0.5,B0+,7,2.068,54.0000
B NA/NM 0.5,B0+,7,2.091,54.0000
B NA/NM 0.5,B0+,7,2.117,54.0000
B NA/NM 0.5,B0+,7,2.139,54.0000
B NA/NM 0.5,B0+,7,2.162,54.0000
B NA/NM 0.5,B0+,7,2.185,54.0000
B NA/NM 0.5,B0+,7,2.211,54.0000
B NA/NM 0.5,B0+,7,2.232,54.0000
B NA/NM 0.5,B0+,7,2.255,54.0000
B NA/NM 0.5,B0+,7,2.277,54.0000
B NA/NM 0.5,B0+,7,2.301,54.0000
B NA/NM 0.5,B0+,7,2.326,54.0000
B NA/NM 0.5,B0+,7,2.348,54.0000
B NA/NM 0.5,B0+,7,2.371,54.0000
B NA/NM 0.5,B0+,7,2.393,54.0000
B NA/NM 0.5,B0+,7,2.416,54.0000
B NA/NM 0.5,B0+,7,2.441,54.0000
B NA/NM 0.5,B0+,7,2.462,54.0000
B NA/NM 0.5,B0+,7,2.484,54.0000
B NA/NM 0.5,B0+,7,2.506,54.0000
B NA/NM 0.5,B0+,7,2.530,54.0000
B NA/NM 0.5,B0+,7,2.555,54.0000
B NA/NM 0.5,B0+,7,2.580,54.0000
B NA/NM 0.5,B0+,7,2.602,54.0000
B NA/NM 0.5,B0+,7,2.625,54.0000
B NA/NM 0.5,B0+,7,2.652,54.0000
B NA/NM 0.5,B0+,7,2.673,54.0000
B NA/NM 0.5,B0+,7,2.694,54.0000
B NA/NM 0.5,B0+,7,2.719,54.0000
B NA/NM 0.5,B0+,7,2.743,54.0000
B NA/NM 0.5,B0+,7,2.770,54.0000
B NA/NM 0.5,B0+,7,2.793,54.0000
B NA/NM 0.5,B0+,7,2.816,54.0000
B NA/NM 0.5,B0+,7,2.839,54.0000
B NA/NM 0.5,B0+,7,2.863,54.0000
B NA/NM 0.5,B0+,7,2.888,54.0000
B NA/NM 0.5,B0+,7,2.911,54.0000
B NA/NM 0.5,B0+,7,2.934,54.0000
B NA/NM 0.5,B0+,7,2.957,54.0000
B NA/NM 0.5,B0+,7,2.981,54.0000
B NA/NM 0.5,B0+,7,3.009,54.0000
B NA/NM 0.5,B0+,7,3.034,54.0000
B NA/NM 0.5,B0+,7,3.059,54.0000
B NA/NM 0.5,B0+,7,3.083,54.0000
B NA/NM 0.5,B0+,7,3.107,54.0000
B NA/NM 0.5,B0+,7,3.130,54.0000
B NA/NM 0.5,B0+,7,3.152,54.0000
B NA/NM 0.5,B0+,7,3.176,54.0000
B NA/NM 0.5,B0+,7,3.199,54.0000
B NA/NM 0.5,B0+,7,3.225,54.0000
B NA/NM 0.5,B0+,7,3.249,54.0000
B NA/NM 0.5,B0+,7,3.270,54.0000
B NA/NM 0.5,B0+,7,3.293,54.0000
B NA/NM 0.5,B0+,7,3.317,54.0000
B NA/NM 0.5,B0+,7,3.344,54.0000
B NA/NM 0.5,B0+,7,3.368,54.0000
B NA/NM 0.5,B0+,7,3.393,54.0000
B NA/NM 0.5,B0+,7,3.418,54.0000
B NA/NM 0.5,B0+,7,3.446,54.0000
B NA/NM 0.5,B0+,7,3.473,54.0000
B NA/NM 0.5,B0+,7,3.499,54.0000
B NA/NM 0.5,B0+,7,3.526,54.0000
B NA/NM 0.5,B0+,7,3.554,54.0000
B NA/NM 0.5,B0+,7,3.585,54.0000
B NA/NM 0.5,B0+,7,3.611,54.0000
B NA/NM 0.5,B0+,7,3.637,54.0000
B NA/NM 0.5,B0+,7,3.662,54.0000
B NA/NM 0.5,B0+,7,3.686,54.0000
B NA/NM 0.5,B0+,7,3.715,54.0000
B NA/NM 0.5,B0+,7,3.739,54.0000
B NA/NM 0.5,B0+,7,3.764,54.0000
B NA/NM 0.5,B0+,7,3.789,54.0000
B NA/NM 0.5,B0+,7,3.814,54.0000
B NA/NM 0.5,B0+,7,3.842,54.0000
B NA/NM 0.5,B0+,7,3.867,54.0000
B NA/NM 0.5,B0+,7,3.892,54.0000
B NA/NM 0.5,B0+,7,3.917,54.0000
B NA/NM 0.5,B0+,7,3.942,54.0000
B NA/NM 0.5,B0+,7,3.970,54.0000
B NA/NM 0.5,B0+,7,3.995,54.0000
B NA/NM 0.5,B0+,7,4.016,54.0000
B NA/NM 0.5,B0+,7,4.037,54.0000
B NA/NM 0.5,B0+,7,4.062,54.0000
B NA/NM 0.5,B0+,7,4.085,54.0000
B NA/NM 0.5,B0+,7,4.108,54.0000
B NA/NM 0.5,B0+,7,4.130,54.0000
B NA/NM 0.5,B0+,7,4.151,54.0000
B NA/NM 0.5,B0+,7,4.177,54.0000
B NA/NM 0.5,B0+,7,4.199,54.0000
B NA/NM 0.5,B0+,7,4.221,54.0000
B NA/NM 0.5,B0+,7,4.245,54.0000
B NA/NM 0.5,B0+,7,4.268,54.0000
B NA/NM 0.5,B0+,7,4.292,54.0000
B NA/NM 0.5,B0+,7,4.315,54.0000
B NA/NM 0.5,B0+,7,4.337,54.0000
B NA/NM 0.5,B0+,7,4.360,54.0000
B NA/NM 0.5,B0+,7,4.387,54.0000
B NA/NM 0.5,B0+,7,4.411,54.0000
B NA/NM 0.5,B0+,7,4.435,54.0000
B NA/NM 0.5,B0+,7,4.456,54.0000
B NA/NM 0.5,B0+,7,4.477,54.0000
B NA/NM 0.5,B0+,7,4.503,54.0000
B NA/NM 0.5,B0+,7,4.525,54.0000
B NA/NM 0.5,B0+,7,4.548,54.0000
B NA/NM 0.5,B0+,7,4.571,54.0000
B NA/NM 0.5,B0+,7,4.594,54.0000
B NA/NM 0.5,B0+,7,4.619,54.0000
B NA/NM 0.5,B0+,7,4.641,54.0000
B NA/NM 0.5,B0+,7,4.663,54.0000
B NA/NM 0.5,B0+,7,4.686,54.0000
B NA/NM 0.5,B0+,7,4.709,54.0000
B NA/NM 0.5,B0+,7,4.735,54.0000
B NA/NM 0.5,B0+,7,4.757,54.0000
B NA/NM 0.5,B0+,7,4.783,54.0000
B NA/NM 0.5,B0+,7,4.808,54.0000
B NA/NM 0.5,B0+,7,4.837,54.0000
B NA/NM 0.5,B0+,7,4.863,54.0000
B NA/NM 0.5,B0+,7,4.888,54.0000
B NA/NM 0.5,B0+,7,4.915,54.0000
B NA/NM 0.5,B0+,7,4.938,54.0000
B NA/NM 0.5,B0+,7,4.969,54.0000
B NA/NM 0.5,B0+,7,4.991,54.0000
B NA/NM 0.5,B0+,7,5.013,54.0000
B NA/NM 0.5,B0+,7,5.035,54.0000
B NA/NM 0.5,B0+,7,5.059,54.0000
B NA/NM 0.5,B0+,7,5.087,54.0000
B NA/NM 0.5,B0+,7,5.112,54.0000
B NA/NM 0.5,B0+,7,5.136,54.0000
B NA/NM 0.5,B0+,7,5.159,54.0000
B NA/NM 0.5,B0+,7,5.184,54.0000
B NA/NM 0.5,B0+,7,5.211,54.0000
B NA/NM 0.5,B0+,7,5.236,54.0000
B NA/NM 0.5,B0+,7,5.260,54.0000
B NA/NM 0.5,B0+,7,5.285,54.0000
B NA/NM 0.5,B0+,7,5.313,54.0000
B NA/NM 0.5,B0+,7,5.337,54.0000
B NA/NM 0.5,B0+,7,5.363,54.0000
B NA/NM 0.5,B0+,7,5.388,54.0000
B NA/NM 0.5,B0+,7,5.412,54.0000
B NA/NM 0.5,B0+,7,5.440,54.0000
B NA/NM 0.5,B0+,7,5.465,54.0000
B NA/NM 0.5,B0+,7,5.490,54.0000
B NA/NM 0.5,B0+,7,5.514,54.0000
B NA/NM 0.5,B0+,7,5.540,54.0000
B NA/NM 0.5,B0+,7,5.568,54.0000
B NA/NM 0.5,B0+,7,5.592,54.0000
B NA/NM 0.5,B0+,7,5.617,54.0000
B NA/NM 0.5,B0+,7,5.643,54.0000
B NA/NM 0.5,B0+,7,5.667,54.0000
B NA/NM 0.5,B0+,7,5.695,54.0000
B NA/NM 0.5,B0+,7,5.719,54.0000
B NA/NM 0.5,B0+,7,5.744,54.0000
B NA/NM 0.5,B0+,7,5.768,54.0000
B NA/NM 0.5,B0+,7,5.795,54.0000
B NA/NM 0.5,B0+,7,5.818,53.0000
B NA/NM 0.5,B0+,7,5.845,53.0000
B NA/NM 0.5,B0+,7,5.870,53.0000
B NA/NM 0.5,B0+,7,5.896,53.0000
B NA/NM 0.5,B0+,7,5.926,53.0000
B NA/NM 0.5,B0+,7,5.951,53.0000
B NA/NM 0.5,B0+,7,5.977,53.0000
B NA/NM 0.5,B0+,7,6.002,53.0000
B NA/NM 0.5,B0+,7,6.026,53.0000
B NA/NM 0.5,B0+,7,6.051,53.0000
B NA/NM 0.5,B0+,7,6.075,53.0000
B NA/NM 0.5,B0+,7,6.099,53.0000
B NA/NM 0.5,B0+,7,6.122,53.0000
B NA/NM 0.5,B0+,7,6.145,53.0000
B NA/NM 0.5,B0+,7,6.170,53.0000
B NA/NM 0.5,B0+,7,6.193,53.0000
B NA/NM 0.5,B0+,7,6.215,53.0000
B NA/NM 0.5,B0+,7,6.238,53.0000
B NA/NM 0.5,B0+,7,6.260,53.0000
B NA/NM 0.5,B0+,7,6.286,53.0000
B NA/NM 0.5,B0+,7,6.309,53.0000
B NA/NM 0.5,B0+,7,6.332,53.0000
B NA/NM 0.5,B0+,7,6.355,53.0000
B NA/NM 0.5,B0+,7,6.377,53.0000
B NA/NM 0.5,B0+,7,6.403,53.0000
B NA/NM 0.5,B0+,7,6.426,53.0000
B NA/NM 0.5,B0+,7,6.452,53.0000
B NA/NM 0.5,B0+,7,6.477,53.0000
B NA/NM 0.5,B0+,7,6.501,53.0000
B NA/NM 0.5,B0+,7,6.532,53.0000
B NA/NM 0.5,B0+,7,6.557,53.0000
B NA/NM 0.5,B0+,7,6.582,53.0000
B NA/NM 0.5,B0+,7,6.605,53.0000
B NA/NM 0.5,B0+,7,6.632,53.0000
B NA/NM 0.5,B0+,7,6.656,53.0000
B NA/NM 0.5,B0+,7,6.681,53.0000
B NA/NM 0.5,B0+,7,6.703,53.0000
B NA/NM 0.5,B0+,7,6.727,53.0000
B NA/NM 0.5,B0+,7,6.755,53.0000
B NA/NM 0.5,B0+,7,6.779,53.0000
B NA/NM 0.5,B0+,7,6.804,53.0000
B NA/NM 0.5,B0+,7,6.829,53.0000
B NA/NM 0.5,B0+,7,6.853,53.0000
B NA/NM 0.5,B0+,7,6.883,53.0000
B NA/NM 0.5,B0+,7,6.907,53.0000
B NA/NM 0.5,B0+,7,6.932,53.0000
B NA/NM 0.5,B0+,7,6.957,53.0000
B NA/NM 0.5,B0+,7,6.983,53.0000
B NA/NM 0.5,B0+,7,7.012,53.0000
B NA/NM 0.5,B0+,7,7.037,53.0000
B NA/NM 0.5,B0+,7,7.062,53.0000
B NA/NM 0.5,B0+,7,7.087,53.0000
B NA/NM 0.5,B0+,7,7.114,53.0000
B NA/NM 0.5,B0+,7,7.143,53.0000
B NA/NM 0.5,B0+,7,7.166,53.0000
B NA/NM 0.5,B0+,7,7.187,53.0000
B NA/NM 0.5,B0+,7,7.209,53.0000
B NA/NM 0.5,B0+,7,7.231,53.0000
B NA/NM 0.5,B0+,7,7.256,53.0000
B NA/NM 0.5,B0+,7,7.278,53.0000
B NA/NM 0.5,B0+,7,7.300,53.0000
B NA/NM 0.5,B0+,7,7.322,53.0000
B NA/NM 0.5,B0+,7,7.345,53.0000
B NA/NM 0.5,B0+,7,7.371,53.0000
B NA/NM 0.5,B0+,7,7.394,53.0000
B NA/NM 0.5,B0+,7,7.416,53.0000
B NA/NM 0.5,B0+,7,7.439,53.0000
B NA/NM 0.5,B0+,7,7.462,53.0000
B NA/NM 0.5,B0+,7,7.488,53.0000
B NA/NM 0.5,B0+,7,7.510,53.0000
B NA/NM 0.5,B0+,7,7.532,53.0000
B NA/NM 0.5,B0+,7,7.556,53.0000
B NA/NM 0.5,B0+,7,7.579,53.0000
B NA/NM 0.5,B0+,7,7.606,53.0000
B NA/NM 0.5,B0+,7,7.629,53.0000
B NA/NM 0.5,B0+,7,7.653,53.0000
B NA/NM 0.5,B0+,7,7.675,53.0000
B NA/NM 0.5,B0+,7,7.698,53.0000
B NA/NM 0.5,B0+,7,7.724,53.0000
B NA/NM 0.5,B0+,7,7.747,53.0000
B NA/NM 0.5,B0+,7,7.769,53.0000
B NA/NM 0.5,B0+,7,7.792,53.0000
B NA/NM 0.5,B0+,7,7.816,53.0000
B NA/NM 0.5,B0+,7,7.846,53.0000
B NA/NM 0.5,B0+,7,7.870,53.0000
B NA/NM 0.5,B0+,7,7.895,53.0000
B NA/NM 0.5,B0+,7,7.920,53.0000
B NA/NM 0.5,B0+,7,7.946,53.0000
B NA/NM 0.5,B0+,7,7.973,53.0000
B NA/NM 0.5,B0+,7,7.999,53.0000
B NA/NM 0.5,B0+,7,8.022,53.0000
B NA/NM 0.5,B0+,7,8.045,53.0000
B NA/NM 0.5,B0+,7,8.071,53.0000
B NA/NM 0.5,B0+,7,8.095,53.0000
B NA/NM 0.5,B0+,7,8.117,53.0000
B NA/NM 0.5,B0+,7,8.140,53.0000
B NA/NM 0.5,B0+,7,8.163,53.0000
B NA/NM 0.5,B0+,7,8.189,53.0000
B NA/NM 0.5,B0+,7,8.213,53.0000
B NA/NM 0.5,B0+,7,8.236,53.0000
B NA/NM 0.5,B0+,7,8.258,53.0000
B NA/NM 0.5,B0+,7,8.281,53.0000
B NA/NM 0.5,B0+,7,8.307,53.0000
B NA/NM 0.5,B0+,7,8.330,53.0000
B NA/NM 0.5,B0+,7,8.352,53.0000
B NA/NM 0.5,B0+,7,8.376,53.0000
B NA/NM 0.5,B0+,7,8.400,53.0000
B NA/NM 0.5,B0+,7,8.427,53.0000
B NA/NM 0.5,B0+,7,8.450,53.0000
B NA/NM 0.5,B0+,7,8.473,53.0000
B NA/NM 0.5,B0+,7,8.497,53.0000
B NA/NM 0.5,B0+,7,8.520,53.0000
B NA/NM 0.5,B0+,7,8.546,53.0000
B NA/NM 0.5,B0+,7,8.568,53.0000
B NA/NM 0.5,B0+,7,8.591,53.0000
B NA/NM 0.5,B0+,7,8.615,53.0000
B NA/NM 0.5,B0+,7,8.638,53.0000
B NA/NM 0.5,B0+,7,8.665,53.0000
B NA/NM 0.5,B0+,7,8.688,53.0000
B NA/NM 0.5,B0+,7,8.710,53.0000
B NA/NM 0.5,B0+,7,8.733,53.0000
B NA/NM 0.5,B0+,7,8.756,53.0000
B NA/NM 0.5,B0+,7,8.782,53.0000
B NA/NM 0.5,B0+,7,8.805,53.0000
B NA/NM 0.5,B0+,7,8.827,53.0000
B NA/NM 0.5,B0+,7,8.849,53.0000
B NA/NM 0.5,B0+,7,8.872,53.0000
B NA/NM 0.5,B0+,7,8.898,53.0000
B NA/NM 0.5,B0+,7,8.921,53.0000
B NA/NM 0.5,B0+,7,8.944,53.0000
B NA/NM 0.5,B0+,7,8.967,53.0000
B NA/NM 0.5,B0+,7,8.991,53.0000
B NA/NM 0.5,B0+,7,9.018,53.0000
B NA/NM 0.5,B0+,7,9.041,53.0000
B NA/NM 0.5,B0+,7,9.064,53.0000
B NA/NM 0.5,B0+,7,9.087,53.0000
B NA/NM 0.5,B0+,7,9.110,53.0000
B NA/NM 0.5,B0+,7,9.137,53.0000
B NA/NM 0.5,B0+,7,9.160,53.0000
B NA/NM 0.5,B0+,7,9.186,53.0000
B NA/NM 0.5,B0+,7,9.208,53.0000
B NA/NM 0.5,B0+,7,9.231,53.0000
B NA/NM 0.5,B0+,7,9.259,53.0000
B NA/NM 0.5,B0+,7,9.283,53.0000
B NA/NM 0.5,B0+,7,9.305,53.0000
B NA/NM 0.5,B0+,7,9.328,53.0000
B NA/NM 0.5,B0+,7,9.350,53.0000
B NA/NM 0.5,B0+,7,9.376,53.0000
B NA/NM 0.5,B0+,7,9.399,53.0000
B NA/NM 0.5,B0+,7,9.424,53.0000
B NA/NM 0.5,B0+,7,9.450,53.0000
B NA/NM 0.5,B0+,7,9.479,53.0000
B NA/NM 0.5,B0+,7,9.504,53.0000
B NA/NM 0.5,B0+,7,9.530,53.0000
B NA/NM 0.5,B0+,7,9.556,53.0000
B NA/NM 0.5,B0+,7,9.583,53.0000
B NA/NM 0.5,B0+,7,9.609,53.0000
B NA/NM 0.5,B0+,7,9.632,53.0000
B NA/NM 0.5,B0+,7,9.655,53.0000
B NA/NM 0.5,B0+,7,9.678,53.0000
B NA/NM 0.5,B0+,7,9.702,53.0000
B NA/NM 0.5,B0+,7,9.728,53.0000
B NA/NM 0.5,B0+,7,9.753,53.0000
B NA/NM 0.5,B0+,7,9.777,53.0000
B NA/NM 0.5,B0+,7,9.800,53.0000
B NA/NM 0.5,B0+,7,9.824,53.0000
B NA/NM 0.5,B0+,7,9.851,53.0000
B NA/NM 0.5,B0+,7,9.875,53.0000
B NA/NM 0.5,B0+,7,9.897,53.0000
B NA/NM 0.5,B0+,7,9.920,53.0000
B NA/NM 0.5,B0+,7,9.945,53.0000
B NA/NM 0.5,B0+,7,9.972,53.0000
B NA/NM 0.5,B0+,7,9.996,53.0000
B NA/NM 0.5,B0+,7,10.019,53.0000
B NA/NM 0.5,B0+,7,10.044,53.0000
B NA/NM 0.5,B0+,7,10.067,53.0000
B NA/NM 0.5,B0+,7,10.094,53.0000
B NA/NM 0.5,B0+,7,10.118,53.0000
B NA/NM 0.5,B0+,7,10.143,53.0000
B NA/NM 0.5,B0+,7,10.167,53.0000
B NA/NM 0.5,B0+,7,10.192,53.0000
B NA/NM 0.5,B0+,7,10.219,53.0000
B NA/NM 0.5,B0+,7,10.242,53.0000
B NA/NM 0.5,B0+,7,10.266,53.0000
B NA/NM 0.5,B0+,7,10.290,53.0000
B NA/NM 0.5,B0+,7,10.313,53.0000
B NA/NM 0.5,B0+,7,10.339,53.0000
B NA/NM 0.5,B0+,7,10.362,53.0000
B NA/NM 0.5,B0+,7,10.386,53.0000
B NA/NM 0.5,B0+,7,10.411,53.0000
B NA/NM 0.5,B0+,7,10.434,53.0000
B NA/NM 0.5,B0+,7,10.460,53.0000
B NA/NM 0.5,B0+,7,10.483,53.0000
B NA/NM 0.5,B0+,7,10.507,53.0000
B NA/NM 0.5,B0+,7,10.530,53.0000
B NA/NM 0.5,B0+,7,10.554,53.0000
B NA/NM 0.5,B0+,7,10.580,53.0000
B NA/NM 0.5,B0+,7,10.605,53.0000
B NA/NM 0.5,B0+,7,10.627,53.0000
B NA/NM 0.5,B0+,7,10.650,53.0000
B NA/NM 0.5,B0+,7,10.674,53.0000
B NA/NM 0.5,B0+,7,10.702,53.0000
B NA/NM 0.5,B0+,7,10.727,53.0000
B NA/NM 0.5,B0+,7,10.752,53.0000
B NA/NM 0.5,B0+,7,10.776,53.0000
B NA/NM 0.5,B0+,7,10.801,53.0000
B NA/NM 0.5,B0+,7,10.830,53.0000
B NA/NM 0.5,B0+,7,10.857,53.0000
B NA/NM 0.5,B0+,7,10.883,53.0000
B NA/NM 0.5,B0+,7,10.912,53.0000
B NA/NM 0.5,B0+,7,10.945,53.0000
B NA/NM 0.5,B0+,7,10.975,53.0000
B NA/NM 0.5,B0+,7,11.002,53.0000
B NA/NM 0.5,B0+,7,11.032,53.0000
B NA/NM 0.5,B0+,7,11.059,53.0000
B NA/NM 0.5,B0+,7,11.088,53.0000
B NA/NM 0.5,B0+,7,11.114,53.0000
B NA/NM 0.5,B0+,7,11.140,53.0000
B NA/NM 0.5,B0+,7,11.166,53.0000
B NA/NM 0.5,B0+,7,11.191,53.0000
B NA/NM 0.5,B0+,7,11.217,53.0000
B NA/NM 0.5,B0+,7,11.240,53.0000
B NA/NM 0.5,B0+,7,11.264,53.0000
B NA/NM 0.5,B0+,7,11.286,53.0000
B NA/NM 0.5,B0+,7,11.308,53.0000
B NA/NM 0.5,B0+,7,11.335,53.0000
B NA/NM 0.5,B0+,7,11.357,53.0000
B NA/NM 0.5,B0+,7,11.381,53.0000
B NA/NM 0.5,B0+,7,11.404,53.0000
B NA/NM 0.5,B0+,7,11.427,53.0000
B NA/NM 0.5,B0+,7,11.453,53.0000
B NA/NM 0.5,B0+,7,11.477,53.0000
B NA/NM 0.5,B0+,7,11.500,53.0000
B NA/NM 0.5,B0+,7,11.523,53.0000
B NA/NM 0.5,B0+,7,11.548,53.0000
B NA/NM 0.5,B0+,7,11.576,53.0000
B NA/NM 0.5,B0+,7,11.600,53.0000
B NA/NM 0.5,B0+,7,11.625,53.0000
B NA/NM 0.5,B0+,7,11.650,53.0000
B NA/NM 0.5,B0+,7,11.673,53.0000
B NA/NM 0.5,B0+,7,11.701,53.0000
B NA/NM 0.5,B0+,7,11.724,53.0000
B NA/NM 0.5,B0+,7,11.747,53.0000
B NA/NM 0.5,B0+,7,11.770,53.0000
B NA/NM 0.5,B0+,7,11.793,53.0000
B NA/NM 0.5,B0+,7,11.819,53.0000
B NA/NM 0.5,B0+,7,11.843,53.0000
B NA/NM 0.5,B0+,7,11.867,53.0000
B NA/NM 0.5,B0+,7,11.890,53.0000
B NA/NM 0.5,B0+,7,11.913,53.0000
B NA/NM 0.5,B0+,7,11.939,53.0000
B NA/NM 0.5,B0+,7,11.963,53.0000
B NA/NM 0.5,B0+,7,11.987,53.0000
B NA/NM 0.5,B0+,7,12.011,53.0000
B NA/NM 0.5,B0+,7,12.036,53.0000
B NA/NM 0.5,B0+,7,12.064,53.0000
B NA/NM 0.5,B0+,7,12.089,53.0000
B NA/NM 0.5,B0+,7,12.114,53.0000
B NA/NM 0.5,B0+,7,12.139,53.0000
B NA/NM 0.5,B0+,7,12.168,53.0000
B NA/NM 0.5,B0+,7,12.194,53.0000
B NA/NM 0.5,B0+,7,12.217,53.0000
B NA/NM 0.5,B0+,7,12.241,53.0000
B NA/NM 0.5,B0+,7,12.263,53.0000
B NA/NM 0.5,B0+,7,12.290,53.0000
B NA/NM 0.5,B0+,7,12.313,53.0000
B NA/NM 0.5,B0+,7,12.336,53.0000
B NA/NM 0.5,B0+,7,12.359,53.0000
B NA/NM 0.5,B0+,7,12.382,53.0000
B NA/NM 0.5,B0+,7,12.408,53.0000
B NA/NM 0.5,B0+,7,12.434,53.0000
B NA/NM 0.5,B0+,7,12.460,53.0000
B NA/NM 0.5,B0+,7,12.487,53.0000
B NA/NM 0.5,B0+,7,12.512,53.0000
B NA/NM 0.5,B0+,7,12.543,53.0000
B NA/NM 0.5,B0+,7,12.570,53.0000
B NA/NM 0.5,B0+,7,12.595,53.0000
B NA/NM 0.5,B0+,7,12.617,53.0000
B NA/NM 0.5,B0+,7,12.642,53.0000
B NA/NM 0.5,B0+,7,12.671,53.0000
B NA/NM 0.5,B0+,7,12.697,53.0000
B NA/NM 0.5,B0+,7,12.723,53.0000
B NA/NM 0.5,B0+,7,12.748,53.0000
B NA/NM 0.5,B0+,7,12.775,53.0000
B NA/NM 0.5,B0+,7,12.806,53.0000
B NA/NM 0.5,B0+,7,12.833,53.0000
B NA/NM 0.5,B0+,7,12.859,53.0000
B NA/NM 0.5,B0+,7,12.886,53.0000
B NA/NM 0.5,B0+,7,12.910,53.0000
B NA/NM 0.5,B0+,7,12.935,53.0000
B NA/NM 0.5,B0+,7,12.958,53.0000
B NA/NM 0.5,B0+,7,12.981,53.0000
B NA/NM 0.5,B0+,7,13.004,53.0000
B NA/NM 0.5,B0+,7,13.028,53.0000
B NA/NM 0.5,B0+,7,13.054,53.0000
B NA/NM 0.5,B0+,7,13.079,53.0000
B NA/NM 0.5,B0+,7,13.105,53.0000
B NA/NM 0.5,B0+,7,13.130,53.0000
B NA/NM 0.5,B0+,7,13.154,53.0000
B NA/NM 0.5,B0+,7,13.181,53.0000
B NA/NM 0.5,B0+,7,13.206,53.0000
B NA/NM 0.5,B0+,7,13.231,53.0000
B NA/NM 0.5,B0+,7,13.257,53.0000
B NA/NM 0.5,B0+,7,13.283,53.0000
B NA/NM 0.5,B0+,7,13.312,53.0000
B NA/NM 0.5,B0+,7,13.342,53.0000
B NA/NM 0.5,B0+,7,13.376,53.0000
B NA/NM 0.5,B0+,7,13.413,53.0000
B NA/NM 0.5,B0+,7,13.440,53.0000
B NA/NM 0.5,B0+,7,13.473,53.0000
B NA/NM 0.5,B0+,7,13.500,53.0000
B NA/NM 0.5,B0+,7,13.528,53.0000
B NA/NM 0.5,B0+,7,13.555,53.0000
B NA/NM 0.5,B0+,7,13.585,53.0000
B NA/NM 0.5,B0+,7,13.617,53.0000
B NA/NM 0.5,B0+,7,13.645,53.0000
B NA/NM 0.5,B0+,7,13.673,53.0000
B NA/NM 0.5,B0+,7,13.698,53.0000
B NA/NM 0.5,B0+,7,13.728,53.0000
B NA/NM 0.5,B0+,7,13.751,53.0000
B NA/NM 0.5,B0+,7,13.773,53.0000
B NA/NM 0.5,B0+,7,13.796,53.0000
B NA/NM 0.5,B0+,7,13.819,53.0000
B NA/NM 0.5,B0+,7,13.847,53.0000
B NA/NM 0.5,B0+,7,13.873,53.0000
B NA/NM 0.5,B0+,7,13.896,53.0000
B NA/NM 0.5,B0+,7,13.921,53.0000
B NA/NM 0.5,B0+,7,13.947,53.0000
B NA/NM 0.5,B0+,7,13.977,53.0000
B NA/NM 0.5,B0+,7,14.003,53.0000
B NA/NM 0.5,B0+,7,14.028,53.0000
B NA/NM 0.5,B0+,7,14.054,53.0000
B NA/NM 0.5,B0+,7,14.077,53.0000
B NA/NM 0.5,B0+,7,14.104,53.0000
B NA/NM 0.5,B0+,7,14.127,53.0000
B NA/NM 0.5,B0+,7,14.150,53.0000
B NA/NM 0.5,B0+,7,14.173,53.0000
B NA/NM 0.5,B0+,7,14.196,53.0000
B NA/NM 0.5,B0+,7,14.223,53.0000
B NA/NM 0.5,B0+,7,14.247,53.0000
B NA/NM 0.5,B0+,7,14.269,53.0000
B NA/NM 0.5,B0+,7,14.294,53.0000
B NA/NM 0.5,B0+,7,14.316,53.0000
B NA/NM 0.5,B0+,7,14.342,53.0000
B NA/NM 0.5,B0+,7,14.365,53.0000
B NA/NM 0.5,B0+,7,14.387,53.0000
B NA/NM 0.5,B0+,7,14.410,53.0000
B NA/NM 0.5,B0+,7,14.432,53.0000
B NA/NM 0.5,B0+,7,14.458,53.0000
B NA/NM 0.5,B0+,7,14.480,53.0000
B NA/NM 0.5,B0+,7,14.503,53.0000
B NA/NM 0.5,B0+,7,14.527,53.0000
B NA/NM 0.5,B0+,7,14.550,53.0000
B NA/NM 0.5,B0+,7,14.575,53.0000
B NA/NM 0.5,B0+,7,14.599,53.0000
B NA/NM 0.5,B0+,7,14.621,53.0000
B NA/NM 0.5,B0+,7,14.644,53.0000
B NA/NM 0.5,B0+,7,14.667,53.0000
B NA/NM 0.5,B0+,7,14.694,53.0000
B NA/NM 0.5,B0+,7,14.717,53.0000
B NA/NM 0.5,B0+,7,14.741,53.0000
B NA/NM 0.5,B0+,7,14.763,53.0000
B NA/NM 0.5,B0+,7,14.787,53.0000
B NA/NM 0.5,B0+,7,14.813,53.0000
B NA/NM 0.5,B0+,7,14.836,53.0000
B NA/NM 0.5,B0+,7,14.859,53.0000
B NA/NM 0.5,B0+,7,14.882,53.0000
B NA/NM 0.5,B0+,7,14.905,53.0000
B NA/NM 0.5,B0+,7,14.931,53.0000
B NA/NM 0.5,B0+,7,14.953,53.0000
B NA/NM 0.5,B0+,7,14.976,53.0000
B NA/NM 0.5,B0+,7,14.999,53.0000
B NA/NM 0.5,B0+,7,15.021,53.0000
B NA/NM 0.5,B0+,7,15.046,53.0000
B NA/NM 0.5,B0+,7,15.069,53.0000
B NA/NM 0.5,B0+,7,15.092,53.0000
B NA/NM 0.5,B0+,7,15.116,53.0000
B NA/NM 0.5,B0+,7,15.144,53.0000
B NA/NM 0.5,B0+,7,15.167,53.0000
B NA/NM 0.5,B0+,7,15.189,53.0000
B NA/NM 0.5,B0+,7,15.212,53.0000
B NA/NM 0.5,B0+,7,15.235,53.0000
B NA/NM 0.5,B0+,7,15.262,53.0000
B NA/NM 0.5,B0+,7,15.285,53.0000
B NA/NM 0.5,B0+,7,15.308,53.0000
B NA/NM 0.5,B0+,7,15.331,53.0000
B NA/NM 0.5,B0+,7,15.354,53.0000
B NA/NM 0.5,B0+,7,15.380,53.0000
B NA/NM 0.5,B0+,7,15.402,53.0000
B NA/NM 0.5,B0+,7,15.427,53.0000
B NA/NM 0.5,B0+,7,15.452,53.0000
B NA/NM 0.5,B0+,7,15.478,53.0000
B NA/NM 0.5,B0+,7,15.508,53.0000
B NA/NM 0.5,B0+,7,15.533,53.0000
B NA/NM 0.5,B0+,7,15.558,53.0000
B NA/NM 0.5,B0+,7,15.582,53.0000
B NA/NM 0.5,B0+,7,15.604,53.0000
B NA/NM 0.5,B0+,7,15.631,53.0000
B NA/NM 0.5,B0+,7,15.654,53.0000
B NA/NM 0.5,B0+,7,15.677,53.0000
B NA/NM 0.5,B0+,7,15.700,53.0000
B NA/NM 0.5,B1,7,0.392,122.0000
B NA/NM 0.5,B1,7,0.747,104.0000
B NA/NM 0.5,B1,7,1.138,100.0000
B NA/NM 0.5,B1,7,1.490,100.0000
B NA/NM 0.5,B1,7,1.837,100.0000
B NA/NM 0.5,B1,7,2.170,100.0000
B NA/NM 0.5,B1,7,2.501,100.0000
B NA/NM 0.5,B1,7,2.828,100.0000
B NA/NM 0.5,B1,7,3.156,96.0000
B NA/NM 0.5,B1,7,3.484,87.0000
B NA/NM 0.5,B1,7,3.813,87.0000
B NA/NM 0.5,B1,7,4.146,87.0000
B NA/NM 0.5,B1,7,4.448,87.0000
B NA/NM 0.5,B1,7,4.760,87.0000
B NA/NM 0.5,B1,7,5.068,87.0000
B NA/NM 0.5,B1,7,5.360,87.0000
B NA/NM 0.5,B1,7,5.674,87.0000
B NA/NM 0.5,B1,7,5.981,87.0000
B NA/NM 0.5,B1,7,6.269,87.0000
B NA/NM 0.5,B1,7,6.546,87.0000
B NA/NM 0.5,B1,7,6.824,81.0000
B NA/NM 0.5,B1,7,7.112,77.0000
B NA/NM 0.5,B1,7,7.388,77.0000
B NA/NM 0.5,B1,7,7.700,77.0000
B NA/NM 0.5,B1,7,7.982,77.0000
B NA/NM 0.5,B1,7,8.242,77.0000
B NA/NM 0.5,B1,7,8.503,77.0000
B NA/NM 0.5,B1,7,8.767,77.0000
B NA/NM 0.5,B1,7,9.036,75.0000
B NA/NM 0.5,B1,7,9.299,75.0000
B NA/NM 0.5,B1,7,9.557,75.0000
B NA/NM 0.5,B1,7,9.822,75.0000
B NA/NM 0.5,B1,7,10.076,75.0000
B NA/NM 0.5,B1,7,10.335,75.0000
B NA/NM 0.5,B1,7,10.606,75.0000
B NA/NM 0.5,B1,7,10.861,75.0000
B NA/NM 0.5,B1,7,11.118,75.0000
B NA/NM 0.5,B1,7,11.370,75.0000
B NA/NM 0.5,B1,7,11.623,75.0000
B NA/NM 0.5,B1,7,11.895,75.0000
B NA/NM 0.5,B1,7,12.152,75.0000
B NA/NM 0.5,B1,7,12.404,75.0000
B NA/NM 0.5,B1,7,12.660,75.0000
B NA/NM 0.5,B1,7,12.911,75.0000
B NA/NM 0.5,B1,7,13.162,75.0000
B NA/NM 0.5,B1,7,13.425,75.0000
B NA/NM 0.5,B1,7,13.683,75.0000
B NA/NM 0.5,B1,7,13.944,75.0000
B NA/NM 0.5,B1,7,14.206,75.0000
B NA/NM 0.5,B1,7,14.483,75.0000
B NA/NM 0.5,B1,7,14.755,75.0000
B NA/NM 0.5,B1,7,15.012,75.0000
B NA/NM 0.5,B1,7,15.265,75.0000
B NA/NM 0.5,B1,7,15.525,75.0000
B NA/NM 0.5,B1,7,15.776,75.0000
B NA/NM 0.5,B1,7,16.029,75.0000
B NA/NM 0.5,B1,7,16.278,75.0000
B NA/NM 0.5,B1,7,16.546,75.0000
B NA/NM 0.5,B1,7,16.804,75.0000
B NA/NM 0.5,B1,7,17.052,75.0000
B NA/NM 0.5,B1,7,17.307,75.0000
B NA/NM 0.5,B1,7,17.560,75.0000
B NA/NM 0.5,B1,7,17.820,75.0000
B NA/NM 0.5,B1,7,18.086,75.0000
B NA/NM 0.5,B1,7,18.360,75.0000
B NA/NM 0.5,B1,7,18.611,75.0000
B NA/NM 0.5,B1,7,18.871,75.0000
B NA/NM 0.5,B1,7,19.124,75.0000
B NA/NM 0.5,B1,7,19.384,75.0000
B NA/NM 0.5,B1,7,19.649,75.0000
B NA/NM 0.5,B1,7,19.909,75.0000
B NA/NM 0.5,B1,7,20.178,75.0000
B NA/NM 0.5,B1,7,20.450,75.0000
B NA/NM 0.5,B1,7,20.723,75.0000
B NA/NM 0.5,B1,7,20.990,75.0000
B NA/NM 0.5,B1,7,21.246,75.0000
B NA/NM 0.5,B1,7,21.506,75.0000
B NA/NM 0.5,B1,7,21.770,75.0000
B NA/NM 0.5,B1,7,22.028,75.0000
B NA/NM 0.5,B1,7,22.286,75.0000
B NA/NM 0.5,B1,7,22.548,75.0000
B NA/NM 0.5,B1,7,22.807,75.0000
B NA/NM 0.5,B1,7,23.073,75.0000
B NA/NM 0.5,B1,7,23.328,75.0000
B NA/NM 0.5,B1,7,23.585,75.0000
B NA/NM 0.5,B1,7,23.861,75.0000
B NA/NM 0.5,B1,7,24.130,75.0000
B NA/NM 0.5,B1,7,24.384,75.0000
B NA/NM 0.5,B1,7,24.642,75.0000
B NA/NM 0.5,B1,7,24.905,75.0000
B NA/NM 0.5,B1,7,25.168,74.0000
B NA/NM 0.5,B1,7,25.425,74.0000
B NA/NM 0.5,B1,7,25.685,74.0000
B NA/NM 0.5,B1,7,25.940,74.0000
B NA/NM 0.5,B1,7,26.194,74.0000
B NA/NM 0.5,B1,7,26.445,74.0000
B NA/NM 0.5,B1,7,26.722,74.0000
B NA/NM 0.5,B1,7,27.004,74.0000
B NA/NM 0.5,B1,7,27.281,74.0000
B NA/NM 0.5,B1,7,27.534,74.0000
B NA/NM 0.5,B1,7,27.802,74.0000
B NA/NM 0.5,B1,7,28.079,74.0000
B NA/NM 0.5,B1,7,28.354,74.0000
B NA/NM 0.5,B1,7,28.616,74.0000
B NA/NM 0.5,B1,7,28.875,74.0000
B NA/NM 0.5,B1,7,29.123,74.0000
B NA/NM 0.5,B1,7,29.382,74.0000
B NA/NM 0.5,B1,7,29.652,74.0000
B NA/NM 0.5,B1,7,29.935,74.0000
B NA/NM 0.5,B1,7,30.215,74.0000
B NA/NM 0.5,B1,7,30.486,74.0000
B NA/NM 0.5,B1,7,30.764,74.0000
B NA/NM 0.5,B1,7,31.044,74.0000
B NA/NM 0.5,B1,7,31.320,74.0000
B NA/NM 0.5,B1,7,31.611,74.0000
B NA/NM 0.5,B1,7,31.909,74.0000
B NA/NM 0.5,B1,7,32.187,74.0000
B NA/NM 0.5,B1,7,32.471,74.0000
B NA/NM 0.5,B1,7,32.759,74.0000
B NA/NM 0.5,B1,7,33.047,74.0000
B NA/NM 0.5,B1,7,33.326,74.0000
B NA/NM 0.5,B1,7,33.601,74.0000
B NA/NM 0.5,B1,7,33.874,74.0000
B NA/NM 0.5,B1,7,34.164,74.0000
B NA/NM 0.5,B1,7,34.435,74.0000
B NA/NM 0.5,B1,7,34.745,74.0000
B NA/NM 0.5,B1,7,35.016,74.0000
B NA/NM 0.5,B1,7,35.296,74.0000
B NA/NM 0.5,B1,7,35.571,74.0000
B NA/NM 0.5,B1,7,35.863,74.0000
B NA/NM 0.5,B1,7,36.140,74.0000
B NA/NM 0.5,B1,7,36.425,74.0000
B NA/NM 0.5,B1,7,36.715,74.0000
B NA/NM 0.5,B1,7,37.002,74.0000
B NA/NM 0.5,B1,7,37.278,74.0000
B NA/NM 0.5,B1,7,37.546,74.0000
B NA/NM 0.5,B1,7,37.806,74.0000
B NA/NM 0.5,B1,7,38.065,74.0000
B NA/NM 0.5,B1,7,38.319,74.0000
B NA/NM 0.5,B1,7,38.583,74.0000
B NA/NM 0.5,B1,7,38.854,74.0000
B NA/NM 0.5,B1,7,39.126,74.0000
B NA/NM 0.5,B1,7,39.374,74.0000
B NA/NM 0.5,B1,7,39.624,74.0000
B NA/NM 0.5,B1,7,39.887,74.0000
B NA/NM 0.5,B1,7,40.137,74.0000
B NA/NM 0.5,B1,7,40.410,74.0000
B NA/NM 0.5,B1,7,40.701,74.0000
B NA/NM 0.5,B1,7,40.968,74.0000
B NA/NM 0.5,B1,7,41.250,74.0000
B NA/NM 0.5,B1,7,41.519,74.0000
B NA/NM 0.5,B1,7,41.778,74.0000
B NA/NM 0.5,B1,7,42.053,74.0000
B NA/NM 0.5,B1,7,42.311,74.0000
B NA/NM 0.5,B1,7,42.564,74.0000
B NA/NM 0.5,B1,7,42.825,74.0000
B NA/NM 0.5,B1,7,43.081,74.0000
B NA/NM 0.5,B1,7,43.331,74.0000
B NA/NM 0.5,B1,7,43.590,74.0000
B NA/NM 0.5,B1,7,43.857,74.0000
B NA/NM 0.5,B1,7,44.119,74.0000
B NA/NM 0.5,B1,7,44.395,74.0000
B NA/NM 0.5,B1,7,44.669,74.0000
B NA/NM 0.5,B1,7,44.949,74.0000
B NA/NM 0.5,B1,7,45.212,74.0000
B NA/NM 0.5,B1,7,45.520,74.0000
B NA/NM 0.5,B1,7,45.787,74.0000
B NA/NM 0.5,B1,7,46.042,74.0000
B NA/NM 0.5,B1,7,46.299,74.0000
B NA/NM 0.5,B1,7,46.556,74.0000
B NA/NM 0.5,B1,7,46.842,74.0000
B NA/NM 0.5,B1,7,47.126,74.0000
B NA/NM 0.5,B1,7,47.397,74.0000
B NA/NM 0.5,B1,7,47.643,74.0000
B NA/NM 0.5,B1,7,47.910,74.0000
B NA/NM 0.5,B1,7,48.165,74.0000
B NA/NM 0.5,B1,7,48.421,74.0000
B NA/NM 0.5,B1,7,48.677,74.0000
B NA/NM 0.5,B1,7,48.935,74.0000
B NA/NM 0.5,B1,7,49.197,74.0000
B NA/NM 0.5,B1,7,49.466,74.0000
B NA/NM 0.5,B1,7,49.741,74.0000
B NA/NM 0.5,B1,7,50.018,74.0000
B NA/NM 0.5,B1,7,50.281,74.0000
B NA/NM 0.5,B1,7,50.541,74.0000
B NA/NM 0.5,B1,7,50.825,74.0000
B NA/NM 0.5,B1,7,51.093,74.0000
B NA/NM 0.5,B1,7,51.372,74.0000
B NA/NM 0.5,B1,7,51.649,74.0000
B NA/NM 0.5,B1,7,51.926,74.0000
B NA/NM 0.5,B1,7,52.206,74.0000
B NA/NM 0.5,B1,7,52.485,74.0000
B NA/NM 0.5,B1,7,52.760,74.0000
B NA/NM 0.5,B1,7,53.025,74.0000
B NA/NM 0.5,B1,7,53.279,74.0000
B NA/NM 0.5,B1,7,53.543,74.0000
B NA/NM 0.5,B1,7,53.801,74.0000
B NA/NM 0.5,B1,7,54.059,74.0000
B NA/NM 0.5,B1,7,54.328,74.0000
B NA/NM 0.5,B1,7,54.580,74.0000
B NA/NM 0.5,B1,7,54.834,74.0000
B NA/NM 0.5,B1,7,55.096,74.0000
B NA/NM 0.5,B1,7,55.352,74.0000
B NA/NM 0.5,B1,7,55.615,74.0000
B NA/NM 0.5,B1,7,55.882,74.0000
B NA/NM 0.5,B1,7,56.145,74.0000
B NA/NM 0.5,B1,7,56.409,74.0000
B NA/NM 0.5,B1,7,56.683,74.0000
B NA/NM 0.5,B1,7,56.958,74.0000
B NA/NM 0.5,B1,7,57.219,74.0000
B NA/NM 0.5,B1,7,57.472,74.0000
B NA/NM 0.5,B1,7,57.736,74.0000
B NA/NM 0.5,B1,7,58.005,74.0000
B NA/NM 0.5,B1,7,58.267,74.0000
B NA/NM 0.5,B1,7,58.528,74.0000
B NA/NM 0.5,B1,7,58.779,74.0000
B NA/NM 0.5,B1,7,59.033,74.0000
B NA/NM 0.5,B1,7,59.312,74.0000
B NA/NM 0.5,B1,7,59.585,74.0000
B NA/NM 0.5,B1,7,59.869,74.0000
B NA/NM 0.5,B1,7,60.146,74.0000
B NA/NM 0.5,B1,7,60.422,74.0000
B NA/NM 0.5,B1,7,60.682,74.0000
B NA/NM 0.5,B1,7,60.959,74.0000
B NA/NM 0.5,B1,7,61.233,74.0000
B NA/NM 0.5,B1,7,61.511,74.0000
B NA/NM 0.5,B1,7,61.791,74.0000
B NA/NM 0.5,B1,7,62.075,74.0000
B NA/NM 0.5,B1,7,62.347,74.0000
B NA/NM 0.5,B1,7,62.608,74.0000
B NA/NM 0.5,B1,7,62.894,74.0000
B NA/NM 0.5,B1,7,63.171,74.0000
B NA/NM 0.5,B1,7,63.445,74.0000
B NA/NM 0.5,B1,7,63.725,74.0000
B NA/NM 0.5,B1,7,63.981,74.0000
B NA/NM 0.5,B1,7,64.250,74.0000
B NA/NM 0.5,B1,7,64.523,74.0000
B NA/NM 0.5,B1,7,64.776,74.0000
B NA/NM 0.5,B1,7,65.058,74.0000
B NA/NM 0.5,B1,7,65.333,74.0000
B NA/NM 0.5,B1,7,65.596,74.0000
B NA/NM 0.5,B1,7,65.866,74.0000
B NA/NM 0.5,B1,7,66.119,74.0000
B NA/NM 0.5,B1,7,66.370,74.0000
B NA/NM 0.5,B1,7,66.625,74.0000
B NA/NM 0.5,B1,7,66.892,74.0000
B NA/NM 0.5,B1,7,67.160,74.0000
B NA/NM 0.5,B1,7,67.406,74.0000
B NA/NM 0.5,B1,7,67.660,74.0000
B NA/NM 0.5,B1,7,67.927,74.0000
B NA/NM 0.5,B1,7,68.188,74.0000
B NA/NM 0.5,B1,7,68.443,74.0000
B NA/NM 0.5,B1,7,68.704,74.0000
B NA/NM 0.5,B1,7,68.972,74.0000
B NA/NM 0.5,B1,7,69.231,74.0000
B NA/NM 0.5,B1,7,69.481,74.0000
B NA/NM 0.5,B1,7,69.731,74.0000
B NA/NM 0.5,B1,7,70.000,74.0000
B NA/NM 0.5,B1,7,70.264,74.0000
B NA/NM 0.5,B1,7,70.526,74.0000
B NA/NM 0.5,B1,7,70.795,74.0000
B NA/NM 0.5,B1,7,71.053,74.0000
B NA/NM 0.5,B1,7,71.314,74.0000
B NA/NM 0.5,B1,7,71.569,74.0000
B NA/NM 0.5,B1,7,71.829,74.0000
B NA/NM 0.5,B1,7,72.093,74.0000
B NA/NM 0.5,B1,7,72.354,74.0000
B NA/NM 0.5,B1,7,72.614,74.0000
B NA/NM 0.5,B1,7,72.879,74.0000
B NA/NM 0.5,B1,7,73.139,74.0000
B NA/NM 0.5,B1,7,73.397,74.0000
B NA/NM 0.5,B1,7,73.666,74.0000
B NA/NM 0.5,B1,7,73.945,74.0000
B NA/NM 0.5,B1,7,74.214,74.0000
B NA/NM 0.5,B1,7,74.476,74.0000
B NA/NM 0.5,B1,7,74.740,74.0000
B NA/NM 0.5,B1,7,75.032,74.0000
B NA/NM 0.5,B1,7,75.291,74.0000
B NA/NM 0.5,B1,7,75.549,74.0000
B NA/NM 0.5,B1,7,75.810,74.0000
B NA/NM 0.5,B1,7,76.077,74.0000
B NA/NM 0.5,B1,7,76.340,74.0000
B NA/NM 0.5,B1,7,76.611,74.0000
B NA/NM 0.5,B1,7,76.896,74.0000
B NA/NM 0.5,B1,7,77.171,74.0000
B NA/NM 0.5,B1,7,77.423,74.0000
B NA/NM 0.5,B1,7,77.680,74.0000
B NA/NM 0.5,B1,7,77.948,74.0000
B NA/NM 0.5,B1,7,78.198,74.0000
B NA/NM 0.5,B1,7,78.455,74.0000
B NA/NM 0.5,B1,7,78.707,74.0000
B NA/NM 0.5,B1,7,78.964,74.0000
B NA/NM 0.5,B1,7,79.221,74.0000
B NA/NM 0.5,B1,7,79.474,74.0000
B NA/NM 0.5,B1,7,79.728,74.0000
B NA/NM 0.5,B1,7,80.000,74.0000
B NA/NM 0.5,B1,7,80.267,74.0000
B NA/NM 0.5,B1,7,80.545,74.0000
B NA/NM 0.5,B1,7,80.848,74.0000
B NA/NM 0.5,B1,7,81.102,74.0000
B NA/NM 0.5,B1,7,81.360,74.0000
B NA/NM 0.5,B1,7,81.609,74.0000
B NA/NM 0.5,B1,7,81.865,74.0000
B NA/NM 0.5,B1,7,82.139,74.0000
B NA/NM 0.5,B1,7,82.400,74.0000
B NA/NM 0.5,B1,7,82.658,74.0000
B NA/NM 0.5,B1,7,82.919,74.0000
B NA/NM 0.5,B1,7,83.181,74.0000
B NA/NM 0.5,B1,7,83.446,74.0000
B NA/NM 0.5,B1,7,83.709,74.0000
B NA/NM 0.5,B1,7,83.976,74.0000
B NA/NM 0.5,B1,7,84.247,74.0000
B NA/NM 0.5,B1,7,84.521,74.0000
B NA/NM 0.5,B1,7,84.798,74.0000
B NA/NM 0.5,B1,7,85.078,74.0000
B NA/NM 0.5,B1,7,85.329,74.0000
B NA/NM 0.5,B1,7,85.591,74.0000
B NA/NM 0.5,B1,7,85.860,74.0000
B NA/NM 0.5,B1,7,86.136,74.0000
B NA/NM 0.5,B1,7,86.438,74.0000
B NA/NM 0.5,B1,7,86.683,74.0000
B NA/NM 0.5,B1,7,86.960,74.0000
B NA/NM 0.5,B1,7,87.225,74.0000
B NA/NM 0.5,B1,7,87.498,74.0000
B NA/NM 0.5,B1,7,87.758,74.0000
B NA/NM 0.5,B1,7,88.030,74.0000
B NA/NM 0.5,B1,7,88.287,74.0000
B NA/NM 0.5,B1,7,88.548,74.0000
B NA/NM 0.5,B1,7,88.803,74.0000
B NA/NM 0.5,B1,7,89.064,74.0000
B NA/NM 0.5,B1,7,89.334,74.0000
B NA/NM 0.5,B1,7,89.595,74.0000
B NA/NM 0.5,B1,7,89.860,74.0000
B NA/NM 0.5,B1,7,90.123,74.0000
B NA/NM 0.5,B2,7,1.125,122.0000
B NA/NM 0.5,B2,7,2.161,109.0000
B NA/NM 0.5,B2,7,3.112,99.0000
B NA/NM 0.5,B2,7,4.045,89.0000
B NA/NM 0.5,B2,7,4.706,83.0000
B NA/NM 0.5,B2,7,5.465,83.0000
B NA/NM 0.5,B2,7,6.223,83.0000
B NA/NM 0.5,B2,7,6.952,83.0000
B NA/NM 0.5,B2,7,7.667,83.0000
B NA/NM 0.5,B2,7,8.397,83.0000
B NA/NM 0.5,B2,7,9.104,81.0000
B NA/NM 0.5,B2,7,9.814,81.0000
B NA/NM 0.5,B2,7,10.506,81.0000
B NA/NM 0.5,B2,7,11.154,77.0000
B NA/NM 0.5,B2,7,11.797,75.0000
B NA/NM 0.5,B2,7,12.517,75.0000
B NA/NM 0.5,B2,7,13.144,71.0000
B NA/NM 0.5,B2,7,13.806,70.0000
B NA/NM 0.5,B2,7,14.418,70.0000
B NA/NM 0.5,B2,7,15.037,70.0000
B NA/NM 0.5,B2,7,15.667,70.0000
B NA/NM 0.5,B2,7,16.279,70.0000
B NA/NM 0.5,B2,7,16.884,70.0000
B NA/NM 0.5,B2,7,17.500,70.0000
B NA/NM 0.5,B2,7,18.146,70.0000
B NA/NM 0.5,B2,7,18.771,70.0000
B NA/NM 0.5,B2,7,19.411,70.0000
B NA/NM 0.5,B2,7,20.003,70.0000
B NA/NM 0.5,B2,7,20.598,70.0000
B NA/NM 0.5,B2,7,21.195,70.0000
B NA/NM 0.5,B2,7,21.800,70.0000
B NA/NM 0.5,B2,7,22.440,70.0000
B NA/NM 0.5,B2,7,23.036,70.0000
B NA/NM 0.5,B2,7,23.634,70.0000
B NA/NM 0.5,B2,7,24.248,70.0000
B NA/NM 0.5,B2,7,24.842,70.0000
B NA/NM 0.5,B2,7,25.447,70.0000
B NA/NM 0.5,B2,7,26.041,70.0000
B NA/NM 0.5,B2,7,26.631,70.0000
B NA/NM 0.5,B2,7,27.239,70.0000
B NA/NM 0.5,B2,7,27.905,70.0000
B NA/NM 0.5,B2,7,28.516,70.0000
B NA/NM 0.5,B2,7,29.121,70.0000
B NA/NM 0.5,B2,7,29.743,70.0000
B NA/NM 0.5,B2,7,30.346,70.0000
B NA/NM 0.5,B2,7,30.938,70.0000
B NA/NM 0.5,B2,7,31.548,70.0000
B NA/NM 0.5,B2,7,32.143,70.0000
B NA/NM 0.5,B2,7,32.739,70.0000
B NA/NM 0.5,B2,7,33.370,68.0000
B NA/NM 0.5,B2,7,33.955,68.0000
B NA/NM 0.5,B2,7,34.579,68.0000
B NA/NM 0.5,B2,7,35.148,68.0000
B NA/NM 0.5,B2,7,35.725,68.0000
B NA/NM 0.5,B2,7,36.294,68.0000
B NA/NM 0.5,B2,7,36.855,68.0000
B NA/NM 0.5,B2,7,37.429,68.0000
B NA/NM 0.5,B2,7,37.992,68.0000
B NA/NM 0.5,B2,7,38.554,68.0000
B NA/NM 0.5,B2,7,39.133,68.0000
B NA/NM 0.5,B2,7,39.701,68.0000
B NA/NM 0.5,B2,7,40.295,68.0000
B NA/NM 0.5,B2,7,40.875,68.0000
B NA/NM 0.5,B2,7,41.446,68.0000
B NA/NM 0.5,B2,7,41.993,68.0000
B NA/NM 0.5,B2,7,42.535,68.0000
B NA/NM 0.5,B2,7,43.080,68.0000
B NA/NM 0.5,B2,7,43.648,68.0000
B NA/NM 0.5,B2,7,44.189,68.0000
B NA/NM 0.5,B2,7,44.738,68.0000
B NA/NM 0.5,B2,7,45.321,68.0000
B NA/NM 0.5,B2,7,45.906,68.0000
B NA/NM 0.5,B2,7,46.487,68.0000
B NA/NM 0.5,B2,7,47.076,68.0000
B NA/NM 0.5,B2,7,47.679,68.0000
B NA/NM 0.5,B2,7,48.239,68.0000
B NA/NM 0.5,B2,7,48.792,68.0000
B NA/NM 0.5,B2,7,49.345,68.0000
B NA/NM 0.5,B2,7,49.898,68.0000
B NA/NM 0.5,B2,7,50.438,68.0000
B NA/NM 0.5,B2,7,50.997,68.0000
B NA/NM 0.5,B2,7,51.592,68.0000
B NA/NM 0.5,B2,7,52.192,68.0000
B NA/NM 0.5,B2,7,52.763,68.0000
B NA/NM 0.5,B2,7,53.317,68.0000
B NA/NM 0.5,B2,7,53.884,68.0000
B NA/NM 0.5,B2,7,54.460,68.0000
B NA/NM 0.5,B2,7,55.020,68.0000
B NA/NM 0.5,B2,7,55.579,68.0000
B NA/NM 0.5,B2,7,56.133,68.0000
B NA/NM 0.5,B2,7,56.691,68.0000
B NA/NM 0.5,B2,7,57.249,68.0000
B NA/NM 0.5,B2,7,57.797,68.0000
B NA/NM 0.5,B2,7,58.361,68.0000
B NA/NM 0.5,B2,7,58.909,68.0000
B NA/NM 0.5,B2,7,59.466,68.0000
B NA/NM 0.5,B2,7,60.034,68.0000
B NA/NM 0.5,B2,7,60.568,68.0000
B NA/NM 0.5,B2,7,61.117,68.0000
B NA/NM 0.5,B2,7,61.685,68.0000
B NA/NM 0.5,B2,7,62.238,68.0000
B NA/NM 0.5,B2,7,62.793,68.0000
B NA/NM 0.5,B2,7,63.355,68.0000
B NA/NM 0.5,B2,7,63.913,68.0000
B NA/NM 0.5,B2,7,64.476,68.0000
B NA/NM 0.5,B2,7,65.085,68.0000
B NA/NM 0.5,B2,7,65.633,68.0000
B NA/NM 0.5,B2,7,66.205,68.0000
B NA/NM 0.5,B2,7,66.760,68.0000
B NA/NM 0.5,B2,7,67.315,68.0000
B NA/NM 0.5,B2,7,67.898,68.0000
B NA/NM 0.5,B2,7,68.478,68.0000
B NA/NM 0.5,B2,7,69.064,68.0000
B NA/NM 0.5,B2,7,69.617,68.0000
B NA/NM 0.5,B2,7,70.163,68.0000
B NA/NM 0.5,B2,7,70.717,68.0000
B NA/NM 0.5,B2,7,71.269,68.0000
B NA/NM 0.5,B2,7,71.818,68.0000
B NA/NM 0.5,B2,7,72.397,68.0000
B NA/NM 0.5,B2,7,72.934,68.0000
B NA/NM 0.5,B2,7,73.480,68.0000
B NA/NM 0.5,B2,7,74.040,68.0000
B NA/NM 0.5,B2,7,74.592,68.0000
B NA/NM 0.5,B2,7,75.158,68.0000
B NA/NM 0.5,B2,7,75.718,68.0000
B NA/NM 0.5,B2,7,76.276,68.0000
B NA/NM 0.5,B2,7,76.876,68.0000
B NA/NM 0.5,B2,7,77.442,68.0000
B NA/NM 0.5,B2,7,78.019,68.0000
B NA/NM 0.5,B2,7,78.574,68.0000
B NA/NM 0.5,B2,7,79.134,68.0000
B NA/NM 0.5,B2,7,79.698,68.0000
B NA/NM 0.5,B2,7,80.270,68.0000
B NA/NM 0.5,B2,7,80.869,68.0000
B NA/NM 0.5,B2,7,81.433,68.0000
B NA/NM 0.5,B2,7,81.997,68.0000
B NA/NM 0.5,B2,7,82.549,68.0000
B NA/NM 0.5,B2,7,83.109,68.0000
B NA/NM 0.5,B2,7,83.668,68.0000
B NA/NM 0.5,B2,7,84.237,68.0000
B NA/NM 0.5,B2,7,84.783,68.0000
B NA/NM 0.5,B2,7,85.340,68.0000
B NA/NM 0.5,B2,7,85.900,68.0000
B NA/NM 0.5,B2,7,86.453,68.0000
B NA/NM 0.5,B2,7,87.014,68.0000
B NA/NM 0.5,B2,7,87.563,68.0000
B NA/NM 0.5,B2,7,88.116,68.0000
B NA/NM 0.5,B2,7,88.717,68.0000
B NA/NM 0.5,B2,7,89.300,68.0000
B NA/NM 0.5,B2,7,89.865,68.0000
B NA/NM 0.5,B2,7,90.411,68.0000
B NA/NM 0.5,B0,2024,0.035,105.0000
B NA/NM 0.5,B0,2024,0.078,97.0000
B NA/NM 0.5,B0,2024,0.112,89.0000
B NA/NM 0.5,B0,2024,0.145,89.0000
B NA/NM 0.5,B0,2024,0.174,89.0000
B NA/NM 0.5,B0,2024,0.208,79.0000
B NA/NM 0.5,B0,2024,0.241,69.0000
B NA/NM 0.5,B0,2024,0.271,69.0000
B NA/NM 0.5,B0,2024,0.297,69.0000
B NA/NM 0.5,B0,2024,0.328,66.0000
B NA/NM 0.5,B0,2024,0.356,61.0000
B NA/NM 0.5,B0,2024,0.381,61.0000
B NA/NM 0.5,B0,2024,0.407,58.0000
B NA/NM 0.5,B0,2024,0.436,58.0000
B NA/NM 0.5,B0,2024,0.459,58.0000
B NA/NM 0.5,B0,2024,0.484,58.0000
B NA/NM 0.5,B0,2024,0.509,58.0000
B NA/NM 0.5,B0,2024,0.537,58.0000
B NA/NM 0.5,B0,2024,0.561,58.0000
B NA/NM 0.5,B0,2024,0.586,58.0000
B NA/NM 0.5,B0,2024,0.611,58.0000
B NA/NM 0.5,B0,2024,0.637,58.0000
B NA/NM 0.5,B0,2024,0.667,58.0000
B NA/NM 0.5,B0,2024,0.692,58.0000
B NA/NM 0.5,B0,2024,0.718,58.0000
B NA/NM 0.5,B0,2024,0.743,58.0000
B NA/NM 0.5,B0,2024,0.771,58.0000
B NA/NM 0.5,B0,2024,0.797,58.0000
B NA/NM 0.5,B0,2024,0.819,58.0000
B NA/NM 0.5,B0,2024,0.845,58.0000
B NA/NM 0.5,B0,2024,0.868,58.0000
B NA/NM 0.5,B0,2024,0.895,57.0000
B NA/NM 0.5,B0,2024,0.918,57.0000
B NA/NM 0.5,B0,2024,0.942,57.0000
B NA/NM 0.5,B0,2024,0.967,57.0000
B NA/NM 0.5,B0,2024,0.995,57.0000
B NA/NM 0.5,B0,2024,1.019,57.0000
B NA/NM 0.5,B0,2024,1.043,57.0000
B NA/NM 0.5,B0,2024,1.067,57.0000
B NA/NM 0.5,B0,2024,1.092,57.0000
B NA/NM 0.5,B0,2024,1.119,57.0000
B NA/NM 0.5,B0,2024,1.142,57.0000
B NA/NM 0.5,B0,2024,1.165,57.0000
B NA/NM 0.5,B0,2024,1.192,57.0000
B NA/NM 0.5,B0,2024,1.224,57.0000
B NA/NM 0.5,B0,2024,1.249,56.0000
B NA/NM 0.5,B0,2024,1.276,56.0000
B NA/NM 0.5,B0,2024,1.302,56.0000
B NA/NM 0.5,B0,2024,1.326,56.0000
B NA/NM 0.5,B0,2024,1.354,56.0000
B NA/NM 0.5,B0,2024,1.379,56.0000
B NA/NM 0.5,B0,2024,1.404,56.0000
B NA/NM 0.5,B0,2024,1.429,56.0000
B NA/NM 0.5,B0,2024,1.453,56.0000
B NA/NM 0.5,B0,2024,1.480,56.0000
B NA/NM 0.5,B0,2024,1.505,56.0000
B NA/NM 0.5,B0,2024,1.530,56.0000
B NA/NM 0.5,B0,2024,1.555,56.0000
B NA/NM 0.5,B0,2024,1.583,56.0000
B NA/NM 0.5,B0,2024,1.609,56.0000
B NA/NM 0.5,B0,2024,1.633,56.0000
B NA/NM 0.5,B0,2024,1.657,56.0000
B NA/NM 0.5,B0,2024,1.681,56.0000
B NA/NM 0.5,B0,2024,1.709,56.0000
B NA/NM 0.5,B0,2024,1.733,56.0000
B NA/NM 0.5,B0,2024,1.758,56.0000
B NA/NM 0.5,B0,2024,1.781,56.0000
B NA/NM 0.5,B0,2024,1.810,56.0000
B NA/NM 0.5,B0,2024,1.834,56.0000
B NA/NM 0.5,B0,2024,1.859,56.0000
B NA/NM 0.5,B0,2024,1.883,56.0000
B NA/NM 0.5,B0,2024,1.909,56.0000
B NA/NM 0.5,B0,2024,1.937,56.0000
B NA/NM 0.5,B0,2024,1.960,56.0000
B NA/NM 0.5,B0,2024,1.984,56.0000
B NA/NM 0.5,B0,2024,2.008,56.0000
B NA/NM 0.5,B0,2024,2.036,56.0000
B NA/NM 0.5,B0,2024,2.060,56.0000
B NA/NM 0.5,B0,2024,2.085,56.0000
B NA/NM 0.5,B0,2024,2.110,56.0000
B NA/NM 0.5,B0,2024,2.134,56.0000
B NA/NM 0.5,B0,2024,2.164,56.0000
B NA/NM 0.5,B0,2024,2.187,56.0000
B NA/NM 0.5,B0,2024,2.213,56.0000
B NA/NM 0.5,B0,2024,2.240,56.0000
B NA/NM 0.5,B0,2024,2.266,56.0000
B NA/NM 0.5,B0,2024,2.300,56.0000
B NA/NM 0.5,B0,2024,2.326,56.0000
B NA/NM 0.5,B0,2024,2.354,56.0000
B NA/NM 0.5,B0,2024,2.381,56.0000
B NA/NM 0.5,B0,2024,2.411,56.0000
B NA/NM 0.5,B0,2024,2.437,56.0000
B NA/NM 0.5,B0,2024,2.459,56.0000
B NA/NM 0.5,B0,2024,2.485,56.0000
B NA/NM 0.5,B0,2024,2.509,56.0000
B NA/NM 0.5,B0,2024,2.536,56.0000
B NA/NM 0.5,B0,2024,2.561,56.0000
B NA/NM 0.5,B0,2024,2.586,56.0000
B NA/NM 0.5,B0,2024,2.610,56.0000
B NA/NM 0.5,B0,2024,2.639,56.0000
B NA/NM 0.5,B0,2024,2.665,56.0000
B NA/NM 0.5,B0,2024,2.692,56.0000
B NA/NM 0.5,B0,2024,2.718,56.0000
B NA/NM 0.5,B0,2024,2.744,56.0000
B NA/NM 0.5,B0,2024,2.771,56.0000
B NA/NM 0.5,B0,2024,2.797,56.0000
B NA/NM 0.5,B0,2024,2.822,56.0000
B NA/NM 0.5,B0,2024,2.848,56.0000
B NA/NM 0.5,B0,2024,2.878,56.0000
B NA/NM 0.5,B0,2024,2.903,56.0000
B NA/NM 0.5,B0,2024,2.929,56.0000
B NA/NM 0.5,B0,2024,2.956,56.0000
B NA/NM 0.5,B0,2024,2.982,56.0000
B NA/NM 0.5,B0,2024,3.014,56.0000
B NA/NM 0.5,B0,2024,3.040,56.0000
B NA/NM 0.5,B0,2024,3.066,56.0000
B NA/NM 0.5,B0,2024,3.092,56.0000
B NA/NM 0.5,B0,2024,3.120,56.0000
B NA/NM 0.5,B0,2024,3.150,56.0000
B NA/NM 0.5,B0,2024,3.175,56.0000
B NA/NM 0.5,B0,2024,3.202,56.0000
B NA/NM 0.5,B0,2024,3.228,56.0000
B NA/NM 0.5,B0,2024,3.258,56.0000
B NA/NM 0.5,B0,2024,3.284,56.0000
B NA/NM 0.5,B0,2024,3.310,56.0000
B NA/NM 0.5,B0,2024,3.336,56.0000
B NA/NM 0.5,B0,2024,3.362,56.0000
B NA/NM 0.5,B0,2024,3.393,56.0000
B NA/NM 0.5,B0,2024,3.420,56.0000
B NA/NM 0.5,B0,2024,3.447,56.0000
B NA/NM 0.5,B0,2024,3.472,56.0000
B NA/NM 0.5,B0,2024,3.501,56.0000
B NA/NM 0.5,B0,2024,3.527,56.0000
B NA/NM 0.5,B0,2024,3.555,56.0000
B NA/NM 0.5,B0,2024,3.581,56.0000
B NA/NM 0.5,B0,2024,3.606,56.0000
B NA/NM 0.5,B0,2024,3.633,56.0000
B NA/NM 0.5,B0,2024,3.657,56.0000
B NA/NM 0.5,B0,2024,3.682,56.0000
B NA/NM 0.5,B0,2024,3.707,56.0000
B NA/NM 0.5,B0,2024,3.735,56.0000
B NA/NM 0.5,B0,2024,3.761,56.0000
B NA/NM 0.5,B0,2024,3.786,56.0000
B NA/NM 0.5,B0,2024,3.812,56.0000
B NA/NM 0.5,B0,2024,3.838,56.0000
B NA/NM 0.5,B0,2024,3.867,56.0000
B NA/NM 0.5,B0,2024,3.891,56.0000
B NA/NM 0.5,B0,2024,3.916,56.0000
B NA/NM 0.5,B0,2024,3.940,56.0000
B NA/NM 0.5,B0,2024,3.964,56.0000
B NA/NM 0.5,B0,2024,3.992,56.0000
B NA/NM 0.5,B0,2024,4.017,56.0000
B NA/NM 0.5,B0,2024,4.042,56.0000
B NA/NM 0.5,B0,2024,4.064,56.0000
B NA/NM 0.5,B0,2024,4.092,56.0000
B NA/NM 0.5,B0,2024,4.116,56.0000
B NA/NM 0.5,B0,2024,4.142,56.0000
B NA/NM 0.5,B0,2024,4.167,56.0000
B NA/NM 0.5,B0,2024,4.193,56.0000
B NA/NM 0.5,B0,2024,4.224,56.0000
B NA/NM 0.5,B0,2024,4.251,56.0000
B NA/NM 0.5,B0,2024,4.276,56.0000
B NA/NM 0.5,B0,2024,4.301,56.0000
B NA/NM 0.5,B0,2024,4.334,56.0000
B NA/NM 0.5,B0,2024,4.361,56.0000
B NA/NM 0.5,B0,2024,4.387,56.0000
B NA/NM 0.5,B0,2024,4.414,56.0000
B NA/NM 0.5,B0,2024,4.438,56.0000
B NA/NM 0.5,B0,2024,4.468,56.0000
B NA/NM 0.5,B0,2024,4.495,56.0000
B NA/NM 0.5,B0,2024,4.518,56.0000
B NA/NM 0.5,B0,2024,4.542,56.0000
B NA/NM 0.5,B0,2024,4.571,56.0000
B NA/NM 0.5,B0,2024,4.596,56.0000
B NA/NM 0.5,B0,2024,4.621,56.0000
B NA/NM 0.5,B0,2024,4.646,56.0000
B NA/NM 0.5,B0,2024,4.671,56.0000
B NA/NM 0.5,B0,2024,4.700,56.0000
B NA/NM 0.5,B0,2024,4.724,56.0000
B NA/NM 0.5,B0,2024,4.750,56.0000
B NA/NM 0.5,B0,2024,4.776,56.0000
B NA/NM 0.5,B0,2024,4.802,56.0000
B NA/NM 0.5,B0,2024,4.832,56.0000
B NA/NM 0.5,B0,2024,4.858,56.0000
B NA/NM 0.5,B0,2024,4.885,56.0000
B NA/NM 0.5,B0,2024,4.913,56.0000
B NA/NM 0.5,B0,2024,4.944,56.0000
B NA/NM 0.5,B0,2024,4.970,56.0000
B NA/NM 0.5,B0,2024,4.997,56.0000
B NA/NM 0.5,B0,2024,5.025,56.0000
B NA/NM 0.5,B0,2024,5.052,56.0000
B NA/NM 0.5,B0,2024,5.082,56.0000
B NA/NM 0.5,B0,2024,5.109,56.0000
B NA/NM 0.5,B0,2024,5.135,56.0000
B NA/NM 0.5,B0,2024,5.163,56.0000
B NA/NM 0.5,B0,2024,5.194,56.0000
B NA/NM 0.5,B0,2024,5.221,56.0000
B NA/NM 0.5,B0,2024,5.251,56.0000
B NA/NM 0.5,B0,2024,5.278,56.0000
B NA/NM 0.5,B0,2024,5.306,56.0000
B NA/NM 0.5,B0,2024,5.336,56.0000
B NA/NM 0.5,B0,2024,5.364,56.0000
B NA/NM 0.5,B0,2024,5.390,56.0000
B NA/NM 0.5,B0,2024,5.415,56.0000
B NA/NM 0.5,B0,2024,5.444,56.0000
B NA/NM 0.5,B0,2024,5.469,56.0000
B NA/NM 0.5,B0,2024,5.494,56.0000
B NA/NM 0.5,B0,2024,5.519,56.0000
B NA/NM 0.5,B0,2024,5.544,56.0000
B NA/NM 0.5,B0,2024,5.574,56.0000
B NA/NM 0.5,B0,2024,5.599,56.0000
B NA/NM 0.5,B0,2024,5.625,56.0000
B NA/NM 0.5,B0,2024,5.651,56.0000
B NA/NM 0.5,B0,2024,5.675,56.0000
B NA/NM 0.5,B0,2024,5.703,56.0000
B NA/NM 0.5,B0,2024,5.730,56.0000
B NA/NM 0.5,B0,2024,5.754,56.0000
B NA/NM 0.5,B0,2024,5.778,56.0000
B NA/NM 0.5,B0,2024,5.806,56.0000
B NA/NM 0.5,B0,2024,5.831,56.0000
B NA/NM 0.5,B0,2024,5.857,56.0000
B NA/NM 0.5,B0,2024,5.882,56.0000
B NA/NM 0.5,B0,2024,5.906,56.0000
B NA/NM 0.5,B0,2024,5.934,56.0000
B NA/NM 0.5,B0,2024,5.959,56.0000
B NA/NM 0.5,B0,2024,5.982,56.0000
B NA/NM 0.5,B0,2024,6.006,56.0000
B NA/NM 0.5,B0,2024,6.034,56.0000
B NA/NM 0.5,B0,2024,6.058,56.0000
B NA/NM 0.5,B0,2024,6.082,56.0000
B NA/NM 0.5,B0,2024,6.107,56.0000
B NA/NM 0.5,B0,2024,6.131,56.0000
B NA/NM 0.5,B0,2024,6.159,56.0000
B NA/NM 0.5,B0,2024,6.184,56.0000
B NA/NM 0.5,B0,2024,6.208,56.0000
B NA/NM 0.5,B0,2024,6.234,56.0000
B NA/NM 0.5,B0,2024,6.266,56.0000
B NA/NM 0.5,B0,2024,6.291,56.0000
B NA/NM 0.5,B0,2024,6.319,56.0000
B NA/NM 0.5,B0,2024,6.347,56.0000
B NA/NM 0.5,B0,2024,6.373,56.0000
B NA/NM 0.5,B0,2024,6.405,56.0000
B NA/NM 0.5,B0,2024,6.432,56.0000
B NA/NM 0.5,B0,2024,6.457,56.0000
B NA/NM 0.5,B0,2024,6.480,56.0000
B NA/NM 0.5,B0,2024,6.505,56.0000
B NA/NM 0.5,B0,2024,6.534,56.0000
B NA/NM 0.5,B0,2024,6.561,56.0000
B NA/NM 0.5,B0,2024,6.587,56.0000
B NA/NM 0.5,B0,2024,6.613,56.0000
B NA/NM 0.5,B0,2024,6.642,56.0000
B NA/NM 0.5,B0,2024,6.667,56.0000
B NA/NM 0.5,B0,2024,6.692,56.0000
B NA/NM 0.5,B0,2024,6.718,56.0000
B NA/NM 0.5,B0,2024,6.743,56.0000
B NA/NM 0.5,B0,2024,6.771,56.0000
B NA/NM 0.5,B0,2024,6.797,56.0000
B NA/NM 0.5,B0,2024,6.821,56.0000
B NA/NM 0.5,B0,2024,6.847,56.0000
B NA/NM 0.5,B0,2024,6.877,56.0000
B NA/NM 0.5,B0,2024,6.901,56.0000
B NA/NM 0.5,B0,2024,6.927,56.0000
B NA/NM 0.5,B0,2024,6.952,56.0000
B NA/NM 0.5,B0,2024,6.978,56.0000
B NA/NM 0.5,B0,2024,7.007,56.0000
B NA/NM 0.5,B0,2024,7.032,56.0000
B NA/NM 0.5,B0,2024,7.057,56.0000
B NA/NM 0.5,B0,2024,7.082,56.0000
B NA/NM 0.5,B0,2024,7.111,56.0000
B NA/NM 0.5,B0,2024,7.135,56.0000
B NA/NM 0.5,B0,2024,7.161,56.0000
B NA/NM 0.5,B0,2024,7.186,56.0000
B NA/NM 0.5,B0,2024,7.210,56.0000
B NA/NM 0.5,B0,2024,7.238,56.0000
B NA/NM 0.5,B0,2024,7.263,56.0000
B NA/NM 0.5,B0,2024,7.290,56.0000
B NA/NM 0.5,B0,2024,7.316,56.0000
B NA/NM 0.5,B0,2024,7.342,56.0000
B NA/NM 0.5,B0,2024,7.372,56.0000
B NA/NM 0.5,B0,2024,7.399,56.0000
B NA/NM 0.5,B0,2024,7.426,56.0000
B NA/NM 0.5,B0,2024,7.454,56.0000
B NA/NM 0.5,B0,2024,7.484,56.0000
B NA/NM 0.5,B0,2024,7.510,56.0000
B NA/NM 0.5,B0,2024,7.536,56.0000
B NA/NM 0.5,B0,2024,7.562,56.0000
B NA/NM 0.5,B0,2024,7.590,56.0000
B NA/NM 0.5,B0,2024,7.621,56.0000
B NA/NM 0.5,B0,2024,7.651,56.0000
B NA/NM 0.5,B0,2024,7.678,56.0000
B NA/NM 0.5,B0,2024,7.706,56.0000
B NA/NM 0.5,B0,2024,7.738,56.0000
B NA/NM 0.5,B0,2024,7.765,56.0000
B NA/NM 0.5,B0,2024,7.793,56.0000
B NA/NM 0.5,B0,2024,7.820,56.0000
B NA/NM 0.5,B0,2024,7.847,56.0000
B NA/NM 0.5,B0,2024,7.877,56.0000
B NA/NM 0.5,B0,2024,7.901,56.0000
B NA/NM 0.5,B0,2024,7.925,56.0000
B NA/NM 0.5,B0,2024,7.951,56.0000
B NA/NM 0.5,B0,2024,7.982,56.0000
B NA/NM 0.5,B0,2024,8.005,56.0000
B NA/NM 0.5,B0,2024,8.028,56.0000
B NA/NM 0.5,B0,2024,8.051,56.0000
B NA/NM 0.5,B0,2024,8.076,56.0000
B NA/NM 0.5,B0,2024,8.103,56.0000
B NA/NM 0.5,B0,2024,8.127,56.0000
B NA/NM 0.5,B0,2024,8.151,56.0000
B NA/NM 0.5,B0,2024,8.174,56.0000
B NA/NM 0.5,B0,2024,8.198,56.0000
B NA/NM 0.5,B0,2024,8.227,56.0000
B NA/NM 0.5,B0,2024,8.252,56.0000
B NA/NM 0.5,B0,2024,8.280,56.0000
B NA/NM 0.5,B0,2024,8.306,56.0000
B NA/NM 0.5,B0,2024,8.338,56.0000
B NA/NM 0.5,B0,2024,8.366,56.0000
B NA/NM 0.5,B0,2024,8.394,56.0000
B NA/NM 0.5,B0,2024,8.420,56.0000
B NA/NM 0.5,B0,2024,8.445,56.0000
B NA/NM 0.5,B0,2024,8.473,56.0000
B NA/NM 0.5,B0,2024,8.497,56.0000
B NA/NM 0.5,B0,2024,8.521,56.0000
B NA/NM 0.5,B0,2024,8.547,56.0000
B NA/NM 0.5,B0,2024,8.575,56.0000
B NA/NM 0.5,B0,2024,8.600,56.0000
B NA/NM 0.5,B0,2024,8.625,56.0000
B NA/NM 0.5,B0,2024,8.650,56.0000
B NA/NM 0.5,B0,2024,8.674,56.0000
B NA/NM 0.5,B0,2024,8.702,56.0000
B NA/NM 0.5,B0,2024,8.726,56.0000
B NA/NM 0.5,B0,2024,8.751,56.0000
B NA/NM 0.5,B0,2024,8.776,56.0000
B NA/NM 0.5,B0,2024,8.804,56.0000
B NA/NM 0.5,B0,2024,8.828,56.0000
B NA/NM 0.5,B0,2024,8.854,56.0000
B NA/NM 0.5,B0,2024,8.878,56.0000
B NA/NM 0.5,B0,2024,8.903,56.0000
B NA/NM 0.5,B0,2024,8.931,56.0000
B NA/NM 0.5,B0,2024,8.955,56.0000
B NA/NM 0.5,B0,2024,8.981,56.0000
B NA/NM 0.5,B0,2024,9.006,56.0000
B NA/NM 0.5,B0,2024,9.029,56.0000
B NA/NM 0.5,B0,2024,9.057,56.0000
B NA/NM 0.5,B0,2024,9.082,56.0000
B NA/NM 0.5,B0,2024,9.107,56.0000
B NA/NM 0.5,B0,2024,9.132,56.0000
B NA/NM 0.5,B0,2024,9.161,56.0000
B NA/NM 0.5,B0,2024,9.187,56.0000
B NA/NM 0.5,B0,2024,9.214,56.0000
B NA/NM 0.5,B0,2024,9.240,56.0000
B NA/NM 0.5,B0,2024,9.267,56.0000
B NA/NM 0.5,B0,2024,9.297,56.0000
B NA/NM 0.5,B0,2024,9.323,56.0000
B NA/NM 0.5,B0,2024,9.350,56.0000
B NA/NM 0.5,B0,2024,9.378,56.0000
B NA/NM 0.5,B0,2024,9.409,56.0000
B NA/NM 0.5,B0,2024,9.435,56.0000
B NA/NM 0.5,B0,2024,9.462,56.0000
B NA/NM 0.5,B0,2024,9.487,56.0000
B NA/NM 0.5,B0,2024,9.510,56.0000
B NA/NM 0.5,B0,2024,9.538,56.0000
B NA/NM 0.5,B0,2024,9.564,56.0000
B NA/NM 0.5,B0,2024,9.591,56.0000
B NA/NM 0.5,B0,2024,9.620,56.0000
B NA/NM 0.5,B0,2024,9.650,56.0000
B NA/NM 0.5,B0,2024,9.675,56.0000
B NA/NM 0.5,B0,2024,9.702,56.0000
B NA/NM 0.5,B0,2024,9.730,56.0000
B NA/NM 0.5,B0,2024,9.757,56.0000
B NA/NM 0.5,B0,2024,9.788,56.0000
B NA/NM 0.5,B0,2024,9.814,56.0000
B NA/NM 0.5,B0,2024,9.840,56.0000
B NA/NM 0.5,B0,2024,9.867,56.0000
B NA/NM 0.5,B0,2024,9.895,56.0000
B NA/NM 0.5,B0,2024,9.925,56.0000
B NA/NM 0.5,B0,2024,9.952,56.0000
B NA/NM 0.5,B0,2024,9.980,56.0000
B NA/NM 0.5,B0,2024,10.007,56.0000
B NA/NM 0.5,B0,2024,10.037,56.0000
B NA/NM 0.5,B0,2024,10.063,56.0000
B NA/NM 0.5,B0,2024,10.090,56.0000
B NA/NM 0.5,B0,2024,10.116,56.0000
B NA/NM 0.5,B0,2024,10.144,56.0000
B NA/NM 0.5,B0,2024,10.174,56.0000
B NA/NM 0.5,B0,2024,10.200,56.0000
B NA/NM 0.5,B0,2024,10.227,56.0000
B NA/NM 0.5,B0,2024,10.255,56.0000
B NA/NM 0.5,B0,2024,10.290,56.0000
B NA/NM 0.5,B0,2024,10.317,56.0000
B NA/NM 0.5,B0,2024,10.348,56.0000
B NA/NM 0.5,B0,2024,10.373,56.0000
B NA/NM 0.5,B0,2024,10.402,56.0000
B NA/NM 0.5,B0,2024,10.431,56.0000
B NA/NM 0.5,B0,2024,10.458,56.0000
B NA/NM 0.5,B0,2024,10.483,56.0000
B NA/NM 0.5,B0,2024,10.508,56.0000
B NA/NM 0.5,B0,2024,10.536,56.0000
B NA/NM 0.5,B0,2024,10.561,56.0000
B NA/NM 0.5,B0,2024,10.585,56.0000
B NA/NM 0.5,B0,2024,10.609,56.0000
B NA/NM 0.5,B0,2024,10.634,56.0000
B NA/NM 0.5,B0,2024,10.664,56.0000
B NA/NM 0.5,B0,2024,10.690,56.0000
B NA/NM 0.5,B0,2024,10.716,56.0000
B NA/NM 0.5,B0,2024,10.740,56.0000
B NA/NM 0.5,B0,2024,10.764,56.0000
B NA/NM 0.5,B0,2024,10.790,56.0000
B NA/NM 0.5,B0,2024,10.814,56.0000
B NA/NM 0.5,B0,2024,10.839,56.0000
B NA/NM 0.5,B0,2024,10.863,56.0000
B NA/NM 0.5,B0,2024,10.891,56.0000
B NA/NM 0.5,B0,2024,10.916,56.0000
B NA/NM 0.5,B0,2024,10.940,56.0000
B NA/NM 0.5,B0,2024,10.966,56.0000
B NA/NM 0.5,B0,2024,10.989,56.0000
B NA/NM 0.5,B0,2024,11.017,56.0000
B NA/NM 0.5,B0,2024,11.042,56.0000
B NA/NM 0.5,B0,2024,11.066,56.0000
B NA/NM 0.5,B0,2024,11.090,56.0000
B NA/NM 0.5,B0,2024,11.117,56.0000
B NA/NM 0.5,B0,2024,11.142,56.0000
B NA/NM 0.5,B0,2024,11.167,56.0000
B NA/NM 0.5,B0,2024,11.191,56.0000
B NA/NM 0.5,B0,2024,11.220,56.0000
B NA/NM 0.5,B0,2024,11.250,56.0000
B NA/NM 0.5,B0,2024,11.277,56.0000
B NA/NM 0.5,B0,2024,11.306,56.0000
B NA/NM 0.5,B0,2024,11.333,56.0000
B NA/NM 0.5,B0,2024,11.366,56.0000
B NA/NM 0.5,B0,2024,11.394,56.0000
B NA/NM 0.5,B0,2024,11.424,56.0000
B NA/NM 0.5,B0,2024,11.450,56.0000
B NA/NM 0.5,B0,2024,11.477,56.0000
B NA/NM 0.5,B0,2024,11.504,56.0000
B NA/NM 0.5,B0,2024,11.529,56.0000
B NA/NM 0.5,B0,2024,11.554,56.0000
B NA/NM 0.5,B0,2024,11.578,56.0000
B NA/NM 0.5,B0,2024,11.609,56.0000
B NA/NM 0.5,B0,2024,11.646,56.0000
B NA/NM 0.5,B0,2024,11.678,56.0000
B NA/NM 0.5,B0,2024,11.716,56.0000
B NA/NM 0.5,B0,2024,11.744,56.0000
B NA/NM 0.5,B0,2024,11.776,56.0000
B NA/NM 0.5,B0,2024,11.800,56.0000
B NA/NM 0.5,B0,2024,11.826,56.0000
B NA/NM 0.5,B0,2024,11.851,56.0000
B NA/NM 0.5,B0+,2024,0.035,105.0000
B NA/NM 0.5,B0+,2024,0.078,97.0000
B NA/NM 0.5,B0+,2024,0.112,89.0000
B NA/NM 0.5,B0+,2024,0.145,89.0000
B NA/NM 0.5,B0+,2024,0.174,89.0000
B NA/NM 0.5,B0+,2024,0.208,79.0000
B NA/NM 0.5,B0+,2024,0.241,69.0000
B NA/NM 0.5,B0+,2024,0.271,69.0000
B NA/NM 0.5,B0+,2024,0.297,69.0000
B NA/NM 0.5,B0+,2024,0.328,66.0000
B NA/NM 0.5,B0+,2024,0.356,61.0000
B NA/NM 0.5,B0+,2024,0.381,61.0000
B NA/NM 0.5,B0+,2024,0.407,58.0000
B NA/NM 0.5,B0+,2024,0.436,58.0000
B NA/NM 0.5,B0+,2024,0.459,58.0000
B NA/NM 0.5,B0+,2024,0.484,58.0000
B NA/NM 0.5,B0+,2024,0.509,58.0000
B NA/NM 0.5,B0+,2024,0.537,58.0000
B NA/NM 0.5,B0+,2024,0.561,58.0000
B NA/NM 0.5,B0+,2024,0.586,58.0000
B NA/NM 0.5,B0+,2024,0.611,58.0000
B NA/NM 0.5,B0+,2024,0.637,58.0000
B NA/NM 0.5,B0+,2024,0.667,58.0000
B NA/NM 0.5,B0+,2024,0.692,58.0000
B NA/NM 0.5,B0+,2024,0.718,58.0000
B NA/NM 0.5,B0+,2024,0.743,58.0000
B NA/NM 0.5,B0+,2024,0.771,58.0000
B NA/NM 0.5,B0+,2024,0.797,58.0000
B NA/NM 0.5,B0+,2024,0.819,58.0000
B NA/NM 0.5,B0+,2024,0.845,58.0000
B NA/NM 0.5,B0+,2024,0.868,58.0000
B NA/NM 0.5,B0+,2024,0.895,57.0000
B NA/NM 0.5,B0+,2024,0.918,57.0000
B NA/NM 0.5,B0+,2024,0.942,57.0000
B NA/NM 0.5,B0+,2024,0.967,57.0000
B NA/NM 0.5,B0+,2024,0.995,57.0000
B NA/NM 0.5,B0+,2024,1.019,57.0000
B NA/NM 0.5,B0+,2024,1.043,57.0000
B NA/NM 0.5,B0+,2024,1.067,57.0000
B NA/NM 0.5,B0+,2024,1.092,57.0000
B NA/NM 0.5,B0+,2024,1.119,57.0000
B NA/NM 0.5,B0+,2024,1.142,57.0000
B NA/NM 0.5,B0+,2024,1.165,57.0000
B NA/NM 0.5,B0+,2024,1.192,57.0000
B NA/NM 0.5,B0+,2024,1.224,57.0000
B NA/NM 0.5,B0+,2024,1.249,56.0000
B NA/NM 0.5,B0+,2024,1.276,56.0000
B NA/NM 0.5,B0+,2024,1.302,56.0000
B NA/NM 0.5,B0+,2024,1.326,56.0000
B NA/NM 0.5,B0+,2024,1.354,56.0000
B NA/NM 0.5,B0+,2024,1.379,56.0000
B NA/NM 0.5,B0+,2024,1.404,56.0000
B NA/NM 0.5,B0+,2024,1.429,56.0000
B NA/NM 0.5,B0+,2024,1.453,56.0000
B NA/NM 0.5,B0+,2024,1.480,56.0000
B NA/NM 0.5,B0+,2024,1.505,56.0000
B NA/NM 0.5,B0+,2024,1.530,56.0000
B NA/NM 0.5,B0+,2024,1.555,56.0000
B NA/NM 0.5,B0+,2024,1.583,56.0000
B NA/NM 0.5,B0+,2024,1.609,56.0000
B NA/NM 0.5,B0+,2024,1.633,56.0000
B NA/NM 0.5,B0+,2024,1.657,56.0000
B NA/NM 0.5,B0+,2024,1.681,56.0000
B NA/NM 0.5,B0+,2024,1.709,56.0000
B NA/NM 0.5,B0+,2024,1.733,56.0000
B NA/NM 0.5,B0+,2024,1.758,56.0000
B NA/NM 0.5,B0+,2024,1.781,56.0000
B NA/NM 0.5,B0+,2024,1.810,56.0000
B NA/NM 0.5,B0+,2024,1.834,56.0000
B NA/NM 0.5,B0+,2024,1.859,56.0000
B NA/NM 0.5,B0+,2024,1.883,56.0000
B NA/NM 0.5,B0+,2024,1.909,56.0000
B NA/NM 0.5,B0+,2024,1.937,56.0000
B NA/NM 0.5,B0+,2024,1.960,56.0000
B NA/NM 0.5,B0+,2024,1.984,56.0000
B NA/NM 0.5,B0+,2024,2.008,56.0000
B NA/NM 0.5,B0+,2024,2.036,56.0000
B NA/NM 0.5,B0+,2024,2.060,56.0000
B NA/NM 0.5,B0+,2024,2.085,56.0000
B NA/NM 0.5,B0+,2024,2.110,56.0000
B NA/NM 0.5,B0+,2024,2.134,56.0000
B NA/NM 0.5,B0+,2024,2.164,56.0000
B NA/NM 0.5,B0+,2024,2.187,56.0000
B NA/NM 0.5,B0+,2024,2.213,56.0000
B NA/NM 0.5,B0+,2024,2.240,56.0000
B NA/NM 0.5,B0+,2024,2.266,56.0000
B NA/NM 0.5,B0+,2024,2.300,56.0000
B NA/NM 0.5,B0+,2024,2.326,56.0000
B NA/NM 0.5,B0+,2024,2.354,56.0000
B NA/NM 0.5,B0+,2024,2.381,56.0000
B NA/NM 0.5,B0+,2024,2.411,56.0000
B NA/NM 0.5,B0+,2024,2.437,56.0000
B NA/NM 0.5,B0+,2024,2.459,56.0000
B NA/NM 0.5,B0+,2024,2.485,56.0000
B NA/NM 0.5,B0+,2024,2.509,56.0000
B NA/NM 0.5,B0+,2024,2.536,56.0000
B NA/NM 0.5,B0+,2024,2.561,56.0000
B NA/NM 0.5,B0+,2024,2.586,56.0000
B NA/NM 0.5,B0+,2024,2.610,56.0000
B NA/NM 0.5,B0+,2024,2.639,56.0000
B NA/NM 0.5,B0+,2024,2.665,56.0000
B NA/NM 0.5,B0+,2024,2.692,56.0000
B NA/NM 0.5,B0+,2024,2.718,56.0000
B NA/NM 0.5,B0+,2024,2.744,56.0000
B NA/NM 0.5,B0+,2024,2.771,56.0000
B NA/NM 0.5,B0+,2024,2.797,56.0000
B NA/NM 0.5,B0+,2024,2.822,56.0000
B NA/NM 0.5,B0+,2024,2.848,56.0000
B NA/NM 0.5,B0+,2024,2.878,56.0000
B NA/NM 0.5,B0+,2024,2.903,56.0000
B NA/NM 0.5,B0+,2024,2.929,56.0000
B NA/NM 0.5,B0+,2024,2.956,56.0000
B NA/NM 0.5,B0+,2024,2.982,56.0000
B NA/NM 0.5,B0+,2024,3.014,56.0000
B NA/NM 0.5,B0+,2024,3.040,56.0000
B NA/NM 0.5,B0+,2024,3.066,56.0000
B NA/NM 0.5,B0+,2024,3.092,56.0000
B NA/NM 0.5,B0+,2024,3.120,56.0000
B NA/NM 0.5,B0+,2024,3.150,56.0000
B NA/NM 0.5,B0+,2024,3.175,56.0000
B NA/NM 0.5,B0+,2024,3.202,56.0000
B NA/NM 0.5,B0+,2024,3.228,56.0000
B NA/NM 0.5,B0+,2024,3.258,56.0000
B NA/NM 0.5,B0+,2024,3.284,56.0000
B NA/NM 0.5,B0+,2024,3.310,56.0000
B NA/NM 0.5,B0+,2024,3.336,56.0000
B NA/NM 0.5,B0+,2024,3.362,56.0000
B NA/NM 0.5,B0+,2024,3.393,56.0000
B NA/NM 0.5,B0+,2024,3.420,56.0000
B NA/NM 0.5,B0+,2024,3.447,56.0000
B NA/NM 0.5,B0+,2024,3.472,56.0000
B NA/NM 0.5,B0+,2024,3.501,56.0000
B NA/NM 0.5,B0+,2024,3.527,56.0000
B NA/NM 0.5,B0+,2024,3.555,56.0000
B NA/NM 0.5,B0+,2024,3.581,56.0000
B NA/NM 0.5,B0+,2024,3.606,56.0000
B NA/NM 0.5,B0+,2024,3.633,56.0000
B NA/NM 0.5,B0+,2024,3.657,56.0000
B NA/NM 0.5,B0+,2024,3.682,56.0000
B NA/NM 0.5,B0+,2024,3.707,56.0000
B NA/NM 0.5,B0+,2024,3.735,56.0000
B NA/NM 0.5,B0+,2024,3.761,56.0000
B NA/NM 0.5,B0+,2024,3.786,56.0000
B NA/NM 0.5,B0+,2024,3.812,56.0000
B NA/NM 0.5,B0+,2024,3.838,56.0000
B NA/NM 0.5,B0+,2024,3.867,56.0000
B NA/NM 0.5,B0+,2024,3.891,56.0000
B NA/NM 0.5,B0+,2024,3.916,56.0000
B NA/NM 0.5,B0+,2024,3.940,56.0000
B NA/NM 0.5,B0+,2024,3.964,56.0000
B NA/NM 0.5,B0+,2024,3.992,56.0000
B NA/NM 0.5,B0+,2024,4.017,56.0000
B NA/NM 0.5,B0+,2024,4.042,56.0000
B NA/NM 0.5,B0+,2024,4.064,56.0000
B NA/NM 0.5,B0+,2024,4.092,56.0000
B NA/NM 0.5,B0+,2024,4.116,56.0000
B NA/NM 0.5,B0+,2024,4.142,56.0000
B NA/NM 0.5,B0+,2024,4.167,56.0000
B NA/NM 0.5,B0+,2024,4.193,56.0000
B NA/NM 0.5,B0+,2024,4.224,56.0000
B NA/NM 0.5,B0+,2024,4.251,56.0000
B NA/NM 0.5,B0+,2024,4.276,56.0000
B NA/NM 0.5,B0+,2024,4.301,56.0000
B NA/NM 0.5,B0+,2024,4.334,56.0000
B NA/NM 0.5,B0+,2024,4.361,56.0000
B NA/NM 0.5,B0+,2024,4.387,56.0000
B NA/NM 0.5,B0+,2024,4.414,56.0000
B NA/NM 0.5,B0+,2024,4.438,56.0000
B NA/NM 0.5,B0+,2024,4.468,56.0000
B NA/NM 0.5,B0+,2024,4.495,56.0000
B NA/NM 0.5,B0+,2024,4.518,56.0000
B NA/NM 0.5,B0+,2024,4.542,56.0000
B NA/NM 0.5,B0+,2024,4.571,56.0000
B NA/NM 0.5,B0+,2024,4.596,56.0000
B NA/NM 0.5,B0+,2024,4.621,56.0000
B NA/NM 0.5,B0+,2024,4.646,56.0000
B NA/NM 0.5,B0+,2024,4.671,56.0000
B NA/NM 0.5,B0+,2024,4.700,56.0000
B NA/NM 0.5,B0+,2024,4.724,56.0000
B NA/NM 0.5,B0+,2024,4.750,56.0000
B NA/NM 0.5,B0+,2024,4.776,56.0000
B NA/NM 0.5,B0+,2024,4.802,56.0000
B NA/NM 0.5,B0+,2024,4.832,56.0000
B NA/NM 0.5,B0+,2024,4.858,56.0000
B NA/NM 0.5,B0+,2024,4.885,56.0000
B NA/NM 0.5,B0+,2024,4.913,56.0000
B NA/NM 0.5,B0+,2024,4.944,56.0000
B NA/NM 0.5,B0+,2024,4.970,56.0000
B NA/NM 0.5,B0+,2024,4.997,56.0000
B NA/NM 0.5,B0+,2024,5.025,56.0000
B NA/NM 0.5,B0+,2024,5.052,56.0000
B NA/NM 0.5,B0+,2024,5.082,56.0000
B NA/NM 0.5,B0+,2024,5.109,56.0000
B NA/NM 0.5,B0+,2024,5.135,56.0000
B NA/NM 0.5,B0+,2024,5.163,56.0000
B NA/NM 0.5,B0+,2024,5.194,56.0000
B NA/NM 0.5,B0+,2024,5.221,56.0000
B NA/NM 0.5,B0+,2024,5.251,56.0000
B NA/NM 0.5,B0+,2024,5.278,56.0000
B NA/NM 0.5,B0+,2024,5.306,56.0000
B NA/NM 0.5,B0+,2024,5.336,56.0000
B NA/NM 0.5,B0+,2024,5.364,56.0000
B NA/NM 0.5,B0+,2024,5.390,56.0000
B NA/NM 0.5,B0+,2024,5.415,56.0000
B NA/NM 0.5,B0+,2024,5.444,56.0000
B NA/NM 0.5,B0+,2024,5.469,56.0000
B NA/NM 0.5,B0+,2024,5.494,56.0000
B NA/NM 0.5,B0+,2024,5.519,56.0000
B NA/NM 0.5,B0+,2024,5.544,56.0000
B NA/NM 0.5,B0+,2024,5.574,56.0000
B NA/NM 0.5,B0+,2024,5.599,56.0000
B NA/NM 0.5,B0+,2024,5.625,56.0000
B NA/NM 0.5,B0+,2024,5.651,56.0000
B NA/NM 0.5,B0+,2024,5.675,56.0000
B NA/NM 0.5,B0+,2024,5.703,56.0000
B NA/NM 0.5,B0+,2024,5.730,56.0000
B NA/NM 0.5,B0+,2024,5.754,56.0000
B NA/NM 0.5,B0+,2024,5.778,56.0000
B NA/NM 0.5,B0+,2024,5.806,56.0000
B NA/NM 0.5,B0+,2024,5.831,56.0000
B NA/NM 0.5,B0+,2024,5.857,56.0000
B NA/NM 0.5,B0+,2024,5.882,56.0000
B NA/NM 0.5,B0+,2024,5.906,56.0000
B NA/NM 0.5,B0+,2024,5.934,56.0000
B NA/NM 0.5,B0+,2024,5.959,56.0000
B NA/NM 0.5,B0+,2024,5.982,56.0000
B NA/NM 0.5,B0+,2024,6.006,56.0000
B NA/NM 0.5,B0+,2024,6.034,56.0000
B NA/NM 0.5,B0+,2024,6.058,56.0000
B NA/NM 0.5,B0+,2024,6.082,56.0000
B NA/NM 0.5,B0+,2024,6.107,56.0000
B NA/NM 0.5,B0+,2024,6.131,56.0000
B NA/NM 0.5,B0+,2024,6.159,56.0000
B NA/NM 0.5,B0+,2024,6.184,56.0000
B NA/NM 0.5,B0+,2024,6.208,56.0000
B NA/NM 0.5,B0+,2024,6.234,56.0000
B NA/NM 0.5,B0+,2024,6.266,56.0000
B NA/NM 0.5,B0+,2024,6.291,56.0000
B NA/NM 0.5,B0+,2024,6.319,56.0000
B NA/NM 0.5,B0+,2024,6.347,56.0000
B NA/NM 0.5,B0+,2024,6.373,56.0000
B NA/NM 0.5,B0+,2024,6.405,56.0000
B NA/NM 0.5,B0+,2024,6.432,56.0000
B NA/NM 0.5,B0+,2024,6.457,56.0000
B NA/NM 0.5,B0+,2024,6.480,56.0000
B NA/NM 0.5,B0+,2024,6.505,56.0000
B NA/NM 0.5,B0+,2024,6.534,56.0000
B NA/NM 0.5,B0+,2024,6.561,56.0000
B NA/NM 0.5,B0+,2024,6.587,56.0000
B NA/NM 0.5,B0+,2024,6.613,56.0000
B NA/NM 0.5,B0+,2024,6.642,56.0000
B NA/NM 0.5,B0+,2024,6.667,56.0000
B NA/NM 0.5,B0+,2024,6.692,56.0000
B NA/NM 0.5,B0+,2024,6.718,56.0000
B NA/NM 0.5,B0+,2024,6.743,56.0000
B NA/NM 0.5,B0+,2024,6.771,56.0000
B NA/NM 0.5,B0+,2024,6.797,56.0000
B NA/NM 0.5,B0+,2024,6.821,56.0000
B NA/NM 0.5,B0+,2024,6.847,56.0000
B NA/NM 0.5,B0+,2024,6.877,56.0000
B NA/NM 0.5,B0+,2024,6.901,56.0000
B NA/NM 0.5,B0+,2024,6.927,56.0000
B NA/NM 0.5,B0+,2024,6.952,56.0000
B NA/NM 0.5,B0+,2024,6.978,56.0000
B NA/NM 0.5,B0+,2024,7.007,56.0000
B NA/NM 0.5,B0+,2024,7.032,56.0000
B NA/NM 0.5,B0+,2024,7.057,56.0000
B NA/NM 0.5,B0+,2024,7.082,56.0000
B NA/NM 0.5,B0+,2024,7.111,56.0000
B NA/NM 0.5,B0+,2024,7.135,56.0000
B NA/NM 0.5,B0+,2024,7.161,56.0000
B NA/NM 0.5,B0+,2024,7.186,56.0000
B NA/NM 0.5,B0+,2024,7.210,56.0000
B NA/NM 0.5,B0+,2024,7.238,56.0000
B NA/NM 0.5,B0+,2024,7.263,56.0000
B NA/NM 0.5,B0+,2024,7.290,56.0000
B NA/NM 0.5,B0+,2024,7.316,56.0000
B NA/NM 0.5,B0+,2024,7.342,56.0000
B NA/NM 0.5,B0+,2024,7.372,56.0000
B NA/NM 0.5,B0+,2024,7.399,56.0000
B NA/NM 0.5,B0+,2024,7.426,56.0000
B NA/NM 0.5,B0+,2024,7.454,56.0000
B NA/NM 0.5,B0+,2024,7.484,56.0000
B NA/NM 0.5,B0+,2024,7.510,56.0000
B NA/NM 0.5,B0+,2024,7.536,56.0000
B NA/NM 0.5,B0+,2024,7.562,56.0000
B NA/NM 0.5,B0+,2024,7.590,56.0000
B NA/NM 0.5,B0+,2024,7.621,56.0000
B NA/NM 0.5,B0+,2024,7.651,56.0000
B NA/NM 0.5,B0+,2024,7.678,56.0000
B NA/NM 0.5,B0+,2024,7.706,56.0000
B NA/NM 0.5,B0+,2024,7.738,56.0000
B NA/NM 0.5,B0+,2024,7.765,56.0000
B NA/NM 0.5,B0+,2024,7.793,56.0000
B NA/NM 0.5,B0+,2024,7.820,56.0000
B NA/NM 0.5,B0+,2024,7.847,56.0000
B NA/NM 0.5,B0+,2024,7.877,56.0000
B NA/NM 0.5,B0+,2024,7.901,56.0000
B NA/NM 0.5,B0+,2024,7.925,56.0000
B NA/NM 0.5,B0+,2024,7.951,56.0000
B NA/NM 0.5,B0+,2024,7.982,56.0000
B NA/NM 0.5,B0+,2024,8.005,56.0000
B NA/NM 0.5,B0+,2024,8.028,56.0000
B NA/NM 0.5,B0+,2024,8.051,56.0000
B NA/NM 0.5,B0+,2024,8.076,56.0000
B NA/NM 0.5,B0+,2024,8.103,56.0000
B NA/NM 0.5,B0+,2024,8.127,56.0000
B NA/NM 0.5,B0+,2024,8.151,56.0000
B NA/NM 0.5,B0+,2024,8.174,56.0000
B NA/NM 0.5,B0+,2024,8.198,56.0000
B NA/NM 0.5,B0+,2024,8.227,56.0000
B NA/NM 0.5,B0+,2024,8.252,56.0000
B NA/NM 0.5,B0+,2024,8.280,56.0000
B NA/NM 0.5,B0+,2024,8.306,56.0000
B NA/NM 0.5,B0+,2024,8.338,56.0000
B NA/NM 0.5,B0+,2024,8.366,56.0000
B NA/NM 0.5,B0+,2024,8.394,56.0000
B NA/NM 0.5,B0+,2024,8.420,56.0000
B NA/NM 0.5,B0+,2024,8.445,56.0000
B NA/NM 0.5,B0+,2024,8.473,56.0000
B NA/NM 0.5,B0+,2024,8.497,56.0000
B NA/NM 0.5,B0+,2024,8.521,56.0000
B NA/NM 0.5,B0+,2024,8.547,56.0000
B NA/NM 0.5,B0+,2024,8.575,56.0000
B NA/NM 0.5,B0+,2024,8.600,56.0000
B NA/NM 0.5,B0+,2024,8.625,56.0000
B NA/NM 0.5,B0+,2024,8.650,56.0000
B NA/NM 0.5,B0+,2024,8.674,56.0000
B NA/NM 0.5,B0+,2024,8.702,56.0000
B NA/NM 0.5,B0+,2024,8.726,56.0000
B NA/NM 0.5,B0+,2024,8.751,56.0000
B NA/NM 0.5,B0+,2024,8.776,56.0000
B NA/NM 0.5,B0+,2024,8.804,56.0000
B NA/NM 0.5,B0+,2024,8.828,56.0000
B NA/NM 0.5,B0+,2024,8.854,56.0000
B NA/NM 0.5,B0+,2024,8.878,56.0000
B NA/NM 0.5,B0+,2024,8.903,56.0000
B NA/NM 0.5,B0+,2024,8.931,56.0000
B NA/NM 0.5,B0+,2024,8.955,56.0000
B NA/NM 0.5,B0+,2024,8.981,56.0000
B NA/NM 0.5,B0+,2024,9.006,56.0000
B NA/NM 0.5,B0+,2024,9.029,56.0000
B NA/NM 0.5,B0+,2024,9.057,56.0000
B NA/NM 0.5,B0+,2024,9.082,56.0000
B NA/NM 0.5,B0+,2024,9.107,56.0000
B NA/NM 0.5,B0+,2024,9.132,56.0000
B NA/NM 0.5,B0+,2024,9.161,56.0000
B NA/NM 0.5,B0+,2024,9.187,56.0000
B NA/NM 0.5,B0+,2024,9.214,56.0000
B NA/NM 0.5,B0+,2024,9.240,56.0000
B NA/NM 0.5,B0+,2024,9.267,56.0000
B NA/NM 0.5,B0+,2024,9.297,56.0000
B NA/NM 0.5,B0+,2024,9.323,56.0000
B NA/NM 0.5,B0+,2024,9.350,56.0000
B NA/NM 0.5,B0+,2024,9.378,56.0000
B NA/NM 0.5,B0+,2024,9.409,56.0000
B NA/NM 0.5,B0+,2024,9.435,56.0000
B NA/NM 0.5,B0+,2024,9.462,56.0000
B NA/NM 0.5,B0+,2024,9.487,56.0000
B NA/NM 0.5,B0+,2024,9.510,56.0000
B NA/NM 0.5,B0+,2024,9.538,56.0000
B NA/NM 0.5,B0+,2024,9.564,56.0000
B NA/NM 0.5,B0+,2024,9.591,56.0000
B NA/NM 0.5,B0+,2024,9.620,56.0000
B NA/NM 0.5,B0+,2024,9.650,56.0000
B NA/NM 0.5,B0+,2024,9.675,56.0000
B NA/NM 0.5,B0+,2024,9.702,56.0000
B NA/NM 0.5,B0+,2024,9.730,56.0000
B NA/NM 0.5,B0+,2024,9.757,56.0000
B NA/NM 0.5,B0+,2024,9.788,56.0000
B NA/NM 0.5,B0+,2024,9.814,56.0000
B NA/NM 0.5,B0+,2024,9.840,56.0000
B NA/NM 0.5,B0+,2024,9.867,56.0000
B NA/NM 0.5,B0+,2024,9.895,56.0000
B NA/NM 0.5,B0+,2024,9.925,56.0000
B NA/NM 0.5,B0+,2024,9.952,56.0000
B NA/NM 0.5,B0+,2024,9.980,56.0000
B NA/NM 0.5,B0+,2024,10.007,56.0000
B NA/NM 0.5,B0+,2024,10.037,56.0000
B NA/NM 0.5,B0+,2024,10.063,56.0000
B NA/NM 0.5,B0+,2024,10.090,56.0000
B NA/NM 0.5,B0+,2024,10.116,56.0000
B NA/NM 0.5,B0+,2024,10.144,56.0000
B NA/NM 0.5,B0+,2024,10.174,56.0000
B NA/NM 0.5,B0+,2024,10.200,56.0000
B NA/NM 0.5,B0+,2024,10.227,56.0000
B NA/NM 0.5,B0+,2024,10.255,56.0000
B NA/NM 0.5,B0+,2024,10.290,56.0000
B NA/NM 0.5,B0+,2024,10.317,56.0000
B NA/NM 0.5,B0+,2024,10.348,56.0000
B NA/NM 0.5,B0+,2024,10.373,56.0000
B NA/NM 0.5,B0+,2024,10.402,56.0000
B NA/NM 0.5,B0+,2024,10.431,56.0000
B NA/NM 0.5,B0+,2024,10.458,56.0000
B NA/NM 0.5,B0+,2024,10.483,56.0000
B NA/NM 0.5,B0+,2024,10.508,56.0000
B NA/NM 0.5,B0+,2024,10.536,56.0000
B NA/NM 0.5,B0+,2024,10.561,56.0000
B NA/NM 0.5,B0+,2024,10.585,56.0000
B NA/NM 0.5,B0+,2024,10.609,56.0000
B NA/NM 0.5,B0+,2024,10.634,56.0000
B NA/NM 0.5,B0+,2024,10.664,56.0000
B NA/NM 0.5,B0+,2024,10.690,56.0000
B NA/NM 0.5,B0+,2024,10.716,56.0000
B NA/NM 0.5,B0+,2024,10.740,56.0000
B NA/NM 0.5,B0+,2024,10.764,56.0000
B NA/NM 0.5,B0+,2024,10.790,56.0000
B NA/NM 0.5,B0+,2024,10.814,56.0000
B NA/NM 0.5,B0+,2024,10.839,56.0000
B NA/NM 0.5,B0+,2024,10.863,56.0000
B NA/NM 0.5,B0+,2024,10.891,56.0000
B NA/NM 0.5,B0+,2024,10.916,56.0000
B NA/NM 0.5,B0+,2024,10.940,56.0000
B NA/NM 0.5,B0+,2024,10.966,56.0000
B NA/NM 0.5,B0+,2024,10.989,56.0000
B NA/NM 0.5,B0+,2024,11.017,56.0000
B NA/NM 0.5,B0+,2024,11.042,56.0000
B NA/NM 0.5,B0+,2024,11.066,56.0000
B NA/NM 0.5,B0+,2024,11.090,56.0000
B NA/NM 0.5,B0+,2024,11.117,56.0000
B NA/NM 0.5,B0+,2024,11.142,56.0000
B NA/NM 0.5,B0+,2024,11.167,56.0000
B NA/NM 0.5,B0+,2024,11.191,56.0000
B NA/NM 0.5,B0+,2024,11.220,56.0000
B NA/NM 0.5,B0+,2024,11.250,56.0000
B NA/NM 0.5,B0+,2024,11.277,56.0000
B NA/NM 0.5,B0+,2024,11.306,56.0000
B NA/NM 0.5,B0+,2024,11.333,56.0000
B NA/NM 0.5,B0+,2024,11.366,56.0000
B NA/NM 0.5,B0+,2024,11.394,56.0000
B NA/NM 0.5,B0+,2024,11.424,56.0000
B NA/NM 0.5,B0+,2024,11.450,56.0000
B NA/NM 0.5,B0+,2024,11.477,56.0000
B NA/NM 0.5,B0+,2024,11.504,56.0000
B NA/NM 0.5,B0+,2024,11.529,56.0000
B NA/NM 0.5,B0+,2024,11.554,56.0000
B NA/NM 0.5,B0+,2024,11.578,56.0000
B NA/NM 0.5,B0+,2024,11.609,56.0000
B NA/NM 0.5,B0+,2024,11.646,56.0000
B NA/NM 0.5,B0+,2024,11.678,56.0000
B NA/NM 0.5,B0+,2024,11.716,56.0000
B NA/NM 0.5,B0+,2024,11.744,56.0000
B NA/NM 0.5,B0+,2024,11.776,56.0000
B NA/NM 0.5,B0+,2024,11.800,56.0000
B NA/NM 0.5,B0+,2024,11.826,56.0000
B NA/NM 0.5,B0+,2024,11.851,56.0000
B NA/NM 0.5,B1,2024,0.399,117.0000
B NA/NM 0.5,B1,2024,0.805,103.0000
B NA/NM 0.5,B1,2024,1.217,103.0000
B NA/NM 0.5,B1,2024,1.667,103.0000
B NA/NM 0.5,B1,2024,2.034,103.0000
B NA/NM 0.5,B1,2024,2.390,103.0000
B NA/NM 0.5,B1,2024,2.740,103.0000
B NA/NM 0.5,B1,2024,3.076,99.0000
B NA/NM 0.5,B1,2024,3.414,95.0000
B NA/NM 0.5,B1,2024,3.730,85.0000
B NA/NM 0.5,B1,2024,4.044,82.0000
B NA/NM 0.5,B1,2024,4.343,82.0000
B NA/NM 0.5,B1,2024,4.654,82.0000
B NA/NM 0.5,B1,2024,4.964,81.0000
B NA/NM 0.5,B1,2024,5.248,81.0000
B NA/NM 0.5,B1,2024,5.547,79.0000
B NA/NM 0.5,B1,2024,5.835,77.0000
B NA/NM 0.5,B1,2024,6.118,76.0000
B NA/NM 0.5,B1,2024,6.398,71.0000
B NA/NM 0.5,B1,2024,6.674,66.0000
B NA/NM 0.5,B1,2024,6.935,66.0000
B NA/NM 0.5,B1,2024,7.202,66.0000
B NA/NM 0.5,B1,2024,7.434,66.0000
B NA/NM 0.5,B1,2024,7.668,66.0000
B NA/NM 0.5,B1,2024,7.900,66.0000
B NA/NM 0.5,B1,2024,8.129,66.0000
B NA/NM 0.5,B1,2024,8.365,66.0000
B NA/NM 0.5,B1,2024,8.601,65.0000
B NA/NM 0.5,B1,2024,8.822,65.0000
B NA/NM 0.5,B1,2024,9.048,65.0000
B NA/NM 0.5,B1,2024,9.285,64.0000
B NA/NM 0.5,B1,2024,9.534,64.0000
B NA/NM 0.5,B1,2024,9.783,64.0000
B NA/NM 0.5,B1,2024,10.019,64.0000
B NA/NM 0.5,B1,2024,10.261,64.0000
B NA/NM 0.5,B1,2024,10.499,64.0000
B NA/NM 0.5,B1,2024,10.726,64.0000
B NA/NM 0.5,B1,2024,10.954,64.0000
B NA/NM 0.5,B1,2024,11.180,64.0000
B NA/NM 0.5,B1,2024,11.417,64.0000
B NA/NM 0.5,B1,2024,11.665,64.0000
B NA/NM 0.5,B1,2024,11.891,64.0000
B NA/NM 0.5,B1,2024,12.113,64.0000
B NA/NM 0.5,B1,2024,12.343,64.0000
B NA/NM 0.5,B1,2024,12.572,64.0000
B NA/NM 0.5,B1,2024,12.800,64.0000
B NA/NM 0.5,B1,2024,13.030,64.0000
B NA/NM 0.5,B1,2024,13.253,64.0000
B NA/NM 0.5,B1,2024,13.481,64.0000
B NA/NM 0.5,B1,2024,13.707,64.0000
B NA/NM 0.5,B1,2024,13.932,64.0000
B NA/NM 0.5,B1,2024,14.170,64.0000
B NA/NM 0.5,B1,2024,14.424,64.0000
B NA/NM 0.5,B1,2024,14.654,64.0000
B NA/NM 0.5,B1,2024,14.882,64.0000
B NA/NM 0.5,B1,2024,15.114,64.0000
B NA/NM 0.5,B1,2024,15.338,64.0000
B NA/NM 0.5,B1,2024,15.570,64.0000
B NA/NM 0.5,B1,2024,15.798,64.0000
B NA/NM 0.5,B1,2024,16.030,64.0000
B NA/NM 0.5,B1,2024,16.255,64.0000
B NA/NM 0.5,B1,2024,16.476,64.0000
B NA/NM 0.5,B1,2024,16.697,64.0000
B NA/NM 0.5,B1,2024,16.929,64.0000
B NA/NM 0.5,B1,2024,17.154,64.0000
B NA/NM 0.5,B1,2024,17.380,64.0000
B NA/NM 0.5,B1,2024,17.619,64.0000
B NA/NM 0.5,B1,2024,17.838,64.0000
B NA/NM 0.5,B1,2024,18.063,64.0000
B NA/NM 0.5,B1,2024,18.307,64.0000
B NA/NM 0.5,B1,2024,18.532,64.0000
B NA/NM 0.5,B1,2024,18.761,64.0000
B NA/NM 0.5,B1,2024,18.987,64.0000
B NA/NM 0.5,B1,2024,19.212,64.0000
B NA/NM 0.5,B1,2024,19.443,64.0000
B NA/NM 0.5,B1,2024,19.667,64.0000
B NA/NM 0.5,B1,2024,19.902,64.0000
B NA/NM 0.5,B1,2024,20.149,64.0000
B NA/NM 0.5,B1,2024,20.393,64.0000
B NA/NM 0.5,B1,2024,20.644,64.0000
B NA/NM 0.5,B1,2024,20.894,64.0000
B NA/NM 0.5,B1,2024,21.139,64.0000
B NA/NM 0.5,B1,2024,21.373,64.0000
B NA/NM 0.5,B1,2024,21.615,64.0000
B NA/NM 0.5,B1,2024,21.861,64.0000
B NA/NM 0.5,B1,2024,22.105,64.0000
B NA/NM 0.5,B1,2024,22.331,64.0000
B NA/NM 0.5,B1,2024,22.554,64.0000
B NA/NM 0.5,B1,2024,22.779,64.0000
B NA/NM 0.5,B1,2024,22.999,64.0000
B NA/NM 0.5,B1,2024,23.223,64.0000
B NA/NM 0.5,B1,2024,23.468,64.0000
B NA/NM 0.5,B1,2024,23.692,64.0000
B NA/NM 0.5,B1,2024,23.912,64.0000
B NA/NM 0.5,B1,2024,24.136,64.0000
B NA/NM 0.5,B1,2024,24.357,64.0000
B NA/NM 0.5,B1,2024,24.586,64.0000
B NA/NM 0.5,B1,2024,24.841,64.0000
B NA/NM 0.5,B1,2024,25.083,64.0000
B NA/NM 0.5,B1,2024,25.319,64.0000
B NA/NM 0.5,B1,2024,25.558,64.0000
B NA/NM 0.5,B1,2024,25.774,64.0000
B NA/NM 0.5,B1,2024,26.006,64.0000
B NA/NM 0.5,B1,2024,26.245,64.0000
B NA/NM 0.5,B1,2024,26.483,64.0000
B NA/NM 0.5,B1,2024,26.717,64.0000
B NA/NM 0.5,B1,2024,26.946,64.0000
B NA/NM 0.5,B1,2024,27.176,64.0000
B NA/NM 0.5,B1,2024,27.417,64.0000
B NA/NM 0.5,B1,2024,27.660,64.0000
B NA/NM 0.5,B1,2024,27.886,64.0000
B NA/NM 0.5,B1,2024,28.125,64.0000
B NA/NM 0.5,B1,2024,28.352,64.0000
B NA/NM 0.5,B1,2024,28.580,64.0000
B NA/NM 0.5,B1,2024,28.812,64.0000
B NA/NM 0.5,B1,2024,29.044,64.0000
B NA/NM 0.5,B1,2024,29.272,64.0000
B NA/NM 0.5,B1,2024,29.518,64.0000
B NA/NM 0.5,B1,2024,29.753,64.0000
B NA/NM 0.5,B1,2024,29.988,64.0000
B NA/NM 0.5,B1,2024,30.215,64.0000
B NA/NM 0.5,B1,2024,30.443,64.0000
B NA/NM 0.5,B1,2024,30.683,64.0000
B NA/NM 0.5,B1,2024,30.928,64.0000
B NA/NM 0.5,B1,2024,31.162,64.0000
B NA/NM 0.5,B1,2024,31.407,64.0000
B NA/NM 0.5,B1,2024,31.649,64.0000
B NA/NM 0.5,B1,2024,31.879,64.0000
B NA/NM 0.5,B1,2024,32.111,64.0000
B NA/NM 0.5,B1,2024,32.329,64.0000
B NA/NM 0.5,B1,2024,32.555,64.0000
B NA/NM 0.5,B1,2024,32.780,64.0000
B NA/NM 0.5,B1,2024,33.004,64.0000
B NA/NM 0.5,B1,2024,33.232,64.0000
B NA/NM 0.5,B1,2024,33.456,64.0000
B NA/NM 0.5,B1,2024,33.683,64.0000
B NA/NM 0.5,B1,2024,33.926,64.0000
B NA/NM 0.5,B1,2024,34.156,64.0000
B NA/NM 0.5,B1,2024,34.400,64.0000
B NA/NM 0.5,B1,2024,34.647,64.0000
B NA/NM 0.5,B1,2024,34.870,64.0000
B NA/NM 0.5,B1,2024,35.090,64.0000
B NA/NM 0.5,B1,2024,35.315,64.0000
B NA/NM 0.5,B1,2024,35.544,64.0000
B NA/NM 0.5,B1,2024,35.765,64.0000
B NA/NM 0.5,B1,2024,35.999,64.0000
B NA/NM 0.5,B1,2024,36.267,64.0000
B NA/NM 0.5,B1,2024,36.506,64.0000
B NA/NM 0.5,B1,2024,36.733,64.0000
B NA/NM 0.5,B1,2024,36.958,64.0000
B NA/NM 0.5,B1,2024,37.186,64.0000
B NA/NM 0.5,B1,2024,37.406,64.0000
B NA/NM 0.5,B1,2024,37.626,64.0000
B NA/NM 0.5,B1,2024,37.866,64.0000
B NA/NM 0.5,B1,2024,38.100,64.0000
B NA/NM 0.5,B1,2024,38.340,64.0000
B NA/NM 0.5,B1,2024,38.584,64.0000
B NA/NM 0.5,B1,2024,38.824,64.0000
B NA/NM 0.5,B1,2024,39.059,64.0000
B NA/NM 0.5,B1,2024,39.281,64.0000
B NA/NM 0.5,B1,2024,39.499,64.0000
B NA/NM 0.5,B1,2024,39.721,64.0000
B NA/NM 0.5,B1,2024,39.945,64.0000
B NA/NM 0.5,B1,2024,40.164,64.0000
B NA/NM 0.5,B1,2024,40.388,64.0000
B NA/NM 0.5,B1,2024,40.607,64.0000
B NA/NM 0.5,B1,2024,40.831,64.0000
B NA/NM 0.5,B1,2024,41.064,64.0000
B NA/NM 0.5,B1,2024,41.291,64.0000
B NA/NM 0.5,B1,2024,41.530,64.0000
B NA/NM 0.5,B1,2024,41.776,64.0000
B NA/NM 0.5,B1,2024,42.004,64.0000
B NA/NM 0.5,B1,2024,42.228,64.0000
B NA/NM 0.5,B1,2024,42.457,64.0000
B NA/NM 0.5,B1,2024,42.678,64.0000
B NA/NM 0.5,B1,2024,42.906,64.0000
B NA/NM 0.5,B1,2024,43.138,64.0000
B NA/NM 0.5,B1,2024,43.357,64.0000
B NA/NM 0.5,B1,2024,43.585,64.0000
B NA/NM 0.5,B1,2024,43.807,64.0000
B NA/NM 0.5,B1,2024,44.045,64.0000
B NA/NM 0.5,B1,2024,44.268,64.0000
B NA/NM 0.5,B1,2024,44.499,64.0000
B NA/NM 0.5,B1,2024,44.719,64.0000
B NA/NM 0.5,B1,2024,44.945,64.0000
B NA/NM 0.5,B1,2024,45.168,64.0000
B NA/NM 0.5,B1,2024,45.387,64.0000
B NA/NM 0.5,B1,2024,45.613,64.0000
B NA/NM 0.5,B1,2024,45.846,64.0000
B NA/NM 0.5,B1,2024,46.072,64.0000
B NA/NM 0.5,B1,2024,46.306,64.0000
B NA/NM 0.5,B1,2024,46.544,64.0000
B NA/NM 0.5,B1,2024,46.775,64.0000
B NA/NM 0.5,B1,2024,47.020,64.0000
B NA/NM 0.5,B1,2024,47.260,64.0000
B NA/NM 0.5,B1,2024,47.501,64.0000
B NA/NM 0.5,B1,2024,47.724,64.0000
B NA/NM 0.5,B1,2024,47.949,64.0000
B NA/NM 0.5,B1,2024,48.175,64.0000
B NA/NM 0.5,B1,2024,48.401,64.0000
B NA/NM 0.5,B1,2024,48.627,64.0000
B NA/NM 0.5,B1,2024,48.859,64.0000
B NA/NM 0.5,B1,2024,49.098,64.0000
B NA/NM 0.5,B1,2024,49.335,64.0000
B NA/NM 0.5,B1,2024,49.563,64.0000
B NA/NM 0.5,B1,2024,49.784,64.0000
B NA/NM 0.5,B1,2024,50.008,64.0000
B NA/NM 0.5,B1,2024,50.239,64.0000
B NA/NM 0.5,B1,2024,50.474,64.0000
B NA/NM 0.5,B1,2024,50.705,64.0000
B NA/NM 0.5,B1,2024,50.954,64.0000
B NA/NM 0.5,B1,2024,51.173,64.0000
B NA/NM 0.5,B1,2024,51.398,64.0000
B NA/NM 0.5,B1,2024,51.625,64.0000
B NA/NM 0.5,B1,2024,51.847,64.0000
B NA/NM 0.5,B1,2024,52.078,64.0000
B NA/NM 0.5,B1,2024,52.302,64.0000
B NA/NM 0.5,B1,2024,52.525,64.0000
B NA/NM 0.5,B1,2024,52.767,64.0000
B NA/NM 0.5,B1,2024,52.989,64.0000
B NA/NM 0.5,B1,2024,53.214,64.0000
B NA/NM 0.5,B1,2024,53.466,64.0000
B NA/NM 0.5,B1,2024,53.693,64.0000
B NA/NM 0.5,B1,2024,53.918,64.0000
B NA/NM 0.5,B1,2024,54.145,64.0000
B NA/NM 0.5,B1,2024,54.367,64.0000
B NA/NM 0.5,B1,2024,54.597,64.0000
B NA/NM 0.5,B1,2024,54.821,64.0000
B NA/NM 0.5,B1,2024,55.049,64.0000
B NA/NM 0.5,B1,2024,55.274,64.0000
B NA/NM 0.5,B1,2024,55.498,64.0000
B NA/NM 0.5,B1,2024,55.721,64.0000
B NA/NM 0.5,B1,2024,55.956,64.0000
B NA/NM 0.5,B1,2024,56.181,64.0000
B NA/NM 0.5,B1,2024,56.402,64.0000
B NA/NM 0.5,B1,2024,56.647,64.0000
B NA/NM 0.5,B1,2024,56.874,64.0000
B NA/NM 0.5,B1,2024,57.106,64.0000
B NA/NM 0.5,B1,2024,57.354,64.0000
B NA/NM 0.5,B1,2024,57.594,64.0000
B NA/NM 0.5,B1,2024,57.837,64.0000
B NA/NM 0.5,B1,2024,58.071,64.0000
B NA/NM 0.5,B1,2024,58.295,64.0000
B NA/NM 0.5,B1,2024,58.521,64.0000
B NA/NM 0.5,B1,2024,58.742,64.0000
B NA/NM 0.5,B1,2024,58.965,64.0000
B NA/NM 0.5,B1,2024,59.196,64.0000
B NA/NM 0.5,B1,2024,59.418,64.0000
B NA/NM 0.5,B1,2024,59.648,64.0000
B NA/NM 0.5,B1,2024,59.876,64.0000
B NA/NM 0.5,B1,2024,60.102,64.0000
B NA/NM 0.5,B1,2024,60.323,64.0000
B NA/NM 0.5,B1,2024,60.551,64.0000
B NA/NM 0.5,B1,2024,60.768,64.0000
B NA/NM 0.5,B1,2024,60.988,64.0000
B NA/NM 0.5,B1,2024,61.232,64.0000
B NA/NM 0.5,B1,2024,61.453,64.0000
B NA/NM 0.5,B1,2024,61.678,64.0000
B NA/NM 0.5,B1,2024,61.898,64.0000
B NA/NM 0.5,B1,2024,62.130,64.0000
B NA/NM 0.5,B1,2024,62.376,64.0000
B NA/NM 0.5,B1,2024,62.627,64.0000
B NA/NM 0.5,B1,2024,62.863,64.0000
B NA/NM 0.5,B1,2024,63.107,64.0000
B NA/NM 0.5,B1,2024,63.349,64.0000
B NA/NM 0.5,B1,2024,63.590,64.0000
B NA/NM 0.5,B1,2024,63.837,64.0000
B NA/NM 0.5,B1,2024,64.082,64.0000
B NA/NM 0.5,B1,2024,64.330,64.0000
B NA/NM 0.5,B1,2024,64.558,64.0000
B NA/NM 0.5,B1,2024,64.778,64.0000
B NA/NM 0.5,B1,2024,64.997,64.0000
B NA/NM 0.5,B1,2024,65.227,64.0000
B NA/NM 0.5,B1,2024,65.470,64.0000
B NA/NM 0.5,B1,2024,65.703,64.0000
B NA/NM 0.5,B1,2024,65.922,64.0000
B NA/NM 0.5,B1,2024,66.136,64.0000
B NA/NM 0.5,B1,2024,66.369,64.0000
B NA/NM 0.5,B1,2024,66.592,64.0000
B NA/NM 0.5,B1,2024,66.814,64.0000
B NA/NM 0.5,B1,2024,67.046,64.0000
B NA/NM 0.5,B1,2024,67.296,64.0000
B NA/NM 0.5,B1,2024,67.524,64.0000
B NA/NM 0.5,B1,2024,67.751,64.0000
B NA/NM 0.5,B1,2024,67.975,64.0000
B NA/NM 0.5,B1,2024,68.199,64.0000
B NA/NM 0.5,B1,2024,68.431,64.0000
B NA/NM 0.5,B1,2024,68.663,64.0000
B NA/NM 0.5,B1,2024,68.890,64.0000
B NA/NM 0.5,B1,2024,69.114,64.0000
B NA/NM 0.5,B1,2024,69.338,64.0000
B NA/NM 0.5,B1,2024,69.573,64.0000
B NA/NM 0.5,B1,2024,69.814,64.0000
B NA/NM 0.5,B1,2024,70.047,64.0000
B NA/NM 0.5,B1,2024,70.293,64.0000
B NA/NM 0.5,B1,2024,70.536,64.0000
B NA/NM 0.5,B1,2024,70.768,64.0000
B NA/NM 0.5,B1,2024,70.998,64.0000
B NA/NM 0.5,B1,2024,71.232,64.0000
B NA/NM 0.5,B1,2024,71.461,64.0000
B NA/NM 0.5,B1,2024,71.707,64.0000
B NA/NM 0.5,B1,2024,71.927,64.0000
B NA/NM 0.5,B1,2024,72.149,64.0000
B NA/NM 0.5,B1,2024,72.386,64.0000
B NA/NM 0.5,B1,2024,72.612,64.0000
B NA/NM 0.5,B1,2024,72.850,64.0000
B NA/NM 0.5,B1,2024,73.083,64.0000
B NA/NM 0.5,B1,2024,73.317,64.0000
B NA/NM 0.5,B1,2024,73.554,64.0000
B NA/NM 0.5,B1,2024,73.793,64.0000
B NA/NM 0.5,B1,2024,74.065,64.0000
B NA/NM 0.5,B1,2024,74.295,64.0000
B NA/NM 0.5,B1,2024,74.527,63.0000
B NA/NM 0.5,B1,2024,74.767,63.0000
B NA/NM 0.5,B1,2024,75.001,63.0000
B NA/NM 0.5,B1,2024,75.224,63.0000
B NA/NM 0.5,B1,2024,75.452,63.0000
B NA/NM 0.5,B1,2024,75.679,63.0000
B NA/NM 0.5,B1,2024,75.905,63.0000
B NA/NM 0.5,B1,2024,76.139,63.0000
B NA/NM 0.5,B1,2024,76.381,63.0000
B NA/NM 0.5,B1,2024,76.610,63.0000
B NA/NM 0.5,B1,2024,76.848,63.0000
B NA/NM 0.5,B1,2024,77.078,63.0000
B NA/NM 0.5,B1,2024,77.305,63.0000
B NA/NM 0.5,B1,2024,77.545,63.0000
B NA/NM 0.5,B1,2024,77.773,63.0000
B NA/NM 0.5,B1,2024,78.001,63.0000
B NA/NM 0.5,B1,2024,78.232,63.0000
B NA/NM 0.5,B1,2024,78.460,63.0000
B NA/NM 0.5,B1,2024,78.690,63.0000
B NA/NM 0.5,B1,2024,78.925,63.0000
B NA/NM 0.5,B1,2024,79.154,63.0000
B NA/NM 0.5,B1,2024,79.401,63.0000
B NA/NM 0.5,B1,2024,79.649,63.0000
B NA/NM 0.5,B1,2024,79.888,63.0000
B NA/NM 0.5,B1,2024,80.133,63.0000
B NA/NM 0.5,B1,2024,80.363,63.0000
B NA/NM 0.5,B1,2024,80.601,63.0000
B NA/NM 0.5,B1,2024,80.833,63.0000
B NA/NM 0.5,B1,2024,81.060,63.0000
B NA/NM 0.5,B1,2024,81.301,63.0000
B NA/NM 0.5,B1,2024,81.552,63.0000
B NA/NM 0.5,B1,2024,81.796,63.0000
B NA/NM 0.5,B1,2024,82.040,63.0000
B NA/NM 0.5,B1,2024,82.290,63.0000
B NA/NM 0.5,B1,2024,82.525,63.0000
B NA/NM 0.5,B1,2024,82.748,63.0000
B NA/NM 0.5,B1,2024,82.976,63.0000
B NA/NM 0.5,B1,2024,83.211,63.0000
B NA/NM 0.5,B1,2024,83.450,63.0000
B NA/NM 0.5,B1,2024,83.681,63.0000
B NA/NM 0.5,B1,2024,83.908,63.0000
B NA/NM 0.5,B1,2024,84.138,63.0000
B NA/NM 0.5,B1,2024,84.373,63.0000
B NA/NM 0.5,B1,2024,84.617,63.0000
B NA/NM 0.5,B1,2024,84.873,63.0000
B NA/NM 0.5,B1,2024,85.117,63.0000
B NA/NM 0.5,B1,2024,85.350,63.0000
B NA/NM 0.5,B1,2024,85.585,63.0000
B NA/NM 0.5,B1,2024,85.808,63.0000
B NA/NM 0.5,B1,2024,86.037,63.0000
B NA/NM 0.5,B1,2024,86.272,63.0000
B NA/NM 0.5,B1,2024,86.511,63.0000
B NA/NM 0.5,B1,2024,86.759,63.0000
B NA/NM 0.5,B1,2024,86.996,63.0000
B NA/NM 0.5,B1,2024,87.241,63.0000
B NA/NM 0.5,B1,2024,87.491,63.0000
B NA/NM 0.5,B1,2024,87.728,63.0000
B NA/NM 0.5,B1,2024,87.961,63.0000
B NA/NM 0.5,B1,2024,88.193,63.0000
B NA/NM 0.5,B1,2024,88.428,63.0000
B NA/NM 0.5,B1,2024,88.655,63.0000
B NA/NM 0.5,B1,2024,88.895,63.0000
B NA/NM 0.5,B1,2024,89.138,63.0000
B NA/NM 0.5,B1,2024,89.382,63.0000
B NA/NM 0.5,B1,2024,89.641,63.0000
B NA/NM 0.5,B1,2024,89.884,63.0000
B NA/NM 0.5,B1,2024,90.122,63.0000
B NA/NM 0.5,B2,2024,0.954,105.0000
B NA/NM 0.5,B2,2024,1.911,97.0000
B NA/NM 0.5,B2,2024,2.757,87.0000
B NA/NM 0.5,B2,2024,3.678,83.0000
B NA/NM 0.5,B2,2024,4.463,83.0000
B NA/NM 0.5,B2,2024,5.239,83.0000
B NA/NM 0.5,B2,2024,6.024,83.0000
B NA/NM 0.5,B2,2024,6.809,78.0000
B NA/NM 0.5,B2,2024,7.555,78.0000
B NA/NM 0.5,B2,2024,8.220,78.0000
B NA/NM 0.5,B2,2024,8.903,78.0000
B NA/NM 0.5,B2,2024,9.586,78.0000
B NA/NM 0.5,B2,2024,10.261,73.0000
B NA/NM 0.5,B2,2024,10.989,72.0000
B NA/NM 0.5,B2,2024,11.629,72.0000
B NA/NM 0.5,B2,2024,12.277,72.0000
B NA/NM 0.5,B2,2024,12.896,72.0000
B NA/NM 0.5,B2,2024,13.542,72.0000
B NA/NM 0.5,B2,2024,14.173,71.0000
B NA/NM 0.5,B2,2024,14.779,67.0000
B NA/NM 0.5,B2,2024,15.344,67.0000
B NA/NM 0.5,B2,2024,15.916,67.0000
B NA/NM 0.5,B2,2024,16.492,67.0000
B NA/NM 0.5,B2,2024,17.042,67.0000
B NA/NM 0.5,B2,2024,17.596,67.0000
B NA/NM 0.5,B2,2024,18.142,67.0000
B NA/NM 0.5,B2,2024,18.692,67.0000
B NA/NM 0.5,B2,2024,19.231,67.0000
B NA/NM 0.5,B2,2024,19.778,67.0000
B NA/NM 0.5,B2,2024,20.314,67.0000
B NA/NM 0.5,B2,2024,20.856,67.0000
B NA/NM 0.5,B2,2024,21.384,67.0000
B NA/NM 0.5,B2,2024,21.915,67.0000
B NA/NM 0.5,B2,2024,22.456,67.0000
B NA/NM 0.5,B2,2024,23.007,67.0000
B NA/NM 0.5,B2,2024,23.540,67.0000
B NA/NM 0.5,B2,2024,24.069,67.0000
B NA/NM 0.5,B2,2024,24.624,67.0000
B NA/NM 0.5,B2,2024,25.156,67.0000
B NA/NM 0.5,B2,2024,25.697,67.0000
B NA/NM 0.5,B2,2024,26.229,67.0000
B NA/NM 0.5,B2,2024,26.803,67.0000
B NA/NM 0.5,B2,2024,27.347,67.0000
B NA/NM 0.5,B2,2024,27.883,67.0000
B NA/NM 0.5,B2,2024,28.412,67.0000
B NA/NM 0.5,B2,2024,28.943,67.0000
B NA/NM 0.5,B2,2024,29.482,67.0000
B NA/NM 0.5,B2,2024,30.004,67.0000
B NA/NM 0.5,B2,2024,30.536,67.0000
B NA/NM 0.5,B2,2024,31.078,67.0000
B NA/NM 0.5,B2,2024,31.592,67.0000
B NA/NM 0.5,B2,2024,32.119,67.0000
B NA/NM 0.5,B2,2024,32.737,67.0000
B NA/NM 0.5,B2,2024,33.283,67.0000
B NA/NM 0.5,B2,2024,33.841,67.0000
B NA/NM 0.5,B2,2024,34.404,67.0000
B NA/NM 0.5,B2,2024,34.967,67.0000
B NA/NM 0.5,B2,2024,35.515,67.0000
B NA/NM 0.5,B2,2024,36.043,67.0000
B NA/NM 0.5,B2,2024,36.575,67.0000
B NA/NM 0.5,B2,2024,37.100,67.0000
B NA/NM 0.5,B2,2024,37.651,67.0000
B NA/NM 0.5,B2,2024,38.215,67.0000
B NA/NM 0.5,B2,2024,38.760,67.0000
B NA/NM 0.5,B2,2024,39.280,67.0000
B NA/NM 0.5,B2,2024,39.823,67.0000
B NA/NM 0.5,B2,2024,40.379,67.0000
B NA/NM 0.5,B2,2024,40.909,67.0000
B NA/NM 0.5,B2,2024,41.456,67.0000
B NA/NM 0.5,B2,2024,41.984,67.0000
B NA/NM 0.5,B2,2024,42.521,67.0000
B NA/NM 0.5,B2,2024,43.066,67.0000
B NA/NM 0.5,B2,2024,43.608,67.0000
B NA/NM 0.5,B2,2024,44.171,67.0000
B NA/NM 0.5,B2,2024,44.745,67.0000
B NA/NM 0.5,B2,2024,45.294,67.0000
B NA/NM 0.5,B2,2024,45.827,67.0000
B NA/NM 0.5,B2,2024,46.344,67.0000
B NA/NM 0.5,B2,2024,46.866,67.0000
B NA/NM 0.5,B2,2024,47.400,67.0000
B NA/NM 0.5,B2,2024,47.931,67.0000
B NA/NM 0.5,B2,2024,48.460,67.0000
B NA/NM 0.5,B2,2024,49.000,67.0000
B NA/NM 0.5,B2,2024,49.519,67.0000
B NA/NM 0.5,B2,2024,50.034,67.0000
B NA/NM 0.5,B2,2024,50.575,67.0000
B NA/NM 0.5,B2,2024,51.117,67.0000
B NA/NM 0.5,B2,2024,51.646,67.0000
B NA/NM 0.5,B2,2024,52.180,67.0000
B NA/NM 0.5,B2,2024,52.711,67.0000
B NA/NM 0.5,B2,2024,53.243,67.0000
B NA/NM 0.5,B2,2024,53.796,67.0000
B NA/NM 0.5,B2,2024,54.321,67.0000
B NA/NM 0.5,B2,2024,54.853,67.0000
B NA/NM 0.5,B2,2024,55.374,67.0000
B NA/NM 0.5,B2,2024,55.898,67.0000
B NA/NM 0.5,B2,2024,56.434,67.0000
B NA/NM 0.5,B2,2024,56.977,67.0000
B NA/NM 0.5,B2,2024,57.525,67.0000
B NA/NM 0.5,B2,2024,58.078,67.0000
B NA/NM 0.5,B2,2024,58.610,67.0000
B NA/NM 0.5,B2,2024,59.147,67.0000
B NA/NM 0.5,B2,2024,59.686,67.0000
B NA/NM 0.5,B2,2024,60.219,67.0000
B NA/NM 0.5,B2,2024,60.799,67.0000
B NA/NM 0.5,B2,2024,61.348,67.0000
B NA/NM 0.5,B2,2024,61.881,67.0000
B NA/NM 0.5,B2,2024,62.431,67.0000
B NA/NM 0.5,B2,2024,62.965,67.0000
B NA/NM 0.5,B2,2024,63.515,67.0000
B NA/NM 0.5,B2,2024,64.071,67.0000
B NA/NM 0.5,B2,2024,64.604,67.0000
B NA/NM 0.5,B2,2024,65.148,67.0000
B NA/NM 0.5,B2,2024,65.715,67.0000
B NA/NM 0.5,B2,2024,66.256,67.0000
B NA/NM 0.5,B2,2024,66.802,67.0000
B NA/NM 0.5,B2,2024,67.332,67.0000
B NA/NM 0.5,B2,2024,67.848,67.0000
B NA/NM 0.5,B2,2024,68.383,67.0000
B NA/NM 0.5,B2,2024,68.923,67.0000
B NA/NM 0.5,B2,2024,69.471,67.0000
B NA/NM 0.5,B2,2024,70.088,67.0000
B NA/NM 0.5,B2,2024,70.602,67.0000
B NA/NM 0.5,B2,2024,71.127,67.0000
B NA/NM 0.5,B2,2024,71.644,67.0000
B NA/NM 0.5,B2,2024,72.164,67.0000
B NA/NM 0.5,B2,2024,72.694,67.0000
B NA/NM 0.5,B2,2024,73.260,67.0000
B NA/NM 0.5,B2,2024,73.826,67.0000
B NA/NM 0.5,B2,2024,74.394,67.0000
B NA/NM 0.5,B2,2024,74.928,67.0000
B NA/NM 0.5,B2,2024,75.466,67.0000
B NA/NM 0.5,B2,2024,76.025,67.0000
B NA/NM 0.5,B2,2024,76.572,67.0000
B NA/NM 0.5,B2,2024,77.115,67.0000
B NA/NM 0.5,B2,2024,77.669,67.0000
B NA/NM 0.5,B2,2024,78.206,67.0000
B NA/NM 0.5,B2,2024,78.743,67.0000
B NA/NM 0.5,B2,2024,79.297,67.0000
B NA/NM 0.5,B2,2024,79.833,67.0000
B NA/NM 0.5,B2,2024,80.390,67.0000
B NA/NM 0.5,B2,2024,80.925,67.0000
B NA/NM 0.5,B2,2024,81.468,67.0000
B NA/NM 0.5,B2,2024,82.035,67.0000
B NA/NM 0.5,B2,2024,82.573,67.0000
B NA/NM 0.5,B2,2024,83.096,67.0000
B NA/NM 0.5,B2,2024,83.643,67.0000
B NA/NM 0.5,B2,2024,84.184,67.0000
B NA/NM 0.5,B2,2024,84.734,67.0000
B NA/NM 0.5,B2,2024,85.281,67.0000
B NA/NM 0.5,B2,2024,85.822,67.0000
B NA/NM 0.5,B2,2024,86.361,67.0000
B NA/NM 0.5,B2,2024,86.901,67.0000
B NA/NM 0.5,B2,2024,87.441,67.0000
B NA/NM 0.5,B2,2024,87.981,67.0000
B NA/NM 0.5,B2,2024,88.524,67.0000
B NA/NM 0.5,B2,2024,89.064,67.0000
B NA/NM 0.5,B2,2024,89.620,67.0000
B NA/NM 0.5,B2,2024,90.163,67.0000
