This is XeTeX, Version 3.141592653-2.6-0.999996 (TeX Live 2024) (preloaded format=xelatex 2026.8.8)  16 AUG 2026 17:53
entering extended mode
 restricted \write18 enabled.
 %&-line parsing enabled.
**paper04.tex
(./paper04.tex
LaTeX2e <2023-11-01> patch level 1
L3 programming layer <2024-02-20>
(./acmart.cls
Document Class: acmart 2025/08/27 v2.16 Typesetting articles for the Associatio
n for Computing Machinery
(c:/texlive/2024/texmf-dist/tex/latex/xkeyval/xkeyval.sty
Package: xkeyval 2022/06/16 v2.9 package option processing (HA)
(c:/texlive/2024/texmf-dist/tex/generic/xkeyval/xkeyval.tex (c:/texlive/2024/te
xmf-dist/tex/generic/xkeyval/xkvutils.tex
\XKV@toks=\toks17
\XKV@tempa@toks=\toks18
(c:/texlive/2024/texmf-dist/tex/generic/xkeyval/keyval.tex))
\XKV@depth=\count184
File: xkeyval.tex 2014/12/03 v2.7a key=value parser (HA)
)) (c:/texlive/2024/texmf-dist/tex/generic/xstring/xstring.sty (c:/texlive/2024
/texmf-dist/tex/generic/xstring/xstring.tex
\xs_counta=\count185
\xs_countb=\count186
)
Package: xstring 2023/08/22 v1.86 String manipulations (CT)
) (c:/texlive/2024/texmf-dist/tex/generic/iftex/iftex.sty
Package: iftex 2022/02/03 v1.0f TeX engine tests
)
Package acmart Info: Not using screen mode on input line 77.
Package acmart Info: Using breaking urls on hyphens on input line 85.
Package acmart Info: Requiring acmthm on input line 93.
Package acmart Info: Not using review mode on input line 102.
Package acmart Info: Not using authorversion mode on input line 110.
Package acmart Info: Not using nonacm mode on input line 122.
Package acmart Info: Explicitly selecting natbib mode on input line 138.
Package acmart Info: Not using anonymous mode on input line 146.
Package acmart Info: Not using timestamp mode on input line 154.
Package acmart Info: Not using authordraft mode on input line 164.
Package acmart Info: Using screen mode on input line 179.
Package acmart Info: Using review mode on input line 179.
Class acmart Info: Using format manuscript, number 0 on input line 179.
Class acmart Info: Using fontsize 9pt on input line 281.
(c:/texlive/2024/texmf-dist/tex/latex/amscls/amsart.cls
Document Class: amsart 2020/05/29 v2.20.6
\linespacing=\dimen140
\normalparindent=\dimen141
\normaltopskip=\skip48
(c:/texlive/2024/texmf-dist/tex/latex/amsmath/amsmath.sty
Package: amsmath 2023/05/13 v2.17o AMS math features
\@mathmargin=\skip49
For additional information on amsmath, use the `?' option.
(c:/texlive/2024/texmf-dist/tex/latex/amsmath/amstext.sty
Package: amstext 2021/08/26 v2.01 AMS text
(c:/texlive/2024/texmf-dist/tex/latex/amsmath/amsgen.sty
File: amsgen.sty 1999/11/30 v2.0 generic functions
\@emptytoks=\toks19
\ex@=\dimen142
)) (c:/texlive/2024/texmf-dist/tex/latex/amsmath/amsbsy.sty
Package: amsbsy 1999/11/29 v1.2d Bold Symbols
\pmbraise@=\dimen143
) (c:/texlive/2024/texmf-dist/tex/latex/amsmath/amsopn.sty
Package: amsopn 2022/04/08 v2.04 operator names
)
\inf@bad=\count187
LaTeX Info: Redefining \frac on input line 234.
\uproot@=\count188
\leftroot@=\count189
LaTeX Info: Redefining \overline on input line 399.
LaTeX Info: Redefining \colon on input line 410.
\classnum@=\count190
\DOTSCASE@=\count191
LaTeX Info: Redefining \ldots on input line 496.
LaTeX Info: Redefining \dots on input line 499.
LaTeX Info: Redefining \cdots on input line 620.
\Mathstrutbox@=\box51
\strutbox@=\box52
LaTeX Info: Redefining \big on input line 722.
LaTeX Info: Redefining \Big on input line 723.
LaTeX Info: Redefining \bigg on input line 724.
LaTeX Info: Redefining \Bigg on input line 725.
\big@size=\dimen144
LaTeX Font Info:    Redeclaring font encoding OML on input line 743.
LaTeX Font Info:    Redeclaring font encoding OMS on input line 744.
\macc@depth=\count192
LaTeX Info: Redefining \bmod on input line 905.
LaTeX Info: Redefining \pmod on input line 910.
LaTeX Info: Redefining \smash on input line 940.
LaTeX Info: Redefining \relbar on input line 970.
LaTeX Info: Redefining \Relbar on input line 971.
\c@MaxMatrixCols=\count193
\dotsspace@=\muskip16
\c@parentequation=\count194
\dspbrk@lvl=\count195
\tag@help=\toks20
\row@=\count196
\column@=\count197
\maxfields@=\count198
\andhelp@=\toks21
\eqnshift@=\dimen145
\alignsep@=\dimen146
\tagshift@=\dimen147
\tagwidth@=\dimen148
\totwidth@=\dimen149
\lineht@=\dimen150
\@envbody=\toks22
\multlinegap=\skip50
\multlinetaggap=\skip51
\mathdisplay@stack=\toks23
LaTeX Info: Redefining \[ on input line 2953.
LaTeX Info: Redefining \] on input line 2954.
)
LaTeX Font Info:    Trying to load font information for U+msa on input line 397
.
(c:/texlive/2024/texmf-dist/tex/latex/amsfonts/umsa.fd
File: umsa.fd 2013/01/14 v3.01 AMS symbols A
) (c:/texlive/2024/texmf-dist/tex/latex/amsfonts/amsfonts.sty
Package: amsfonts 2013/01/14 v3.01 Basic AMSFonts support
\symAMSa=\mathgroup4
\symAMSb=\mathgroup5
LaTeX Font Info:    Redeclaring math symbol \hbar on input line 98.
LaTeX Font Info:    Overwriting math alphabet `\mathfrak' in version `bold'
(Font)                  U/euf/m/n --> U/euf/b/n on input line 106.
)
\copyins=\insert199
\abstractbox=\box53
\listisep=\skip52
\c@part=\count266
\c@section=\count267
\c@subsection=\count268
\c@subsubsection=\count269
\c@paragraph=\count270
\c@subparagraph=\count271
\c@figure=\count272
\c@table=\count273
\abovecaptionskip=\skip53
\belowcaptionskip=\skip54
\captionindent=\dimen151
\thm@style=\toks24
\thm@bodyfont=\toks25
\thm@headfont=\toks26
\thm@notefont=\toks27
\thm@headpunct=\toks28
\thm@preskip=\skip55
\thm@postskip=\skip56
\thm@headsep=\skip57
\dth@everypar=\toks29
) (c:/texlive/2024/texmf-dist/tex/latex/microtype/microtype.sty
Package: microtype 2023/03/13 v3.1a Micro-typographical refinements (RS)
(c:/texlive/2024/texmf-dist/tex/latex/etoolbox/etoolbox.sty
Package: etoolbox 2020/10/05 v2.5k e-TeX tools for LaTeX (JAW)
\etb@tempcnta=\count274
)
\MT@toks=\toks30
\MT@tempbox=\box54
\MT@count=\count275
LaTeX Info: Redefining \noprotrusionifhmode on input line 1059.
LaTeX Info: Redefining \leftprotrusion on input line 1060.
\MT@prot@toks=\toks31
LaTeX Info: Redefining \rightprotrusion on input line 1078.
LaTeX Info: Redefining \textls on input line 1368.
\MT@outer@kern=\dimen152
LaTeX Info: Redefining \textmicrotypecontext on input line 1988.
\MT@listname@count=\count276
(c:/texlive/2024/texmf-dist/tex/latex/microtype/microtype-xetex.def
File: microtype-xetex.def 2023/03/13 v3.1a Definitions specific to xetex (RS)
LaTeX Info: Redefining \lsstyle on input line 238.
)
Package microtype Info: Loading configuration file microtype.cfg.
(c:/texlive/2024/texmf-dist/tex/latex/microtype/microtype.cfg
File: microtype.cfg 2023/03/13 v3.1a microtype main configuration file (RS)
)) (c:/texlive/2024/texmf-dist/tex/latex/booktabs/booktabs.sty
Package: booktabs 2020/01/12 v1.61803398 Publication quality tables
\heavyrulewidth=\dimen153
\lightrulewidth=\dimen154
\cmidrulewidth=\dimen155
\belowrulesep=\dimen156
\belowbottomsep=\dimen157
\aboverulesep=\dimen158
\abovetopsep=\dimen159
\cmidrulesep=\dimen160
\cmidrulekern=\dimen161
\defaultaddspace=\dimen162
\@cmidla=\count277
\@cmidlb=\count278
\@aboverulesep=\dimen163
\@belowrulesep=\dimen164
\@thisruleclass=\count279
\@lastruleclass=\count280
\@thisrulewidth=\dimen165
) (c:/texlive/2024/texmf-dist/tex/latex/refcount/refcount.sty
Package: refcount 2019/12/15 v3.6 Data extraction from label references (HO)
(c:/texlive/2024/texmf-dist/tex/generic/ltxcmds/ltxcmds.sty
Package: ltxcmds 2023-12-04 v1.26 LaTeX kernel commands for general use (HO)
) (c:/texlive/2024/texmf-dist/tex/generic/infwarerr/infwarerr.sty
Package: infwarerr 2019/12/03 v1.5 Providing info/warning/error messages (HO)
)) (c:/texlive/2024/texmf-dist/tex/latex/totpages/totpages.sty
Package: totpages 2005/09/19 v2.00 Totpages Package (muewi)
(c:/texlive/2024/texmf-dist/tex/latex/everyshi/everyshi.sty
Package: everyshi 2020/11/18 v4.00 EveryShipout Package
)) (c:/texlive/2024/texmf-dist/tex/latex/environ/environ.sty
Package: environ 2014/05/04 v0.3 A new way to define environments
(c:/texlive/2024/texmf-dist/tex/latex/trimspaces/trimspaces.sty
Package: trimspaces 2009/09/17 v1.1 Trim spaces around a token list
)) (c:/texlive/2024/texmf-dist/tex/latex/setspace/setspace.sty
Package: setspace 2022/12/04 v6.7b set line spacing
)
\@ACM@acmcp@delta=\dimen166
(c:/texlive/2024/texmf-dist/tex/latex/natbib/natbib.sty
Package: natbib 2010/09/13 8.31b (PWD, AO)
\bibhang=\skip58
\bibsep=\skip59
LaTeX Info: Redefining \cite on input line 694.
\c@NAT@ctr=\count281
) (c:/texlive/2024/texmf-dist/tex/latex/hyperref/hyperref.sty
Package: hyperref 2024-01-20 v7.01h Hypertext links for LaTeX
(c:/texlive/2024/texmf-dist/tex/latex/kvsetkeys/kvsetkeys.sty
Package: kvsetkeys 2022-10-05 v1.19 Key value parser (HO)
) (c:/texlive/2024/texmf-dist/tex/generic/kvdefinekeys/kvdefinekeys.sty
Package: kvdefinekeys 2019-12-19 v1.6 Define keys (HO)
) (c:/texlive/2024/texmf-dist/tex/generic/pdfescape/pdfescape.sty
Package: pdfescape 2019/12/09 v1.15 Implements pdfTeX's escape features (HO)
(c:/texlive/2024/texmf-dist/tex/generic/pdftexcmds/pdftexcmds.sty
Package: pdftexcmds 2020-06-27 v0.33 Utility functions of pdfTeX for LuaTeX (HO
)
Package pdftexcmds Info: \pdf@primitive is available.
Package pdftexcmds Info: \pdf@ifprimitive is available.
Package pdftexcmds Info: \pdfdraftmode not found.
)) (c:/texlive/2024/texmf-dist/tex/latex/hycolor/hycolor.sty
Package: hycolor 2020-01-27 v1.10 Color options for hyperref/bookmark (HO)
) (c:/texlive/2024/texmf-dist/tex/latex/auxhook/auxhook.sty
Package: auxhook 2019-12-17 v1.6 Hooks for auxiliary files (HO)
) (c:/texlive/2024/texmf-dist/tex/latex/hyperref/nameref.sty
Package: nameref 2023-11-26 v2.56 Cross-referencing by name of section
(c:/texlive/2024/texmf-dist/tex/generic/gettitlestring/gettitlestring.sty
Package: gettitlestring 2019/12/15 v1.6 Cleanup title references (HO)
(c:/texlive/2024/texmf-dist/tex/latex/kvoptions/kvoptions.sty
Package: kvoptions 2022-06-15 v3.15 Key value format for package options (HO)
))
\c@section@level=\count282
)
\@linkdim=\dimen167
\Hy@linkcounter=\count283
\Hy@pagecounter=\count284
(c:/texlive/2024/texmf-dist/tex/latex/hyperref/pd1enc.def
File: pd1enc.def 2024-01-20 v7.01h Hyperref: PDFDocEncoding definition (HO)
) (c:/texlive/2024/texmf-dist/tex/generic/intcalc/intcalc.sty
Package: intcalc 2019/12/15 v1.3 Expandable calculations with integers (HO)
)
\Hy@SavedSpaceFactor=\count285
(c:/texlive/2024/texmf-dist/tex/latex/hyperref/puenc.def
File: puenc.def 2024-01-20 v7.01h Hyperref: PDF Unicode definition (HO)
)
Package hyperref Info: Option `bookmarksnumbered' set `true' on input line 4062
.
Package hyperref Info: Option `unicode' set `true' on input line 4062.
Package hyperref Info: Hyper figures OFF on input line 4179.
Package hyperref Info: Link nesting OFF on input line 4184.
Package hyperref Info: Hyper index ON on input line 4187.
Package hyperref Info: Plain pages OFF on input line 4194.
Package hyperref Info: Backreferencing OFF on input line 4199.
Package hyperref Info: Implicit mode ON; LaTeX internals redefined.
Package hyperref Info: Bookmarks ON on input line 4446.
\c@Hy@tempcnt=\count286
(c:/texlive/2024/texmf-dist/tex/latex/url/url.sty
\Urlmuskip=\muskip17
Package: url 2013/09/16  ver 3.4  Verb mode for urls, etc.
)
LaTeX Info: Redefining \url on input line 4784.
\XeTeXLinkMargin=\dimen168
(c:/texlive/2024/texmf-dist/tex/generic/bitset/bitset.sty
Package: bitset 2019/12/09 v1.3 Handle bit-vector datatype (HO)
(c:/texlive/2024/texmf-dist/tex/generic/bigintcalc/bigintcalc.sty
Package: bigintcalc 2019/12/15 v1.5 Expandable calculations on big integers (HO
)
))
\Fld@menulength=\count287
\Field@Width=\dimen169
\Fld@charsize=\dimen170
Package hyperref Info: Hyper figures OFF on input line 6063.
Package hyperref Info: Link nesting OFF on input line 6068.
Package hyperref Info: Hyper index ON on input line 6071.
Package hyperref Info: backreferencing OFF on input line 6078.
Package hyperref Info: Link coloring OFF on input line 6083.
Package hyperref Info: Link coloring with OCG OFF on input line 6088.
Package hyperref Info: PDF/A mode OFF on input line 6093.
(c:/texlive/2024/texmf-dist/tex/latex/base/atbegshi-ltx.sty
Package: atbegshi-ltx 2021/01/10 v1.0c Emulation of the original atbegshi
package with kernel methods
)
\Hy@abspage=\count288
\c@Item=\count289
\c@Hfootnote=\count290
)
Package hyperref Info: Driver (autodetected): hxetex.
(c:/texlive/2024/texmf-dist/tex/latex/hyperref/hxetex.def
File: hxetex.def 2024-01-20 v7.01h Hyperref driver for XeTeX
(c:/texlive/2024/texmf-dist/tex/generic/stringenc/stringenc.sty
Package: stringenc 2019/11/29 v1.12 Convert strings between diff. encodings (HO
)
)
\pdfm@box=\box55
\c@Hy@AnnotLevel=\count291
\HyField@AnnotCount=\count292
\Fld@listcount=\count293
\c@bookmark@seq@number=\count294
(c:/texlive/2024/texmf-dist/tex/latex/rerunfilecheck/rerunfilecheck.sty
Package: rerunfilecheck 2022-07-10 v1.10 Rerun checks for auxiliary files (HO)
(c:/texlive/2024/texmf-dist/tex/latex/base/atveryend-ltx.sty
Package: atveryend-ltx 2020/08/19 v1.0a Emulation of the original atveryend pac
kage
with kernel methods
) (c:/texlive/2024/texmf-dist/tex/generic/uniquecounter/uniquecounter.sty
Package: uniquecounter 2019/12/15 v1.4 Provide unlimited unique counter (HO)
)
Package uniquecounter Info: New unique counter `rerunfilecheck' on input line 2
85.
)
\Hy@SectionHShift=\skip60
) (c:/texlive/2024/texmf-dist/tex/latex/hyperxmp/hyperxmp.sty
Package: hyperxmp 2023/09/10 v5.12 Store hyperref metadata in XMP format
\hyxmp@aep@toks=\toks32
(c:/texlive/2024/texmf-dist/tex/latex/ifmtarg/ifmtarg.sty
Package: ifmtarg 2018/04/16 v1.2b check for an empty argument
) (c:/texlive/2024/texmf-dist/tex/latex/base/ifthen.sty
Package: ifthen 2022/04/13 v1.1d Standard LaTeX ifthen package (DPC)
)
\@hyxmp@count=\count295
(c:/texlive/2024/texmf-dist/tex/latex/oberdiek/ifdraft.sty
Package: ifdraft 2016/05/16 v1.4 Detect class options draft and final (HO)
) (c:/texlive/2024/texmf-dist/tex/generic/iftex/ifluatex.sty
Package: ifluatex 2019/10/25 v1.5 ifluatex legacy package. Use iftex instead.
)) (c:/texlive/2024/texmf-dist/tex/latex/graphics/graphicx.sty
Package: graphicx 2021/09/16 v1.2d Enhanced LaTeX Graphics (DPC,SPQR)
(c:/texlive/2024/texmf-dist/tex/latex/graphics/graphics.sty
Package: graphics 2022/03/10 v1.4e Standard LaTeX Graphics (DPC,SPQR)
(c:/texlive/2024/texmf-dist/tex/latex/graphics/trig.sty
Package: trig 2021/08/11 v1.11 sin cos tan (DPC)
) (c:/texlive/2024/texmf-dist/tex/latex/graphics-cfg/graphics.cfg
File: graphics.cfg 2016/06/04 v1.11 sample graphics configuration
)
Package graphics Info: Driver file: xetex.def on input line 107.
(c:/texlive/2024/texmf-dist/tex/latex/graphics-def/xetex.def
File: xetex.def 2022/09/22 v5.0n Graphics/color driver for xetex
))
\Gin@req@height=\dimen171
\Gin@req@width=\dimen172
) (c:/texlive/2024/texmf-dist/tex/latex/xcolor/xcolor.sty
Package: xcolor 2023/11/15 v3.01 LaTeX color extensions (UK)
(c:/texlive/2024/texmf-dist/tex/latex/graphics-cfg/color.cfg
File: color.cfg 2016/01/02 v1.6 sample color configuration
)
Package xcolor Info: Driver file: xetex.def on input line 274.
(c:/texlive/2024/texmf-dist/tex/latex/graphics/mathcolor.ltx)
Package xcolor Info: Model `cmy' substituted by `cmy0' on input line 1350.
Package xcolor Info: Model `RGB' extended on input line 1366.
Package xcolor Info: Model `HTML' substituted by `rgb' on input line 1368.
Package xcolor Info: Model `Hsb' substituted by `hsb' on input line 1369.
Package xcolor Info: Model `tHsb' substituted by `hsb' on input line 1370.
Package xcolor Info: Model `HSB' substituted by `hsb' on input line 1371.
Package xcolor Info: Model `Gray' substituted by `gray' on input line 1372.
Package xcolor Info: Model `wave' substituted by `hsb' on input line 1373.
) (c:/texlive/2024/texmf-dist/tex/latex/geometry/geometry.sty
Package: geometry 2020/01/02 v5.9 Page Geometry
(c:/texlive/2024/texmf-dist/tex/generic/iftex/ifvtex.sty
Package: ifvtex 2019/10/25 v1.7 ifvtex legacy package. Use iftex instead.
)
\Gm@cnth=\count296
\Gm@cntv=\count297
\c@Gm@tempcnt=\count298
\Gm@bindingoffset=\dimen173
\Gm@wd@mp=\dimen174
\Gm@odd@mp=\dimen175
\Gm@even@mp=\dimen176
\Gm@layoutwidth=\dimen177
\Gm@layoutheight=\dimen178
\Gm@layouthoffset=\dimen179
\Gm@layoutvoffset=\dimen180
\Gm@dimlist=\toks33
) (c:/texlive/2024/texmf-dist/tex/latex/ncctools/manyfoot.sty
Package: manyfoot 2019/08/03 v1.11 Many Footnote Levels Package (NCC)
(c:/texlive/2024/texmf-dist/tex/latex/ncctools/nccfoots.sty
Package: nccfoots 2005/02/03 v1.2 NCC Footnotes Package (NCC)
)
\MFL@columnwidth=\dimen181
)
\footinsauthorsaddresses=\insert252
\c@footnoteauthorsaddresses=\count299
\footinscopyrightpermission=\insert251
\c@footnotecopyrightpermission=\count300
(c:/texlive/2024/texmf-dist/tex/latex/amsfonts/amssymb.sty
Package: amssymb 2013/01/14 v3.01 AMS font symbols
) (c:/texlive/2024/texmf-dist/tex/latex/unicode-math/unicode-math.sty (c:/texli
ve/2024/texmf-dist/tex/latex/l3kernel/expl3.sty
Package: expl3 2024-02-20 L3 programming layer (loader) 
(c:/texlive/2024/texmf-dist/tex/latex/l3backend/l3backend-xetex.def
File: l3backend-xetex.def 2024-02-20 L3 backend support: XeTeX
\g__graphics_track_int=\count301
\l__pdf_internal_box=\box56
\g__pdf_backend_object_int=\count302
\g__pdf_backend_annotation_int=\count303
\g__pdf_backend_link_int=\count304
))
Package: unicode-math 2023/08/13 v0.8r Unicode maths in XeLaTeX and LuaLaTeX
(c:/texlive/2024/texmf-dist/tex/latex/unicode-math/unicode-math-xetex.sty
Package: unicode-math-xetex 2023/08/13 v0.8r Unicode maths in XeLaTeX and LuaLa
TeX
(c:/texlive/2024/texmf-dist/tex/latex/l3packages/xparse/xparse.sty
Package: xparse 2024-02-18 L3 Experimental document command parser
) (c:/texlive/2024/texmf-dist/tex/latex/l3packages/l3keys2e/l3keys2e.sty
Package: l3keys2e 2024-02-18 LaTeX2e option processing using LaTeX3 keys
) (c:/texlive/2024/texmf-dist/tex/latex/fontspec/fontspec.sty
Package: fontspec 2024/02/13 v2.9a Font selection for XeLaTeX and LuaLaTeX
(c:/texlive/2024/texmf-dist/tex/latex/fontspec/fontspec-xetex.sty
Package: fontspec-xetex 2024/02/13 v2.9a Font selection for XeLaTeX and LuaLaTe
X
\l__fontspec_script_int=\count305
\l__fontspec_language_int=\count306
\l__fontspec_strnum_int=\count307
\l__fontspec_tmp_int=\count308
\l__fontspec_tmpa_int=\count309
\l__fontspec_tmpb_int=\count310
\l__fontspec_tmpc_int=\count311
\l__fontspec_em_int=\count312
\l__fontspec_emdef_int=\count313
\l__fontspec_strong_int=\count314
\l__fontspec_strongdef_int=\count315
\l__fontspec_tmpa_dim=\dimen182
\l__fontspec_tmpb_dim=\dimen183
\l__fontspec_tmpc_dim=\dimen184
(c:/texlive/2024/texmf-dist/tex/latex/base/fontenc.sty
Package: fontenc 2021/04/29 v2.0v Standard LaTeX package
) (c:/texlive/2024/texmf-dist/tex/latex/fontspec/fontspec.cfg))) (c:/texlive/20
24/texmf-dist/tex/latex/base/fix-cm.sty
Package: fix-cm 2020/11/24 v1.1t fixes to LaTeX
(c:/texlive/2024/texmf-dist/tex/latex/base/ts1enc.def
File: ts1enc.def 2001/06/05 v3.0e (jk/car/fm) Standard LaTeX file
LaTeX Font Info:    Redeclaring font encoding TS1 on input line 47.
))
\g__um_fam_int=\count316
\g__um_fonts_used_int=\count317
\l__um_primecount_int=\count318
\g__um_primekern_muskip=\muskip18
(c:/texlive/2024/texmf-dist/tex/latex/unicode-math/unicode-math-table.tex)))

Package fontspec Info: LibertinusMath-Regular scale = 1.037989621392094.


Package fontspec Info: LibertinusMath-Regular scale = 1.037989621392094.


Package fontspec Info: Font family 'LibertinusMath-Regular.otf(0)' created for
(fontspec)             font 'LibertinusMath-Regular.otf' with options
(fontspec)             [BoldItalicFont={},ItalicFont={},SmallCapsFont={},Script
=Math,Scale={MatchUppercase}].
(fontspec)              
(fontspec)              This font family consists of the following NFSS
(fontspec)             series/shapes:
(fontspec)              
(fontspec)             - 'normal' (m/n) with NFSS spec.:
(fontspec)             <->s*[1.037989621392094]"[LibertinusMath-Regular.otf]/OT
:script=math;language=dflt;"
(fontspec)             - 'small caps'  (m/sc) with NFSS spec.: 

LaTeX Font Info:    Font shape `TU/LibertinusMath-Regular.otf(0)/m/n' will be
(Font)              scaled to size 9.34195pt on input line 866.

Package fontspec Info: LibertinusMath-Regular scale = 1.037989621392094.


Package fontspec Info: LibertinusMath-Regular scale = 1.037989621392094.


Package fontspec Info: LibertinusMath-Regular scale = 1.037989621392094.


Package fontspec Info: LibertinusMath-Regular scale = 1.037989621392094.


Package fontspec Info: Font family 'LibertinusMath-Regular.otf(1)' created for
(fontspec)             font 'LibertinusMath-Regular.otf' with options
(fontspec)             [BoldItalicFont={},ItalicFont={},SmallCapsFont={},Script
=Math,SizeFeatures={{Size=8.1-},{Size=6.3-8.1,Font=LibertinusMath-Regular.otf,S
tyle=MathScript},{Size=-6.3,Font=LibertinusMath-Regular.otf,Style=MathScriptScr
ipt}},Scale={MatchUppercase}].
(fontspec)              
(fontspec)              This font family consists of the following NFSS
(fontspec)             series/shapes:
(fontspec)              
(fontspec)             - 'normal' (m/n) with NFSS spec.:
(fontspec)             <8.1->s*[1.037989621392094]"[LibertinusMath-Regular.otf]
/OT:script=math;language=dflt;"<6.3-8.1>s*[1.037989621392094]"[LibertinusMath-R
egular.otf]/OT:script=math;language=dflt;+ssty=0;"<-6.3>s*[1.037989621392094]"[
LibertinusMath-Regular.otf]/OT:script=math;language=dflt;+ssty=1;"
(fontspec)             - 'small caps'  (m/sc) with NFSS spec.: 

LaTeX Font Info:    Font shape `TU/LibertinusMath-Regular.otf(1)/m/n' will be
(Font)              scaled to size 9.34195pt on input line 866.
LaTeX Font Info:    Encoding `OT1' has changed to `TU' for symbol font
(Font)              `operators' in the math version `normal' on input line 866.

LaTeX Font Info:    Overwriting symbol font `operators' in version `normal'
(Font)                  OT1/cmr/m/n --> TU/LibertinusMath-Regular.otf(1)/m/n on
 input line 866.
LaTeX Font Info:    Encoding `OT1' has changed to `TU' for symbol font
(Font)              `operators' in the math version `bold' on input line 866.
LaTeX Font Info:    Overwriting symbol font `operators' in version `bold'
(Font)                  OT1/cmr/bx/n --> TU/LibertinusMath-Regular.otf(1)/b/n o
n input line 866.

Package fontspec Info: LibertinusMath-Regular scale = 1.037989621392094.


Package fontspec Info: LibertinusMath-Regular scale = 1.038093420354233.


Package fontspec Info: LibertinusMath-Regular scale = 1.037989621392094.


Package fontspec Info: LibertinusMath-Regular scale = 1.038093420354233.


Package fontspec Info: LibertinusMath-Regular scale = 1.037989621392094.


Package fontspec Info: LibertinusMath-Regular scale = 1.038093420354233.


Package fontspec Info: LibertinusMath-Regular scale = 1.037989621392094.


Package fontspec Info: LibertinusMath-Regular scale = 1.038093420354233.


Package fontspec Info: Font family 'LibertinusMath-Regular.otf(2)' created for
(fontspec)             font 'LibertinusMath-Regular.otf' with options
(fontspec)             [BoldItalicFont={},ItalicFont={},SmallCapsFont={},Script
=Math,SizeFeatures={{Size=8.1-},{Size=6.3-8.1,Font=LibertinusMath-Regular.otf,S
tyle=MathScript},{Size=-6.3,Font=LibertinusMath-Regular.otf,Style=MathScriptScr
ipt}},Scale={MatchUppercase},ScaleAgain=1.0001,FontAdjustment={\fontdimen
(fontspec)             8\font =5.41833pt\relax \fontdimen 9\font
(fontspec)             =4.48413pt\relax \fontdimen 10\font =4.39072pt\relax
(fontspec)             \fontdimen 11\font =6.53937pt\relax \fontdimen 12\font
(fontspec)             =4.48413pt\relax \fontdimen 13\font =3.50323pt\relax
(fontspec)             \fontdimen 14\font =3.50323pt\relax \fontdimen 15\font
(fontspec)             =2.89601pt\relax \fontdimen 16\font =1.9618pt\relax
(fontspec)             \fontdimen 17\font =1.9618pt\relax \fontdimen 18\font
(fontspec)             =2.14865pt\relax \fontdimen 19\font =0.4204pt\relax
(fontspec)             \fontdimen 22\font =2.42891pt\relax \fontdimen 20\font
(fontspec)             =0pt\relax \fontdimen 21\font =0pt\relax }].
(fontspec)              
(fontspec)              This font family consists of the following NFSS
(fontspec)             series/shapes:
(fontspec)              
(fontspec)             - 'normal' (m/n) with NFSS spec.:
(fontspec)             <8.1->s*[1.038093420354233]"[LibertinusMath-Regular.otf]
/OT:script=math;language=dflt;"<6.3-8.1>s*[1.038093420354233]"[LibertinusMath-R
egular.otf]/OT:script=math;language=dflt;+ssty=0;"<-6.3>s*[1.038093420354233]"[
LibertinusMath-Regular.otf]/OT:script=math;language=dflt;+ssty=1;"
(fontspec)             - 'small caps'  (m/sc) with NFSS spec.: 
(fontspec)             and font adjustment code:
(fontspec)             \fontdimen 8\font =5.41833pt\relax \fontdimen 9\font
(fontspec)             =4.48413pt\relax \fontdimen 10\font =4.39072pt\relax
(fontspec)             \fontdimen 11\font =6.53937pt\relax \fontdimen 12\font
(fontspec)             =4.48413pt\relax \fontdimen 13\font =3.50323pt\relax
(fontspec)             \fontdimen 14\font =3.50323pt\relax \fontdimen 15\font
(fontspec)             =2.89601pt\relax \fontdimen 16\font =1.9618pt\relax
(fontspec)             \fontdimen 17\font =1.9618pt\relax \fontdimen 18\font
(fontspec)             =2.14865pt\relax \fontdimen 19\font =0.4204pt\relax
(fontspec)             \fontdimen 22\font =2.42891pt\relax \fontdimen 20\font
(fontspec)             =0pt\relax \fontdimen 21\font =0pt\relax 

LaTeX Font Info:    Encoding `OMS' has changed to `TU' for symbol font
(Font)              `symbols' in the math version `normal' on input line 866.
LaTeX Font Info:    Overwriting symbol font `symbols' in version `normal'
(Font)                  OMS/cmsy/m/n --> TU/LibertinusMath-Regular.otf(2)/m/n o
n input line 866.
LaTeX Font Info:    Encoding `OMS' has changed to `TU' for symbol font
(Font)              `symbols' in the math version `bold' on input line 866.
LaTeX Font Info:    Overwriting symbol font `symbols' in version `bold'
(Font)                  OMS/cmsy/b/n --> TU/LibertinusMath-Regular.otf(2)/b/n o
n input line 866.

Package fontspec Info: LibertinusMath-Regular scale = 1.037989621392094.


Package fontspec Info: LibertinusMath-Regular scale = 1.037885822429955.


Package fontspec Info: LibertinusMath-Regular scale = 1.037989621392094.


Package fontspec Info: LibertinusMath-Regular scale = 1.037885822429955.


Package fontspec Info: LibertinusMath-Regular scale = 1.037989621392094.


Package fontspec Info: LibertinusMath-Regular scale = 1.037885822429955.


Package fontspec Info: LibertinusMath-Regular scale = 1.037989621392094.


Package fontspec Info: LibertinusMath-Regular scale = 1.037885822429955.


Package fontspec Info: Font family 'LibertinusMath-Regular.otf(3)' created for
(fontspec)             font 'LibertinusMath-Regular.otf' with options
(fontspec)             [BoldItalicFont={},ItalicFont={},SmallCapsFont={},Script
=Math,SizeFeatures={{Size=8.1-},{Size=6.3-8.1,Font=LibertinusMath-Regular.otf,S
tyle=MathScript},{Size=-6.3,Font=LibertinusMath-Regular.otf,Style=MathScriptScr
ipt}},Scale={MatchUppercase},ScaleAgain=0.9999,FontAdjustment={\fontdimen
(fontspec)             8\font =0.60722pt\relax \fontdimen 9\font
(fontspec)             =1.40129pt\relax \fontdimen 10\font =1.40129pt\relax
(fontspec)             \fontdimen 11\font =2.3355pt\relax \fontdimen 12\font
(fontspec)             =5.792pt\relax \fontdimen 13\font =0pt\relax }].
(fontspec)              
(fontspec)              This font family consists of the following NFSS
(fontspec)             series/shapes:
(fontspec)              
(fontspec)             - 'normal' (m/n) with NFSS spec.:
(fontspec)             <8.1->s*[1.037885822429955]"[LibertinusMath-Regular.otf]
/OT:script=math;language=dflt;"<6.3-8.1>s*[1.037885822429955]"[LibertinusMath-R
egular.otf]/OT:script=math;language=dflt;+ssty=0;"<-6.3>s*[1.037885822429955]"[
LibertinusMath-Regular.otf]/OT:script=math;language=dflt;+ssty=1;"
(fontspec)             - 'small caps'  (m/sc) with NFSS spec.: 
(fontspec)             and font adjustment code:
(fontspec)             \fontdimen 8\font =0.60722pt\relax \fontdimen 9\font
(fontspec)             =1.40129pt\relax \fontdimen 10\font =1.40129pt\relax
(fontspec)             \fontdimen 11\font =2.3355pt\relax \fontdimen 12\font
(fontspec)             =5.792pt\relax \fontdimen 13\font =0pt\relax 

LaTeX Font Info:    Encoding `OMX' has changed to `TU' for symbol font
(Font)              `largesymbols' in the math version `normal' on input line 8
66.
LaTeX Font Info:    Overwriting symbol font `largesymbols' in version `normal'
(Font)                  OMX/cmex/m/n --> TU/LibertinusMath-Regular.otf(3)/m/n o
n input line 866.
LaTeX Font Info:    Encoding `OMX' has changed to `TU' for symbol font
(Font)              `largesymbols' in the math version `bold' on input line 866
.
LaTeX Font Info:    Overwriting symbol font `largesymbols' in version `bold'
(Font)                  OMX/cmex/m/n --> TU/LibertinusMath-Regular.otf(3)/b/n o
n input line 866.

Package fontspec Info: Font family 'latinmodern-math.otf(0)' created for font
(fontspec)             'latinmodern-math.otf' with options
(fontspec)             [BoldItalicFont={},ItalicFont={},SmallCapsFont={},Script
=Math,SizeFeatures={{Size=8.1-},{Size=6.3-8.1,Font=latinmodern-math.otf,Style=M
athScript},{Size=-6.3,Font=latinmodern-math.otf,Style=MathScriptScript}}].
(fontspec)              
(fontspec)              This font family consists of the following NFSS
(fontspec)             series/shapes:
(fontspec)              
(fontspec)             - 'normal' (m/n) with NFSS spec.:
(fontspec)             <8.1->"[latinmodern-math.otf]/OT:script=math;language=df
lt;"<6.3-8.1>"[latinmodern-math.otf]/OT:script=math;language=dflt;+ssty=0;"<-6.
3>"[latinmodern-math.otf]/OT:script=math;language=dflt;+ssty=1;"
(fontspec)             - 'small caps'  (m/sc) with NFSS spec.: 

\sym__um_fam1=\mathgroup6
LaTeX Font Info:    Overwriting symbol font `__um_fam1' in version `normal'
(Font)                  TU/latinmodern-math.otf(0)/m/n --> TU/latinmodern-math.
otf(0)/m/n on input line 866.
LaTeX Font Info:    Overwriting symbol font `__um_fam1' in version `bold'
(Font)                  TU/latinmodern-math.otf(0)/m/n --> TU/latinmodern-math.
otf(0)/b/n on input line 866.
(c:/texlive/2024/texmf-dist/tex/latex/libertine/libertine.sty
Package: libertine 2023/11/26 (Bob Tennent) Supports Libertine and Biolinum fon
ts for all LaTeX engines.
(c:/texlive/2024/texmf-dist/tex/generic/iftex/ifxetex.sty
Package: ifxetex 2019/10/25 v0.7 ifxetex legacy package. Use iftex instead.
) (c:/texlive/2024/texmf-dist/tex/latex/base/textcomp.sty
Package: textcomp 2020/02/02 v2.0n Standard LaTeX package
)

Package fontspec Info: LinLibertine_R scale = 1.


Package fontspec Info: LinLibertine_R scale = 1.


Package fontspec Info: LinLibertine_R scale = 1.


Package fontspec Info: LinLibertine_RB scale = 1.


Package fontspec Info: LinLibertine_RB scale = 1.


Package fontspec Info: LinLibertine_RI scale = 1.


Package fontspec Info: LinLibertine_RI scale = 1.


Package fontspec Info: LinLibertine_RBI scale = 1.


Package fontspec Info: LinLibertine_RBI scale = 1.


Package fontspec Info: Font family 'LinLibertine(0)' created for font
(fontspec)             'LinLibertine' with options [Ligatures = TeX,Extension
(fontspec)             =
(fontspec)             .otf,SmallCapsFeatures={Letters=SmallCaps},Ligatures=TeX
,Numbers
(fontspec)             = {Monospaced,Lining},Scale = 1,UprightFont =
(fontspec)             *_R,ItalicFont = *_RI,BoldFont = *_RB,BoldItalicFont =
(fontspec)             *_RBI].
(fontspec)              
(fontspec)              This font family consists of the following NFSS
(fontspec)             series/shapes:
(fontspec)              
(fontspec)             - 'normal' (m/n) with NFSS spec.:
(fontspec)             <->s*[1]"[LinLibertine_R.otf]/OT:script=latn;language=df
lt;+tnum;+lnum;mapping=tex-text;"
(fontspec)             - 'small caps'  (m/sc) with NFSS spec.:
(fontspec)             <->s*[1]"[LinLibertine_R.otf]/OT:script=latn;language=df
lt;+tnum;+lnum;+smcp;mapping=tex-text;"
(fontspec)             - 'bold' (b/n) with NFSS spec.:
(fontspec)             <->s*[1]"[LinLibertine_RB.otf]/OT:script=latn;language=d
flt;+tnum;+lnum;mapping=tex-text;"
(fontspec)             - 'bold small caps'  (b/sc) with NFSS spec.:
(fontspec)             <->s*[1]"[LinLibertine_RB.otf]/OT:script=latn;language=d
flt;+tnum;+lnum;+smcp;mapping=tex-text;"
(fontspec)             - 'italic' (m/it) with NFSS spec.:
(fontspec)             <->s*[1]"[LinLibertine_RI.otf]/OT:script=latn;language=d
flt;+tnum;+lnum;mapping=tex-text;"
(fontspec)             - 'italic small caps'  (m/scit) with NFSS spec.:
(fontspec)             <->s*[1]"[LinLibertine_RI.otf]/OT:script=latn;language=d
flt;+tnum;+lnum;+smcp;mapping=tex-text;"
(fontspec)             - 'bold italic' (b/it) with NFSS spec.:
(fontspec)             <->s*[1]"[LinLibertine_RBI.otf]/OT:script=latn;language=
dflt;+tnum;+lnum;mapping=tex-text;"
(fontspec)             - 'bold italic small caps'  (b/scit) with NFSS spec.:
(fontspec)             <->s*[1]"[LinLibertine_RBI.otf]/OT:script=latn;language=
dflt;+tnum;+lnum;+smcp;mapping=tex-text;"


Package fontspec Info: LinLibertine_R scale = 1.


Package fontspec Info: LinLibertine_R scale = 1.


Package fontspec Info: LinLibertine_R scale = 1.


Package fontspec Info: LinLibertine_RB scale = 1.


Package fontspec Info: LinLibertine_RB scale = 1.


Package fontspec Info: LinLibertine_RI scale = 1.


Package fontspec Info: LinLibertine_RI scale = 1.


Package fontspec Info: LinLibertine_RBI scale = 1.


Package fontspec Info: LinLibertine_RBI scale = 1.


Package fontspec Info: Font family 'LinLibertine(1)' created for font
(fontspec)             'LinLibertine' with options [Ligatures = TeX,Extension
(fontspec)             = .otf,SmallCapsFeatures={Letters=SmallCaps},Numbers =
(fontspec)             {Monospaced,Lining},Scale = 1,UprightFont =
(fontspec)             *_R,ItalicFont = *_RI,BoldFont = *_RB,BoldItalicFont =
(fontspec)             *_RBI].
(fontspec)              
(fontspec)              This font family consists of the following NFSS
(fontspec)             series/shapes:
(fontspec)              
(fontspec)             - 'normal' (m/n) with NFSS spec.:
(fontspec)             <->s*[1]"[LinLibertine_R.otf]/OT:script=latn;language=df
lt;+tnum;+lnum;mapping=tex-text;"
(fontspec)             - 'small caps'  (m/sc) with NFSS spec.:
(fontspec)             <->s*[1]"[LinLibertine_R.otf]/OT:script=latn;language=df
lt;+tnum;+lnum;+smcp;mapping=tex-text;"
(fontspec)             - 'bold' (b/n) with NFSS spec.:
(fontspec)             <->s*[1]"[LinLibertine_RB.otf]/OT:script=latn;language=d
flt;+tnum;+lnum;mapping=tex-text;"
(fontspec)             - 'bold small caps'  (b/sc) with NFSS spec.:
(fontspec)             <->s*[1]"[LinLibertine_RB.otf]/OT:script=latn;language=d
flt;+tnum;+lnum;+smcp;mapping=tex-text;"
(fontspec)             - 'italic' (m/it) with NFSS spec.:
(fontspec)             <->s*[1]"[LinLibertine_RI.otf]/OT:script=latn;language=d
flt;+tnum;+lnum;mapping=tex-text;"
(fontspec)             - 'italic small caps'  (m/scit) with NFSS spec.:
(fontspec)             <->s*[1]"[LinLibertine_RI.otf]/OT:script=latn;language=d
flt;+tnum;+lnum;+smcp;mapping=tex-text;"
(fontspec)             - 'bold italic' (b/it) with NFSS spec.:
(fontspec)             <->s*[1]"[LinLibertine_RBI.otf]/OT:script=latn;language=
dflt;+tnum;+lnum;mapping=tex-text;"
(fontspec)             - 'bold italic small caps'  (b/scit) with NFSS spec.:
(fontspec)             <->s*[1]"[LinLibertine_RBI.otf]/OT:script=latn;language=
dflt;+tnum;+lnum;+smcp;mapping=tex-text;"

LaTeX Font Info:    Overwriting math alphabet `\mathrm' in version `normal'
(Font)                  TU/LibertinusMath-Regular.otf(1)/m/n --> TU/LinLibertin
e(1)/m/n on input line 307.
LaTeX Font Info:    Overwriting math alphabet `\mathit' in version `normal'
(Font)                  OT1/cmr/m/it --> TU/LinLibertine(1)/m/it on input line 
307.
LaTeX Font Info:    Overwriting math alphabet `\mathbf' in version `normal'
(Font)                  OT1/cmr/bx/n --> TU/LinLibertine(1)/b/n on input line 3
07.
LaTeX Font Info:    Font shape `TU/LinLibertine(0)/m/n' will be
(Font)              scaled to size 9.0pt on input line 307.

Package fontspec Info: LinBiolinum_R scale = 1.


Package fontspec Info: LinBiolinum_R scale = 1.


Package fontspec Info: LinBiolinum_R scale = 1.


Package fontspec Info: LinBiolinum_RB scale = 1.


Package fontspec Info: LinBiolinum_RB scale = 1.


Package fontspec Info: LinBiolinum_RI scale = 1.


Package fontspec Info: LinBiolinum_RI scale = 1.


Package fontspec Info: LinBiolinum_RBO scale = 1.


Package fontspec Info: LinBiolinum_RBO scale = 1.


Package fontspec Info: Font family 'LinBiolinum(0)' created for font
(fontspec)             'LinBiolinum' with options [Ligatures = TeX,Extension =
(fontspec)             .otf,SmallCapsFeatures={Letters=SmallCaps},Ligatures=TeX
,Numbers
(fontspec)             = {Monospaced, Lining},Scale = 1,UprightFont =
(fontspec)             *_R,ItalicFont = *_RI,BoldFont = *_RB,BoldItalicFont =
(fontspec)             *_RBO].
(fontspec)              
(fontspec)              This font family consists of the following NFSS
(fontspec)             series/shapes:
(fontspec)              
(fontspec)             - 'normal' (m/n) with NFSS spec.:
(fontspec)             <->s*[1]"[LinBiolinum_R.otf]/OT:script=latn;language=dfl
t;+tnum;+lnum;mapping=tex-text;"
(fontspec)             - 'small caps'  (m/sc) with NFSS spec.:
(fontspec)             <->s*[1]"[LinBiolinum_R.otf]/OT:script=latn;language=dfl
t;+tnum;+lnum;+smcp;mapping=tex-text;"
(fontspec)             - 'bold' (b/n) with NFSS spec.:
(fontspec)             <->s*[1]"[LinBiolinum_RB.otf]/OT:script=latn;language=df
lt;+tnum;+lnum;mapping=tex-text;"
(fontspec)             - 'bold small caps'  (b/sc) with NFSS spec.:
(fontspec)             <->s*[1]"[LinBiolinum_RB.otf]/OT:script=latn;language=df
lt;+tnum;+lnum;+smcp;mapping=tex-text;"
(fontspec)             - 'italic' (m/it) with NFSS spec.:
(fontspec)             <->s*[1]"[LinBiolinum_RI.otf]/OT:script=latn;language=df
lt;+tnum;+lnum;mapping=tex-text;"
(fontspec)             - 'italic small caps'  (m/scit) with NFSS spec.:
(fontspec)             <->s*[1]"[LinBiolinum_RI.otf]/OT:script=latn;language=df
lt;+tnum;+lnum;+smcp;mapping=tex-text;"
(fontspec)             - 'bold italic' (b/it) with NFSS spec.:
(fontspec)             <->s*[1]"[LinBiolinum_RBO.otf]/OT:script=latn;language=d
flt;+tnum;+lnum;mapping=tex-text;"
(fontspec)             - 'bold italic small caps'  (b/scit) with NFSS spec.:
(fontspec)             <->s*[1]"[LinBiolinum_RBO.otf]/OT:script=latn;language=d
flt;+tnum;+lnum;+smcp;mapping=tex-text;"


Package fontspec Info: LinBiolinum_R scale = 1.


Package fontspec Info: LinBiolinum_R scale = 1.


Package fontspec Info: LinBiolinum_R scale = 1.


Package fontspec Info: LinBiolinum_RB scale = 1.


Package fontspec Info: LinBiolinum_RB scale = 1.


Package fontspec Info: LinBiolinum_RI scale = 1.


Package fontspec Info: LinBiolinum_RI scale = 1.


Package fontspec Info: LinBiolinum_RBO scale = 1.


Package fontspec Info: LinBiolinum_RBO scale = 1.


Package fontspec Info: Font family 'LinBiolinum(1)' created for font
(fontspec)             'LinBiolinum' with options [Ligatures = TeX,Extension =
(fontspec)             .otf,SmallCapsFeatures={Letters=SmallCaps},Numbers =
(fontspec)             {Monospaced, Lining},Scale = 1,UprightFont =
(fontspec)             *_R,ItalicFont = *_RI,BoldFont = *_RB,BoldItalicFont =
(fontspec)             *_RBO].
(fontspec)              
(fontspec)              This font family consists of the following NFSS
(fontspec)             series/shapes:
(fontspec)              
(fontspec)             - 'normal' (m/n) with NFSS spec.:
(fontspec)             <->s*[1]"[LinBiolinum_R.otf]/OT:script=latn;language=dfl
t;+tnum;+lnum;mapping=tex-text;"
(fontspec)             - 'small caps'  (m/sc) with NFSS spec.:
(fontspec)             <->s*[1]"[LinBiolinum_R.otf]/OT:script=latn;language=dfl
t;+tnum;+lnum;+smcp;mapping=tex-text;"
(fontspec)             - 'bold' (b/n) with NFSS spec.:
(fontspec)             <->s*[1]"[LinBiolinum_RB.otf]/OT:script=latn;language=df
lt;+tnum;+lnum;mapping=tex-text;"
(fontspec)             - 'bold small caps'  (b/sc) with NFSS spec.:
(fontspec)             <->s*[1]"[LinBiolinum_RB.otf]/OT:script=latn;language=df
lt;+tnum;+lnum;+smcp;mapping=tex-text;"
(fontspec)             - 'italic' (m/it) with NFSS spec.:
(fontspec)             <->s*[1]"[LinBiolinum_RI.otf]/OT:script=latn;language=df
lt;+tnum;+lnum;mapping=tex-text;"
(fontspec)             - 'italic small caps'  (m/scit) with NFSS spec.:
(fontspec)             <->s*[1]"[LinBiolinum_RI.otf]/OT:script=latn;language=df
lt;+tnum;+lnum;+smcp;mapping=tex-text;"
(fontspec)             - 'bold italic' (b/it) with NFSS spec.:
(fontspec)             <->s*[1]"[LinBiolinum_RBO.otf]/OT:script=latn;language=d
flt;+tnum;+lnum;mapping=tex-text;"
(fontspec)             - 'bold italic small caps'  (b/scit) with NFSS spec.:
(fontspec)             <->s*[1]"[LinBiolinum_RBO.otf]/OT:script=latn;language=d
flt;+tnum;+lnum;+smcp;mapping=tex-text;"

LaTeX Font Info:    Overwriting math alphabet `\mathsf' in version `normal'
(Font)                  OT1/cmss/m/n --> TU/LinBiolinum(1)/m/n on input line 31
8.
LaTeX Font Info:    Overwriting math alphabet `\mathsf' in version `bold'
(Font)                  OT1/cmss/bx/n --> TU/LinBiolinum(1)/b/n on input line 3
18.

Package fontspec Info: LinLibertine_R scale = 1.


Package fontspec Info: LinLibertine_RZ scale = 1.


Package fontspec Info: LinLibertine_RZ scale = 1.


Package fontspec Info: LinLibertine_RZ scale = 1.


Package fontspec Info: LinLibertine_RB scale = 1.


Package fontspec Info: LinLibertine_RB scale = 1.


Package fontspec Info: LinLibertine_RZI scale = 1.


Package fontspec Info: LinLibertine_RZI scale = 1.


Package fontspec Info: LinLibertine_RBI scale = 1.


Package fontspec Info: LinLibertine_RBI scale = 1.


Package fontspec Info: Font family 'LinLibertine(2)' created for font
(fontspec)             'LinLibertine' with options [Ligatures = TeX,Extension
(fontspec)             = .otf,SmallCapsFeatures={Letters=SmallCaps},Numbers =
(fontspec)             { Monospaced, Lining},Scale = 1,UprightFont =
(fontspec)             *_RZ,ItalicFont = *_RZI,BoldFont = *_RB,BoldItalicFont
(fontspec)             = *_RBI].
(fontspec)              
(fontspec)              This font family consists of the following NFSS
(fontspec)             series/shapes:
(fontspec)              
(fontspec)             - 'normal' (m/n) with NFSS spec.:
(fontspec)             <->s*[1]"[LinLibertine_RZ.otf]/OT:script=latn;language=d
flt;+tnum;+lnum;mapping=tex-text;"
(fontspec)             - 'small caps'  (m/sc) with NFSS spec.:
(fontspec)             <->s*[1]"[LinLibertine_RZ.otf]/OT:script=latn;language=d
flt;+tnum;+lnum;+smcp;mapping=tex-text;"
(fontspec)             - 'bold' (b/n) with NFSS spec.:
(fontspec)             <->s*[1]"[LinLibertine_RB.otf]/OT:script=latn;language=d
flt;+tnum;+lnum;mapping=tex-text;"
(fontspec)             - 'bold small caps'  (b/sc) with NFSS spec.:
(fontspec)             <->s*[1]"[LinLibertine_RB.otf]/OT:script=latn;language=d
flt;+tnum;+lnum;+smcp;mapping=tex-text;"
(fontspec)             - 'italic' (m/it) with NFSS spec.:
(fontspec)             <->s*[1]"[LinLibertine_RZI.otf]/OT:script=latn;language=
dflt;+tnum;+lnum;mapping=tex-text;"
(fontspec)             - 'italic small caps'  (m/scit) with NFSS spec.:
(fontspec)             <->s*[1]"[LinLibertine_RZI.otf]/OT:script=latn;language=
dflt;+tnum;+lnum;+smcp;mapping=tex-text;"
(fontspec)             - 'bold italic' (b/it) with NFSS spec.:
(fontspec)             <->s*[1]"[LinLibertine_RBI.otf]/OT:script=latn;language=
dflt;+tnum;+lnum;mapping=tex-text;"
(fontspec)             - 'bold italic small caps'  (b/scit) with NFSS spec.:
(fontspec)             <->s*[1]"[LinLibertine_RBI.otf]/OT:script=latn;language=
dflt;+tnum;+lnum;+smcp;mapping=tex-text;"


Package fontspec Info: LinLibertine_R scale = 1.


Package fontspec Info: LinLibertine_R scale = 1.


Package fontspec Info: LinLibertine_R scale = 1.


Package fontspec Info: LinLibertine_RB scale = 1.


Package fontspec Info: LinLibertine_RB scale = 1.


Package fontspec Info: LinLibertine_RI scale = 1.


Package fontspec Info: LinLibertine_RI scale = 1.


Package fontspec Info: LinLibertine_RBI scale = 1.


Package fontspec Info: LinLibertine_RBI scale = 1.


Package fontspec Info: Font family 'LinLibertine(3)' created for font
(fontspec)             'LinLibertine' with options [Ligatures = TeX,Extension
(fontspec)             = .otf,SmallCapsFeatures={Letters=SmallCaps},Numbers =
(fontspec)             {Monospaced,OldStyle},Scale = 1,UprightFont =
(fontspec)             *_R,ItalicFont = *_RI,BoldFont = *_RB,BoldItalicFont =
(fontspec)             *_RBI].
(fontspec)              
(fontspec)              This font family consists of the following NFSS
(fontspec)             series/shapes:
(fontspec)              
(fontspec)             - 'normal' (m/n) with NFSS spec.:
(fontspec)             <->s*[1]"[LinLibertine_R.otf]/OT:script=latn;language=df
lt;+tnum;+onum;mapping=tex-text;"
(fontspec)             - 'small caps'  (m/sc) with NFSS spec.:
(fontspec)             <->s*[1]"[LinLibertine_R.otf]/OT:script=latn;language=df
lt;+tnum;+onum;+smcp;mapping=tex-text;"
(fontspec)             - 'bold' (b/n) with NFSS spec.:
(fontspec)             <->s*[1]"[LinLibertine_RB.otf]/OT:script=latn;language=d
flt;+tnum;+onum;mapping=tex-text;"
(fontspec)             - 'bold small caps'  (b/sc) with NFSS spec.:
(fontspec)             <->s*[1]"[LinLibertine_RB.otf]/OT:script=latn;language=d
flt;+tnum;+onum;+smcp;mapping=tex-text;"
(fontspec)             - 'italic' (m/it) with NFSS spec.:
(fontspec)             <->s*[1]"[LinLibertine_RI.otf]/OT:script=latn;language=d
flt;+tnum;+onum;mapping=tex-text;"
(fontspec)             - 'italic small caps'  (m/scit) with NFSS spec.:
(fontspec)             <->s*[1]"[LinLibertine_RI.otf]/OT:script=latn;language=d
flt;+tnum;+onum;+smcp;mapping=tex-text;"
(fontspec)             - 'bold italic' (b/it) with NFSS spec.:
(fontspec)             <->s*[1]"[LinLibertine_RBI.otf]/OT:script=latn;language=
dflt;+tnum;+onum;mapping=tex-text;"
(fontspec)             - 'bold italic small caps'  (b/scit) with NFSS spec.:
(fontspec)             <->s*[1]"[LinLibertine_RBI.otf]/OT:script=latn;language=
dflt;+tnum;+onum;+smcp;mapping=tex-text;"


Package fontspec Info: LinLibertine_R scale = 1.


Package fontspec Info: Font family 'LinLibertine(4)' created for font
(fontspec)             'LinLibertine' with options [Ligatures = TeX,Extension
(fontspec)             = .otf,SmallCapsFeatures={Letters=SmallCaps},Numbers =
(fontspec)             {Monospaced,Lining},UprightFont = *_DR,ItalicFont =
(fontspec)             *_RI,BoldFont = *_RB,BoldItalicFont = *_RBI].
(fontspec)              
(fontspec)              This font family consists of the following NFSS
(fontspec)             series/shapes:
(fontspec)              
(fontspec)             - 'normal' (m/n) with NFSS spec.:
(fontspec)             <->"[LinLibertine_DR.otf]/OT:script=latn;language=dflt;+
tnum;+lnum;mapping=tex-text;"
(fontspec)             - 'small caps'  (m/sc) with NFSS spec.: 
(fontspec)             - 'bold' (b/n) with NFSS spec.:
(fontspec)             <->"[LinLibertine_RB.otf]/OT:script=latn;language=dflt;+
tnum;+lnum;mapping=tex-text;"
(fontspec)             - 'bold small caps'  (b/sc) with NFSS spec.:
(fontspec)             <->"[LinLibertine_RB.otf]/OT:script=latn;language=dflt;+
tnum;+lnum;+smcp;mapping=tex-text;"
(fontspec)             - 'italic' (m/it) with NFSS spec.:
(fontspec)             <->"[LinLibertine_RI.otf]/OT:script=latn;language=dflt;+
tnum;+lnum;mapping=tex-text;"
(fontspec)             - 'italic small caps'  (m/scit) with NFSS spec.:
(fontspec)             <->"[LinLibertine_RI.otf]/OT:script=latn;language=dflt;+
tnum;+lnum;+smcp;mapping=tex-text;"
(fontspec)             - 'bold italic' (b/it) with NFSS spec.:
(fontspec)             <->"[LinLibertine_RBI.otf]/OT:script=latn;language=dflt;
+tnum;+lnum;mapping=tex-text;"
(fontspec)             - 'bold italic small caps'  (b/scit) with NFSS spec.:
(fontspec)             <->"[LinLibertine_RBI.otf]/OT:script=latn;language=dflt;
+tnum;+lnum;+smcp;mapping=tex-text;"


Package fontspec Info: LinBiolinum_R scale = 1.


Package fontspec Info: LinBiolinum_R scale = 1.


Package fontspec Info: LinBiolinum_R scale = 1.


Package fontspec Info: LinBiolinum_R scale = 1.


Package fontspec Info: LinBiolinum_RB scale = 1.


Package fontspec Info: LinBiolinum_RB scale = 1.


Package fontspec Info: LinBiolinum_RI scale = 1.


Package fontspec Info: LinBiolinum_RI scale = 1.


Package fontspec Info: LinBiolinum_RBO scale = 1.


Package fontspec Info: LinBiolinum_RBO scale = 1.


Package fontspec Info: Font family 'LinBiolinum(2)' created for font
(fontspec)             'LinBiolinum' with options [Ligatures = TeX,Extension =
(fontspec)             .otf,SmallCapsFeatures={Letters=SmallCaps},Numbers =
(fontspec)             {Monospaced, OldStyle},Scale = 1,UprightFont =
(fontspec)             *_R,ItalicFont = *_RI,BoldFont = *_RB,BoldItalicFont =
(fontspec)             *_RBO].
(fontspec)              
(fontspec)              This font family consists of the following NFSS
(fontspec)             series/shapes:
(fontspec)              
(fontspec)             - 'normal' (m/n) with NFSS spec.:
(fontspec)             <->s*[1]"[LinBiolinum_R.otf]/OT:script=latn;language=dfl
t;+tnum;+onum;mapping=tex-text;"
(fontspec)             - 'small caps'  (m/sc) with NFSS spec.:
(fontspec)             <->s*[1]"[LinBiolinum_R.otf]/OT:script=latn;language=dfl
t;+tnum;+onum;+smcp;mapping=tex-text;"
(fontspec)             - 'bold' (b/n) with NFSS spec.:
(fontspec)             <->s*[1]"[LinBiolinum_RB.otf]/OT:script=latn;language=df
lt;+tnum;+onum;mapping=tex-text;"
(fontspec)             - 'bold small caps'  (b/sc) with NFSS spec.:
(fontspec)             <->s*[1]"[LinBiolinum_RB.otf]/OT:script=latn;language=df
lt;+tnum;+onum;+smcp;mapping=tex-text;"
(fontspec)             - 'italic' (m/it) with NFSS spec.:
(fontspec)             <->s*[1]"[LinBiolinum_RI.otf]/OT:script=latn;language=df
lt;+tnum;+onum;mapping=tex-text;"
(fontspec)             - 'italic small caps'  (m/scit) with NFSS spec.:
(fontspec)             <->s*[1]"[LinBiolinum_RI.otf]/OT:script=latn;language=df
lt;+tnum;+onum;+smcp;mapping=tex-text;"
(fontspec)             - 'bold italic' (b/it) with NFSS spec.:
(fontspec)             <->s*[1]"[LinBiolinum_RBO.otf]/OT:script=latn;language=d
flt;+tnum;+onum;mapping=tex-text;"
(fontspec)             - 'bold italic small caps'  (b/scit) with NFSS spec.:
(fontspec)             <->s*[1]"[LinBiolinum_RBO.otf]/OT:script=latn;language=d
flt;+tnum;+onum;+smcp;mapping=tex-text;"


Package fontspec Info: LinBiolinum_R scale = 1.


Package fontspec Info: LinLibertine_M scale = 1.


Package fontspec Info: LinLibertine_M scale = 1.


Package fontspec Info: LinLibertine_MB scale = 1.


Package fontspec Info: LinLibertine_MO scale = 1.


Package fontspec Info: LinLibertine_MBO scale = 1.


Package fontspec Info: Font family 'LinLibertine(5)' created for font
(fontspec)             'LinLibertine' with options [Extension =
(fontspec)             .otf,HyphenChar=None,Scale = 1,UprightFont =
(fontspec)             *_M,ItalicFont = *_MO,BoldFont = *_MB,BoldItalicFont =
(fontspec)             *_MBO].
(fontspec)              
(fontspec)              This font family consists of the following NFSS
(fontspec)             series/shapes:
(fontspec)              
(fontspec)             - 'normal' (m/n) with NFSS spec.:
(fontspec)             <->s*[1]"[LinLibertine_M.otf]/OT:script=latn;language=df
lt;"
(fontspec)             - 'small caps'  (m/sc) with NFSS spec.: 
(fontspec)             and font adjustment code:
(fontspec)             \tex_hyphenchar:D \font =-1\scan_stop: 
(fontspec)             - 'bold' (b/n) with NFSS spec.:
(fontspec)             <->s*[1]"[LinLibertine_MB.otf]/OT:script=latn;language=d
flt;"
(fontspec)             - 'bold small caps'  (b/sc) with NFSS spec.: 
(fontspec)             and font adjustment code:
(fontspec)             \tex_hyphenchar:D \font =-1\scan_stop: 
(fontspec)             - 'italic' (m/it) with NFSS spec.:
(fontspec)             <->s*[1]"[LinLibertine_MO.otf]/OT:script=latn;language=d
flt;"
(fontspec)             - 'italic small caps'  (m/scit) with NFSS spec.: 
(fontspec)             and font adjustment code:
(fontspec)             \tex_hyphenchar:D \font =-1\scan_stop: 
(fontspec)             - 'bold italic' (b/it) with NFSS spec.:
(fontspec)             <->s*[1]"[LinLibertine_MBO.otf]/OT:script=latn;language=
dflt;"
(fontspec)             - 'bold italic small caps'  (b/scit) with NFSS spec.: 
(fontspec)             and font adjustment code:
(fontspec)             \tex_hyphenchar:D \font =-1\scan_stop: 


Package fontspec Info: Font family 'LinBiolinum_K(0)' created for font
(fontspec)             'LinBiolinum_K' with options [Extension =
(fontspec)             .otf,HyphenChar=None,BoldFont={},ItalicFont={},SmallCaps
Font={}].
(fontspec)              
(fontspec)              This font family consists of the following NFSS
(fontspec)             series/shapes:
(fontspec)              
(fontspec)             - 'normal' (m/n) with NFSS spec.:
(fontspec)             <->"[LinBiolinum_K.otf]/OT:script=latn;language=dflt;"
(fontspec)             - 'small caps'  (m/sc) with NFSS spec.: 
(fontspec)             and font adjustment code:
(fontspec)             \tex_hyphenchar:D \font =-1\scan_stop: 


Package fontspec Info: Font family 'LinLibertine_I(0)' created for font
(fontspec)             'LinLibertine_I' with options [Extension =
(fontspec)             .otf,HyphenChar=None,BoldFont={},ItalicFont={},SmallCaps
Font={}].
(fontspec)              
(fontspec)              This font family consists of the following NFSS
(fontspec)             series/shapes:
(fontspec)              
(fontspec)             - 'normal' (m/n) with NFSS spec.:
(fontspec)             <->"[LinLibertine_I.otf]/OT:script=latn;language=dflt;"
(fontspec)             - 'small caps'  (m/sc) with NFSS spec.: 
(fontspec)             and font adjustment code:
(fontspec)             \tex_hyphenchar:D \font =-1\scan_stop: 

LaTeX Info: Redefining \oldstylenums on input line 475.
LaTeX Info: Redefining \liningnums on input line 476.
(c:/texlive/2024/texmf-dist/tex/latex/libertine/LinLibertine_R.tex) (c:/texlive
/2024/texmf-dist/tex/latex/libertine/LinBiolinum_R.tex) (c:/texlive/2024/texmf-
dist/tex/latex/libertine/LinBiolinum_K.tex) (c:/texlive/2024/texmf-dist/tex/lat
ex/libertine/LinLibertine_I.tex) (c:/texlive/2024/texmf-dist/tex/latex/libertin
e/LKey.tex)
LaTeX Info: Redefining \textsup on input line 552.
) (c:/texlive/2024/texmf-dist/tex/latex/inconsolata/inconsolata.fontspec)

Package fontspec Info: Font family 'inconsolata(0)' created for font
(fontspec)             'inconsolata' with options
(fontspec)             [WordSpace={1,0,0},HyphenChar=None,PunctuationSpace=Word
Space,Extension
(fontspec)             = .otf,UprightFont = Inconsolatazi4-Regular,BoldFont =
(fontspec)             Inconsolatazi4-Bold,StylisticSet=3].
(fontspec)              
(fontspec)              This font family consists of the following NFSS
(fontspec)             series/shapes:
(fontspec)              
(fontspec)             - 'normal' (m/n) with NFSS spec.:
(fontspec)             <->"[Inconsolatazi4-Regular.otf]/OT:script=latn;language
=dflt;+ss03;"
(fontspec)             - 'small caps'  (m/sc) with NFSS spec.: 
(fontspec)             and font adjustment code:
(fontspec)             \fontdimen 2\font =1\fontdimen 2\font \fontdimen 3\font
(fontspec)             =0\fontdimen 3\font \fontdimen 4\font =0\fontdimen
(fontspec)             4\font \fontdimen 7\font =0\fontdimen 2\font
(fontspec)             \tex_hyphenchar:D \font =-1\scan_stop: 
(fontspec)             - 'bold' (b/n) with NFSS spec.:
(fontspec)             <->"[Inconsolatazi4-Bold.otf]/OT:script=latn;language=df
lt;+ss03;"
(fontspec)             - 'bold small caps'  (b/sc) with NFSS spec.: 
(fontspec)             and font adjustment code:
(fontspec)             \fontdimen 2\font =1\fontdimen 2\font \fontdimen 3\font
(fontspec)             =0\fontdimen 3\font \fontdimen 4\font =0\fontdimen
(fontspec)             4\font \fontdimen 7\font =0\fontdimen 2\font
(fontspec)             \tex_hyphenchar:D \font =-1\scan_stop: 


Package fontspec Info: Font family 'inconsolata(1)' created for font
(fontspec)             'inconsolata' with options [Extension =
(fontspec)             .otf,UprightFont = Inconsolatazi4-Regular,BoldFont =
(fontspec)             Inconsolatazi4-Bold,StylisticSet=3].
(fontspec)              
(fontspec)              This font family consists of the following NFSS
(fontspec)             series/shapes:
(fontspec)              
(fontspec)             - 'normal' (m/n) with NFSS spec.:
(fontspec)             <->"[Inconsolatazi4-Regular.otf]/OT:script=latn;language
=dflt;+ss03;"
(fontspec)             - 'small caps'  (m/sc) with NFSS spec.: 
(fontspec)             - 'bold' (b/n) with NFSS spec.:
(fontspec)             <->"[Inconsolatazi4-Bold.otf]/OT:script=latn;language=df
lt;+ss03;"
(fontspec)             - 'bold small caps'  (b/sc) with NFSS spec.: 

LaTeX Font Info:    Overwriting math alphabet `\mathtt' in version `normal'
(Font)                  OT1/cmtt/m/n --> TU/inconsolata(1)/m/n on input line 86
9.
LaTeX Font Info:    Overwriting math alphabet `\mathtt' in version `bold'
(Font)                  OT1/cmtt/m/n --> TU/inconsolata(1)/b/n on input line 86
9.
(c:/texlive/2024/texmf-dist/tex/latex/caption/caption.sty
Package: caption 2023/08/05 v3.6o Customizing captions (AR)
(c:/texlive/2024/texmf-dist/tex/latex/caption/caption3.sty
Package: caption3 2023/07/31 v2.4d caption3 kernel (AR)
\caption@tempdima=\dimen185
\captionmargin=\dimen186
\caption@leftmargin=\dimen187
\caption@rightmargin=\dimen188
\caption@width=\dimen189
\caption@indent=\dimen190
\caption@parindent=\dimen191
\caption@hangindent=\dimen192
Package caption Info: AMS or SMF document class detected.
(c:/texlive/2024/texmf-dist/tex/latex/caption/caption-ams-smf.sto
File: caption-ams-smf.sto 2020/08/22 v2.0 Adaption of the caption package to th
e AMS and SMF document classes (AR)
))
\c@caption@flags=\count319
\c@continuedfloat=\count320
Package caption Info: hyperref package is loaded.
) (c:/texlive/2024/texmf-dist/tex/latex/float/float.sty
Package: float 2001/11/08 v1.3d Float enhancements (AL)
\c@float@type=\count321
\float@exts=\toks34
\float@box=\box57
\@float@everytoks=\toks35
\@floatcapt=\box58
)
\@float@every@sidebar=\toks36
\c@sidebar=\count322
\fulltextwidth=\dimen193
\@ACM@labelwidth=\dimen194
\listisep=\skip61
\num@authorgroups=\count323
\num@authors=\count324
\@ACM@badge@width=\skip62
\@ACM@title@width=\skip63
\@ACM@badge@skip=\skip64
Class acmart Info: Printing CCS on input line 1848.
Class acmart Info: Printing bibformat on input line 1848.
Class acmart Info: Printing folios on input line 1850.
Class acmart Info: Setting authorsperrow to 0 on input line 1858.
(c:/texlive/2024/texmf-dist/tex/latex/comment/comment.sty
\CommentStream=\write3
Excluding comment 'comment') Excluding comment 'CCSXML'
\c@@concepts=\count325
\mktitle@bx=\box59
\@ACM@acmcpbox=\box60
\@ACM@commabox=\box61
\author@bx=\box62
\author@bx@wd=\dimen195
\author@bx@sep=\skip65
(c:/texlive/2024/texmf-dist/tex/latex/fancyhdr/fancyhdr.sty
Package: fancyhdr 2022/11/09 v4.1 Extensive control of page headers and footers

\f@nch@headwidth=\skip66
\f@nch@O@elh=\skip67
\f@nch@O@erh=\skip68
\f@nch@O@olh=\skip69
\f@nch@O@orh=\skip70
\f@nch@O@elf=\skip71
\f@nch@O@erf=\skip72
\f@nch@O@olf=\skip73
\f@nch@O@orf=\skip74
)
\ACM@linecount@bx=\box63
\ACM@linecount@bxht=\skip75
\ACM@linecount=\count326
Special comment 'acks') (c:/texlive/2024/texmf-dist/tex/latex/ctex/ctex.sty
Package: ctex 2022/07/14 v2.5.10 Chinese adapter in LaTeX (CTEX)
(c:/texlive/2024/texmf-dist/tex/latex/ctex/ctexhook.sty
Package: ctexhook 2022/07/14 v2.5.10 Document and package hooks (CTEX)
) (c:/texlive/2024/texmf-dist/tex/latex/ctex/ctexpatch.sty
Package: ctexpatch 2022/07/14 v2.5.10 Patching commands (CTEX)
)
\l__ctex_tmp_int=\count327
\l__ctex_tmp_box=\box64
\l__ctex_tmp_dim=\dimen196
\g__ctex_section_depth_int=\count328
\g__ctex_font_size_int=\count329
(c:/texlive/2024/texmf-dist/tex/latex/ctex/config/ctexopts.cfg
File: ctexopts.cfg 2022/07/14 v2.5.10 Option configuration file (CTEX)
) (c:/texlive/2024/texmf-dist/tex/latex/ctex/engine/ctex-engine-xetex.def
File: ctex-engine-xetex.def 2022/07/14 v2.5.10 XeLaTeX adapter (CTEX)
(c:/texlive/2024/texmf-dist/tex/xelatex/xecjk/xeCJK.sty
Package: xeCJK 2022/08/05 v3.9.1 Typesetting CJK scripts with XeLaTeX
(c:/texlive/2024/texmf-dist/tex/latex/l3packages/xtemplate/xtemplate.sty
(c:/texlive/2024/texmf-dist/tex/latex/l3packages/xtemplate/xtemplate-2023-10-10
.sty
Package: xtemplate 2023-10-10 L3 Experimental prototype document functions
\l__xtemplate_tmp_dim=\dimen197
\l__xtemplate_tmp_int=\count330
\l__xtemplate_tmp_muskip=\muskip19
\l__xtemplate_tmp_skip=\skip76
))
\l__xeCJK_tmp_int=\count331
\l__xeCJK_tmp_box=\box65
\l__xeCJK_tmp_dim=\dimen198
\l__xeCJK_tmp_skip=\skip77
\g__xeCJK_space_factor_int=\count332
\l__xeCJK_begin_int=\count333
\l__xeCJK_end_int=\count334
\c__xeCJK_CJK_class_int=\XeTeXcharclass1
\c__xeCJK_FullLeft_class_int=\XeTeXcharclass2
\c__xeCJK_FullRight_class_int=\XeTeXcharclass3
\c__xeCJK_HalfLeft_class_int=\XeTeXcharclass4
\c__xeCJK_HalfRight_class_int=\XeTeXcharclass5
\c__xeCJK_NormalSpace_class_int=\XeTeXcharclass6
\c__xeCJK_CM_class_int=\XeTeXcharclass7
\c__xeCJK_HangulJamo_class_int=\XeTeXcharclass8
\l__xeCJK_last_skip=\skip78
\c__xeCJK_none_node=\count335
\g__xeCJK_node_int=\count336
\c__xeCJK_CJK_node_dim=\dimen256
\c__xeCJK_CJK-space_node_dim=\dimen257
\c__xeCJK_default_node_dim=\dimen258
\c__xeCJK_CJK-widow_node_dim=\dimen259
\c__xeCJK_normalspace_node_dim=\dimen260
\c__xeCJK_default-space_node_skip=\skip79
\l__xeCJK_ccglue_skip=\skip80
\l__xeCJK_ecglue_skip=\skip81
\l__xeCJK_punct_kern_skip=\skip82
\l__xeCJK_indent_box=\box66
\l__xeCJK_last_penalty_int=\count337
\l__xeCJK_last_bound_dim=\dimen261
\l__xeCJK_last_kern_dim=\dimen262
\l__xeCJK_widow_penalty_int=\count338

Package xtemplate Info: Declaring object type 'xeCJK/punctuation' taking 0
(xtemplate)             argument(s) on line 2396.

\l__xeCJK_fixed_punct_width_dim=\dimen263
\l__xeCJK_mixed_punct_width_dim=\dimen264
\l__xeCJK_middle_punct_width_dim=\dimen265
\l__xeCJK_fixed_margin_width_dim=\dimen266
\l__xeCJK_mixed_margin_width_dim=\dimen267
\l__xeCJK_middle_margin_width_dim=\dimen268
\l__xeCJK_bound_punct_width_dim=\dimen269
\l__xeCJK_bound_margin_width_dim=\dimen270
\l__xeCJK_margin_minimum_dim=\dimen271
\l__xeCJK_kerning_total_width_dim=\dimen272
\l__xeCJK_same_align_margin_dim=\dimen273
\l__xeCJK_different_align_margin_dim=\dimen274
\l__xeCJK_kerning_margin_width_dim=\dimen275
\l__xeCJK_kerning_margin_minimum_dim=\dimen276
\l__xeCJK_bound_dim=\dimen277
\l__xeCJK_reverse_bound_dim=\dimen278
\l__xeCJK_margin_dim=\dimen279
\l__xeCJK_minimum_bound_dim=\dimen280
\l__xeCJK_kerning_margin_dim=\dimen281
\g__xeCJK_family_int=\count339
\l__xeCJK_fam_int=\count340
\g__xeCJK_fam_allocation_int=\count341
\l__xeCJK_verb_case_int=\count342
\l__xeCJK_verb_exspace_skip=\skip83
(c:/texlive/2024/texmf-dist/tex/xelatex/xecjk/xeCJK.cfg
File: xeCJK.cfg 2022/08/05 v3.9.1 Configuration file for xeCJK package
))
\ccwd=\dimen282
\l__ctex_ccglue_skip=\skip84
)
\l__ctex_ziju_dim=\dimen283
(c:/texlive/2024/texmf-dist/tex/latex/zhnumber/zhnumber.sty
Package: zhnumber 2022/07/14 v3.0 Typesetting numbers with Chinese glyphs
\l__zhnum_scale_int=\count343
\l__zhnum_tmp_int=\count344
(c:/texlive/2024/texmf-dist/tex/latex/zhnumber/zhnumber-utf8.cfg
File: zhnumber-utf8.cfg 2022/07/14 v3.0 Chinese numerals with UTF8 encoding
)) (c:/texlive/2024/texmf-dist/tex/latex/ctex/scheme/ctex-scheme-plain.def
File: ctex-scheme-plain.def 2022/07/14 v2.5.10 Plain scheme for generic (CTEX)
) (c:/texlive/2024/texmf-dist/tex/latex/ctex/fontset/ctex-fontset-windows.def
File: ctex-fontset-windows.def 2022/07/14 v2.5.10 Windows fonts definition (CTE
X)

Package fontspec Info: Could not resolve font "KaiTi/B" (it probably doesn't
(fontspec)             exist).


Package fontspec Info: Could not resolve font "SimHei/I" (it probably doesn't
(fontspec)             exist).


Package fontspec Info: Could not resolve font "SimSun/BI" (it probably doesn't
(fontspec)             exist).


Package fontspec Info: Font family 'SimSun(0)' created for font 'SimSun' with
(fontspec)             options
(fontspec)             [Script={CJK},BoldFont={SimHei},ItalicFont={KaiTi}].
(fontspec)              
(fontspec)              This font family consists of the following NFSS
(fontspec)             series/shapes:
(fontspec)              
(fontspec)             - 'normal' (m/n) with NFSS spec.:
(fontspec)             <->"SimSun/OT:script=hani;language=dflt;"
(fontspec)             - 'small caps'  (m/sc) with NFSS spec.: 
(fontspec)             - 'bold' (b/n) with NFSS spec.:
(fontspec)             <->"SimHei/OT:script=hani;language=dflt;"
(fontspec)             - 'bold small caps'  (b/sc) with NFSS spec.: 
(fontspec)             - 'italic' (m/it) with NFSS spec.:
(fontspec)             <->"KaiTi/OT:script=hani;language=dflt;"
(fontspec)             - 'italic small caps'  (m/scit) with NFSS spec.: 

)) (c:/texlive/2024/texmf-dist/tex/latex/ctex/config/ctex.cfg
File: ctex.cfg 2022/07/14 v2.5.10 Configuration file (CTEX)
) (c:/texlive/2024/texmf-dist/tex/latex/algorithms/algorithm.sty
Invalid UTF-8 byte or sequence at line 11 replaced by U+FFFD.
Package: algorithm 2009/08/24 v0.1 Document Style `algorithm' - floating enviro
nment
\@float@every@algorithm=\toks37
\c@algorithm=\count345
) (c:/texlive/2024/texmf-dist/tex/latex/algorithmicx/algorithmicx.sty
Package: algorithmicx 2005/04/27 v1.2 Algorithmicx
Document Style algorithmicx 1.2 - a greatly improved `algorithmic' style
\c@ALG@line=\count346
\c@ALG@rem=\count347
\c@ALG@nested=\count348
\ALG@tlm=\skip85
\ALG@thistlm=\skip86
\c@ALG@Lnr=\count349
\c@ALG@blocknr=\count350
\c@ALG@storecount=\count351
\c@ALG@tmpcounter=\count352
\ALG@tmplength=\skip87
) (c:/texlive/2024/texmf-dist/tex/latex/algorithmicx/algpseudocode.sty
Package: algpseudocode 
Document Style - pseudocode environments for use with the `algorithmicx' style
) (c:/texlive/2024/texmf-dist/tex/latex/psnfss/pifont.sty
Package: pifont 2020/03/25 PSNFSS-v9.3 Pi font support (SPQR) 
LaTeX Font Info:    Trying to load font information for U+pzd on input line 63.

(c:/texlive/2024/texmf-dist/tex/latex/psnfss/upzd.fd
File: upzd.fd 2001/06/04 font definitions for U/pzd.
)
LaTeX Font Info:    Trying to load font information for U+psy on input line 64.

(c:/texlive/2024/texmf-dist/tex/latex/psnfss/upsy.fd
File: upsy.fd 2001/06/04 font definitions for U/psy.
)) (c:/texlive/2024/texmf-dist/tex/latex/makecell/makecell.sty
Package: makecell 2009/08/03 V0.1e Managing of Tab Column Heads and Cells
(c:/texlive/2024/texmf-dist/tex/latex/tools/array.sty
Package: array 2023/10/16 v2.5g Tabular extension package (FMi)
\col@sep=\dimen284
\ar@mcellbox=\box67
\extrarowheight=\dimen285
\NC@list=\toks38
\extratabsurround=\skip88
\backup@length=\skip89
\ar@cellbox=\box68
)
\rotheadsize=\dimen286
\c@nlinenum=\count353
\TeXr@lab=\toks39
) (c:/texlive/2024/texmf-dist/tex/latex/threeparttable/threeparttable.sty
Package: threeparttable 2003/06/13  v 3.0
\@tempboxb=\box69
) (c:/texlive/2024/texmf-dist/tex/latex/pgf/frontendlayer/tikz.sty (c:/texlive/
2024/texmf-dist/tex/latex/pgf/basiclayer/pgf.sty (c:/texlive/2024/texmf-dist/te
x/latex/pgf/utilities/pgfrcs.sty (c:/texlive/2024/texmf-dist/tex/generic/pgf/ut
ilities/pgfutil-common.tex
\pgfutil@everybye=\toks40
\pgfutil@tempdima=\dimen287
\pgfutil@tempdimb=\dimen288
) (c:/texlive/2024/texmf-dist/tex/generic/pgf/utilities/pgfutil-latex.def
\pgfutil@abb=\box70
) (c:/texlive/2024/texmf-dist/tex/generic/pgf/utilities/pgfrcs.code.tex (c:/tex
live/2024/texmf-dist/tex/generic/pgf/pgf.revision.tex)
Package: pgfrcs 2023-01-15 v3.1.10 (3.1.10)
))
Package: pgf 2023-01-15 v3.1.10 (3.1.10)
(c:/texlive/2024/texmf-dist/tex/latex/pgf/basiclayer/pgfcore.sty (c:/texlive/20
24/texmf-dist/tex/latex/pgf/systemlayer/pgfsys.sty (c:/texlive/2024/texmf-dist/
tex/generic/pgf/systemlayer/pgfsys.code.tex
Package: pgfsys 2023-01-15 v3.1.10 (3.1.10)
(c:/texlive/2024/texmf-dist/tex/generic/pgf/utilities/pgfkeys.code.tex
\pgfkeys@pathtoks=\toks41
\pgfkeys@temptoks=\toks42

(c:/texlive/2024/texmf-dist/tex/generic/pgf/utilities/pgfkeyslibraryfiltered.co
de.tex
\pgfkeys@tmptoks=\toks43
))
\pgf@x=\dimen289
\pgf@y=\dimen290
\pgf@xa=\dimen291
\pgf@ya=\dimen292
\pgf@xb=\dimen293
\pgf@yb=\dimen294
\pgf@xc=\dimen295
\pgf@yc=\dimen296
\pgf@xd=\dimen297
\pgf@yd=\dimen298
\w@pgf@writea=\write4
\r@pgf@reada=\read2
\c@pgf@counta=\count354
\c@pgf@countb=\count355
\c@pgf@countc=\count356
\c@pgf@countd=\count357
\t@pgf@toka=\toks44
\t@pgf@tokb=\toks45
\t@pgf@tokc=\toks46
\pgf@sys@id@count=\count358
(c:/texlive/2024/texmf-dist/tex/generic/pgf/systemlayer/pgf.cfg
File: pgf.cfg 2023-01-15 v3.1.10 (3.1.10)
)
Driver file for pgf: pgfsys-xetex.def
(c:/texlive/2024/texmf-dist/tex/generic/pgf/systemlayer/pgfsys-xetex.def
File: pgfsys-xetex.def 2023-01-15 v3.1.10 (3.1.10)
(c:/texlive/2024/texmf-dist/tex/generic/pgf/systemlayer/pgfsys-dvipdfmx.def
File: pgfsys-dvipdfmx.def 2023-01-15 v3.1.10 (3.1.10)
(c:/texlive/2024/texmf-dist/tex/generic/pgf/systemlayer/pgfsys-common-pdf.def
File: pgfsys-common-pdf.def 2023-01-15 v3.1.10 (3.1.10)
)
\pgfsys@objnum=\count359
)))
(c:/texlive/2024/texmf-dist/tex/generic/pgf/systemlayer/pgfsyssoftpath.code.tex
File: pgfsyssoftpath.code.tex 2023-01-15 v3.1.10 (3.1.10)
\pgfsyssoftpath@smallbuffer@items=\count360
\pgfsyssoftpath@bigbuffer@items=\count361
)
(c:/texlive/2024/texmf-dist/tex/generic/pgf/systemlayer/pgfsysprotocol.code.tex
File: pgfsysprotocol.code.tex 2023-01-15 v3.1.10 (3.1.10)
)) (c:/texlive/2024/texmf-dist/tex/generic/pgf/basiclayer/pgfcore.code.tex
Package: pgfcore 2023-01-15 v3.1.10 (3.1.10)
(c:/texlive/2024/texmf-dist/tex/generic/pgf/math/pgfmath.code.tex (c:/texlive/2
024/texmf-dist/tex/generic/pgf/math/pgfmathutil.code.tex) (c:/texlive/2024/texm
f-dist/tex/generic/pgf/math/pgfmathparser.code.tex
\pgfmath@dimen=\dimen299
\pgfmath@count=\count362
\pgfmath@box=\box71
\pgfmath@toks=\toks47
\pgfmath@stack@operand=\toks48
\pgfmath@stack@operation=\toks49
) (c:/texlive/2024/texmf-dist/tex/generic/pgf/math/pgfmathfunctions.code.tex)
(c:/texlive/2024/texmf-dist/tex/generic/pgf/math/pgfmathfunctions.basic.code.te
x)
(c:/texlive/2024/texmf-dist/tex/generic/pgf/math/pgfmathfunctions.trigonometric
.code.tex)
(c:/texlive/2024/texmf-dist/tex/generic/pgf/math/pgfmathfunctions.random.code.t
ex)
(c:/texlive/2024/texmf-dist/tex/generic/pgf/math/pgfmathfunctions.comparison.co
de.tex)
(c:/texlive/2024/texmf-dist/tex/generic/pgf/math/pgfmathfunctions.base.code.tex
)
(c:/texlive/2024/texmf-dist/tex/generic/pgf/math/pgfmathfunctions.round.code.te
x)
(c:/texlive/2024/texmf-dist/tex/generic/pgf/math/pgfmathfunctions.misc.code.tex
)
(c:/texlive/2024/texmf-dist/tex/generic/pgf/math/pgfmathfunctions.integerarithm
etics.code.tex) (c:/texlive/2024/texmf-dist/tex/generic/pgf/math/pgfmathcalc.co
de.tex) (c:/texlive/2024/texmf-dist/tex/generic/pgf/math/pgfmathfloat.code.tex
\c@pgfmathroundto@lastzeros=\count363
)) (c:/texlive/2024/texmf-dist/tex/generic/pgf/math/pgfint.code.tex) (c:/texliv
e/2024/texmf-dist/tex/generic/pgf/basiclayer/pgfcorepoints.code.tex
File: pgfcorepoints.code.tex 2023-01-15 v3.1.10 (3.1.10)
\pgf@picminx=\dimen300
\pgf@picmaxx=\dimen301
\pgf@picminy=\dimen302
\pgf@picmaxy=\dimen303
\pgf@pathminx=\dimen304
\pgf@pathmaxx=\dimen305
\pgf@pathminy=\dimen306
\pgf@pathmaxy=\dimen307
\pgf@xx=\dimen308
\pgf@xy=\dimen309
\pgf@yx=\dimen310
\pgf@yy=\dimen311
\pgf@zx=\dimen312
\pgf@zy=\dimen313
)
(c:/texlive/2024/texmf-dist/tex/generic/pgf/basiclayer/pgfcorepathconstruct.cod
e.tex
File: pgfcorepathconstruct.code.tex 2023-01-15 v3.1.10 (3.1.10)
\pgf@path@lastx=\dimen314
\pgf@path@lasty=\dimen315
)
(c:/texlive/2024/texmf-dist/tex/generic/pgf/basiclayer/pgfcorepathusage.code.te
x
File: pgfcorepathusage.code.tex 2023-01-15 v3.1.10 (3.1.10)
\pgf@shorten@end@additional=\dimen316
\pgf@shorten@start@additional=\dimen317
) (c:/texlive/2024/texmf-dist/tex/generic/pgf/basiclayer/pgfcorescopes.code.tex
File: pgfcorescopes.code.tex 2023-01-15 v3.1.10 (3.1.10)
\pgfpic=\box72
\pgf@hbox=\box73
\pgf@layerbox@main=\box74
\pgf@picture@serial@count=\count364
)
(c:/texlive/2024/texmf-dist/tex/generic/pgf/basiclayer/pgfcoregraphicstate.code
.tex
File: pgfcoregraphicstate.code.tex 2023-01-15 v3.1.10 (3.1.10)
\pgflinewidth=\dimen318
)
(c:/texlive/2024/texmf-dist/tex/generic/pgf/basiclayer/pgfcoretransformations.c
ode.tex
File: pgfcoretransformations.code.tex 2023-01-15 v3.1.10 (3.1.10)
\pgf@pt@x=\dimen319
\pgf@pt@y=\dimen320
\pgf@pt@temp=\dimen321
) (c:/texlive/2024/texmf-dist/tex/generic/pgf/basiclayer/pgfcorequick.code.tex
File: pgfcorequick.code.tex 2023-01-15 v3.1.10 (3.1.10)
) (c:/texlive/2024/texmf-dist/tex/generic/pgf/basiclayer/pgfcoreobjects.code.te
x
File: pgfcoreobjects.code.tex 2023-01-15 v3.1.10 (3.1.10)
)
(c:/texlive/2024/texmf-dist/tex/generic/pgf/basiclayer/pgfcorepathprocessing.co
de.tex
File: pgfcorepathprocessing.code.tex 2023-01-15 v3.1.10 (3.1.10)
) (c:/texlive/2024/texmf-dist/tex/generic/pgf/basiclayer/pgfcorearrows.code.tex
File: pgfcorearrows.code.tex 2023-01-15 v3.1.10 (3.1.10)
\pgfarrowsep=\dimen322
) (c:/texlive/2024/texmf-dist/tex/generic/pgf/basiclayer/pgfcoreshade.code.tex
File: pgfcoreshade.code.tex 2023-01-15 v3.1.10 (3.1.10)
\pgf@max=\dimen323
\pgf@sys@shading@range@num=\count365
\pgf@shadingcount=\count366
) (c:/texlive/2024/texmf-dist/tex/generic/pgf/basiclayer/pgfcoreimage.code.tex
File: pgfcoreimage.code.tex 2023-01-15 v3.1.10 (3.1.10)
)
(c:/texlive/2024/texmf-dist/tex/generic/pgf/basiclayer/pgfcoreexternal.code.tex
File: pgfcoreexternal.code.tex 2023-01-15 v3.1.10 (3.1.10)
\pgfexternal@startupbox=\box75
) (c:/texlive/2024/texmf-dist/tex/generic/pgf/basiclayer/pgfcorelayers.code.tex
File: pgfcorelayers.code.tex 2023-01-15 v3.1.10 (3.1.10)
)
(c:/texlive/2024/texmf-dist/tex/generic/pgf/basiclayer/pgfcoretransparency.code
.tex
File: pgfcoretransparency.code.tex 2023-01-15 v3.1.10 (3.1.10)
)
(c:/texlive/2024/texmf-dist/tex/generic/pgf/basiclayer/pgfcorepatterns.code.tex
File: pgfcorepatterns.code.tex 2023-01-15 v3.1.10 (3.1.10)
) (c:/texlive/2024/texmf-dist/tex/generic/pgf/basiclayer/pgfcorerdf.code.tex
File: pgfcorerdf.code.tex 2023-01-15 v3.1.10 (3.1.10)
))) (c:/texlive/2024/texmf-dist/tex/generic/pgf/modules/pgfmoduleshapes.code.te
x
File: pgfmoduleshapes.code.tex 2023-01-15 v3.1.10 (3.1.10)
\pgfnodeparttextbox=\box76
) (c:/texlive/2024/texmf-dist/tex/generic/pgf/modules/pgfmoduleplot.code.tex
File: pgfmoduleplot.code.tex 2023-01-15 v3.1.10 (3.1.10)
)
(c:/texlive/2024/texmf-dist/tex/latex/pgf/compatibility/pgfcomp-version-0-65.st
y
Package: pgfcomp-version-0-65 2023-01-15 v3.1.10 (3.1.10)
\pgf@nodesepstart=\dimen324
\pgf@nodesepend=\dimen325
)
(c:/texlive/2024/texmf-dist/tex/latex/pgf/compatibility/pgfcomp-version-1-18.st
y
Package: pgfcomp-version-1-18 2023-01-15 v3.1.10 (3.1.10)
)) (c:/texlive/2024/texmf-dist/tex/latex/pgf/utilities/pgffor.sty (c:/texlive/2
024/texmf-dist/tex/latex/pgf/utilities/pgfkeys.sty (c:/texlive/2024/texmf-dist/
tex/generic/pgf/utilities/pgfkeys.code.tex)) (c:/texlive/2024/texmf-dist/tex/la
tex/pgf/math/pgfmath.sty (c:/texlive/2024/texmf-dist/tex/generic/pgf/math/pgfma
th.code.tex)) (c:/texlive/2024/texmf-dist/tex/generic/pgf/utilities/pgffor.code
.tex
Package: pgffor 2023-01-15 v3.1.10 (3.1.10)
\pgffor@iter=\dimen326
\pgffor@skip=\dimen327
\pgffor@stack=\toks50
\pgffor@toks=\toks51
)) (c:/texlive/2024/texmf-dist/tex/generic/pgf/frontendlayer/tikz/tikz.code.tex
Package: tikz 2023-01-15 v3.1.10 (3.1.10)

(c:/texlive/2024/texmf-dist/tex/generic/pgf/libraries/pgflibraryplothandlers.co
de.tex
File: pgflibraryplothandlers.code.tex 2023-01-15 v3.1.10 (3.1.10)
\pgf@plot@mark@count=\count367
\pgfplotmarksize=\dimen328
)
\tikz@lastx=\dimen329
\tikz@lasty=\dimen330
\tikz@lastxsaved=\dimen331
\tikz@lastysaved=\dimen332
\tikz@lastmovetox=\dimen333
\tikz@lastmovetoy=\dimen334
\tikzleveldistance=\dimen335
\tikzsiblingdistance=\dimen336
\tikz@figbox=\box77
\tikz@figbox@bg=\box78
\tikz@tempbox=\box79
\tikz@tempbox@bg=\box80
\tikztreelevel=\count368
\tikznumberofchildren=\count369
\tikznumberofcurrentchild=\count370
\tikz@fig@count=\count371
(c:/texlive/2024/texmf-dist/tex/generic/pgf/modules/pgfmodulematrix.code.tex
File: pgfmodulematrix.code.tex 2023-01-15 v3.1.10 (3.1.10)
\pgfmatrixcurrentrow=\count372
\pgfmatrixcurrentcolumn=\count373
\pgf@matrix@numberofcolumns=\count374
)
\tikz@expandcount=\count375

(c:/texlive/2024/texmf-dist/tex/generic/pgf/frontendlayer/tikz/libraries/tikzli
brarytopaths.code.tex
File: tikzlibrarytopaths.code.tex 2023-01-15 v3.1.10 (3.1.10)
)))
(c:/texlive/2024/texmf-dist/tex/generic/pgf/frontendlayer/tikz/libraries/tikzli
brarypositioning.code.tex
File: tikzlibrarypositioning.code.tex 2023-01-15 v3.1.10 (3.1.10)
)
(c:/texlive/2024/texmf-dist/tex/generic/pgf/libraries/pgflibraryarrows.meta.cod
e.tex
File: pgflibraryarrows.meta.code.tex 2023-01-15 v3.1.10 (3.1.10)
\pgfarrowinset=\dimen337
\pgfarrowlength=\dimen338
\pgfarrowwidth=\dimen339
\pgfarrowlinewidth=\dimen340
)
(c:/texlive/2024/texmf-dist/tex/generic/pgf/frontendlayer/tikz/libraries/tikzli
brarycalc.code.tex
File: tikzlibrarycalc.code.tex 2023-01-15 v3.1.10 (3.1.10)
)
(c:/texlive/2024/texmf-dist/tex/generic/pgf/frontendlayer/tikz/libraries/tikzli
braryshapes.code.tex
File: tikzlibraryshapes.code.tex 2023-01-15 v3.1.10 (3.1.10)

(c:/texlive/2024/texmf-dist/tex/generic/pgf/frontendlayer/tikz/libraries/tikzli
braryshapes.geometric.code.tex
File: tikzlibraryshapes.geometric.code.tex 2023-01-15 v3.1.10 (3.1.10)

(c:/texlive/2024/texmf-dist/tex/generic/pgf/libraries/shapes/pgflibraryshapes.g
eometric.code.tex
File: pgflibraryshapes.geometric.code.tex 2023-01-15 v3.1.10 (3.1.10)
))
(c:/texlive/2024/texmf-dist/tex/generic/pgf/frontendlayer/tikz/libraries/tikzli
braryshapes.misc.code.tex
File: tikzlibraryshapes.misc.code.tex 2023-01-15 v3.1.10 (3.1.10)

(c:/texlive/2024/texmf-dist/tex/generic/pgf/libraries/shapes/pgflibraryshapes.m
isc.code.tex
File: pgflibraryshapes.misc.code.tex 2023-01-15 v3.1.10 (3.1.10)
))
(c:/texlive/2024/texmf-dist/tex/generic/pgf/frontendlayer/tikz/libraries/tikzli
braryshapes.symbols.code.tex
File: tikzlibraryshapes.symbols.code.tex 2023-01-15 v3.1.10 (3.1.10)

(c:/texlive/2024/texmf-dist/tex/generic/pgf/libraries/shapes/pgflibraryshapes.s
ymbols.code.tex
File: pgflibraryshapes.symbols.code.tex 2023-01-15 v3.1.10 (3.1.10)
))
(c:/texlive/2024/texmf-dist/tex/generic/pgf/frontendlayer/tikz/libraries/tikzli
braryshapes.arrows.code.tex
File: tikzlibraryshapes.arrows.code.tex 2023-01-15 v3.1.10 (3.1.10)

(c:/texlive/2024/texmf-dist/tex/generic/pgf/libraries/shapes/pgflibraryshapes.a
rrows.code.tex
File: pgflibraryshapes.arrows.code.tex 2023-01-15 v3.1.10 (3.1.10)
))
(c:/texlive/2024/texmf-dist/tex/generic/pgf/frontendlayer/tikz/libraries/tikzli
braryshapes.callouts.code.tex
(c:/texlive/2024/texmf-dist/tex/generic/pgf/libraries/shapes/pgflibraryshapes.c
allouts.code.tex))
(c:/texlive/2024/texmf-dist/tex/generic/pgf/frontendlayer/tikz/libraries/tikzli
braryshapes.multipart.code.tex
File: tikzlibraryshapes.multipart.code.tex 2023-01-15 v3.1.10 (3.1.10)

(c:/texlive/2024/texmf-dist/tex/generic/pgf/libraries/shapes/pgflibraryshapes.m
ultipart.code.tex
File: pgflibraryshapes.multipart.code.tex 2023-01-15 v3.1.10 (3.1.10)
\pgfnodepartlowerbox=\box81
\pgfnodeparttwobox=\box82
\pgfnodepartthreebox=\box83
\pgfnodepartfourbox=\box84
\pgfnodeparttwentybox=\box85
\pgfnodepartnineteenbox=\box86
\pgfnodeparteighteenbox=\box87
\pgfnodepartseventeenbox=\box88
\pgfnodepartsixteenbox=\box89
\pgfnodepartfifteenbox=\box90
\pgfnodepartfourteenbox=\box91
\pgfnodepartthirteenbox=\box92
\pgfnodeparttwelvebox=\box93
\pgfnodepartelevenbox=\box94
\pgfnodeparttenbox=\box95
\pgfnodepartninebox=\box96
\pgfnodeparteightbox=\box97
\pgfnodepartsevenbox=\box98
\pgfnodepartsixbox=\box99
\pgfnodepartfivebox=\box100
)))
(c:/texlive/2024/texmf-dist/tex/generic/pgf/frontendlayer/tikz/libraries/tikzli
braryshadows.code.tex
File: tikzlibraryshadows.code.tex 2023-01-15 v3.1.10 (3.1.10)

(c:/texlive/2024/texmf-dist/tex/generic/pgf/frontendlayer/tikz/libraries/tikzli
braryfadings.code.tex
File: tikzlibraryfadings.code.tex 2023-01-15 v3.1.10 (3.1.10)

(c:/texlive/2024/texmf-dist/tex/generic/pgf/libraries/pgflibraryfadings.code.te
x
File: pgflibraryfadings.code.tex 2023-01-15 v3.1.10 (3.1.10)
))) (c:/texlive/2024/texmf-dist/tex/latex/tools/bm.sty
Package: bm 2023/07/08 v1.2f Bold Symbol Support (DPC/FMi)
\symboldoperators=\mathgroup7
\symboldletters=\mathgroup8
\symboldsymbols=\mathgroup9
\symboldlargesymbols=\mathgroup10
Package bm Info: No bold for \U/msa/m/n, using \pmb.
Package bm Info: No bold for \U/msb/m/n, using \pmb.
LaTeX Font Info:    Redeclaring math alphabet \mathbf on input line 149.
) (c:/texlive/2024/texmf-dist/tex/latex/multirow/multirow.sty
Package: multirow 2021/03/15 v2.8 Span multiple rows of a table
\multirow@colwidth=\skip90
\multirow@cntb=\count376
\multirow@dima=\skip91
\bigstrutjot=\dimen341
) (c:/texlive/2024/texmf-dist/tex/latex/enumitem/enumitem.sty
Package: enumitem 2019/06/20 v3.9 Customized lists
\enitkv@toks@=\toks52
\labelindent=\skip92
\enit@outerparindent=\dimen342
\enit@toks=\toks53
\enit@inbox=\box101
\enit@count@id=\count377
\enitdp@description=\count378
)
\c@assumption=\count379
\c@definition=\count380
\c@problem=\count381
\c@remark=\count382
\c@prop=\count383
\c@lem=\count384
Package hyperref Info: Option `colorlinks' set `true' on input line 101.
Package hyperref Info: Option `pdfdisplaydoctitle' set `true' on input line 101
.
\c@theorem=\count385
Include comment 'screenonly' Excluding comment 'printonly' Include comment 'ano
nsuppress' (./paper04.aux)
\openout1 = `paper04.aux'.

LaTeX Font Info:    Checking defaults for OML/cmm/m/it on input line 101.
LaTeX Font Info:    ... okay on input line 101.
LaTeX Font Info:    Checking defaults for OMS/cmsy/m/n on input line 101.
LaTeX Font Info:    ... okay on input line 101.
LaTeX Font Info:    Checking defaults for OT1/cmr/m/n on input line 101.
LaTeX Font Info:    ... okay on input line 101.
LaTeX Font Info:    Checking defaults for T1/cmr/m/n on input line 101.
LaTeX Font Info:    ... okay on input line 101.
LaTeX Font Info:    Checking defaults for TS1/cmr/m/n on input line 101.
LaTeX Font Info:    ... okay on input line 101.
LaTeX Font Info:    Checking defaults for TU/lmr/m/n on input line 101.
LaTeX Font Info:    ... okay on input line 101.
LaTeX Font Info:    Checking defaults for OMX/cmex/m/n on input line 101.
LaTeX Font Info:    ... okay on input line 101.
LaTeX Font Info:    Checking defaults for U/cmr/m/n on input line 101.
LaTeX Font Info:    ... okay on input line 101.
LaTeX Font Info:    Checking defaults for PD1/pdf/m/n on input line 101.
LaTeX Font Info:    ... okay on input line 101.
LaTeX Font Info:    Checking defaults for PU/pdf/m/n on input line 101.
LaTeX Font Info:    ... okay on input line 101.
LaTeX Font Info:    Font shape `TU/LinLibertine(0)/m/n' will be
(Font)              scaled to size 7.0pt on input line 101.
LaTeX Font Info:    Font shape `TU/LibertinusMath-Regular.otf(1)/m/n' will be
(Font)              scaled to size 7.26596pt on input line 101.
LaTeX Font Info:    Font shape `TU/LibertinusMath-Regular.otf(1)/m/n' will be
(Font)              scaled to size 5.18997pt on input line 101.
LaTeX Font Info:    Font shape `TU/LibertinusMath-Regular.otf(2)/m/n' will be
(Font)              scaled to size 7.2666pt on input line 101.
LaTeX Font Info:    Font shape `TU/LibertinusMath-Regular.otf(2)/m/n' will be
(Font)              scaled to size 5.19043pt on input line 101.
LaTeX Font Info:    Font shape `TU/LibertinusMath-Regular.otf(3)/m/n' will be
(Font)              scaled to size 7.26521pt on input line 101.
LaTeX Font Info:    Font shape `TU/LibertinusMath-Regular.otf(3)/m/n' will be
(Font)              scaled to size 5.18944pt on input line 101.
LaTeX Font Info:    Trying to load font information for U+msa on input line 101
.
(c:/texlive/2024/texmf-dist/tex/latex/amsfonts/umsa.fd
File: umsa.fd 2013/01/14 v3.01 AMS symbols A
)
LaTeX Font Info:    Trying to load font information for U+msb on input line 101
.
(c:/texlive/2024/texmf-dist/tex/latex/amsfonts/umsb.fd
File: umsb.fd 2013/01/14 v3.01 AMS symbols B
)

LaTeX Font Warning: Font shape `TU/LibertinusMath-Regular.otf(1)/b/n' undefined

(Font)              using `TU/LibertinusMath-Regular.otf(1)/m/n' instead on inp
ut line 101.

LaTeX Font Info:    Font shape `TU/LibertinusMath-Regular.otf(1)/b/n' will be
(Font)              scaled to size 5.18997pt on input line 101.

LaTeX Font Warning: Font shape `TU/LibertinusMath-Regular.otf(2)/b/n' undefined

(Font)              using `TU/LibertinusMath-Regular.otf(2)/m/n' instead on inp
ut line 101.

LaTeX Font Info:    Font shape `TU/LibertinusMath-Regular.otf(2)/b/n' will be
(Font)              scaled to size 5.19043pt on input line 101.

LaTeX Font Warning: Font shape `TU/LibertinusMath-Regular.otf(3)/b/n' undefined

(Font)              using `TU/LibertinusMath-Regular.otf(3)/m/n' instead on inp
ut line 101.

LaTeX Font Info:    Font shape `TU/LibertinusMath-Regular.otf(3)/b/n' will be
(Font)              scaled to size 5.18944pt on input line 101.
LaTeX Info: Redefining \microtypecontext on input line 101.
Package microtype Info: Applying patch `item' on input line 101.
Package microtype Info: Applying patch `toc' on input line 101.
Package microtype Info: Applying patch `eqnum' on input line 101.
Package microtype Info: Applying patch `footnote' on input line 101.
Package microtype Info: Applying patch `verbatim' on input line 101.
Package microtype Info: Character protrusion enabled (level 2).
Package microtype Info: Using default protrusion set `alltext'.
Package microtype Info: No adjustment of tracking.
Package microtype Info: No adjustment of spacing.
Package microtype Info: No adjustment of kerning.
Package microtype Info: Loading generic protrusion settings for font family
(microtype)             `LinLibertine' (encoding: TU).
(microtype)             For optimal results, create family-specific settings.
(microtype)             See the microtype manual for details.
Package hyperref Info: Link coloring ON on input line 101.
(./paper04.out) (./paper04.out)
\@outlinefile=\write5
\openout5 = `paper04.out'.

*geometry* driver: auto-detecting
*geometry* detected driver: xetex
*geometry* verbose mode - [ preamble ] result:
* driver: xetex
* paper: letterpaper
* layout: <same size as paper>
* layoutoffset:(h,v)=(0.0pt,0.0pt)
* modes: twoside heightrounded 
* h-part:(L,W,R)=(73.71613pt, 430.00462pt, 110.57425pt)
* v-part:(T,H,B)=(95.39737pt, 556.47656pt, 143.09605pt)
* \paperwidth=614.295pt
* \paperheight=794.96999pt
* \textwidth=430.00462pt
* \textheight=560.0pt
* \oddsidemargin=1.44614pt
* \evensidemargin=38.30426pt
* \topmargin=-3.87262pt
* \headheight=20.48303pt
* \headsep=14.0pt
* \topskip=10.0pt
* \footskip=12.0pt
* \marginparwidth=72.0pt
* \marginparsep=11.0pt
* \columnsep=10.0pt
* \skip\footins=7.0pt plus 11.0pt
* \hoffset=0.0pt
* \voffset=0.0pt
* \mag=1000
* \@twocolumnfalse
* \@twosidetrue
* \@mparswitchtrue
* \@reversemarginfalse
* (1in=72.27pt=25.4mm, 1cm=28.453pt)

Package caption Info: Begin \AtBeginDocument code.
Package caption Info: float package is loaded.
Package caption Info: threeparttable package is loaded.
Package caption Info: End \AtBeginDocument code.
LaTeX Font Info:    Font shape `TU/LinLibertine(0)/m/n' will be
(Font)              scaled to size 12.0pt on input line 186.

Package fontspec Info: Could not resolve font "Microsoft YaHei Bold/I" (it
(fontspec)             probably doesn't exist).


Package fontspec Info: Could not resolve font "Microsoft YaHei/I" (it probably
(fontspec)             doesn't exist).

LaTeX Font Info:    Font shape `TU/LinBiolinum(0)/m/n' will be
(Font)              scaled to size 9.0pt on input line 186.
Package microtype Info: Loading generic protrusion settings for font family
(microtype)             `LinBiolinum' (encoding: TU).
(microtype)             For optimal results, create family-specific settings.
(microtype)             See the microtype manual for details.

Package fontspec Info: Font family 'MicrosoftYaHei(0)' created for font
(fontspec)             'Microsoft YaHei' with options
(fontspec)             [Script={CJK},BoldFont={* Bold}].
(fontspec)              
(fontspec)              This font family consists of the following NFSS
(fontspec)             series/shapes:
(fontspec)              
(fontspec)             - 'normal' (m/n) with NFSS spec.: <->"Microsoft
(fontspec)             YaHei/OT:script=hani;language=dflt;"
(fontspec)             - 'small caps'  (m/sc) with NFSS spec.: 
(fontspec)             - 'bold' (b/n) with NFSS spec.: <->"Microsoft YaHei
(fontspec)             Bold/OT:script=hani;language=dflt;"
(fontspec)             - 'bold small caps'  (b/sc) with NFSS spec.: 
(fontspec)             - 'bold italic' (b/it) with NFSS spec.: <->"Microsoft
(fontspec)             YaHei/BI/OT:script=hani;language=dflt;"
(fontspec)             - 'bold italic small caps'  (b/scit) with NFSS spec.: 

LaTeX Font Info:    Font shape `TU/LinBiolinum(0)/m/n' will be
(Font)              scaled to size 12.0pt on input line 186.
LaTeX Font Info:    Font shape `TU/LinBiolinum(0)/b/n' will be
(Font)              scaled to size 12.0pt on input line 186.
LaTeX Font Info:    Font shape `TU/LinLibertine(0)/m/n' will be
(Font)              scaled to size 10.95pt on input line 186.
LaTeX Font Info:    Font shape `TU/LinBiolinum(0)/m/n' will be
(Font)              scaled to size 10.95pt on input line 186.
LaTeX Font Info:    Font shape `TU/LibertinusMath-Regular.otf(1)/m/n' will be
(Font)              scaled to size 11.36603pt on input line 186.
Package microtype Info: Loading generic protrusion settings for font family
(microtype)             `LibertinusMath-Regular.otf' (encoding: TU).
(microtype)             For optimal results, create family-specific settings.
(microtype)             See the microtype manual for details.
LaTeX Font Info:    Font shape `TU/LibertinusMath-Regular.otf(1)/m/n' will be
(Font)              scaled to size 8.30396pt on input line 186.
LaTeX Font Info:    Font shape `TU/LibertinusMath-Regular.otf(1)/m/n' will be
(Font)              scaled to size 6.22797pt on input line 186.
LaTeX Font Info:    Font shape `TU/LibertinusMath-Regular.otf(2)/m/n' will be
(Font)              scaled to size 11.36703pt on input line 186.
LaTeX Font Info:    Font shape `TU/LibertinusMath-Regular.otf(2)/m/n' will be
(Font)              scaled to size 8.30469pt on input line 186.
LaTeX Font Info:    Font shape `TU/LibertinusMath-Regular.otf(2)/m/n' will be
(Font)              scaled to size 6.22852pt on input line 186.
LaTeX Font Info:    Font shape `TU/LibertinusMath-Regular.otf(3)/m/n' will be
(Font)              scaled to size 11.36485pt on input line 186.
LaTeX Font Info:    Font shape `TU/LibertinusMath-Regular.otf(3)/m/n' will be
(Font)              scaled to size 8.3031pt on input line 186.
LaTeX Font Info:    Font shape `TU/LibertinusMath-Regular.otf(3)/m/n' will be
(Font)              scaled to size 6.22733pt on input line 186.
(c:/texlive/2024/texmf-dist/tex/latex/microtype/mt-msa.cfg
File: mt-msa.cfg 2006/02/04 v1.1 microtype config. file: AMS symbols (a) (RS)
) (c:/texlive/2024/texmf-dist/tex/latex/microtype/mt-msb.cfg
File: mt-msb.cfg 2005/06/01 v1.0 microtype config. file: AMS symbols (b) (RS)
)
Package microtype Info: Loading generic protrusion settings for font family
(microtype)             `latinmodern-math.otf' (encoding: TU).
(microtype)             For optimal results, create family-specific settings.
(microtype)             See the microtype manual for details.
LaTeX Font Info:    Font shape `TU/LibertinusMath-Regular.otf(1)/b/n' will be
(Font)              scaled to size 11.36603pt on input line 186.
LaTeX Font Info:    Font shape `TU/LibertinusMath-Regular.otf(1)/b/n' will be
(Font)              scaled to size 8.30396pt on input line 186.
LaTeX Font Info:    Font shape `TU/LibertinusMath-Regular.otf(1)/b/n' will be
(Font)              scaled to size 6.22797pt on input line 186.
LaTeX Font Info:    Font shape `TU/LibertinusMath-Regular.otf(2)/b/n' will be
(Font)              scaled to size 11.36703pt on input line 186.
LaTeX Font Info:    Font shape `TU/LibertinusMath-Regular.otf(2)/b/n' will be
(Font)              scaled to size 8.30469pt on input line 186.
LaTeX Font Info:    Font shape `TU/LibertinusMath-Regular.otf(2)/b/n' will be
(Font)              scaled to size 6.22852pt on input line 186.
LaTeX Font Info:    Font shape `TU/LibertinusMath-Regular.otf(3)/b/n' will be
(Font)              scaled to size 11.36485pt on input line 186.
LaTeX Font Info:    Font shape `TU/LibertinusMath-Regular.otf(3)/b/n' will be
(Font)              scaled to size 8.3031pt on input line 186.
LaTeX Font Info:    Font shape `TU/LibertinusMath-Regular.otf(3)/b/n' will be
(Font)              scaled to size 6.22733pt on input line 186.
LaTeX Font Info:    Font shape `TU/LibertinusMath-Regular.otf(1)/b/n' will be
(Font)              scaled to size 7.26596pt on input line 186.
LaTeX Font Info:    Font shape `TU/LibertinusMath-Regular.otf(2)/b/n' will be
(Font)              scaled to size 7.2666pt on input line 186.
LaTeX Font Info:    Font shape `TU/LibertinusMath-Regular.otf(3)/b/n' will be
(Font)              scaled to size 7.26521pt on input line 186.
LaTeX Font Info:    Font shape `TU/LinLibertine(0)/m/n' will be
(Font)              scaled to size 5.0pt on input line 186.
LaTeX Font Info:    Font shape `TU/LinLibertine(0)/m/n' will be
(Font)              scaled to size 8.0pt on input line 186.
LaTeX Font Info:    Font shape `TU/LinLibertine(0)/m/it' will be
(Font)              scaled to size 8.0pt on input line 186.
LaTeX Font Info:    Font shape `TU/LinLibertine(0)/b/n' will be
(Font)              scaled to size 8.0pt on input line 186.
LaTeX Font Info:    Font shape `TU/LinLibertine(0)/m/sc' will be
(Font)              scaled to size 8.0pt on input line 186.
LaTeX Font Info:    Font shape `TU/LinBiolinum(0)/b/n' will be
(Font)              scaled to size 9.0pt on input line 189.
LaTeX Font Info:    Font shape `TU/LinLibertine(0)/m/n' will be
(Font)              scaled to size 6.0pt on input line 201.
[1.1]
LaTeX Font Info:    Font shape `TU/LinLibertine(0)/m/it' will be
(Font)              scaled to size 9.0pt on input line 204.
LaTeX Font Info:    Font shape `TU/LibertinusMath-Regular.otf(1)/m/n' will be
(Font)              scaled to size 7.47354pt on input line 205.
LaTeX Font Info:    Font shape `TU/LibertinusMath-Regular.otf(1)/m/n' will be
(Font)              scaled to size 5.60515pt on input line 205.
LaTeX Font Info:    Font shape `TU/LibertinusMath-Regular.otf(2)/m/n' will be
(Font)              scaled to size 9.34277pt on input line 205.
LaTeX Font Info:    Font shape `TU/LibertinusMath-Regular.otf(2)/m/n' will be
(Font)              scaled to size 7.47421pt on input line 205.
LaTeX Font Info:    Font shape `TU/LibertinusMath-Regular.otf(2)/m/n' will be
(Font)              scaled to size 5.60565pt on input line 205.
LaTeX Font Info:    Font shape `TU/LibertinusMath-Regular.otf(3)/m/n' will be
(Font)              scaled to size 9.34099pt on input line 205.
LaTeX Font Info:    Font shape `TU/LibertinusMath-Regular.otf(3)/m/n' will be
(Font)              scaled to size 7.47278pt on input line 205.
LaTeX Font Info:    Font shape `TU/LibertinusMath-Regular.otf(3)/m/n' will be
(Font)              scaled to size 5.60458pt on input line 205.
LaTeX Font Info:    Font shape `TU/LibertinusMath-Regular.otf(1)/b/n' will be
(Font)              scaled to size 9.34195pt on input line 205.
LaTeX Font Info:    Font shape `TU/LibertinusMath-Regular.otf(1)/b/n' will be
(Font)              scaled to size 7.47354pt on input line 205.
LaTeX Font Info:    Font shape `TU/LibertinusMath-Regular.otf(1)/b/n' will be
(Font)              scaled to size 5.60515pt on input line 205.
LaTeX Font Info:    Font shape `TU/LibertinusMath-Regular.otf(2)/b/n' will be
(Font)              scaled to size 9.34277pt on input line 205.
LaTeX Font Info:    Font shape `TU/LibertinusMath-Regular.otf(2)/b/n' will be
(Font)              scaled to size 7.47421pt on input line 205.
LaTeX Font Info:    Font shape `TU/LibertinusMath-Regular.otf(2)/b/n' will be
(Font)              scaled to size 5.60565pt on input line 205.
LaTeX Font Info:    Font shape `TU/LibertinusMath-Regular.otf(3)/b/n' will be
(Font)              scaled to size 9.34099pt on input line 205.
LaTeX Font Info:    Font shape `TU/LibertinusMath-Regular.otf(3)/b/n' will be
(Font)              scaled to size 7.47278pt on input line 205.
LaTeX Font Info:    Font shape `TU/LibertinusMath-Regular.otf(3)/b/n' will be
(Font)              scaled to size 5.60458pt on input line 205.
LaTeX Font Info:    Font shape `TU/LinLibertine(1)/m/n' will be
(Font)              scaled to size 9.0pt on input line 205.
LaTeX Font Info:    Font shape `TU/LinLibertine(1)/m/n' will be
(Font)              scaled to size 7.2pt on input line 205.
LaTeX Font Info:    Font shape `TU/LinLibertine(1)/m/n' will be
(Font)              scaled to size 5.4pt on input line 205.
LaTeX Font Info:    Font shape `TU/LinLibertine(0)/b/n' will be
(Font)              scaled to size 9.0pt on input line 234.
File: figures/fig_strc_motivate.pdf Graphic file (type pdf)
<use figures/fig_strc_motivate.pdf>
LaTeX Font Info:    Font shape `TU/LinBiolinum(0)/m/n' will be
(Font)              scaled to size 8.0pt on input line 254.
LaTeX Font Info:    Font shape `TU/LinLibertine(0)/m/sc' will be
(Font)              scaled to size 9.0pt on input line 265.
[2.2]
LaTeX Font Info:    Font shape `TU/LinLibertine(0)/b/sc' will be
(Font)              scaled to size 9.0pt on input line 306.
[3.3]
Underfull \vbox (badness 1142) has occurred while \output is active []

[4.4] [5.5]
LaTeX Font Info:    Font shape `TU/LinBiolinum(0)/m/it' will be
(Font)              scaled to size 8.0pt on input line 464.

LaTeX Font Warning: Font shape `TU/MicrosoftYaHei(0)/m/it' undefined
(Font)              using `TU/MicrosoftYaHei(0)/m/n' instead on input line 464.


LaTeX Font Info:    Font shape `TU/LinLibertine(1)/m/n' will be
(Font)              scaled to size 8.0pt on input line 467.
LaTeX Font Info:    Font shape `TU/LinLibertine(1)/m/n' will be
(Font)              scaled to size 6.0pt on input line 467.
LaTeX Font Info:    Font shape `TU/LinLibertine(1)/m/n' will be
(Font)              scaled to size 5.0pt on input line 467.

Underfull \hbox (badness 1122) in paragraph at lines 472--473
[]|\TU/LinLibertine(1)/m/n/8 AOR [[], [], []]; match-
 []


Underfull \hbox (badness 10000) in paragraph at lines 483--484
[]|\TU/LinLibertine(1)/m/n/8 Online MAPF \TU/SimSun(0)/m/n/8 的 \TU/LinLibertine
(1)/m/n/8 Re-
 []


Underfull \hbox (badness 7151) in paragraph at lines 483--484
\TU/LinLibertine(1)/m/n/8 plan Affected [[], []];
 []


Underfull \hbox (badness 6364) in paragraph at lines 490--491
[]\TU/LinLibertine(1)/m/n/8 , [], []]; \TU/SimSun(0)/m/n/8 一 体 化 排
 []


Underfull \vbox (badness 2393) has occurred while \output is active []

[6.6]

LaTeX Font Warning: Font shape `TU/SimSun(0)/m/sc' undefined
(Font)              using `TU/SimSun(0)/m/n' instead on input line 580.

LaTeX Font Info:    Font shape `TU/LinLibertine(0)/b/it' will be
(Font)              scaled to size 9.0pt on input line 583.

LaTeX Font Warning: Font shape `TU/SimSun(0)/b/it' undefined
(Font)              using `TU/SimSun(0)/b/n' instead on input line 583.

[7.7]
LaTeX Font Info:    Font shape `TU/LinLibertine(0)/m/it' will be
(Font)              scaled to size 7.2pt on input line 695.
LaTeX Font Info:    Font shape `TU/LinLibertine(0)/m/it' will be
(Font)              scaled to size 5.4pt on input line 695.
[8.8]
File: figures/fig_strc_closure.pdf Graphic file (type pdf)
<use figures/fig_strc_closure.pdf>
[9.9]
File: figures/fig_strc_framework.pdf Graphic file (type pdf)
<use figures/fig_strc_framework.pdf>
LaTeX Font Info:    Font shape `TU/LinBiolinum(0)/m/sc' will be
(Font)              scaled to size 8.0pt on input line 820.
[10.10]
Package hyperref Info: bookmark level for unknown algorithm defaults to 0 on in
put line 885.
LaTeX Font Info:    Font shape `TU/LinLibertine(0)/m/n' will be
(Font)              scaled to size 7.2pt on input line 893.
LaTeX Font Info:    Font shape `TU/LinLibertine(0)/m/n' will be
(Font)              scaled to size 5.4pt on input line 893.

Package fontspec Info: Could not resolve font "FangSong/BI" (it probably
(fontspec)             doesn't exist).


Package fontspec Info: Could not resolve font "FangSong/B" (it probably
(fontspec)             doesn't exist).


Package fontspec Info: Could not resolve font "FangSong/I" (it probably
(fontspec)             doesn't exist).

Package microtype Info: Loading generic protrusion settings for font family
(microtype)             `inconsolata' (encoding: TU).
(microtype)             For optimal results, create family-specific settings.
(microtype)             See the microtype manual for details.

Package fontspec Info: Font family 'FangSong(0)' created for font 'FangSong'
(fontspec)             with options [Script={CJK}].
(fontspec)              
(fontspec)              This font family consists of the following NFSS
(fontspec)             series/shapes:
(fontspec)              
(fontspec)             - 'normal' (m/n) with NFSS spec.:
(fontspec)             <->"FangSong/OT:script=hani;language=dflt;"
(fontspec)             - 'small caps'  (m/sc) with NFSS spec.: 

[11.11] [12.12]
File: figures/fig_strc_e1e3.pdf Graphic file (type pdf)
<use figures/fig_strc_e1e3.pdf>
[13.13] [14.14]
File: figures/fig_strc_case.pdf Graphic file (type pdf)
<use figures/fig_strc_case.pdf>
[15.15]
File: figures/fig_strc_e5.pdf Graphic file (type pdf)
<use figures/fig_strc_e5.pdf>
[16.16]
File: figures/fig_strc_scale.pdf Graphic file (type pdf)
<use figures/fig_strc_scale.pdf>
[17.17] [18.18] (./paper04.bbl
LaTeX Font Info:    Font shape `TU/LinLibertine(0)/m/it' will be
(Font)              scaled to size 7.0pt on input line 45.
LaTeX Font Info:    Font shape `TU/LinLibertine(1)/m/n' will be
(Font)              scaled to size 7.0pt on input line 48.
[19.19])
LaTeX Font Info:    Font shape `TU/LinLibertine(1)/m/n' will be
(Font)              scaled to size 10.95pt on input line 1396.
(c:/texlive/2024/texmf-dist/tex/generic/stringenc/se-pdfdoc.def
File: se-pdfdoc.def 2019/11/29 v1.12 stringenc: PDFDocEncoding
) (c:/texlive/2024/texmf-dist/tex/generic/stringenc/se-utf32be.def
File: se-utf32be.def 2019/11/29 v1.12 stringenc: UTF-32BE
) [20.20] (./paper04.aux)
 ***********
LaTeX2e <2023-11-01> patch level 1
L3 programming layer <2022/07/14>
 ***********

LaTeX Font Warning: Some font shapes were not available, defaults substituted.

Package rerunfilecheck Info: File `paper04.out' has not changed.
(rerunfilecheck)             Checksum: 3682325BE71725CCCFC0CFA8500BAFC2;5821.
 ) 
Here is how much of TeX's memory you used:
 50022 strings out of 474772
 1058552 string characters out of 5761269
 1980842 words of memory out of 5000000
 71183 multiletter control sequences out of 15000+600000
 572706 words of font info for 210 fonts, out of 8000000 for 9000
 1509 hyphenation exceptions out of 8191
 105i,17n,135p,1004b,32979s stack positions out of 10000i,1000n,20000p,200000b,200000s

Output written on paper04.xdv (20 pages, 647088 bytes).
