instance,tag,arm,seed,gen,sec,best_makespan,surrogate,final_true_makespan,budget_sec
S8x4x4-LD21-H0.3-F0.6-A4-s42,high,twostage,42,1,0.031,89.0,1,81.0,46.29
S8x4x4-LD21-H0.3-F0.6-A4-s42,high,twostage,42,2,0.058,85.0,1,81.0,46.29
S8x4x4-LD21-H0.3-F0.6-A4-s42,high,twostage,42,3,0.083,85.0,1,81.0,46.29
S8x4x4-LD21-H0.3-F0.6-A4-s42,high,twostage,42,4,0.11,85.0,1,81.0,46.29
S8x4x4-LD21-H0.3-F0.6-A4-s42,high,twostage,42,5,0.138,78.0,1,81.0,46.29
S8x4x4-LD21-H0.3-F0.6-A4-s42,high,twostage,42,6,0.164,78.0,1,81.0,46.29
S8x4x4-LD21-H0.3-F0.6-A4-s42,high,twostage,42,7,0.188,78.0,1,81.0,46.29
S8x4x4-LD21-H0.3-F0.6-A4-s42,high,twostage,42,8,0.212,76.0,1,81.0,46.29
S8x4x4-LD21-H0.3-F0.6-A4-s42,high,twostage,42,9,0.239,76.0,1,81.0,46.29
S8x4x4-LD21-H0.3-F0.6-A4-s42,high,twostage,42,10,0.264,76.0,1,81.0,46.29
S8x4x4-LD21-H0.3-F0.6-A4-s42,high,twostage,42,11,0.289,76.0,1,81.0,46.29
S8x4x4-LD21-H0.3-F0.6-A4-s42,high,twostage,42,12,0.317,71.0,1,81.0,46.29
S8x4x4-LD21-H0.3-F0.6-A4-s42,high,twostage,42,13,0.345,71.0,1,81.0,46.29
S8x4x4-LD21-H0.3-F0.6-A4-s42,high,twostage,42,14,0.37,71.0,1,81.0,46.29
S8x4x4-LD21-H0.3-F0.6-A4-s42,high,twostage,42,15,0.395,71.0,1,81.0,46.29
S8x4x4-LD21-H0.3-F0.6-A4-s42,high,twostage,42,16,0.419,71.0,1,81.0,46.29
S8x4x4-LD21-H0.3-F0.6-A4-s42,high,twostage,42,17,0.442,71.0,1,81.0,46.29
S8x4x4-LD21-H0.3-F0.6-A4-s42,high,twostage,42,18,0.468,71.0,1,81.0,46.29
S8x4x4-LD21-H0.3-F0.6-A4-s42,high,twostage,42,19,0.492,71.0,1,81.0,46.29
S8x4x4-LD21-H0.3-F0.6-A4-s42,high,twostage,42,20,0.514,71.0,1,81.0,46.29
S8x4x4-LD21-H0.3-F0.6-A4-s42,high,twostage,42,21,0.538,71.0,1,81.0,46.29
S8x4x4-LD21-H0.3-F0.6-A4-s42,high,twostage,42,22,0.56,71.0,1,81.0,46.29
S8x4x4-LD21-H0.3-F0.6-A4-s42,high,twostage,42,23,0.585,71.0,1,81.0,46.29
S8x4x4-LD21-H0.3-F0.6-A4-s42,high,twostage,42,24,0.609,71.0,1,81.0,46.29
S8x4x4-LD21-H0.3-F0.6-A4-s42,high,twostage,42,25,0.633,71.0,1,81.0,46.29
S8x4x4-LD21-H0.3-F0.6-A4-s42,high,twostage,42,26,0.656,71.0,1,81.0,46.29
S8x4x4-LD21-H0.3-F0.6-A4-s42,high,twostage,42,27,0.682,71.0,1,81.0,46.29
S8x4x4-LD21-H0.3-F0.6-A4-s42,high,twostage,42,28,0.705,71.0,1,81.0,46.29
S8x4x4-LD21-H0.3-F0.6-A4-s42,high,twostage,42,29,0.726,71.0,1,81.0,46.29
S8x4x4-LD21-H0.3-F0.6-A4-s42,high,twostage,42,30,0.753,71.0,1,81.0,46.29
S8x4x4-LD21-H0.3-F0.6-A4-s42,high,twostage,42,31,0.779,71.0,1,81.0,46.29
S8x4x4-LD21-H0.3-F0.6-A4-s42,high,twostage,42,32,0.811,71.0,1,81.0,46.29
S8x4x4-LD21-H0.3-F0.6-A4-s42,high,twostage,42,33,0.834,71.0,1,81.0,46.29
S8x4x4-LD21-H0.3-F0.6-A4-s42,high,twostage,42,34,0.857,71.0,1,81.0,46.29
S8x4x4-LD21-H0.3-F0.6-A4-s42,high,twostage,42,35,0.879,71.0,1,81.0,46.29
S8x4x4-LD21-H0.3-F0.6-A4-s42,high,twostage,42,36,0.903,71.0,1,81.0,46.29
S8x4x4-LD21-H0.3-F0.6-A4-s42,high,twostage,42,37,0.929,71.0,1,81.0,46.29
S8x4x4-LD21-H0.3-F0.6-A4-s42,high,twostage,42,38,0.953,71.0,1,81.0,46.29
S8x4x4-LD21-H0.3-F0.6-A4-s42,high,twostage,42,39,0.976,71.0,1,81.0,46.29
S8x4x4-LD21-H0.3-F0.6-A4-s42,high,twostage,42,40,0.999,71.0,1,81.0,46.29
S8x4x4-LD21-H0.3-F0.6-A4-s42,high,twostage,42,41,1.022,71.0,1,81.0,46.29
S8x4x4-LD21-H0.3-F0.6-A4-s42,high,twostage,42,42,1.048,71.0,1,81.0,46.29
S8x4x4-LD21-H0.3-F0.6-A4-s42,high,twostage,42,43,1.07,71.0,1,81.0,46.29
S8x4x4-LD21-H0.3-F0.6-A4-s42,high,twostage,42,44,1.093,71.0,1,81.0,46.29
S8x4x4-LD21-H0.3-F0.6-A4-s42,high,twostage,42,45,1.116,71.0,1,81.0,46.29
S8x4x4-LD21-H0.3-F0.6-A4-s42,high,twostage,42,46,1.139,71.0,1,81.0,46.29
S8x4x4-LD21-H0.3-F0.6-A4-s42,high,twostage,42,47,1.164,71.0,1,81.0,46.29
S8x4x4-LD21-H0.3-F0.6-A4-s42,high,twostage,42,48,1.185,71.0,1,81.0,46.29
S8x4x4-LD21-H0.3-F0.6-A4-s42,high,twostage,42,49,1.208,71.0,1,81.0,46.29
S8x4x4-LD21-H0.3-F0.6-A4-s42,high,twostage,42,50,1.23,71.0,1,81.0,46.29
S8x4x4-LD21-H0.3-F0.6-A4-s42,high,twostage,42,51,1.253,71.0,1,81.0,46.29
S8x4x4-LD21-H0.3-F0.6-A4-s42,high,twostage,42,52,1.277,71.0,1,81.0,46.29
S8x4x4-LD21-H0.3-F0.6-A4-s42,high,twostage,42,53,1.3,71.0,1,81.0,46.29
S8x4x4-LD21-H0.3-F0.6-A4-s42,high,twostage,42,54,1.324,71.0,1,81.0,46.29
S8x4x4-LD21-H0.3-F0.6-A4-s42,high,twostage,42,55,1.347,71.0,1,81.0,46.29
S8x4x4-LD21-H0.3-F0.6-A4-s42,high,twostage,42,56,1.37,71.0,1,81.0,46.29
S8x4x4-LD21-H0.3-F0.6-A4-s42,high,twostage,42,57,1.394,71.0,1,81.0,46.29
S8x4x4-LD21-H0.3-F0.6-A4-s42,high,twostage,42,58,1.417,71.0,1,81.0,46.29
S8x4x4-LD21-H0.3-F0.6-A4-s42,high,twostage,42,59,1.44,71.0,1,81.0,46.29
S8x4x4-LD21-H0.3-F0.6-A4-s42,high,twostage,42,60,1.462,71.0,1,81.0,46.29
S8x4x4-LD21-H0.3-F0.6-A4-s42,high,twostage,42,61,1.486,71.0,1,81.0,46.29
S8x4x4-LD21-H0.3-F0.6-A4-s42,high,twostage,42,62,1.51,71.0,1,81.0,46.29
S8x4x4-LD21-H0.3-F0.6-A4-s42,high,twostage,42,63,1.535,71.0,1,81.0,46.29
S8x4x4-LD21-H0.3-F0.6-A4-s42,high,twostage,42,64,1.557,71.0,1,81.0,46.29
S8x4x4-LD21-H0.3-F0.6-A4-s42,high,twostage,42,65,1.581,71.0,1,81.0,46.29
S8x4x4-LD21-H0.3-F0.6-A4-s42,high,twostage,42,66,1.604,71.0,1,81.0,46.29
S8x4x4-LD21-H0.3-F0.6-A4-s42,high,twostage,42,67,1.63,71.0,1,81.0,46.29
S8x4x4-LD21-H0.3-F0.6-A4-s42,high,twostage,42,68,1.654,71.0,1,81.0,46.29
S8x4x4-LD21-H0.3-F0.6-A4-s42,high,twostage,42,69,1.678,71.0,1,81.0,46.29
S8x4x4-LD21-H0.3-F0.6-A4-s42,high,twostage,42,70,1.702,71.0,1,81.0,46.29
S8x4x4-LD21-H0.3-F0.6-A4-s42,high,twostage,42,71,1.724,71.0,1,81.0,46.29
S8x4x4-LD21-H0.3-F0.6-A4-s42,high,twostage,42,72,1.748,71.0,1,81.0,46.29
S8x4x4-LD21-H0.3-F0.6-A4-s42,high,twostage,42,73,1.77,71.0,1,81.0,46.29
S8x4x4-LD21-H0.3-F0.6-A4-s42,high,twostage,42,74,1.793,71.0,1,81.0,46.29
S8x4x4-LD21-H0.3-F0.6-A4-s42,high,twostage,42,75,1.816,71.0,1,81.0,46.29
S8x4x4-LD21-H0.3-F0.6-A4-s42,high,twostage,42,76,1.843,71.0,1,81.0,46.29
S8x4x4-LD21-H0.3-F0.6-A4-s42,high,twostage,42,77,1.873,71.0,1,81.0,46.29
S8x4x4-LD21-H0.3-F0.6-A4-s42,high,twostage,42,78,1.9,71.0,1,81.0,46.29
S8x4x4-LD21-H0.3-F0.6-A4-s42,high,twostage,42,79,1.928,71.0,1,81.0,46.29
S8x4x4-LD21-H0.3-F0.6-A4-s42,high,twostage,42,80,1.954,71.0,1,81.0,46.29
S8x4x4-LD21-H0.3-F0.6-A4-s42,high,twostage,42,81,1.98,71.0,1,81.0,46.29
S8x4x4-LD21-H0.3-F0.6-A4-s42,high,twostage,42,82,2.009,71.0,1,81.0,46.29
S8x4x4-LD21-H0.3-F0.6-A4-s42,high,twostage,42,83,2.034,71.0,1,81.0,46.29
S8x4x4-LD21-H0.3-F0.6-A4-s42,high,twostage,42,84,2.057,71.0,1,81.0,46.29
S8x4x4-LD21-H0.3-F0.6-A4-s42,high,twostage,42,85,2.086,71.0,1,81.0,46.29
S8x4x4-LD21-H0.3-F0.6-A4-s42,high,twostage,42,86,2.111,71.0,1,81.0,46.29
S8x4x4-LD21-H0.3-F0.6-A4-s42,high,twostage,42,87,2.14,71.0,1,81.0,46.29
S8x4x4-LD21-H0.3-F0.6-A4-s42,high,twostage,42,88,2.163,71.0,1,81.0,46.29
S8x4x4-LD21-H0.3-F0.6-A4-s42,high,twostage,42,89,2.186,71.0,1,81.0,46.29
S8x4x4-LD21-H0.3-F0.6-A4-s42,high,twostage,42,90,2.209,71.0,1,81.0,46.29
S8x4x4-LD21-H0.3-F0.6-A4-s42,high,twostage,42,91,2.234,71.0,1,81.0,46.29
S8x4x4-LD21-H0.3-F0.6-A4-s42,high,twostage,42,92,2.257,71.0,1,81.0,46.29
S8x4x4-LD21-H0.3-F0.6-A4-s42,high,twostage,42,93,2.29,71.0,1,81.0,46.29
S8x4x4-LD21-H0.3-F0.6-A4-s42,high,twostage,42,94,2.329,71.0,1,81.0,46.29
S8x4x4-LD21-H0.3-F0.6-A4-s42,high,twostage,42,95,2.355,71.0,1,81.0,46.29
S8x4x4-LD21-H0.3-F0.6-A4-s42,high,twostage,42,96,2.387,71.0,1,81.0,46.29
S8x4x4-LD21-H0.3-F0.6-A4-s42,high,twostage,42,97,2.411,71.0,1,81.0,46.29
S8x4x4-LD21-H0.3-F0.6-A4-s42,high,twostage,42,98,2.435,71.0,1,81.0,46.29
S8x4x4-LD21-H0.3-F0.6-A4-s42,high,twostage,42,99,2.461,71.0,1,81.0,46.29
S8x4x4-LD21-H0.3-F0.6-A4-s42,high,twostage,42,100,2.487,71.0,1,81.0,46.29
S8x4x4-LD21-H0.3-F0.6-A4-s42,high,twostage,42,101,2.515,71.0,1,81.0,46.29
S8x4x4-LD21-H0.3-F0.6-A4-s42,high,twostage,42,102,2.541,71.0,1,81.0,46.29
S8x4x4-LD21-H0.3-F0.6-A4-s42,high,twostage,42,103,2.564,71.0,1,81.0,46.29
S8x4x4-LD21-H0.3-F0.6-A4-s42,high,twostage,42,104,2.59,71.0,1,81.0,46.29
S8x4x4-LD21-H0.3-F0.6-A4-s42,high,twostage,42,105,2.617,71.0,1,81.0,46.29
S8x4x4-LD21-H0.3-F0.6-A4-s42,high,twostage,42,106,2.651,71.0,1,81.0,46.29
S8x4x4-LD21-H0.3-F0.6-A4-s42,high,twostage,42,107,2.674,71.0,1,81.0,46.29
S8x4x4-LD21-H0.3-F0.6-A4-s42,high,twostage,42,108,2.697,71.0,1,81.0,46.29
S8x4x4-LD21-H0.3-F0.6-A4-s42,high,twostage,42,109,2.719,71.0,1,81.0,46.29
S8x4x4-LD21-H0.3-F0.6-A4-s42,high,twostage,42,110,2.742,71.0,1,81.0,46.29
S8x4x4-LD21-H0.3-F0.6-A4-s42,high,twostage,42,111,2.767,71.0,1,81.0,46.29
S8x4x4-LD21-H0.3-F0.6-A4-s42,high,twostage,42,112,2.79,71.0,1,81.0,46.29
S8x4x4-LD21-H0.3-F0.6-A4-s42,high,twostage,42,113,2.811,71.0,1,81.0,46.29
S8x4x4-LD21-H0.3-F0.6-A4-s42,high,twostage,42,114,2.836,71.0,1,81.0,46.29
S8x4x4-LD21-H0.3-F0.6-A4-s42,high,twostage,42,115,2.86,71.0,1,81.0,46.29
S8x4x4-LD21-H0.3-F0.6-A4-s42,high,twostage,42,116,2.884,71.0,1,81.0,46.29
S8x4x4-LD21-H0.3-F0.6-A4-s42,high,twostage,42,117,2.906,71.0,1,81.0,46.29
S8x4x4-LD21-H0.3-F0.6-A4-s42,high,twostage,42,118,2.929,71.0,1,81.0,46.29
S8x4x4-LD21-H0.3-F0.6-A4-s42,high,twostage,42,119,2.952,71.0,1,81.0,46.29
S8x4x4-LD21-H0.3-F0.6-A4-s42,high,twostage,42,120,2.974,71.0,1,81.0,46.29
S8x4x4-LD21-H0.3-F0.6-A4-s42,high,twostage,42,121,3.0,71.0,1,81.0,46.29
S8x4x4-LD21-H0.3-F0.6-A4-s42,high,twostage,42,122,3.023,71.0,1,81.0,46.29
S8x4x4-LD21-H0.3-F0.6-A4-s42,high,twostage,42,123,3.046,71.0,1,81.0,46.29
S8x4x4-LD21-H0.3-F0.6-A4-s42,high,twostage,42,124,3.069,71.0,1,81.0,46.29
S8x4x4-LD21-H0.3-F0.6-A4-s42,high,twostage,42,125,3.093,71.0,1,81.0,46.29
S8x4x4-LD21-H0.3-F0.6-A4-s42,high,twostage,42,126,3.119,71.0,1,81.0,46.29
S8x4x4-LD21-H0.3-F0.6-A4-s42,high,twostage,42,127,3.141,71.0,1,81.0,46.29
S8x4x4-LD21-H0.3-F0.6-A4-s42,high,twostage,42,128,3.163,71.0,1,81.0,46.29
S8x4x4-LD21-H0.3-F0.6-A4-s42,high,twostage,42,129,3.185,71.0,1,81.0,46.29
S8x4x4-LD21-H0.3-F0.6-A4-s42,high,twostage,42,130,3.208,71.0,1,81.0,46.29
S8x4x4-LD21-H0.3-F0.6-A4-s42,high,twostage,42,131,3.232,71.0,1,81.0,46.29
S8x4x4-LD21-H0.3-F0.6-A4-s42,high,twostage,42,132,3.256,71.0,1,81.0,46.29
S8x4x4-LD21-H0.3-F0.6-A4-s42,high,twostage,42,133,3.279,71.0,1,81.0,46.29
S8x4x4-LD21-H0.3-F0.6-A4-s42,high,twostage,42,134,3.302,71.0,1,81.0,46.29
S8x4x4-LD21-H0.3-F0.6-A4-s42,high,twostage,42,135,3.328,71.0,1,81.0,46.29
S8x4x4-LD21-H0.3-F0.6-A4-s42,high,twostage,42,136,3.35,71.0,1,81.0,46.29
S8x4x4-LD21-H0.3-F0.6-A4-s42,high,twostage,42,137,3.373,71.0,1,81.0,46.29
S8x4x4-LD21-H0.3-F0.6-A4-s42,high,twostage,42,138,3.397,71.0,1,81.0,46.29
S8x4x4-LD21-H0.3-F0.6-A4-s42,high,twostage,42,139,3.419,71.0,1,81.0,46.29
S8x4x4-LD21-H0.3-F0.6-A4-s42,high,twostage,42,140,3.445,71.0,1,81.0,46.29
S8x4x4-LD21-H0.3-F0.6-A4-s42,high,twostage,42,141,3.466,71.0,1,81.0,46.29
S8x4x4-LD21-H0.3-F0.6-A4-s42,high,twostage,42,142,3.489,71.0,1,81.0,46.29
S8x4x4-LD21-H0.3-F0.6-A4-s42,high,twostage,42,143,3.511,71.0,1,81.0,46.29
S8x4x4-LD21-H0.3-F0.6-A4-s42,high,twostage,42,144,3.535,71.0,1,81.0,46.29
S8x4x4-LD21-H0.3-F0.6-A4-s42,high,twostage,42,145,3.564,71.0,1,81.0,46.29
S8x4x4-LD21-H0.3-F0.6-A4-s42,high,twostage,42,146,3.588,71.0,1,81.0,46.29
S8x4x4-LD21-H0.3-F0.6-A4-s42,high,twostage,42,147,3.614,71.0,1,81.0,46.29
S8x4x4-LD21-H0.3-F0.6-A4-s42,high,twostage,42,148,3.64,71.0,1,81.0,46.29
S8x4x4-LD21-H0.3-F0.6-A4-s42,high,twostage,42,149,3.664,71.0,1,81.0,46.29
S8x4x4-LD21-H0.3-F0.6-A4-s42,high,twostage,42,150,3.69,71.0,1,81.0,46.29
S8x4x4-LD21-H0.3-F0.6-A4-s42,high,twostage,42,151,3.714,71.0,1,81.0,46.29
S8x4x4-LD21-H0.3-F0.6-A4-s42,high,twostage,42,152,3.736,71.0,1,81.0,46.29
S8x4x4-LD21-H0.3-F0.6-A4-s42,high,twostage,42,153,3.759,71.0,1,81.0,46.29
S8x4x4-LD21-H0.3-F0.6-A4-s42,high,twostage,42,154,3.781,71.0,1,81.0,46.29
S8x4x4-LD21-H0.3-F0.6-A4-s42,high,twostage,42,155,3.807,71.0,1,81.0,46.29
S8x4x4-LD21-H0.3-F0.6-A4-s42,high,twostage,42,156,3.83,71.0,1,81.0,46.29
S8x4x4-LD21-H0.3-F0.6-A4-s42,high,twostage,42,157,3.853,71.0,1,81.0,46.29
S8x4x4-LD21-H0.3-F0.6-A4-s42,high,twostage,42,158,3.875,71.0,1,81.0,46.29
S8x4x4-LD21-H0.3-F0.6-A4-s42,high,twostage,42,159,3.897,71.0,1,81.0,46.29
S8x4x4-LD21-H0.3-F0.6-A4-s42,high,twostage,42,160,3.922,71.0,1,81.0,46.29
S8x4x4-LD21-H0.3-F0.6-A4-s42,high,twostage,42,161,3.944,71.0,1,81.0,46.29
S8x4x4-LD21-H0.3-F0.6-A4-s42,high,twostage,42,162,3.966,71.0,1,81.0,46.29
S8x4x4-LD21-H0.3-F0.6-A4-s42,high,twostage,42,163,3.989,71.0,1,81.0,46.29
S8x4x4-LD21-H0.3-F0.6-A4-s42,high,twostage,42,164,4.01,71.0,1,81.0,46.29
S8x4x4-LD21-H0.3-F0.6-A4-s42,high,twostage,42,165,4.035,71.0,1,81.0,46.29
S8x4x4-LD21-H0.3-F0.6-A4-s42,high,twostage,42,166,4.057,71.0,1,81.0,46.29
S8x4x4-LD21-H0.3-F0.6-A4-s42,high,twostage,42,167,4.08,71.0,1,81.0,46.29
S8x4x4-LD21-H0.3-F0.6-A4-s42,high,twostage,42,168,4.103,71.0,1,81.0,46.29
S8x4x4-LD21-H0.3-F0.6-A4-s42,high,twostage,42,169,4.125,71.0,1,81.0,46.29
S8x4x4-LD21-H0.3-F0.6-A4-s42,high,twostage,42,170,4.151,71.0,1,81.0,46.29
S8x4x4-LD21-H0.3-F0.6-A4-s42,high,twostage,42,171,4.174,71.0,1,81.0,46.29
S8x4x4-LD21-H0.3-F0.6-A4-s42,high,twostage,42,172,4.196,71.0,1,81.0,46.29
S8x4x4-LD21-H0.3-F0.6-A4-s42,high,twostage,42,173,4.219,71.0,1,81.0,46.29
S8x4x4-LD21-H0.3-F0.6-A4-s42,high,twostage,42,174,4.24,71.0,1,81.0,46.29
S8x4x4-LD21-H0.3-F0.6-A4-s42,high,twostage,42,175,4.265,71.0,1,81.0,46.29
S8x4x4-LD21-H0.3-F0.6-A4-s42,high,twostage,42,176,4.287,71.0,1,81.0,46.29
S8x4x4-LD21-H0.3-F0.6-A4-s42,high,twostage,42,177,4.31,71.0,1,81.0,46.29
S8x4x4-LD21-H0.3-F0.6-A4-s42,high,twostage,42,178,4.331,71.0,1,81.0,46.29
S8x4x4-LD21-H0.3-F0.6-A4-s42,high,twostage,42,179,4.355,71.0,1,81.0,46.29
S8x4x4-LD21-H0.3-F0.6-A4-s42,high,twostage,42,180,4.379,71.0,1,81.0,46.29
S8x4x4-LD21-H0.3-F0.6-A4-s42,high,twostage,42,181,4.402,71.0,1,81.0,46.29
S8x4x4-LD21-H0.3-F0.6-A4-s42,high,twostage,42,182,4.426,71.0,1,81.0,46.29
S8x4x4-LD21-H0.3-F0.6-A4-s42,high,twostage,42,183,4.448,71.0,1,81.0,46.29
S8x4x4-LD21-H0.3-F0.6-A4-s42,high,twostage,42,184,4.472,71.0,1,81.0,46.29
S8x4x4-LD21-H0.3-F0.6-A4-s42,high,twostage,42,185,4.494,71.0,1,81.0,46.29
S8x4x4-LD21-H0.3-F0.6-A4-s42,high,twostage,42,186,4.517,71.0,1,81.0,46.29
S8x4x4-LD21-H0.3-F0.6-A4-s42,high,twostage,42,187,4.539,71.0,1,81.0,46.29
S8x4x4-LD21-H0.3-F0.6-A4-s42,high,twostage,42,188,4.561,71.0,1,81.0,46.29
S8x4x4-LD21-H0.3-F0.6-A4-s42,high,twostage,42,189,4.586,71.0,1,81.0,46.29
S8x4x4-LD21-H0.3-F0.6-A4-s42,high,twostage,42,190,4.608,71.0,1,81.0,46.29
S8x4x4-LD21-H0.3-F0.6-A4-s42,high,twostage,42,191,4.632,71.0,1,81.0,46.29
S8x4x4-LD21-H0.3-F0.6-A4-s42,high,twostage,42,192,4.654,71.0,1,81.0,46.29
S8x4x4-LD21-H0.3-F0.6-A4-s42,high,twostage,42,193,4.68,71.0,1,81.0,46.29
S8x4x4-LD21-H0.3-F0.6-A4-s42,high,twostage,42,194,4.708,71.0,1,81.0,46.29
S8x4x4-LD21-H0.3-F0.6-A4-s42,high,twostage,42,195,4.733,71.0,1,81.0,46.29
S8x4x4-LD21-H0.3-F0.6-A4-s42,high,twostage,42,196,4.757,71.0,1,81.0,46.29
S8x4x4-LD21-H0.3-F0.6-A4-s42,high,twostage,42,197,4.78,70.0,1,81.0,46.29
S8x4x4-LD21-H0.3-F0.6-A4-s42,high,twostage,42,198,4.803,70.0,1,81.0,46.29
S8x4x4-LD21-H0.3-F0.6-A4-s42,high,twostage,42,199,4.828,70.0,1,81.0,46.29
S8x4x4-LD21-H0.3-F0.6-A4-s42,high,twostage,42,200,4.852,70.0,1,81.0,46.29
S8x4x4-LD21-H0.3-F0.6-A4-s42,high,twostage,42,201,4.876,70.0,1,81.0,46.29
S8x4x4-LD21-H0.3-F0.6-A4-s42,high,twostage,42,202,4.899,70.0,1,81.0,46.29
S8x4x4-LD21-H0.3-F0.6-A4-s42,high,twostage,42,203,4.922,70.0,1,81.0,46.29
S8x4x4-LD21-H0.3-F0.6-A4-s42,high,twostage,42,204,4.947,70.0,1,81.0,46.29
S8x4x4-LD21-H0.3-F0.6-A4-s42,high,twostage,42,205,4.97,70.0,1,81.0,46.29
S8x4x4-LD21-H0.3-F0.6-A4-s42,high,twostage,42,206,4.997,70.0,1,81.0,46.29
S8x4x4-LD21-H0.3-F0.6-A4-s42,high,twostage,42,207,5.02,70.0,1,81.0,46.29
S8x4x4-LD21-H0.3-F0.6-A4-s42,high,twostage,42,208,5.043,70.0,1,81.0,46.29
S8x4x4-LD21-H0.3-F0.6-A4-s42,high,twostage,42,209,5.069,70.0,1,81.0,46.29
S8x4x4-LD21-H0.3-F0.6-A4-s42,high,twostage,42,210,5.092,70.0,1,81.0,46.29
S8x4x4-LD21-H0.3-F0.6-A4-s42,high,twostage,42,211,5.116,70.0,1,81.0,46.29
S8x4x4-LD21-H0.3-F0.6-A4-s42,high,twostage,42,212,5.139,70.0,1,81.0,46.29
S8x4x4-LD21-H0.3-F0.6-A4-s42,high,twostage,42,213,5.161,70.0,1,81.0,46.29
S8x4x4-LD21-H0.3-F0.6-A4-s42,high,twostage,42,214,5.187,70.0,1,81.0,46.29
S8x4x4-LD21-H0.3-F0.6-A4-s42,high,twostage,42,215,5.21,70.0,1,81.0,46.29
S8x4x4-LD21-H0.3-F0.6-A4-s42,high,twostage,42,216,5.232,70.0,1,81.0,46.29
S8x4x4-LD21-H0.3-F0.6-A4-s42,high,twostage,42,217,5.255,70.0,1,81.0,46.29
S8x4x4-LD21-H0.3-F0.6-A4-s42,high,twostage,42,218,5.281,70.0,1,81.0,46.29
S8x4x4-LD21-H0.3-F0.6-A4-s42,high,twostage,42,219,5.303,70.0,1,81.0,46.29
S8x4x4-LD21-H0.3-F0.6-A4-s42,high,twostage,42,220,5.327,70.0,1,81.0,46.29
S8x4x4-LD21-H0.3-F0.6-A4-s42,high,twostage,42,221,5.35,70.0,1,81.0,46.29
S8x4x4-LD21-H0.3-F0.6-A4-s42,high,twostage,42,222,5.374,70.0,1,81.0,46.29
S8x4x4-LD21-H0.3-F0.6-A4-s42,high,twostage,42,223,5.399,70.0,1,81.0,46.29
S8x4x4-LD21-H0.3-F0.6-A4-s42,high,twostage,42,224,5.423,70.0,1,81.0,46.29
S8x4x4-LD21-H0.3-F0.6-A4-s42,high,twostage,42,225,5.446,70.0,1,81.0,46.29
S8x4x4-LD21-H0.3-F0.6-A4-s42,high,twostage,42,226,5.47,70.0,1,81.0,46.29
S8x4x4-LD21-H0.3-F0.6-A4-s42,high,twostage,42,227,5.493,70.0,1,81.0,46.29
S8x4x4-LD21-H0.3-F0.6-A4-s42,high,twostage,42,228,5.518,70.0,1,81.0,46.29
S8x4x4-LD21-H0.3-F0.6-A4-s42,high,twostage,42,229,5.541,70.0,1,81.0,46.29
S8x4x4-LD21-H0.3-F0.6-A4-s42,high,twostage,42,230,5.565,70.0,1,81.0,46.29
S8x4x4-LD21-H0.3-F0.6-A4-s42,high,twostage,42,231,5.589,70.0,1,81.0,46.29
S8x4x4-LD21-H0.3-F0.6-A4-s42,high,twostage,42,232,5.615,70.0,1,81.0,46.29
S8x4x4-LD21-H0.3-F0.6-A4-s42,high,twostage,42,233,5.64,70.0,1,81.0,46.29
S8x4x4-LD21-H0.3-F0.6-A4-s42,high,twostage,42,234,5.663,70.0,1,81.0,46.29
S8x4x4-LD21-H0.3-F0.6-A4-s42,high,twostage,42,235,5.687,70.0,1,81.0,46.29
S8x4x4-LD21-H0.3-F0.6-A4-s42,high,twostage,42,236,5.71,70.0,1,81.0,46.29
S8x4x4-LD21-H0.3-F0.6-A4-s42,high,twostage,42,237,5.735,70.0,1,81.0,46.29
S8x4x4-LD21-H0.3-F0.6-A4-s42,high,twostage,42,238,5.758,70.0,1,81.0,46.29
S8x4x4-LD21-H0.3-F0.6-A4-s42,high,twostage,42,239,5.781,70.0,1,81.0,46.29
S8x4x4-LD21-H0.3-F0.6-A4-s42,high,twostage,42,240,5.806,70.0,1,81.0,46.29
S8x4x4-LD21-H0.3-F0.6-A4-s42,high,twostage,42,241,5.829,70.0,1,81.0,46.29
S8x4x4-LD21-H0.3-F0.6-A4-s42,high,twostage,42,242,5.854,70.0,1,81.0,46.29
S8x4x4-LD21-H0.3-F0.6-A4-s42,high,twostage,42,243,5.877,70.0,1,81.0,46.29
S8x4x4-LD21-H0.3-F0.6-A4-s42,high,twostage,42,244,5.901,70.0,1,81.0,46.29
S8x4x4-LD21-H0.3-F0.6-A4-s42,high,twostage,42,245,5.925,70.0,1,81.0,46.29
S8x4x4-LD21-H0.3-F0.6-A4-s42,high,twostage,42,246,5.948,70.0,1,81.0,46.29
S8x4x4-LD21-H0.3-F0.6-A4-s42,high,twostage,42,247,5.972,70.0,1,81.0,46.29
S8x4x4-LD21-H0.3-F0.6-A4-s42,high,twostage,42,248,5.996,70.0,1,81.0,46.29
S8x4x4-LD21-H0.3-F0.6-A4-s42,high,twostage,42,249,6.02,70.0,1,81.0,46.29
S8x4x4-LD21-H0.3-F0.6-A4-s42,high,twostage,42,250,6.044,70.0,1,81.0,46.29
S8x4x4-LD21-H0.3-F0.6-A4-s42,high,twostage,42,251,6.075,70.0,1,81.0,46.29
S8x4x4-LD21-H0.3-F0.6-A4-s42,high,twostage,42,252,6.097,70.0,1,81.0,46.29
S8x4x4-LD21-H0.3-F0.6-A4-s42,high,twostage,42,253,6.121,70.0,1,81.0,46.29
S8x4x4-LD21-H0.3-F0.6-A4-s42,high,twostage,42,254,6.145,70.0,1,81.0,46.29
S8x4x4-LD21-H0.3-F0.6-A4-s42,high,twostage,42,255,6.168,70.0,1,81.0,46.29
S8x4x4-LD21-H0.3-F0.6-A4-s42,high,twostage,42,256,6.194,70.0,1,81.0,46.29
S8x4x4-LD21-H0.3-F0.6-A4-s42,high,twostage,42,257,6.216,70.0,1,81.0,46.29
S8x4x4-LD21-H0.3-F0.6-A4-s42,high,twostage,42,258,6.24,70.0,1,81.0,46.29
S8x4x4-LD21-H0.3-F0.6-A4-s42,high,twostage,42,259,6.263,70.0,1,81.0,46.29
S8x4x4-LD21-H0.3-F0.6-A4-s42,high,twostage,42,260,6.287,70.0,1,81.0,46.29
S8x4x4-LD21-H0.3-F0.6-A4-s42,high,twostage,42,261,6.312,70.0,1,81.0,46.29
S8x4x4-LD21-H0.3-F0.6-A4-s42,high,twostage,42,262,6.335,70.0,1,81.0,46.29
S8x4x4-LD21-H0.3-F0.6-A4-s42,high,twostage,42,263,6.359,70.0,1,81.0,46.29
S8x4x4-LD21-H0.3-F0.6-A4-s42,high,twostage,42,264,6.382,70.0,1,81.0,46.29
S8x4x4-LD21-H0.3-F0.6-A4-s42,high,twostage,42,265,6.405,70.0,1,81.0,46.29
S8x4x4-LD21-H0.3-F0.6-A4-s42,high,twostage,42,266,6.43,70.0,1,81.0,46.29
S8x4x4-LD21-H0.3-F0.6-A4-s42,high,twostage,42,267,6.454,70.0,1,81.0,46.29
S8x4x4-LD21-H0.3-F0.6-A4-s42,high,twostage,42,268,6.478,70.0,1,81.0,46.29
S8x4x4-LD21-H0.3-F0.6-A4-s42,high,twostage,42,269,6.501,70.0,1,81.0,46.29
S8x4x4-LD21-H0.3-F0.6-A4-s42,high,twostage,42,270,6.526,70.0,1,81.0,46.29
S8x4x4-LD21-H0.3-F0.6-A4-s42,high,twostage,42,271,6.549,70.0,1,81.0,46.29
S8x4x4-LD21-H0.3-F0.6-A4-s42,high,twostage,42,272,6.572,70.0,1,81.0,46.29
S8x4x4-LD21-H0.3-F0.6-A4-s42,high,twostage,42,273,6.596,70.0,1,81.0,46.29
S8x4x4-LD21-H0.3-F0.6-A4-s42,high,twostage,42,274,6.62,70.0,1,81.0,46.29
S8x4x4-LD21-H0.3-F0.6-A4-s42,high,twostage,42,275,6.647,70.0,1,81.0,46.29
S8x4x4-LD21-H0.3-F0.6-A4-s42,high,twostage,42,276,6.672,70.0,1,81.0,46.29
S8x4x4-LD21-H0.3-F0.6-A4-s42,high,twostage,42,277,6.695,70.0,1,81.0,46.29
S8x4x4-LD21-H0.3-F0.6-A4-s42,high,twostage,42,278,6.718,70.0,1,81.0,46.29
S8x4x4-LD21-H0.3-F0.6-A4-s42,high,twostage,42,279,6.741,70.0,1,81.0,46.29
S8x4x4-LD21-H0.3-F0.6-A4-s42,high,twostage,42,280,6.765,70.0,1,81.0,46.29
S8x4x4-LD21-H0.3-F0.6-A4-s42,high,twostage,42,281,6.789,70.0,1,81.0,46.29
S8x4x4-LD21-H0.3-F0.6-A4-s42,high,twostage,42,282,6.812,70.0,1,81.0,46.29
S8x4x4-LD21-H0.3-F0.6-A4-s42,high,twostage,42,283,6.835,70.0,1,81.0,46.29
S8x4x4-LD21-H0.3-F0.6-A4-s42,high,twostage,42,284,6.857,70.0,1,81.0,46.29
S8x4x4-LD21-H0.3-F0.6-A4-s42,high,twostage,42,285,6.882,70.0,1,81.0,46.29
S8x4x4-LD21-H0.3-F0.6-A4-s42,high,twostage,42,286,6.907,70.0,1,81.0,46.29
S8x4x4-LD21-H0.3-F0.6-A4-s42,high,twostage,42,287,6.931,70.0,1,81.0,46.29
S8x4x4-LD21-H0.3-F0.6-A4-s42,high,twostage,42,288,6.955,70.0,1,81.0,46.29
S8x4x4-LD21-H0.3-F0.6-A4-s42,high,twostage,42,289,6.981,70.0,1,81.0,46.29
S8x4x4-LD21-H0.3-F0.6-A4-s42,high,twostage,42,290,7.004,70.0,1,81.0,46.29
S8x4x4-LD21-H0.3-F0.6-A4-s42,high,twostage,42,291,7.028,70.0,1,81.0,46.29
S8x4x4-LD21-H0.3-F0.6-A4-s42,high,twostage,42,292,7.051,70.0,1,81.0,46.29
S8x4x4-LD21-H0.3-F0.6-A4-s42,high,twostage,42,293,7.074,70.0,1,81.0,46.29
S8x4x4-LD21-H0.3-F0.6-A4-s42,high,twostage,42,294,7.101,70.0,1,81.0,46.29
S8x4x4-LD21-H0.3-F0.6-A4-s42,high,twostage,42,295,7.123,70.0,1,81.0,46.29
S8x4x4-LD21-H0.3-F0.6-A4-s42,high,twostage,42,296,7.146,70.0,1,81.0,46.29
S8x4x4-LD21-H0.3-F0.6-A4-s42,high,twostage,42,297,7.17,70.0,1,81.0,46.29
S8x4x4-LD21-H0.3-F0.6-A4-s42,high,twostage,42,298,7.192,70.0,1,81.0,46.29
S8x4x4-LD21-H0.3-F0.6-A4-s42,high,twostage,42,299,7.22,70.0,1,81.0,46.29
S8x4x4-LD21-H0.3-F0.6-A4-s42,high,twostage,42,300,7.244,70.0,1,81.0,46.29
S8x4x4-LD21-H0.3-F0.6-A4-s42,high,twostage,42,301,7.267,70.0,1,81.0,46.29
S8x4x4-LD21-H0.3-F0.6-A4-s42,high,twostage,42,302,7.29,70.0,1,81.0,46.29
S8x4x4-LD21-H0.3-F0.6-A4-s42,high,twostage,42,303,7.316,70.0,1,81.0,46.29
S8x4x4-LD21-H0.3-F0.6-A4-s42,high,twostage,42,304,7.338,70.0,1,81.0,46.29
S8x4x4-LD21-H0.3-F0.6-A4-s42,high,twostage,42,305,7.361,70.0,1,81.0,46.29
S8x4x4-LD21-H0.3-F0.6-A4-s42,high,twostage,42,306,7.383,70.0,1,81.0,46.29
S8x4x4-LD21-H0.3-F0.6-A4-s42,high,twostage,42,307,7.407,70.0,1,81.0,46.29
S8x4x4-LD21-H0.3-F0.6-A4-s42,high,twostage,42,308,7.433,70.0,1,81.0,46.29
S8x4x4-LD21-H0.3-F0.6-A4-s42,high,twostage,42,309,7.456,70.0,1,81.0,46.29
S8x4x4-LD21-H0.3-F0.6-A4-s42,high,twostage,42,310,7.48,70.0,1,81.0,46.29
S8x4x4-LD21-H0.3-F0.6-A4-s42,high,twostage,42,311,7.503,70.0,1,81.0,46.29
S8x4x4-LD21-H0.3-F0.6-A4-s42,high,twostage,42,312,7.525,70.0,1,81.0,46.29
S8x4x4-LD21-H0.3-F0.6-A4-s42,high,twostage,42,313,7.552,70.0,1,81.0,46.29
S8x4x4-LD21-H0.3-F0.6-A4-s42,high,twostage,42,314,7.575,70.0,1,81.0,46.29
S8x4x4-LD21-H0.3-F0.6-A4-s42,high,twostage,42,315,7.598,70.0,1,81.0,46.29
S8x4x4-LD21-H0.3-F0.6-A4-s42,high,twostage,42,316,7.621,70.0,1,81.0,46.29
S8x4x4-LD21-H0.3-F0.6-A4-s42,high,twostage,42,317,7.645,70.0,1,81.0,46.29
S8x4x4-LD21-H0.3-F0.6-A4-s42,high,twostage,42,318,7.67,70.0,1,81.0,46.29
S8x4x4-LD21-H0.3-F0.6-A4-s42,high,twostage,42,319,7.694,70.0,1,81.0,46.29
S8x4x4-LD21-H0.3-F0.6-A4-s42,high,twostage,42,320,7.716,70.0,1,81.0,46.29
S8x4x4-LD21-H0.3-F0.6-A4-s42,high,twostage,42,321,7.74,70.0,1,81.0,46.29
S8x4x4-LD21-H0.3-F0.6-A4-s42,high,twostage,42,322,7.766,70.0,1,81.0,46.29
S8x4x4-LD21-H0.3-F0.6-A4-s42,high,twostage,42,323,7.789,70.0,1,81.0,46.29
S8x4x4-LD21-H0.3-F0.6-A4-s42,high,twostage,42,324,7.812,70.0,1,81.0,46.29
S8x4x4-LD21-H0.3-F0.6-A4-s42,high,twostage,42,325,7.834,70.0,1,81.0,46.29
S8x4x4-LD21-H0.3-F0.6-A4-s42,high,twostage,42,326,7.858,70.0,1,81.0,46.29
S8x4x4-LD21-H0.3-F0.6-A4-s42,high,twostage,42,327,7.883,70.0,1,81.0,46.29
S8x4x4-LD21-H0.3-F0.6-A4-s42,high,twostage,42,328,7.906,70.0,1,81.0,46.29
S8x4x4-LD21-H0.3-F0.6-A4-s42,high,twostage,42,329,7.93,70.0,1,81.0,46.29
S8x4x4-LD21-H0.3-F0.6-A4-s42,high,twostage,42,330,7.953,70.0,1,81.0,46.29
S8x4x4-LD21-H0.3-F0.6-A4-s42,high,twostage,42,331,7.976,70.0,1,81.0,46.29
S8x4x4-LD21-H0.3-F0.6-A4-s42,high,twostage,42,332,8.002,70.0,1,81.0,46.29
S8x4x4-LD21-H0.3-F0.6-A4-s42,high,twostage,42,333,8.025,70.0,1,81.0,46.29
S8x4x4-LD21-H0.3-F0.6-A4-s42,high,twostage,42,334,8.048,70.0,1,81.0,46.29
S8x4x4-LD21-H0.3-F0.6-A4-s42,high,twostage,42,335,8.071,70.0,1,81.0,46.29
S8x4x4-LD21-H0.3-F0.6-A4-s42,high,twostage,42,336,8.094,70.0,1,81.0,46.29
S8x4x4-LD21-H0.3-F0.6-A4-s42,high,twostage,42,337,8.119,70.0,1,81.0,46.29
S8x4x4-LD21-H0.3-F0.6-A4-s42,high,twostage,42,338,8.142,70.0,1,81.0,46.29
S8x4x4-LD21-H0.3-F0.6-A4-s42,high,twostage,42,339,8.165,70.0,1,81.0,46.29
S8x4x4-LD21-H0.3-F0.6-A4-s42,high,twostage,42,340,8.189,70.0,1,81.0,46.29
S8x4x4-LD21-H0.3-F0.6-A4-s42,high,twostage,42,341,8.213,70.0,1,81.0,46.29
S8x4x4-LD21-H0.3-F0.6-A4-s42,high,twostage,42,342,8.237,70.0,1,81.0,46.29
S8x4x4-LD21-H0.3-F0.6-A4-s42,high,twostage,42,343,8.26,70.0,1,81.0,46.29
S8x4x4-LD21-H0.3-F0.6-A4-s42,high,twostage,42,344,8.283,70.0,1,81.0,46.29
S8x4x4-LD21-H0.3-F0.6-A4-s42,high,twostage,42,345,8.306,70.0,1,81.0,46.29
S8x4x4-LD21-H0.3-F0.6-A4-s42,high,twostage,42,346,8.332,70.0,1,81.0,46.29
S8x4x4-LD21-H0.3-F0.6-A4-s42,high,twostage,42,347,8.355,70.0,1,81.0,46.29
S8x4x4-LD21-H0.3-F0.6-A4-s42,high,twostage,42,348,8.378,70.0,1,81.0,46.29
S8x4x4-LD21-H0.3-F0.6-A4-s42,high,twostage,42,349,8.4,70.0,1,81.0,46.29
S8x4x4-LD21-H0.3-F0.6-A4-s42,high,twostage,42,350,8.424,70.0,1,81.0,46.29
S8x4x4-LD21-H0.3-F0.6-A4-s42,high,twostage,42,351,8.45,70.0,1,81.0,46.29
S8x4x4-LD21-H0.3-F0.6-A4-s42,high,twostage,42,352,8.473,70.0,1,81.0,46.29
S8x4x4-LD21-H0.3-F0.6-A4-s42,high,twostage,42,353,8.496,70.0,1,81.0,46.29
S8x4x4-LD21-H0.3-F0.6-A4-s42,high,twostage,42,354,8.519,70.0,1,81.0,46.29
S8x4x4-LD21-H0.3-F0.6-A4-s42,high,twostage,42,355,8.542,70.0,1,81.0,46.29
S8x4x4-LD21-H0.3-F0.6-A4-s42,high,twostage,42,356,8.567,70.0,1,81.0,46.29
S8x4x4-LD21-H0.3-F0.6-A4-s42,high,twostage,42,357,8.59,70.0,1,81.0,46.29
S8x4x4-LD21-H0.3-F0.6-A4-s42,high,twostage,42,358,8.614,70.0,1,81.0,46.29
S8x4x4-LD21-H0.3-F0.6-A4-s42,high,twostage,42,359,8.638,70.0,1,81.0,46.29
S8x4x4-LD21-H0.3-F0.6-A4-s42,high,twostage,42,360,8.663,70.0,1,81.0,46.29
S8x4x4-LD21-H0.3-F0.6-A4-s42,high,twostage,42,361,8.687,70.0,1,81.0,46.29
S8x4x4-LD21-H0.3-F0.6-A4-s42,high,twostage,42,362,8.711,70.0,1,81.0,46.29
S8x4x4-LD21-H0.3-F0.6-A4-s42,high,twostage,42,363,8.734,70.0,1,81.0,46.29
S8x4x4-LD21-H0.3-F0.6-A4-s42,high,twostage,42,364,8.757,70.0,1,81.0,46.29
S8x4x4-LD21-H0.3-F0.6-A4-s42,high,twostage,42,365,8.784,70.0,1,81.0,46.29
S8x4x4-LD21-H0.3-F0.6-A4-s42,high,twostage,42,366,8.806,70.0,1,81.0,46.29
S8x4x4-LD21-H0.3-F0.6-A4-s42,high,twostage,42,367,8.828,70.0,1,81.0,46.29
S8x4x4-LD21-H0.3-F0.6-A4-s42,high,twostage,42,368,8.852,70.0,1,81.0,46.29
S8x4x4-LD21-H0.3-F0.6-A4-s42,high,twostage,42,369,8.876,70.0,1,81.0,46.29
S8x4x4-LD21-H0.3-F0.6-A4-s42,high,twostage,42,370,8.901,70.0,1,81.0,46.29
S8x4x4-LD21-H0.3-F0.6-A4-s42,high,twostage,42,371,8.924,70.0,1,81.0,46.29
S8x4x4-LD21-H0.3-F0.6-A4-s42,high,twostage,42,372,8.947,70.0,1,81.0,46.29
S8x4x4-LD21-H0.3-F0.6-A4-s42,high,twostage,42,373,8.97,70.0,1,81.0,46.29
S8x4x4-LD21-H0.3-F0.6-A4-s42,high,twostage,42,374,8.994,70.0,1,81.0,46.29
S8x4x4-LD21-H0.3-F0.6-A4-s42,high,twostage,42,375,9.018,70.0,1,81.0,46.29
S8x4x4-LD21-H0.3-F0.6-A4-s42,high,twostage,42,376,9.041,70.0,1,81.0,46.29
S8x4x4-LD21-H0.3-F0.6-A4-s42,high,twostage,42,377,9.064,70.0,1,81.0,46.29
S8x4x4-LD21-H0.3-F0.6-A4-s42,high,twostage,42,378,9.088,70.0,1,81.0,46.29
S8x4x4-LD21-H0.3-F0.6-A4-s42,high,twostage,42,379,9.114,70.0,1,81.0,46.29
S8x4x4-LD21-H0.3-F0.6-A4-s42,high,twostage,42,380,9.136,70.0,1,81.0,46.29
S8x4x4-LD21-H0.3-F0.6-A4-s42,high,twostage,42,381,9.16,70.0,1,81.0,46.29
S8x4x4-LD21-H0.3-F0.6-A4-s42,high,twostage,42,382,9.183,70.0,1,81.0,46.29
S8x4x4-LD21-H0.3-F0.6-A4-s42,high,twostage,42,383,9.206,70.0,1,81.0,46.29
S8x4x4-LD21-H0.3-F0.6-A4-s42,high,twostage,42,384,9.231,70.0,1,81.0,46.29
S8x4x4-LD21-H0.3-F0.6-A4-s42,high,twostage,42,385,9.255,70.0,1,81.0,46.29
S8x4x4-LD21-H0.3-F0.6-A4-s42,high,twostage,42,386,9.278,70.0,1,81.0,46.29
S8x4x4-LD21-H0.3-F0.6-A4-s42,high,twostage,42,387,9.301,70.0,1,81.0,46.29
S8x4x4-LD21-H0.3-F0.6-A4-s42,high,twostage,42,388,9.325,70.0,1,81.0,46.29
S8x4x4-LD21-H0.3-F0.6-A4-s42,high,twostage,42,389,9.35,70.0,1,81.0,46.29
S8x4x4-LD21-H0.3-F0.6-A4-s42,high,twostage,42,390,9.374,70.0,1,81.0,46.29
S8x4x4-LD21-H0.3-F0.6-A4-s42,high,twostage,42,391,9.396,70.0,1,81.0,46.29
S8x4x4-LD21-H0.3-F0.6-A4-s42,high,twostage,42,392,9.419,70.0,1,81.0,46.29
S8x4x4-LD21-H0.3-F0.6-A4-s42,high,twostage,42,393,9.447,70.0,1,81.0,46.29
S8x4x4-LD21-H0.3-F0.6-A4-s42,high,twostage,42,394,9.469,70.0,1,81.0,46.29
S8x4x4-LD21-H0.3-F0.6-A4-s42,high,twostage,42,395,9.493,70.0,1,81.0,46.29
S8x4x4-LD21-H0.3-F0.6-A4-s42,high,twostage,42,396,9.516,70.0,1,81.0,46.29
S8x4x4-LD21-H0.3-F0.6-A4-s42,high,twostage,42,397,9.539,70.0,1,81.0,46.29
S8x4x4-LD21-H0.3-F0.6-A4-s42,high,twostage,42,398,9.564,70.0,1,81.0,46.29
S8x4x4-LD21-H0.3-F0.6-A4-s42,high,twostage,42,399,9.587,70.0,1,81.0,46.29
S8x4x4-LD21-H0.3-F0.6-A4-s42,high,twostage,42,400,9.61,70.0,1,81.0,46.29
S8x4x4-LD21-H0.3-F0.6-A4-s42,high,twostage,42,401,9.634,70.0,1,81.0,46.29
S8x4x4-LD21-H0.3-F0.6-A4-s42,high,twostage,42,402,9.66,70.0,1,81.0,46.29
S8x4x4-LD21-H0.3-F0.6-A4-s42,high,twostage,42,403,9.685,70.0,1,81.0,46.29
S8x4x4-LD21-H0.3-F0.6-A4-s42,high,twostage,42,404,9.708,70.0,1,81.0,46.29
S8x4x4-LD21-H0.3-F0.6-A4-s42,high,twostage,42,405,9.732,70.0,1,81.0,46.29
S8x4x4-LD21-H0.3-F0.6-A4-s42,high,twostage,42,406,9.755,70.0,1,81.0,46.29
S8x4x4-LD21-H0.3-F0.6-A4-s42,high,twostage,42,407,9.778,70.0,1,81.0,46.29
S8x4x4-LD21-H0.3-F0.6-A4-s42,high,twostage,42,408,9.804,70.0,1,81.0,46.29
S8x4x4-LD21-H0.3-F0.6-A4-s42,high,twostage,42,409,9.827,70.0,1,81.0,46.29
S8x4x4-LD21-H0.3-F0.6-A4-s42,high,twostage,42,410,9.849,70.0,1,81.0,46.29
S8x4x4-LD21-H0.3-F0.6-A4-s42,high,twostage,42,411,9.873,70.0,1,81.0,46.29
S8x4x4-LD21-H0.3-F0.6-A4-s42,high,twostage,42,412,9.898,70.0,1,81.0,46.29
S8x4x4-LD21-H0.3-F0.6-A4-s42,high,twostage,42,413,9.921,70.0,1,81.0,46.29
S8x4x4-LD21-H0.3-F0.6-A4-s42,high,twostage,42,414,9.945,70.0,1,81.0,46.29
S8x4x4-LD21-H0.3-F0.6-A4-s42,high,twostage,42,415,9.969,70.0,1,81.0,46.29
S8x4x4-LD21-H0.3-F0.6-A4-s42,high,twostage,42,416,9.993,70.0,1,81.0,46.29
S8x4x4-LD21-H0.3-F0.6-A4-s42,high,twostage,42,417,10.019,70.0,1,81.0,46.29
S8x4x4-LD21-H0.3-F0.6-A4-s42,high,twostage,42,418,10.042,70.0,1,81.0,46.29
S8x4x4-LD21-H0.3-F0.6-A4-s42,high,twostage,42,419,10.064,70.0,1,81.0,46.29
S8x4x4-LD21-H0.3-F0.6-A4-s42,high,twostage,42,420,10.087,70.0,1,81.0,46.29
S8x4x4-LD21-H0.3-F0.6-A4-s42,high,twostage,42,421,10.111,70.0,1,81.0,46.29
S8x4x4-LD21-H0.3-F0.6-A4-s42,high,twostage,42,422,10.137,70.0,1,81.0,46.29
S8x4x4-LD21-H0.3-F0.6-A4-s42,high,twostage,42,423,10.16,70.0,1,81.0,46.29
S8x4x4-LD21-H0.3-F0.6-A4-s42,high,twostage,42,424,10.184,70.0,1,81.0,46.29
S8x4x4-LD21-H0.3-F0.6-A4-s42,high,twostage,42,425,10.206,70.0,1,81.0,46.29
S8x4x4-LD21-H0.3-F0.6-A4-s42,high,twostage,42,426,10.229,70.0,1,81.0,46.29
S8x4x4-LD21-H0.3-F0.6-A4-s42,high,twostage,42,427,10.254,70.0,1,81.0,46.29
S8x4x4-LD21-H0.3-F0.6-A4-s42,high,twostage,42,428,10.278,70.0,1,81.0,46.29
S8x4x4-LD21-H0.3-F0.6-A4-s42,high,twostage,42,429,10.301,70.0,1,81.0,46.29
S8x4x4-LD21-H0.3-F0.6-A4-s42,high,twostage,42,430,10.324,70.0,1,81.0,46.29
S8x4x4-LD21-H0.3-F0.6-A4-s42,high,twostage,42,431,10.349,70.0,1,81.0,46.29
S8x4x4-LD21-H0.3-F0.6-A4-s42,high,twostage,42,432,10.372,70.0,1,81.0,46.29
S8x4x4-LD21-H0.3-F0.6-A4-s42,high,twostage,42,433,10.395,70.0,1,81.0,46.29
S8x4x4-LD21-H0.3-F0.6-A4-s42,high,twostage,42,434,10.418,70.0,1,81.0,46.29
S8x4x4-LD21-H0.3-F0.6-A4-s42,high,twostage,42,435,10.443,70.0,1,81.0,46.29
S8x4x4-LD21-H0.3-F0.6-A4-s42,high,twostage,42,436,10.472,70.0,1,81.0,46.29
S8x4x4-LD21-H0.3-F0.6-A4-s42,high,twostage,42,437,10.495,70.0,1,81.0,46.29
S8x4x4-LD21-H0.3-F0.6-A4-s42,high,twostage,42,438,10.518,70.0,1,81.0,46.29
S8x4x4-LD21-H0.3-F0.6-A4-s42,high,twostage,42,439,10.544,70.0,1,81.0,46.29
S8x4x4-LD21-H0.3-F0.6-A4-s42,high,twostage,42,440,10.568,70.0,1,81.0,46.29
S8x4x4-LD21-H0.3-F0.6-A4-s42,high,twostage,42,441,10.593,70.0,1,81.0,46.29
S8x4x4-LD21-H0.3-F0.6-A4-s42,high,twostage,42,442,10.617,70.0,1,81.0,46.29
S8x4x4-LD21-H0.3-F0.6-A4-s42,high,twostage,42,443,10.641,70.0,1,81.0,46.29
S8x4x4-LD21-H0.3-F0.6-A4-s42,high,twostage,42,444,10.665,70.0,1,81.0,46.29
S8x4x4-LD21-H0.3-F0.6-A4-s42,high,twostage,42,445,10.692,70.0,1,81.0,46.29
S8x4x4-LD21-H0.3-F0.6-A4-s42,high,twostage,42,446,10.714,69.0,1,81.0,46.29
S8x4x4-LD21-H0.3-F0.6-A4-s42,high,twostage,42,447,10.738,69.0,1,81.0,46.29
S8x4x4-LD21-H0.3-F0.6-A4-s42,high,twostage,42,448,10.762,69.0,1,81.0,46.29
S8x4x4-LD21-H0.3-F0.6-A4-s42,high,twostage,42,449,10.784,69.0,1,81.0,46.29
S8x4x4-LD21-H0.3-F0.6-A4-s42,high,twostage,42,450,10.81,68.0,1,81.0,46.29
S8x4x4-LD21-H0.3-F0.6-A4-s42,high,twostage,42,451,10.832,68.0,1,81.0,46.29
S8x4x4-LD21-H0.3-F0.6-A4-s42,high,twostage,42,452,10.854,68.0,1,81.0,46.29
S8x4x4-LD21-H0.3-F0.6-A4-s42,high,twostage,42,453,10.876,68.0,1,81.0,46.29
S8x4x4-LD21-H0.3-F0.6-A4-s42,high,twostage,42,454,10.898,68.0,1,81.0,46.29
S8x4x4-LD21-H0.3-F0.6-A4-s42,high,twostage,42,455,10.923,68.0,1,81.0,46.29
S8x4x4-LD21-H0.3-F0.6-A4-s42,high,twostage,42,456,10.946,68.0,1,81.0,46.29
S8x4x4-LD21-H0.3-F0.6-A4-s42,high,twostage,42,457,10.967,68.0,1,81.0,46.29
S8x4x4-LD21-H0.3-F0.6-A4-s42,high,twostage,42,458,10.99,68.0,1,81.0,46.29
S8x4x4-LD21-H0.3-F0.6-A4-s42,high,twostage,42,459,11.012,68.0,1,81.0,46.29
S8x4x4-LD21-H0.3-F0.6-A4-s42,high,twostage,42,460,11.037,68.0,1,81.0,46.29
S8x4x4-LD21-H0.3-F0.6-A4-s42,high,twostage,42,461,11.058,68.0,1,81.0,46.29
S8x4x4-LD21-H0.3-F0.6-A4-s42,high,twostage,42,462,11.08,68.0,1,81.0,46.29
S8x4x4-LD21-H0.3-F0.6-A4-s42,high,twostage,42,463,11.102,68.0,1,81.0,46.29
S8x4x4-LD21-H0.3-F0.6-A4-s42,high,twostage,42,464,11.126,68.0,1,81.0,46.29
S8x4x4-LD21-H0.3-F0.6-A4-s42,high,twostage,42,465,11.148,68.0,1,81.0,46.29
S8x4x4-LD21-H0.3-F0.6-A4-s42,high,twostage,42,466,11.169,68.0,1,81.0,46.29
S8x4x4-LD21-H0.3-F0.6-A4-s42,high,twostage,42,467,11.191,68.0,1,81.0,46.29
S8x4x4-LD21-H0.3-F0.6-A4-s42,high,twostage,42,468,11.212,68.0,1,81.0,46.29
S8x4x4-LD21-H0.3-F0.6-A4-s42,high,twostage,42,469,11.235,68.0,1,81.0,46.29
S8x4x4-LD21-H0.3-F0.6-A4-s42,high,twostage,42,470,11.257,68.0,1,81.0,46.29
S8x4x4-LD21-H0.3-F0.6-A4-s42,high,twostage,42,471,11.279,68.0,1,81.0,46.29
S8x4x4-LD21-H0.3-F0.6-A4-s42,high,twostage,42,472,11.301,68.0,1,81.0,46.29
S8x4x4-LD21-H0.3-F0.6-A4-s42,high,twostage,42,473,11.322,68.0,1,81.0,46.29
S8x4x4-LD21-H0.3-F0.6-A4-s42,high,twostage,42,474,11.346,68.0,1,81.0,46.29
S8x4x4-LD21-H0.3-F0.6-A4-s42,high,twostage,42,475,11.367,68.0,1,81.0,46.29
S8x4x4-LD21-H0.3-F0.6-A4-s42,high,twostage,42,476,11.388,68.0,1,81.0,46.29
S8x4x4-LD21-H0.3-F0.6-A4-s42,high,twostage,42,477,11.41,68.0,1,81.0,46.29
S8x4x4-LD21-H0.3-F0.6-A4-s42,high,twostage,42,478,11.431,68.0,1,81.0,46.29
S8x4x4-LD21-H0.3-F0.6-A4-s42,high,twostage,42,479,11.455,68.0,1,81.0,46.29
S8x4x4-LD21-H0.3-F0.6-A4-s42,high,twostage,42,480,11.477,68.0,1,81.0,46.29
S8x4x4-LD21-H0.3-F0.6-A4-s42,high,twostage,42,481,11.5,68.0,1,81.0,46.29
S8x4x4-LD21-H0.3-F0.6-A4-s42,high,twostage,42,482,11.523,68.0,1,81.0,46.29
S8x4x4-LD21-H0.3-F0.6-A4-s42,high,twostage,42,483,11.548,68.0,1,81.0,46.29
S8x4x4-LD21-H0.3-F0.6-A4-s42,high,twostage,42,484,11.569,68.0,1,81.0,46.29
S8x4x4-LD21-H0.3-F0.6-A4-s42,high,twostage,42,485,11.59,68.0,1,81.0,46.29
S8x4x4-LD21-H0.3-F0.6-A4-s42,high,twostage,42,486,11.612,68.0,1,81.0,46.29
S8x4x4-LD21-H0.3-F0.6-A4-s42,high,twostage,42,487,11.633,68.0,1,81.0,46.29
S8x4x4-LD21-H0.3-F0.6-A4-s42,high,twostage,42,488,11.66,68.0,1,81.0,46.29
S8x4x4-LD21-H0.3-F0.6-A4-s42,high,twostage,42,489,11.681,68.0,1,81.0,46.29
S8x4x4-LD21-H0.3-F0.6-A4-s42,high,twostage,42,490,11.702,68.0,1,81.0,46.29
S8x4x4-LD21-H0.3-F0.6-A4-s42,high,twostage,42,491,11.724,68.0,1,81.0,46.29
S8x4x4-LD21-H0.3-F0.6-A4-s42,high,twostage,42,492,11.747,68.0,1,81.0,46.29
S8x4x4-LD21-H0.3-F0.6-A4-s42,high,twostage,42,493,11.771,68.0,1,81.0,46.29
S8x4x4-LD21-H0.3-F0.6-A4-s42,high,twostage,42,494,11.793,68.0,1,81.0,46.29
S8x4x4-LD21-H0.3-F0.6-A4-s42,high,twostage,42,495,11.814,68.0,1,81.0,46.29
S8x4x4-LD21-H0.3-F0.6-A4-s42,high,twostage,42,496,11.836,68.0,1,81.0,46.29
S8x4x4-LD21-H0.3-F0.6-A4-s42,high,twostage,42,497,11.857,68.0,1,81.0,46.29
S8x4x4-LD21-H0.3-F0.6-A4-s42,high,twostage,42,498,11.881,68.0,1,81.0,46.29
S8x4x4-LD21-H0.3-F0.6-A4-s42,high,twostage,42,499,11.901,68.0,1,81.0,46.29
S8x4x4-LD21-H0.3-F0.6-A4-s42,high,twostage,42,500,11.923,68.0,1,81.0,46.29
S8x4x4-LD21-H0.3-F0.6-A4-s42,high,twostage,42,501,11.945,68.0,1,81.0,46.29
S8x4x4-LD21-H0.3-F0.6-A4-s42,high,twostage,42,502,11.968,68.0,1,81.0,46.29
S8x4x4-LD21-H0.3-F0.6-A4-s42,high,twostage,42,503,11.991,68.0,1,81.0,46.29
S8x4x4-LD21-H0.3-F0.6-A4-s42,high,twostage,42,504,12.012,68.0,1,81.0,46.29
S8x4x4-LD21-H0.3-F0.6-A4-s42,high,twostage,42,505,12.035,68.0,1,81.0,46.29
S8x4x4-LD21-H0.3-F0.6-A4-s42,high,twostage,42,506,12.057,68.0,1,81.0,46.29
S8x4x4-LD21-H0.3-F0.6-A4-s42,high,twostage,42,507,12.08,68.0,1,81.0,46.29
S8x4x4-LD21-H0.3-F0.6-A4-s42,high,twostage,42,508,12.101,68.0,1,81.0,46.29
S8x4x4-LD21-H0.3-F0.6-A4-s42,high,twostage,42,509,12.122,68.0,1,81.0,46.29
S8x4x4-LD21-H0.3-F0.6-A4-s42,high,twostage,42,510,12.143,68.0,1,81.0,46.29
S8x4x4-LD21-H0.3-F0.6-A4-s42,high,twostage,42,511,12.165,68.0,1,81.0,46.29
S8x4x4-LD21-H0.3-F0.6-A4-s42,high,twostage,42,512,12.188,68.0,1,81.0,46.29
S8x4x4-LD21-H0.3-F0.6-A4-s42,high,twostage,42,513,12.209,68.0,1,81.0,46.29
S8x4x4-LD21-H0.3-F0.6-A4-s42,high,twostage,42,514,12.23,68.0,1,81.0,46.29
S8x4x4-LD21-H0.3-F0.6-A4-s42,high,twostage,42,515,12.252,68.0,1,81.0,46.29
S8x4x4-LD21-H0.3-F0.6-A4-s42,high,twostage,42,516,12.274,68.0,1,81.0,46.29
S8x4x4-LD21-H0.3-F0.6-A4-s42,high,twostage,42,517,12.296,68.0,1,81.0,46.29
S8x4x4-LD21-H0.3-F0.6-A4-s42,high,twostage,42,518,12.319,68.0,1,81.0,46.29
S8x4x4-LD21-H0.3-F0.6-A4-s42,high,twostage,42,519,12.342,68.0,1,81.0,46.29
S8x4x4-LD21-H0.3-F0.6-A4-s42,high,twostage,42,520,12.364,68.0,1,81.0,46.29
S8x4x4-LD21-H0.3-F0.6-A4-s42,high,twostage,42,521,12.388,68.0,1,81.0,46.29
S8x4x4-LD21-H0.3-F0.6-A4-s42,high,twostage,42,522,12.41,68.0,1,81.0,46.29
S8x4x4-LD21-H0.3-F0.6-A4-s42,high,twostage,42,523,12.431,68.0,1,81.0,46.29
S8x4x4-LD21-H0.3-F0.6-A4-s42,high,twostage,42,524,12.452,68.0,1,81.0,46.29
S8x4x4-LD21-H0.3-F0.6-A4-s42,high,twostage,42,525,12.473,68.0,1,81.0,46.29
S8x4x4-LD21-H0.3-F0.6-A4-s42,high,twostage,42,526,12.498,68.0,1,81.0,46.29
S8x4x4-LD21-H0.3-F0.6-A4-s42,high,twostage,42,527,12.52,68.0,1,81.0,46.29
S8x4x4-LD21-H0.3-F0.6-A4-s42,high,twostage,42,528,12.542,68.0,1,81.0,46.29
S8x4x4-LD21-H0.3-F0.6-A4-s42,high,twostage,42,529,12.564,68.0,1,81.0,46.29
S8x4x4-LD21-H0.3-F0.6-A4-s42,high,twostage,42,530,12.586,68.0,1,81.0,46.29
S8x4x4-LD21-H0.3-F0.6-A4-s42,high,twostage,42,531,12.61,68.0,1,81.0,46.29
S8x4x4-LD21-H0.3-F0.6-A4-s42,high,twostage,42,532,12.632,68.0,1,81.0,46.29
S8x4x4-LD21-H0.3-F0.6-A4-s42,high,twostage,42,533,12.654,68.0,1,81.0,46.29
S8x4x4-LD21-H0.3-F0.6-A4-s42,high,twostage,42,534,12.676,68.0,1,81.0,46.29
S8x4x4-LD21-H0.3-F0.6-A4-s42,high,twostage,42,535,12.7,68.0,1,81.0,46.29
S8x4x4-LD21-H0.3-F0.6-A4-s42,high,twostage,42,536,12.721,68.0,1,81.0,46.29
S8x4x4-LD21-H0.3-F0.6-A4-s42,high,twostage,42,537,12.743,68.0,1,81.0,46.29
S8x4x4-LD21-H0.3-F0.6-A4-s42,high,twostage,42,538,12.766,68.0,1,81.0,46.29
S8x4x4-LD21-H0.3-F0.6-A4-s42,high,twostage,42,539,12.787,68.0,1,81.0,46.29
S8x4x4-LD21-H0.3-F0.6-A4-s42,high,twostage,42,540,12.812,68.0,1,81.0,46.29
S8x4x4-LD21-H0.3-F0.6-A4-s42,high,twostage,42,541,12.833,68.0,1,81.0,46.29
S8x4x4-LD21-H0.3-F0.6-A4-s42,high,twostage,42,542,12.855,68.0,1,81.0,46.29
S8x4x4-LD21-H0.3-F0.6-A4-s42,high,twostage,42,543,12.877,68.0,1,81.0,46.29
S8x4x4-LD21-H0.3-F0.6-A4-s42,high,twostage,42,544,12.898,68.0,1,81.0,46.29
S8x4x4-LD21-H0.3-F0.6-A4-s42,high,twostage,42,545,12.922,68.0,1,81.0,46.29
S8x4x4-LD21-H0.3-F0.6-A4-s42,high,twostage,42,546,12.942,68.0,1,81.0,46.29
S8x4x4-LD21-H0.3-F0.6-A4-s42,high,twostage,42,547,12.964,68.0,1,81.0,46.29
S8x4x4-LD21-H0.3-F0.6-A4-s42,high,twostage,42,548,12.985,68.0,1,81.0,46.29
S8x4x4-LD21-H0.3-F0.6-A4-s42,high,twostage,42,549,13.008,68.0,1,81.0,46.29
S8x4x4-LD21-H0.3-F0.6-A4-s42,high,twostage,42,550,13.033,68.0,1,81.0,46.29
S8x4x4-LD21-H0.3-F0.6-A4-s42,high,twostage,42,551,13.061,68.0,1,81.0,46.29
S8x4x4-LD21-H0.3-F0.6-A4-s42,high,twostage,42,552,13.084,68.0,1,81.0,46.29
S8x4x4-LD21-H0.3-F0.6-A4-s42,high,twostage,42,553,13.105,68.0,1,81.0,46.29
S8x4x4-LD21-H0.3-F0.6-A4-s42,high,twostage,42,554,13.136,68.0,1,81.0,46.29
S8x4x4-LD21-H0.3-F0.6-A4-s42,high,twostage,42,555,13.157,68.0,1,81.0,46.29
S8x4x4-LD21-H0.3-F0.6-A4-s42,high,twostage,42,556,13.18,68.0,1,81.0,46.29
S8x4x4-LD21-H0.3-F0.6-A4-s42,high,twostage,42,557,13.202,68.0,1,81.0,46.29
S8x4x4-LD21-H0.3-F0.6-A4-s42,high,twostage,42,558,13.223,68.0,1,81.0,46.29
S8x4x4-LD21-H0.3-F0.6-A4-s42,high,twostage,42,559,13.248,68.0,1,81.0,46.29
S8x4x4-LD21-H0.3-F0.6-A4-s42,high,twostage,42,560,13.27,68.0,1,81.0,46.29
S8x4x4-LD21-H0.3-F0.6-A4-s42,high,twostage,42,561,13.296,68.0,1,81.0,46.29
S8x4x4-LD21-H0.3-F0.6-A4-s42,high,twostage,42,562,13.319,68.0,1,81.0,46.29
S8x4x4-LD21-H0.3-F0.6-A4-s42,high,twostage,42,563,13.345,68.0,1,81.0,46.29
S8x4x4-LD21-H0.3-F0.6-A4-s42,high,twostage,42,564,13.379,68.0,1,81.0,46.29
S8x4x4-LD21-H0.3-F0.6-A4-s42,high,twostage,42,565,13.401,68.0,1,81.0,46.29
S8x4x4-LD21-H0.3-F0.6-A4-s42,high,twostage,42,566,13.431,68.0,1,81.0,46.29
S8x4x4-LD21-H0.3-F0.6-A4-s42,high,twostage,42,567,13.456,68.0,1,81.0,46.29
S8x4x4-LD21-H0.3-F0.6-A4-s42,high,twostage,42,568,13.481,68.0,1,81.0,46.29
S8x4x4-LD21-H0.3-F0.6-A4-s42,high,twostage,42,569,13.505,68.0,1,81.0,46.29
S8x4x4-LD21-H0.3-F0.6-A4-s42,high,twostage,42,570,13.528,68.0,1,81.0,46.29
S8x4x4-LD21-H0.3-F0.6-A4-s42,high,twostage,42,571,13.551,68.0,1,81.0,46.29
S8x4x4-LD21-H0.3-F0.6-A4-s42,high,twostage,42,572,13.574,68.0,1,81.0,46.29
S8x4x4-LD21-H0.3-F0.6-A4-s42,high,twostage,42,573,13.606,68.0,1,81.0,46.29
S8x4x4-LD21-H0.3-F0.6-A4-s42,high,twostage,42,574,13.639,68.0,1,81.0,46.29
S8x4x4-LD21-H0.3-F0.6-A4-s42,high,twostage,42,575,13.673,68.0,1,81.0,46.29
S8x4x4-LD21-H0.3-F0.6-A4-s42,high,twostage,42,576,13.703,68.0,1,81.0,46.29
S8x4x4-LD21-H0.3-F0.6-A4-s42,high,twostage,42,577,13.728,68.0,1,81.0,46.29
S8x4x4-LD21-H0.3-F0.6-A4-s42,high,twostage,42,578,13.759,68.0,1,81.0,46.29
S8x4x4-LD21-H0.3-F0.6-A4-s42,high,twostage,42,579,13.784,68.0,1,81.0,46.29
S8x4x4-LD21-H0.3-F0.6-A4-s42,high,twostage,42,580,13.806,68.0,1,81.0,46.29
S8x4x4-LD21-H0.3-F0.6-A4-s42,high,twostage,42,581,13.829,68.0,1,81.0,46.29
S8x4x4-LD21-H0.3-F0.6-A4-s42,high,twostage,42,582,13.855,68.0,1,81.0,46.29
S8x4x4-LD21-H0.3-F0.6-A4-s42,high,twostage,42,583,13.881,68.0,1,81.0,46.29
S8x4x4-LD21-H0.3-F0.6-A4-s42,high,twostage,42,584,13.905,68.0,1,81.0,46.29
S8x4x4-LD21-H0.3-F0.6-A4-s42,high,twostage,42,585,13.928,68.0,1,81.0,46.29
S8x4x4-LD21-H0.3-F0.6-A4-s42,high,twostage,42,586,13.949,68.0,1,81.0,46.29
S8x4x4-LD21-H0.3-F0.6-A4-s42,high,twostage,42,587,13.972,68.0,1,81.0,46.29
S8x4x4-LD21-H0.3-F0.6-A4-s42,high,twostage,42,588,13.996,68.0,1,81.0,46.29
S8x4x4-LD21-H0.3-F0.6-A4-s42,high,twostage,42,589,14.02,68.0,1,81.0,46.29
S8x4x4-LD21-H0.3-F0.6-A4-s42,high,twostage,42,590,14.046,68.0,1,81.0,46.29
S8x4x4-LD21-H0.3-F0.6-A4-s42,high,twostage,42,591,14.071,68.0,1,81.0,46.29
S8x4x4-LD21-H0.3-F0.6-A4-s42,high,twostage,42,592,14.1,68.0,1,81.0,46.29
S8x4x4-LD21-H0.3-F0.6-A4-s42,high,twostage,42,593,14.122,68.0,1,81.0,46.29
S8x4x4-LD21-H0.3-F0.6-A4-s42,high,twostage,42,594,14.147,68.0,1,81.0,46.29
S8x4x4-LD21-H0.3-F0.6-A4-s42,high,twostage,42,595,14.171,68.0,1,81.0,46.29
S8x4x4-LD21-H0.3-F0.6-A4-s42,high,twostage,42,596,14.193,68.0,1,81.0,46.29
S8x4x4-LD21-H0.3-F0.6-A4-s42,high,twostage,42,597,14.218,68.0,1,81.0,46.29
S8x4x4-LD21-H0.3-F0.6-A4-s42,high,twostage,42,598,14.241,68.0,1,81.0,46.29
S8x4x4-LD21-H0.3-F0.6-A4-s42,high,twostage,42,599,14.263,68.0,1,81.0,46.29
S8x4x4-LD21-H0.3-F0.6-A4-s42,high,twostage,42,600,14.286,68.0,1,81.0,46.29
S8x4x4-LD21-H0.3-F0.6-A4-s42,high,twostage,42,601,14.307,68.0,1,81.0,46.29
S8x4x4-LD21-H0.3-F0.6-A4-s42,high,twostage,42,602,14.331,68.0,1,81.0,46.29
S8x4x4-LD21-H0.3-F0.6-A4-s42,high,twostage,42,603,14.354,68.0,1,81.0,46.29
S8x4x4-LD21-H0.3-F0.6-A4-s42,high,twostage,42,604,14.375,68.0,1,81.0,46.29
S8x4x4-LD21-H0.3-F0.6-A4-s42,high,twostage,42,605,14.396,68.0,1,81.0,46.29
S8x4x4-LD21-H0.3-F0.6-A4-s42,high,twostage,42,606,14.417,68.0,1,81.0,46.29
S8x4x4-LD21-H0.3-F0.6-A4-s42,high,twostage,42,607,14.441,68.0,1,81.0,46.29
S8x4x4-LD21-H0.3-F0.6-A4-s42,high,twostage,42,608,14.463,68.0,1,81.0,46.29
S8x4x4-LD21-H0.3-F0.6-A4-s42,high,twostage,42,609,14.485,68.0,1,81.0,46.29
S8x4x4-LD21-H0.3-F0.6-A4-s42,high,twostage,42,610,14.507,68.0,1,81.0,46.29
S8x4x4-LD21-H0.3-F0.6-A4-s42,high,twostage,42,611,14.531,68.0,1,81.0,46.29
S8x4x4-LD21-H0.3-F0.6-A4-s42,high,twostage,42,612,14.553,68.0,1,81.0,46.29
S8x4x4-LD21-H0.3-F0.6-A4-s42,high,twostage,42,613,14.575,68.0,1,81.0,46.29
S8x4x4-LD21-H0.3-F0.6-A4-s42,high,twostage,42,614,14.596,68.0,1,81.0,46.29
S8x4x4-LD21-H0.3-F0.6-A4-s42,high,twostage,42,615,14.62,68.0,1,81.0,46.29
S8x4x4-LD21-H0.3-F0.6-A4-s42,high,twostage,42,616,14.645,68.0,1,81.0,46.29
S8x4x4-LD21-H0.3-F0.6-A4-s42,high,twostage,42,617,14.667,68.0,1,81.0,46.29
S8x4x4-LD21-H0.3-F0.6-A4-s42,high,twostage,42,618,14.689,68.0,1,81.0,46.29
S8x4x4-LD21-H0.3-F0.6-A4-s42,high,twostage,42,619,14.71,68.0,1,81.0,46.29
S8x4x4-LD21-H0.3-F0.6-A4-s42,high,twostage,42,620,14.731,68.0,1,81.0,46.29
S8x4x4-LD21-H0.3-F0.6-A4-s42,high,twostage,42,621,14.755,68.0,1,81.0,46.29
S8x4x4-LD21-H0.3-F0.6-A4-s42,high,twostage,42,622,14.777,68.0,1,81.0,46.29
S8x4x4-LD21-H0.3-F0.6-A4-s42,high,twostage,42,623,14.799,68.0,1,81.0,46.29
S8x4x4-LD21-H0.3-F0.6-A4-s42,high,twostage,42,624,14.821,68.0,1,81.0,46.29
S8x4x4-LD21-H0.3-F0.6-A4-s42,high,twostage,42,625,14.847,68.0,1,81.0,46.29
S8x4x4-LD21-H0.3-F0.6-A4-s42,high,twostage,42,626,14.871,68.0,1,81.0,46.29
S8x4x4-LD21-H0.3-F0.6-A4-s42,high,twostage,42,627,14.899,68.0,1,81.0,46.29
S8x4x4-LD21-H0.3-F0.6-A4-s42,high,twostage,42,628,14.926,68.0,1,81.0,46.29
S8x4x4-LD21-H0.3-F0.6-A4-s42,high,twostage,42,629,14.947,68.0,1,81.0,46.29
S8x4x4-LD21-H0.3-F0.6-A4-s42,high,twostage,42,630,14.971,68.0,1,81.0,46.29
S8x4x4-LD21-H0.3-F0.6-A4-s42,high,twostage,42,631,14.993,68.0,1,81.0,46.29
S8x4x4-LD21-H0.3-F0.6-A4-s42,high,twostage,42,632,15.015,68.0,1,81.0,46.29
S8x4x4-LD21-H0.3-F0.6-A4-s42,high,twostage,42,633,15.038,68.0,1,81.0,46.29
S8x4x4-LD21-H0.3-F0.6-A4-s42,high,twostage,42,634,15.062,68.0,1,81.0,46.29
S8x4x4-LD21-H0.3-F0.6-A4-s42,high,twostage,42,635,15.094,68.0,1,81.0,46.29
S8x4x4-LD21-H0.3-F0.6-A4-s42,high,twostage,42,636,15.125,68.0,1,81.0,46.29
S8x4x4-LD21-H0.3-F0.6-A4-s42,high,twostage,42,637,15.153,68.0,1,81.0,46.29
S8x4x4-LD21-H0.3-F0.6-A4-s42,high,twostage,42,638,15.182,68.0,1,81.0,46.29
S8x4x4-LD21-H0.3-F0.6-A4-s42,high,twostage,42,639,15.214,68.0,1,81.0,46.29
S8x4x4-LD21-H0.3-F0.6-A4-s42,high,twostage,42,640,15.243,68.0,1,81.0,46.29
S8x4x4-LD21-H0.3-F0.6-A4-s42,high,twostage,42,641,15.265,68.0,1,81.0,46.29
S8x4x4-LD21-H0.3-F0.6-A4-s42,high,twostage,42,642,15.288,68.0,1,81.0,46.29
S8x4x4-LD21-H0.3-F0.6-A4-s42,high,twostage,42,643,15.31,68.0,1,81.0,46.29
S8x4x4-LD21-H0.3-F0.6-A4-s42,high,twostage,42,644,15.336,68.0,1,81.0,46.29
S8x4x4-LD21-H0.3-F0.6-A4-s42,high,twostage,42,645,15.36,68.0,1,81.0,46.29
S8x4x4-LD21-H0.3-F0.6-A4-s42,high,twostage,42,646,15.381,68.0,1,81.0,46.29
S8x4x4-LD21-H0.3-F0.6-A4-s42,high,twostage,42,647,15.403,68.0,1,81.0,46.29
S8x4x4-LD21-H0.3-F0.6-A4-s42,high,twostage,42,648,15.424,68.0,1,81.0,46.29
S8x4x4-LD21-H0.3-F0.6-A4-s42,high,twostage,42,649,15.449,68.0,1,81.0,46.29
S8x4x4-LD21-H0.3-F0.6-A4-s42,high,twostage,42,650,15.471,68.0,1,81.0,46.29
S8x4x4-LD21-H0.3-F0.6-A4-s42,high,twostage,42,651,15.493,68.0,1,81.0,46.29
S8x4x4-LD21-H0.3-F0.6-A4-s42,high,twostage,42,652,15.515,68.0,1,81.0,46.29
S8x4x4-LD21-H0.3-F0.6-A4-s42,high,twostage,42,653,15.537,68.0,1,81.0,46.29
S8x4x4-LD21-H0.3-F0.6-A4-s42,high,twostage,42,654,15.563,68.0,1,81.0,46.29
S8x4x4-LD21-H0.3-F0.6-A4-s42,high,twostage,42,655,15.585,68.0,1,81.0,46.29
S8x4x4-LD21-H0.3-F0.6-A4-s42,high,twostage,42,656,15.607,68.0,1,81.0,46.29
S8x4x4-LD21-H0.3-F0.6-A4-s42,high,twostage,42,657,15.629,68.0,1,81.0,46.29
S8x4x4-LD21-H0.3-F0.6-A4-s42,high,twostage,42,658,15.655,68.0,1,81.0,46.29
S8x4x4-LD21-H0.3-F0.6-A4-s42,high,twostage,42,659,15.677,68.0,1,81.0,46.29
S8x4x4-LD21-H0.3-F0.6-A4-s42,high,twostage,42,660,15.698,68.0,1,81.0,46.29
S8x4x4-LD21-H0.3-F0.6-A4-s42,high,twostage,42,661,15.72,68.0,1,81.0,46.29
S8x4x4-LD21-H0.3-F0.6-A4-s42,high,twostage,42,662,15.741,68.0,1,81.0,46.29
S8x4x4-LD21-H0.3-F0.6-A4-s42,high,twostage,42,663,15.767,68.0,1,81.0,46.29
S8x4x4-LD21-H0.3-F0.6-A4-s42,high,twostage,42,664,15.788,68.0,1,81.0,46.29
S8x4x4-LD21-H0.3-F0.6-A4-s42,high,twostage,42,665,15.81,68.0,1,81.0,46.29
S8x4x4-LD21-H0.3-F0.6-A4-s42,high,twostage,42,666,15.831,68.0,1,81.0,46.29
S8x4x4-LD21-H0.3-F0.6-A4-s42,high,twostage,42,667,15.853,68.0,1,81.0,46.29
S8x4x4-LD21-H0.3-F0.6-A4-s42,high,twostage,42,668,15.878,68.0,1,81.0,46.29
S8x4x4-LD21-H0.3-F0.6-A4-s42,high,twostage,42,669,15.902,68.0,1,81.0,46.29
S8x4x4-LD21-H0.3-F0.6-A4-s42,high,twostage,42,670,15.924,68.0,1,81.0,46.29
S8x4x4-LD21-H0.3-F0.6-A4-s42,high,twostage,42,671,15.947,68.0,1,81.0,46.29
S8x4x4-LD21-H0.3-F0.6-A4-s42,high,twostage,42,672,15.971,68.0,1,81.0,46.29
S8x4x4-LD21-H0.3-F0.6-A4-s42,high,twostage,42,673,16.0,68.0,1,81.0,46.29
S8x4x4-LD21-H0.3-F0.6-A4-s42,high,twostage,42,674,16.022,68.0,1,81.0,46.29
S8x4x4-LD21-H0.3-F0.6-A4-s42,high,twostage,42,675,16.051,68.0,1,81.0,46.29
S8x4x4-LD21-H0.3-F0.6-A4-s42,high,twostage,42,676,16.073,68.0,1,81.0,46.29
S8x4x4-LD21-H0.3-F0.6-A4-s42,high,twostage,42,677,16.099,68.0,1,81.0,46.29
S8x4x4-LD21-H0.3-F0.6-A4-s42,high,twostage,42,678,16.123,68.0,1,81.0,46.29
S8x4x4-LD21-H0.3-F0.6-A4-s42,high,twostage,42,679,16.147,68.0,1,81.0,46.29
S8x4x4-LD21-H0.3-F0.6-A4-s42,high,twostage,42,680,16.17,68.0,1,81.0,46.29
S8x4x4-LD21-H0.3-F0.6-A4-s42,high,twostage,42,681,16.193,68.0,1,81.0,46.29
S8x4x4-LD21-H0.3-F0.6-A4-s42,high,twostage,42,682,16.219,68.0,1,81.0,46.29
S8x4x4-LD21-H0.3-F0.6-A4-s42,high,twostage,42,683,16.24,68.0,1,81.0,46.29
S8x4x4-LD21-H0.3-F0.6-A4-s42,high,twostage,42,684,16.261,68.0,1,81.0,46.29
S8x4x4-LD21-H0.3-F0.6-A4-s42,high,twostage,42,685,16.282,68.0,1,81.0,46.29
S8x4x4-LD21-H0.3-F0.6-A4-s42,high,twostage,42,686,16.304,68.0,1,81.0,46.29
S8x4x4-LD21-H0.3-F0.6-A4-s42,high,twostage,42,687,16.329,68.0,1,81.0,46.29
S8x4x4-LD21-H0.3-F0.6-A4-s42,high,twostage,42,688,16.351,68.0,1,81.0,46.29
S8x4x4-LD21-H0.3-F0.6-A4-s42,high,twostage,42,689,16.372,68.0,1,81.0,46.29
S8x4x4-LD21-H0.3-F0.6-A4-s42,high,twostage,42,690,16.394,68.0,1,81.0,46.29
S8x4x4-LD21-H0.3-F0.6-A4-s42,high,twostage,42,691,16.416,68.0,1,81.0,46.29
S8x4x4-LD21-H0.3-F0.6-A4-s42,high,twostage,42,692,16.441,68.0,1,81.0,46.29
S8x4x4-LD21-H0.3-F0.6-A4-s42,high,twostage,42,693,16.463,68.0,1,81.0,46.29
S8x4x4-LD21-H0.3-F0.6-A4-s42,high,twostage,42,694,16.483,68.0,1,81.0,46.29
S8x4x4-LD21-H0.3-F0.6-A4-s42,high,twostage,42,695,16.505,68.0,1,81.0,46.29
S8x4x4-LD21-H0.3-F0.6-A4-s42,high,twostage,42,696,16.53,68.0,1,81.0,46.29
S8x4x4-LD21-H0.3-F0.6-A4-s42,high,twostage,42,697,16.553,68.0,1,81.0,46.29
S8x4x4-LD21-H0.3-F0.6-A4-s42,high,twostage,42,698,16.576,68.0,1,81.0,46.29
S8x4x4-LD21-H0.3-F0.6-A4-s42,high,twostage,42,699,16.598,68.0,1,81.0,46.29
S8x4x4-LD21-H0.3-F0.6-A4-s42,high,twostage,42,700,16.619,68.0,1,81.0,46.29
S8x4x4-LD21-H0.3-F0.6-A4-s42,high,twostage,42,701,16.645,68.0,1,81.0,46.29
S8x4x4-LD21-H0.3-F0.6-A4-s42,high,twostage,42,702,16.668,68.0,1,81.0,46.29
S8x4x4-LD21-H0.3-F0.6-A4-s42,high,twostage,42,703,16.69,68.0,1,81.0,46.29
S8x4x4-LD21-H0.3-F0.6-A4-s42,high,twostage,42,704,16.713,68.0,1,81.0,46.29
S8x4x4-LD21-H0.3-F0.6-A4-s42,high,twostage,42,705,16.735,68.0,1,81.0,46.29
S8x4x4-LD21-H0.3-F0.6-A4-s42,high,twostage,42,706,16.759,68.0,1,81.0,46.29
S8x4x4-LD21-H0.3-F0.6-A4-s42,high,twostage,42,707,16.78,68.0,1,81.0,46.29
S8x4x4-LD21-H0.3-F0.6-A4-s42,high,twostage,42,708,16.801,68.0,1,81.0,46.29
S8x4x4-LD21-H0.3-F0.6-A4-s42,high,twostage,42,709,16.823,68.0,1,81.0,46.29
S8x4x4-LD21-H0.3-F0.6-A4-s42,high,twostage,42,710,16.845,68.0,1,81.0,46.29
S8x4x4-LD21-H0.3-F0.6-A4-s42,high,twostage,42,711,16.869,68.0,1,81.0,46.29
S8x4x4-LD21-H0.3-F0.6-A4-s42,high,twostage,42,712,16.891,68.0,1,81.0,46.29
S8x4x4-LD21-H0.3-F0.6-A4-s42,high,twostage,42,713,16.912,68.0,1,81.0,46.29
S8x4x4-LD21-H0.3-F0.6-A4-s42,high,twostage,42,714,16.935,68.0,1,81.0,46.29
S8x4x4-LD21-H0.3-F0.6-A4-s42,high,twostage,42,715,16.959,68.0,1,81.0,46.29
S8x4x4-LD21-H0.3-F0.6-A4-s42,high,twostage,42,716,16.98,68.0,1,81.0,46.29
S8x4x4-LD21-H0.3-F0.6-A4-s42,high,twostage,42,717,17.002,68.0,1,81.0,46.29
S8x4x4-LD21-H0.3-F0.6-A4-s42,high,twostage,42,718,17.023,68.0,1,81.0,46.29
S8x4x4-LD21-H0.3-F0.6-A4-s42,high,twostage,42,719,17.044,68.0,1,81.0,46.29
S8x4x4-LD21-H0.3-F0.6-A4-s42,high,twostage,42,720,17.069,68.0,1,81.0,46.29
S8x4x4-LD21-H0.3-F0.6-A4-s42,high,twostage,42,721,17.093,68.0,1,81.0,46.29
S8x4x4-LD21-H0.3-F0.6-A4-s42,high,twostage,42,722,17.116,68.0,1,81.0,46.29
S8x4x4-LD21-H0.3-F0.6-A4-s42,high,twostage,42,723,17.138,68.0,1,81.0,46.29
S8x4x4-LD21-H0.3-F0.6-A4-s42,high,twostage,42,724,17.159,68.0,1,81.0,46.29
S8x4x4-LD21-H0.3-F0.6-A4-s42,high,twostage,42,725,17.184,68.0,1,81.0,46.29
S8x4x4-LD21-H0.3-F0.6-A4-s42,high,twostage,42,726,17.205,68.0,1,81.0,46.29
S8x4x4-LD21-H0.3-F0.6-A4-s42,high,twostage,42,727,17.228,68.0,1,81.0,46.29
S8x4x4-LD21-H0.3-F0.6-A4-s42,high,twostage,42,728,17.255,68.0,1,81.0,46.29
S8x4x4-LD21-H0.3-F0.6-A4-s42,high,twostage,42,729,17.288,68.0,1,81.0,46.29
S8x4x4-LD21-H0.3-F0.6-A4-s42,high,twostage,42,730,17.31,68.0,1,81.0,46.29
S8x4x4-LD21-H0.3-F0.6-A4-s42,high,twostage,42,731,17.331,68.0,1,81.0,46.29
S8x4x4-LD21-H0.3-F0.6-A4-s42,high,twostage,42,732,17.355,68.0,1,81.0,46.29
S8x4x4-LD21-H0.3-F0.6-A4-s42,high,twostage,42,733,17.383,68.0,1,81.0,46.29
S8x4x4-LD21-H0.3-F0.6-A4-s42,high,twostage,42,734,17.407,68.0,1,81.0,46.29
S8x4x4-LD21-H0.3-F0.6-A4-s42,high,twostage,42,735,17.431,68.0,1,81.0,46.29
S8x4x4-LD21-H0.3-F0.6-A4-s42,high,twostage,42,736,17.454,68.0,1,81.0,46.29
S8x4x4-LD21-H0.3-F0.6-A4-s42,high,twostage,42,737,17.476,68.0,1,81.0,46.29
S8x4x4-LD21-H0.3-F0.6-A4-s42,high,twostage,42,738,17.498,68.0,1,81.0,46.29
S8x4x4-LD21-H0.3-F0.6-A4-s42,high,twostage,42,739,17.521,68.0,1,81.0,46.29
S8x4x4-LD21-H0.3-F0.6-A4-s42,high,twostage,42,740,17.543,68.0,1,81.0,46.29
S8x4x4-LD21-H0.3-F0.6-A4-s42,high,twostage,42,741,17.564,68.0,1,81.0,46.29
S8x4x4-LD21-H0.3-F0.6-A4-s42,high,twostage,42,742,17.586,68.0,1,81.0,46.29
S8x4x4-LD21-H0.3-F0.6-A4-s42,high,twostage,42,743,17.611,68.0,1,81.0,46.29
S8x4x4-LD21-H0.3-F0.6-A4-s42,high,twostage,42,744,17.636,68.0,1,81.0,46.29
S8x4x4-LD21-H0.3-F0.6-A4-s42,high,twostage,42,745,17.658,68.0,1,81.0,46.29
S8x4x4-LD21-H0.3-F0.6-A4-s42,high,twostage,42,746,17.681,68.0,1,81.0,46.29
S8x4x4-LD21-H0.3-F0.6-A4-s42,high,twostage,42,747,17.702,68.0,1,81.0,46.29
S8x4x4-LD21-H0.3-F0.6-A4-s42,high,twostage,42,748,17.728,68.0,1,81.0,46.29
S8x4x4-LD21-H0.3-F0.6-A4-s42,high,twostage,42,749,17.749,68.0,1,81.0,46.29
S8x4x4-LD21-H0.3-F0.6-A4-s42,high,twostage,42,750,17.771,68.0,1,81.0,46.29
S8x4x4-LD21-H0.3-F0.6-A4-s42,high,twostage,42,751,17.792,68.0,1,81.0,46.29
S8x4x4-LD21-H0.3-F0.6-A4-s42,high,twostage,42,752,17.813,68.0,1,81.0,46.29
S8x4x4-LD21-H0.3-F0.6-A4-s42,high,twostage,42,753,17.838,68.0,1,81.0,46.29
S8x4x4-LD21-H0.3-F0.6-A4-s42,high,twostage,42,754,17.861,68.0,1,81.0,46.29
S8x4x4-LD21-H0.3-F0.6-A4-s42,high,twostage,42,755,17.882,68.0,1,81.0,46.29
S8x4x4-LD21-H0.3-F0.6-A4-s42,high,twostage,42,756,17.903,68.0,1,81.0,46.29
S8x4x4-LD21-H0.3-F0.6-A4-s42,high,twostage,42,757,17.925,68.0,1,81.0,46.29
S8x4x4-LD21-H0.3-F0.6-A4-s42,high,twostage,42,758,17.949,68.0,1,81.0,46.29
S8x4x4-LD21-H0.3-F0.6-A4-s42,high,twostage,42,759,17.97,68.0,1,81.0,46.29
S8x4x4-LD21-H0.3-F0.6-A4-s42,high,twostage,42,760,17.991,68.0,1,81.0,46.29
S8x4x4-LD21-H0.3-F0.6-A4-s42,high,twostage,42,761,18.012,68.0,1,81.0,46.29
S8x4x4-LD21-H0.3-F0.6-A4-s42,high,twostage,42,762,18.034,68.0,1,81.0,46.29
S8x4x4-LD21-H0.3-F0.6-A4-s42,high,twostage,42,763,18.059,68.0,1,81.0,46.29
S8x4x4-LD21-H0.3-F0.6-A4-s42,high,twostage,42,764,18.08,68.0,1,81.0,46.29
S8x4x4-LD21-H0.3-F0.6-A4-s42,high,twostage,42,765,18.102,68.0,1,81.0,46.29
S8x4x4-LD21-H0.3-F0.6-A4-s42,high,twostage,42,766,18.124,68.0,1,81.0,46.29
S8x4x4-LD21-H0.3-F0.6-A4-s42,high,twostage,42,767,18.149,68.0,1,81.0,46.29
S8x4x4-LD21-H0.3-F0.6-A4-s42,high,twostage,42,768,18.171,68.0,1,81.0,46.29
S8x4x4-LD21-H0.3-F0.6-A4-s42,high,twostage,42,769,18.192,68.0,1,81.0,46.29
S8x4x4-LD21-H0.3-F0.6-A4-s42,high,twostage,42,770,18.214,68.0,1,81.0,46.29
S8x4x4-LD21-H0.3-F0.6-A4-s42,high,twostage,42,771,18.235,68.0,1,81.0,46.29
S8x4x4-LD21-H0.3-F0.6-A4-s42,high,twostage,42,772,18.258,68.0,1,81.0,46.29
S8x4x4-LD21-H0.3-F0.6-A4-s42,high,twostage,42,773,18.279,68.0,1,81.0,46.29
S8x4x4-LD21-H0.3-F0.6-A4-s42,high,twostage,42,774,18.301,68.0,1,81.0,46.29
S8x4x4-LD21-H0.3-F0.6-A4-s42,high,twostage,42,775,18.323,68.0,1,81.0,46.29
S8x4x4-LD21-H0.3-F0.6-A4-s42,high,twostage,42,776,18.345,68.0,1,81.0,46.29
S8x4x4-LD21-H0.3-F0.6-A4-s42,high,twostage,42,777,18.37,68.0,1,81.0,46.29
S8x4x4-LD21-H0.3-F0.6-A4-s42,high,twostage,42,778,18.393,68.0,1,81.0,46.29
S8x4x4-LD21-H0.3-F0.6-A4-s42,high,twostage,42,779,18.416,68.0,1,81.0,46.29
S8x4x4-LD21-H0.3-F0.6-A4-s42,high,twostage,42,780,18.437,68.0,1,81.0,46.29
S8x4x4-LD21-H0.3-F0.6-A4-s42,high,twostage,42,781,18.458,68.0,1,81.0,46.29
S8x4x4-LD21-H0.3-F0.6-A4-s42,high,twostage,42,782,18.481,68.0,1,81.0,46.29
S8x4x4-LD21-H0.3-F0.6-A4-s42,high,twostage,42,783,18.503,68.0,1,81.0,46.29
S8x4x4-LD21-H0.3-F0.6-A4-s42,high,twostage,42,784,18.524,68.0,1,81.0,46.29
S8x4x4-LD21-H0.3-F0.6-A4-s42,high,twostage,42,785,18.547,68.0,1,81.0,46.29
S8x4x4-LD21-H0.3-F0.6-A4-s42,high,twostage,42,786,18.572,68.0,1,81.0,46.29
S8x4x4-LD21-H0.3-F0.6-A4-s42,high,twostage,42,787,18.594,68.0,1,81.0,46.29
S8x4x4-LD21-H0.3-F0.6-A4-s42,high,twostage,42,788,18.616,68.0,1,81.0,46.29
S8x4x4-LD21-H0.3-F0.6-A4-s42,high,twostage,42,789,18.639,68.0,1,81.0,46.29
S8x4x4-LD21-H0.3-F0.6-A4-s42,high,twostage,42,790,18.66,68.0,1,81.0,46.29
S8x4x4-LD21-H0.3-F0.6-A4-s42,high,twostage,42,791,18.686,68.0,1,81.0,46.29
S8x4x4-LD21-H0.3-F0.6-A4-s42,high,twostage,42,792,18.708,68.0,1,81.0,46.29
S8x4x4-LD21-H0.3-F0.6-A4-s42,high,twostage,42,793,18.729,68.0,1,81.0,46.29
S8x4x4-LD21-H0.3-F0.6-A4-s42,high,twostage,42,794,18.75,68.0,1,81.0,46.29
S8x4x4-LD21-H0.3-F0.6-A4-s42,high,twostage,42,795,18.772,68.0,1,81.0,46.29
S8x4x4-LD21-H0.3-F0.6-A4-s42,high,twostage,42,796,18.796,68.0,1,81.0,46.29
S8x4x4-LD21-H0.3-F0.6-A4-s42,high,twostage,42,797,18.817,68.0,1,81.0,46.29
S8x4x4-LD21-H0.3-F0.6-A4-s42,high,twostage,42,798,18.838,68.0,1,81.0,46.29
S8x4x4-LD21-H0.3-F0.6-A4-s42,high,twostage,42,799,18.86,68.0,1,81.0,46.29
S8x4x4-LD21-H0.3-F0.6-A4-s42,high,twostage,42,800,18.884,68.0,1,81.0,46.29
S8x4x4-LD21-H0.3-F0.6-A4-s42,high,twostage,42,801,18.905,68.0,1,81.0,46.29
S8x4x4-LD21-H0.3-F0.6-A4-s42,high,twostage,42,802,18.926,68.0,1,81.0,46.29
S8x4x4-LD21-H0.3-F0.6-A4-s42,high,twostage,42,803,18.949,68.0,1,81.0,46.29
S8x4x4-LD21-H0.3-F0.6-A4-s42,high,twostage,42,804,18.97,68.0,1,81.0,46.29
S8x4x4-LD21-H0.3-F0.6-A4-s42,high,twostage,42,805,18.994,68.0,1,81.0,46.29
S8x4x4-LD21-H0.3-F0.6-A4-s42,high,twostage,42,806,19.016,68.0,1,81.0,46.29
S8x4x4-LD21-H0.3-F0.6-A4-s42,high,twostage,42,807,19.037,68.0,1,81.0,46.29
S8x4x4-LD21-H0.3-F0.6-A4-s42,high,twostage,42,808,19.059,68.0,1,81.0,46.29
S8x4x4-LD21-H0.3-F0.6-A4-s42,high,twostage,42,809,19.082,68.0,1,81.0,46.29
S8x4x4-LD21-H0.3-F0.6-A4-s42,high,twostage,42,810,19.106,68.0,1,81.0,46.29
S8x4x4-LD21-H0.3-F0.6-A4-s42,high,twostage,42,811,19.128,68.0,1,81.0,46.29
S8x4x4-LD21-H0.3-F0.6-A4-s42,high,twostage,42,812,19.149,68.0,1,81.0,46.29
S8x4x4-LD21-H0.3-F0.6-A4-s42,high,twostage,42,813,19.171,68.0,1,81.0,46.29
S8x4x4-LD21-H0.3-F0.6-A4-s42,high,twostage,42,814,19.192,68.0,1,81.0,46.29
S8x4x4-LD21-H0.3-F0.6-A4-s42,high,twostage,42,815,19.216,68.0,1,81.0,46.29
S8x4x4-LD21-H0.3-F0.6-A4-s42,high,twostage,42,816,19.238,68.0,1,81.0,46.29
S8x4x4-LD21-H0.3-F0.6-A4-s42,high,twostage,42,817,19.259,68.0,1,81.0,46.29
S8x4x4-LD21-H0.3-F0.6-A4-s42,high,twostage,42,818,19.281,68.0,1,81.0,46.29
S8x4x4-LD21-H0.3-F0.6-A4-s42,high,twostage,42,819,19.305,68.0,1,81.0,46.29
S8x4x4-LD21-H0.3-F0.6-A4-s42,high,twostage,42,820,19.327,68.0,1,81.0,46.29
S8x4x4-LD21-H0.3-F0.6-A4-s42,high,twostage,42,821,19.348,68.0,1,81.0,46.29
S8x4x4-LD21-H0.3-F0.6-A4-s42,high,twostage,42,822,19.37,68.0,1,81.0,46.29
S8x4x4-LD21-H0.3-F0.6-A4-s42,high,twostage,42,823,19.391,68.0,1,81.0,46.29
S8x4x4-LD21-H0.3-F0.6-A4-s42,high,twostage,42,824,19.415,68.0,1,81.0,46.29
S8x4x4-LD21-H0.3-F0.6-A4-s42,high,twostage,42,825,19.435,68.0,1,81.0,46.29
S8x4x4-LD21-H0.3-F0.6-A4-s42,high,twostage,42,826,19.456,68.0,1,81.0,46.29
S8x4x4-LD21-H0.3-F0.6-A4-s42,high,twostage,42,827,19.478,68.0,1,81.0,46.29
S8x4x4-LD21-H0.3-F0.6-A4-s42,high,twostage,42,828,19.501,68.0,1,81.0,46.29
S8x4x4-LD21-H0.3-F0.6-A4-s42,high,twostage,42,829,19.524,68.0,1,81.0,46.29
S8x4x4-LD21-H0.3-F0.6-A4-s42,high,twostage,42,830,19.545,68.0,1,81.0,46.29
S8x4x4-LD21-H0.3-F0.6-A4-s42,high,twostage,42,831,19.566,68.0,1,81.0,46.29
S8x4x4-LD21-H0.3-F0.6-A4-s42,high,twostage,42,832,19.588,68.0,1,81.0,46.29
S8x4x4-LD21-H0.3-F0.6-A4-s42,high,twostage,42,833,19.612,68.0,1,81.0,46.29
S8x4x4-LD21-H0.3-F0.6-A4-s42,high,twostage,42,834,19.638,68.0,1,81.0,46.29
S8x4x4-LD21-H0.3-F0.6-A4-s42,high,twostage,42,835,19.66,68.0,1,81.0,46.29
S8x4x4-LD21-H0.3-F0.6-A4-s42,high,twostage,42,836,19.682,68.0,1,81.0,46.29
S8x4x4-LD21-H0.3-F0.6-A4-s42,high,twostage,42,837,19.704,68.0,1,81.0,46.29
S8x4x4-LD21-H0.3-F0.6-A4-s42,high,twostage,42,838,19.728,68.0,1,81.0,46.29
S8x4x4-LD21-H0.3-F0.6-A4-s42,high,twostage,42,839,19.749,68.0,1,81.0,46.29
S8x4x4-LD21-H0.3-F0.6-A4-s42,high,twostage,42,840,19.771,68.0,1,81.0,46.29
S8x4x4-LD21-H0.3-F0.6-A4-s42,high,twostage,42,841,19.793,68.0,1,81.0,46.29
S8x4x4-LD21-H0.3-F0.6-A4-s42,high,twostage,42,842,19.814,68.0,1,81.0,46.29
S8x4x4-LD21-H0.3-F0.6-A4-s42,high,twostage,42,843,19.838,68.0,1,81.0,46.29
S8x4x4-LD21-H0.3-F0.6-A4-s42,high,twostage,42,844,19.86,68.0,1,81.0,46.29
S8x4x4-LD21-H0.3-F0.6-A4-s42,high,twostage,42,845,19.882,68.0,1,81.0,46.29
S8x4x4-LD21-H0.3-F0.6-A4-s42,high,twostage,42,846,19.903,68.0,1,81.0,46.29
S8x4x4-LD21-H0.3-F0.6-A4-s42,high,twostage,42,847,19.926,68.0,1,81.0,46.29
S8x4x4-LD21-H0.3-F0.6-A4-s42,high,twostage,42,848,19.949,68.0,1,81.0,46.29
S8x4x4-LD21-H0.3-F0.6-A4-s42,high,twostage,42,849,19.97,68.0,1,81.0,46.29
S8x4x4-LD21-H0.3-F0.6-A4-s42,high,twostage,42,850,19.993,68.0,1,81.0,46.29
S8x4x4-LD21-H0.3-F0.6-A4-s42,high,twostage,42,851,20.014,68.0,1,81.0,46.29
S8x4x4-LD21-H0.3-F0.6-A4-s42,high,twostage,42,852,20.036,68.0,1,81.0,46.29
S8x4x4-LD21-H0.3-F0.6-A4-s42,high,twostage,42,853,20.059,68.0,1,81.0,46.29
S8x4x4-LD21-H0.3-F0.6-A4-s42,high,twostage,42,854,20.08,68.0,1,81.0,46.29
S8x4x4-LD21-H0.3-F0.6-A4-s42,high,twostage,42,855,20.102,68.0,1,81.0,46.29
S8x4x4-LD21-H0.3-F0.6-A4-s42,high,twostage,42,856,20.125,68.0,1,81.0,46.29
S8x4x4-LD21-H0.3-F0.6-A4-s42,high,twostage,42,857,20.15,68.0,1,81.0,46.29
S8x4x4-LD21-H0.3-F0.6-A4-s42,high,twostage,42,858,20.172,68.0,1,81.0,46.29
S8x4x4-LD21-H0.3-F0.6-A4-s42,high,twostage,42,859,20.194,68.0,1,81.0,46.29
S8x4x4-LD21-H0.3-F0.6-A4-s42,high,twostage,42,860,20.216,68.0,1,81.0,46.29
S8x4x4-LD21-H0.3-F0.6-A4-s42,high,twostage,42,861,20.237,68.0,1,81.0,46.29
S8x4x4-LD21-H0.3-F0.6-A4-s42,high,twostage,42,862,20.261,68.0,1,81.0,46.29
S8x4x4-LD21-H0.3-F0.6-A4-s42,high,twostage,42,863,20.282,68.0,1,81.0,46.29
S8x4x4-LD21-H0.3-F0.6-A4-s42,high,twostage,42,864,20.304,68.0,1,81.0,46.29
S8x4x4-LD21-H0.3-F0.6-A4-s42,high,twostage,42,865,20.325,68.0,1,81.0,46.29
S8x4x4-LD21-H0.3-F0.6-A4-s42,high,twostage,42,866,20.347,68.0,1,81.0,46.29
S8x4x4-LD21-H0.3-F0.6-A4-s42,high,twostage,42,867,20.371,68.0,1,81.0,46.29
S8x4x4-LD21-H0.3-F0.6-A4-s42,high,twostage,42,868,20.393,68.0,1,81.0,46.29
S8x4x4-LD21-H0.3-F0.6-A4-s42,high,twostage,42,869,20.414,68.0,1,81.0,46.29
S8x4x4-LD21-H0.3-F0.6-A4-s42,high,twostage,42,870,20.435,68.0,1,81.0,46.29
S8x4x4-LD21-H0.3-F0.6-A4-s42,high,twostage,42,871,20.459,68.0,1,81.0,46.29
S8x4x4-LD21-H0.3-F0.6-A4-s42,high,twostage,42,872,20.48,68.0,1,81.0,46.29
S8x4x4-LD21-H0.3-F0.6-A4-s42,high,twostage,42,873,20.501,68.0,1,81.0,46.29
S8x4x4-LD21-H0.3-F0.6-A4-s42,high,twostage,42,874,20.527,68.0,1,81.0,46.29
S8x4x4-LD21-H0.3-F0.6-A4-s42,high,twostage,42,875,20.551,68.0,1,81.0,46.29
S8x4x4-LD21-H0.3-F0.6-A4-s42,high,twostage,42,876,20.577,68.0,1,81.0,46.29
S8x4x4-LD21-H0.3-F0.6-A4-s42,high,twostage,42,877,20.599,68.0,1,81.0,46.29
S8x4x4-LD21-H0.3-F0.6-A4-s42,high,twostage,42,878,20.622,68.0,1,81.0,46.29
S8x4x4-LD21-H0.3-F0.6-A4-s42,high,twostage,42,879,20.644,68.0,1,81.0,46.29
S8x4x4-LD21-H0.3-F0.6-A4-s42,high,twostage,42,880,20.667,68.0,1,81.0,46.29
S8x4x4-LD21-H0.3-F0.6-A4-s42,high,twostage,42,881,20.691,68.0,1,81.0,46.29
S8x4x4-LD21-H0.3-F0.6-A4-s42,high,twostage,42,882,20.712,68.0,1,81.0,46.29
S8x4x4-LD21-H0.3-F0.6-A4-s42,high,twostage,42,883,20.735,68.0,1,81.0,46.29
S8x4x4-LD21-H0.3-F0.6-A4-s42,high,twostage,42,884,20.757,68.0,1,81.0,46.29
S8x4x4-LD21-H0.3-F0.6-A4-s42,high,twostage,42,885,20.778,68.0,1,81.0,46.29
S8x4x4-LD21-H0.3-F0.6-A4-s42,high,twostage,42,886,20.801,68.0,1,81.0,46.29
S8x4x4-LD21-H0.3-F0.6-A4-s42,high,twostage,42,887,20.822,68.0,1,81.0,46.29
S8x4x4-LD21-H0.3-F0.6-A4-s42,high,twostage,42,888,20.844,68.0,1,81.0,46.29
S8x4x4-LD21-H0.3-F0.6-A4-s42,high,twostage,42,889,20.865,68.0,1,81.0,46.29
S8x4x4-LD21-H0.3-F0.6-A4-s42,high,twostage,42,890,20.889,68.0,1,81.0,46.29
S8x4x4-LD21-H0.3-F0.6-A4-s42,high,twostage,42,891,20.911,68.0,1,81.0,46.29
S8x4x4-LD21-H0.3-F0.6-A4-s42,high,twostage,42,892,20.933,68.0,1,81.0,46.29
S8x4x4-LD21-H0.3-F0.6-A4-s42,high,twostage,42,893,20.956,68.0,1,81.0,46.29
S8x4x4-LD21-H0.3-F0.6-A4-s42,high,twostage,42,894,20.977,68.0,1,81.0,46.29
S8x4x4-LD21-H0.3-F0.6-A4-s42,high,twostage,42,895,21.002,68.0,1,81.0,46.29
S8x4x4-LD21-H0.3-F0.6-A4-s42,high,twostage,42,896,21.025,68.0,1,81.0,46.29
S8x4x4-LD21-H0.3-F0.6-A4-s42,high,twostage,42,897,21.046,68.0,1,81.0,46.29
S8x4x4-LD21-H0.3-F0.6-A4-s42,high,twostage,42,898,21.069,68.0,1,81.0,46.29
S8x4x4-LD21-H0.3-F0.6-A4-s42,high,twostage,42,899,21.095,68.0,1,81.0,46.29
S8x4x4-LD21-H0.3-F0.6-A4-s42,high,twostage,42,900,21.121,68.0,1,81.0,46.29
S8x4x4-LD21-H0.3-F0.6-A4-s42,high,twostage,42,901,21.144,68.0,1,81.0,46.29
S8x4x4-LD21-H0.3-F0.6-A4-s42,high,twostage,42,902,21.166,68.0,1,81.0,46.29
S8x4x4-LD21-H0.3-F0.6-A4-s42,high,twostage,42,903,21.188,68.0,1,81.0,46.29
S8x4x4-LD21-H0.3-F0.6-A4-s42,high,twostage,42,904,21.21,68.0,1,81.0,46.29
S8x4x4-LD21-H0.3-F0.6-A4-s42,high,twostage,42,905,21.234,68.0,1,81.0,46.29
S8x4x4-LD21-H0.3-F0.6-A4-s42,high,twostage,42,906,21.255,68.0,1,81.0,46.29
S8x4x4-LD21-H0.3-F0.6-A4-s42,high,twostage,42,907,21.277,68.0,1,81.0,46.29
S8x4x4-LD21-H0.3-F0.6-A4-s42,high,twostage,42,908,21.298,68.0,1,81.0,46.29
S8x4x4-LD21-H0.3-F0.6-A4-s42,high,twostage,42,909,21.322,68.0,1,81.0,46.29
S8x4x4-LD21-H0.3-F0.6-A4-s42,high,twostage,42,910,21.345,68.0,1,81.0,46.29
S8x4x4-LD21-H0.3-F0.6-A4-s42,high,twostage,42,911,21.366,68.0,1,81.0,46.29
S8x4x4-LD21-H0.3-F0.6-A4-s42,high,twostage,42,912,21.387,68.0,1,81.0,46.29
S8x4x4-LD21-H0.3-F0.6-A4-s42,high,twostage,42,913,21.409,68.0,1,81.0,46.29
S8x4x4-LD21-H0.3-F0.6-A4-s42,high,twostage,42,914,21.434,68.0,1,81.0,46.29
S8x4x4-LD21-H0.3-F0.6-A4-s42,high,twostage,42,915,21.455,68.0,1,81.0,46.29
S8x4x4-LD21-H0.3-F0.6-A4-s42,high,twostage,42,916,21.477,68.0,1,81.0,46.29
S8x4x4-LD21-H0.3-F0.6-A4-s42,high,twostage,42,917,21.498,68.0,1,81.0,46.29
S8x4x4-LD21-H0.3-F0.6-A4-s42,high,twostage,42,918,21.519,68.0,1,81.0,46.29
S8x4x4-LD21-H0.3-F0.6-A4-s42,high,twostage,42,919,21.544,68.0,1,81.0,46.29
S8x4x4-LD21-H0.3-F0.6-A4-s42,high,twostage,42,920,21.566,68.0,1,81.0,46.29
S8x4x4-LD21-H0.3-F0.6-A4-s42,high,twostage,42,921,21.588,68.0,1,81.0,46.29
S8x4x4-LD21-H0.3-F0.6-A4-s42,high,twostage,42,922,21.617,68.0,1,81.0,46.29
S8x4x4-LD21-H0.3-F0.6-A4-s42,high,twostage,42,923,21.647,68.0,1,81.0,46.29
S8x4x4-LD21-H0.3-F0.6-A4-s42,high,twostage,42,924,21.687,68.0,1,81.0,46.29
S8x4x4-LD21-H0.3-F0.6-A4-s42,high,twostage,42,925,21.711,68.0,1,81.0,46.29
S8x4x4-LD21-H0.3-F0.6-A4-s42,high,twostage,42,926,21.733,68.0,1,81.0,46.29
S8x4x4-LD21-H0.3-F0.6-A4-s42,high,twostage,42,927,21.762,68.0,1,81.0,46.29
S8x4x4-LD21-H0.3-F0.6-A4-s42,high,twostage,42,928,21.787,68.0,1,81.0,46.29
S8x4x4-LD21-H0.3-F0.6-A4-s42,high,twostage,42,929,21.809,68.0,1,81.0,46.29
S8x4x4-LD21-H0.3-F0.6-A4-s42,high,twostage,42,930,21.832,68.0,1,81.0,46.29
S8x4x4-LD21-H0.3-F0.6-A4-s42,high,twostage,42,931,21.856,68.0,1,81.0,46.29
S8x4x4-LD21-H0.3-F0.6-A4-s42,high,twostage,42,932,21.877,68.0,1,81.0,46.29
S8x4x4-LD21-H0.3-F0.6-A4-s42,high,twostage,42,933,21.902,68.0,1,81.0,46.29
S8x4x4-LD21-H0.3-F0.6-A4-s42,high,twostage,42,934,21.923,68.0,1,81.0,46.29
S8x4x4-LD21-H0.3-F0.6-A4-s42,high,twostage,42,935,21.944,68.0,1,81.0,46.29
S8x4x4-LD21-H0.3-F0.6-A4-s42,high,twostage,42,936,21.965,68.0,1,81.0,46.29
S8x4x4-LD21-H0.3-F0.6-A4-s42,high,twostage,42,937,21.987,68.0,1,81.0,46.29
S8x4x4-LD21-H0.3-F0.6-A4-s42,high,twostage,42,938,22.011,68.0,1,81.0,46.29
S8x4x4-LD21-H0.3-F0.6-A4-s42,high,twostage,42,939,22.032,68.0,1,81.0,46.29
S8x4x4-LD21-H0.3-F0.6-A4-s42,high,twostage,42,940,22.054,68.0,1,81.0,46.29
S8x4x4-LD21-H0.3-F0.6-A4-s42,high,twostage,42,941,22.075,68.0,1,81.0,46.29
S8x4x4-LD21-H0.3-F0.6-A4-s42,high,twostage,42,942,22.099,68.0,1,81.0,46.29
S8x4x4-LD21-H0.3-F0.6-A4-s42,high,twostage,42,943,22.121,68.0,1,81.0,46.29
S8x4x4-LD21-H0.3-F0.6-A4-s42,high,twostage,42,944,22.142,68.0,1,81.0,46.29
S8x4x4-LD21-H0.3-F0.6-A4-s42,high,twostage,42,945,22.163,68.0,1,81.0,46.29
S8x4x4-LD21-H0.3-F0.6-A4-s42,high,twostage,42,946,22.185,68.0,1,81.0,46.29
S8x4x4-LD21-H0.3-F0.6-A4-s42,high,twostage,42,947,22.208,68.0,1,81.0,46.29
S8x4x4-LD21-H0.3-F0.6-A4-s42,high,twostage,42,948,22.23,68.0,1,81.0,46.29
S8x4x4-LD21-H0.3-F0.6-A4-s42,high,twostage,42,949,22.251,68.0,1,81.0,46.29
S8x4x4-LD21-H0.3-F0.6-A4-s42,high,twostage,42,950,22.273,68.0,1,81.0,46.29
S8x4x4-LD21-H0.3-F0.6-A4-s42,high,twostage,42,951,22.294,68.0,1,81.0,46.29
S8x4x4-LD21-H0.3-F0.6-A4-s42,high,twostage,42,952,22.317,68.0,1,81.0,46.29
S8x4x4-LD21-H0.3-F0.6-A4-s42,high,twostage,42,953,22.338,68.0,1,81.0,46.29
S8x4x4-LD21-H0.3-F0.6-A4-s42,high,twostage,42,954,22.36,68.0,1,81.0,46.29
S8x4x4-LD21-H0.3-F0.6-A4-s42,high,twostage,42,955,22.381,68.0,1,81.0,46.29
S8x4x4-LD21-H0.3-F0.6-A4-s42,high,twostage,42,956,22.402,68.0,1,81.0,46.29
S8x4x4-LD21-H0.3-F0.6-A4-s42,high,twostage,42,957,22.425,68.0,1,81.0,46.29
S8x4x4-LD21-H0.3-F0.6-A4-s42,high,twostage,42,958,22.447,68.0,1,81.0,46.29
S8x4x4-LD21-H0.3-F0.6-A4-s42,high,twostage,42,959,22.468,68.0,1,81.0,46.29
S8x4x4-LD21-H0.3-F0.6-A4-s42,high,twostage,42,960,22.489,68.0,1,81.0,46.29
S8x4x4-LD21-H0.3-F0.6-A4-s42,high,twostage,42,961,22.512,68.0,1,81.0,46.29
S8x4x4-LD21-H0.3-F0.6-A4-s42,high,twostage,42,962,22.534,68.0,1,81.0,46.29
S8x4x4-LD21-H0.3-F0.6-A4-s42,high,twostage,42,963,22.554,68.0,1,81.0,46.29
S8x4x4-LD21-H0.3-F0.6-A4-s42,high,twostage,42,964,22.576,68.0,1,81.0,46.29
S8x4x4-LD21-H0.3-F0.6-A4-s42,high,twostage,42,965,22.597,68.0,1,81.0,46.29
S8x4x4-LD21-H0.3-F0.6-A4-s42,high,twostage,42,966,22.621,68.0,1,81.0,46.29
S8x4x4-LD21-H0.3-F0.6-A4-s42,high,twostage,42,967,22.642,68.0,1,81.0,46.29
S8x4x4-LD21-H0.3-F0.6-A4-s42,high,twostage,42,968,22.665,68.0,1,81.0,46.29
S8x4x4-LD21-H0.3-F0.6-A4-s42,high,twostage,42,969,22.69,68.0,1,81.0,46.29
S8x4x4-LD21-H0.3-F0.6-A4-s42,high,twostage,42,970,22.711,68.0,1,81.0,46.29
S8x4x4-LD21-H0.3-F0.6-A4-s42,high,twostage,42,971,22.734,68.0,1,81.0,46.29
S8x4x4-LD21-H0.3-F0.6-A4-s42,high,twostage,42,972,22.755,68.0,1,81.0,46.29
S8x4x4-LD21-H0.3-F0.6-A4-s42,high,twostage,42,973,22.776,68.0,1,81.0,46.29
S8x4x4-LD21-H0.3-F0.6-A4-s42,high,twostage,42,974,22.796,68.0,1,81.0,46.29
S8x4x4-LD21-H0.3-F0.6-A4-s42,high,twostage,42,975,22.817,68.0,1,81.0,46.29
S8x4x4-LD21-H0.3-F0.6-A4-s42,high,twostage,42,976,22.84,68.0,1,81.0,46.29
S8x4x4-LD21-H0.3-F0.6-A4-s42,high,twostage,42,977,22.861,68.0,1,81.0,46.29
S8x4x4-LD21-H0.3-F0.6-A4-s42,high,twostage,42,978,22.882,68.0,1,81.0,46.29
S8x4x4-LD21-H0.3-F0.6-A4-s42,high,twostage,42,979,22.903,68.0,1,81.0,46.29
S8x4x4-LD21-H0.3-F0.6-A4-s42,high,twostage,42,980,22.927,68.0,1,81.0,46.29
S8x4x4-LD21-H0.3-F0.6-A4-s42,high,twostage,42,981,22.948,68.0,1,81.0,46.29
S8x4x4-LD21-H0.3-F0.6-A4-s42,high,twostage,42,982,22.969,68.0,1,81.0,46.29
S8x4x4-LD21-H0.3-F0.6-A4-s42,high,twostage,42,983,22.99,68.0,1,81.0,46.29
S8x4x4-LD21-H0.3-F0.6-A4-s42,high,twostage,42,984,23.012,68.0,1,81.0,46.29
S8x4x4-LD21-H0.3-F0.6-A4-s42,high,twostage,42,985,23.035,68.0,1,81.0,46.29
S8x4x4-LD21-H0.3-F0.6-A4-s42,high,twostage,42,986,23.057,68.0,1,81.0,46.29
S8x4x4-LD21-H0.3-F0.6-A4-s42,high,twostage,42,987,23.078,68.0,1,81.0,46.29
S8x4x4-LD21-H0.3-F0.6-A4-s42,high,twostage,42,988,23.1,68.0,1,81.0,46.29
S8x4x4-LD21-H0.3-F0.6-A4-s42,high,twostage,42,989,23.121,68.0,1,81.0,46.29
S8x4x4-LD21-H0.3-F0.6-A4-s42,high,twostage,42,990,23.144,68.0,1,81.0,46.29
S8x4x4-LD21-H0.3-F0.6-A4-s42,high,twostage,42,991,23.166,68.0,1,81.0,46.29
S8x4x4-LD21-H0.3-F0.6-A4-s42,high,twostage,42,992,23.188,68.0,1,81.0,46.29
S8x4x4-LD21-H0.3-F0.6-A4-s42,high,twostage,42,993,23.209,68.0,1,81.0,46.29
S8x4x4-LD21-H0.3-F0.6-A4-s42,high,twostage,42,994,23.23,68.0,1,81.0,46.29
S8x4x4-LD21-H0.3-F0.6-A4-s42,high,twostage,42,995,23.253,68.0,1,81.0,46.29
S8x4x4-LD21-H0.3-F0.6-A4-s42,high,twostage,42,996,23.275,68.0,1,81.0,46.29
S8x4x4-LD21-H0.3-F0.6-A4-s42,high,twostage,42,997,23.297,68.0,1,81.0,46.29
S8x4x4-LD21-H0.3-F0.6-A4-s42,high,twostage,42,998,23.319,68.0,1,81.0,46.29
S8x4x4-LD21-H0.3-F0.6-A4-s42,high,twostage,42,999,23.342,68.0,1,81.0,46.29
S8x4x4-LD21-H0.3-F0.6-A4-s42,high,twostage,42,1000,23.363,68.0,1,81.0,46.29
S8x4x4-LD21-H0.3-F0.6-A4-s42,high,twostage,42,1001,23.383,68.0,1,81.0,46.29
S8x4x4-LD21-H0.3-F0.6-A4-s42,high,twostage,42,1002,23.405,68.0,1,81.0,46.29
S8x4x4-LD21-H0.3-F0.6-A4-s42,high,twostage,42,1003,23.427,68.0,1,81.0,46.29
S8x4x4-LD21-H0.3-F0.6-A4-s42,high,twostage,42,1004,23.451,68.0,1,81.0,46.29
S8x4x4-LD21-H0.3-F0.6-A4-s42,high,twostage,42,1005,23.473,68.0,1,81.0,46.29
S8x4x4-LD21-H0.3-F0.6-A4-s42,high,twostage,42,1006,23.495,68.0,1,81.0,46.29
S8x4x4-LD21-H0.3-F0.6-A4-s42,high,twostage,42,1007,23.515,68.0,1,81.0,46.29
S8x4x4-LD21-H0.3-F0.6-A4-s42,high,twostage,42,1008,23.537,68.0,1,81.0,46.29
S8x4x4-LD21-H0.3-F0.6-A4-s42,high,twostage,42,1009,23.56,68.0,1,81.0,46.29
S8x4x4-LD21-H0.3-F0.6-A4-s42,high,twostage,42,1010,23.581,68.0,1,81.0,46.29
S8x4x4-LD21-H0.3-F0.6-A4-s42,high,twostage,42,1011,23.602,68.0,1,81.0,46.29
S8x4x4-LD21-H0.3-F0.6-A4-s42,high,twostage,42,1012,23.623,68.0,1,81.0,46.29
S8x4x4-LD21-H0.3-F0.6-A4-s42,high,twostage,42,1013,23.647,68.0,1,81.0,46.29
S8x4x4-LD21-H0.3-F0.6-A4-s42,high,twostage,42,1014,23.671,68.0,1,81.0,46.29
S8x4x4-LD21-H0.3-F0.6-A4-s42,high,twostage,42,1015,23.693,68.0,1,81.0,46.29
S8x4x4-LD21-H0.3-F0.6-A4-s42,high,twostage,42,1016,23.715,68.0,1,81.0,46.29
S8x4x4-LD21-H0.3-F0.6-A4-s42,high,twostage,42,1017,23.737,68.0,1,81.0,46.29
S8x4x4-LD21-H0.3-F0.6-A4-s42,high,twostage,42,1018,23.761,68.0,1,81.0,46.29
S8x4x4-LD21-H0.3-F0.6-A4-s42,high,twostage,42,1019,23.782,68.0,1,81.0,46.29
S8x4x4-LD21-H0.3-F0.6-A4-s42,high,twostage,42,1020,23.803,68.0,1,81.0,46.29
S8x4x4-LD21-H0.3-F0.6-A4-s42,high,twostage,42,1021,23.824,68.0,1,81.0,46.29
S8x4x4-LD21-H0.3-F0.6-A4-s42,high,twostage,42,1022,23.846,68.0,1,81.0,46.29
S8x4x4-LD21-H0.3-F0.6-A4-s42,high,twostage,42,1023,23.869,68.0,1,81.0,46.29
S8x4x4-LD21-H0.3-F0.6-A4-s42,high,twostage,42,1024,23.889,68.0,1,81.0,46.29
S8x4x4-LD21-H0.3-F0.6-A4-s42,high,twostage,42,1025,23.91,68.0,1,81.0,46.29
S8x4x4-LD21-H0.3-F0.6-A4-s42,high,twostage,42,1026,23.931,68.0,1,81.0,46.29
S8x4x4-LD21-H0.3-F0.6-A4-s42,high,twostage,42,1027,23.952,68.0,1,81.0,46.29
S8x4x4-LD21-H0.3-F0.6-A4-s42,high,twostage,42,1028,23.976,68.0,1,81.0,46.29
S8x4x4-LD21-H0.3-F0.6-A4-s42,high,twostage,42,1029,23.997,68.0,1,81.0,46.29
S8x4x4-LD21-H0.3-F0.6-A4-s42,high,twostage,42,1030,24.018,68.0,1,81.0,46.29
S8x4x4-LD21-H0.3-F0.6-A4-s42,high,twostage,42,1031,24.04,68.0,1,81.0,46.29
S8x4x4-LD21-H0.3-F0.6-A4-s42,high,twostage,42,1032,24.064,68.0,1,81.0,46.29
S8x4x4-LD21-H0.3-F0.6-A4-s42,high,twostage,42,1033,24.086,68.0,1,81.0,46.29
S8x4x4-LD21-H0.3-F0.6-A4-s42,high,twostage,42,1034,24.108,68.0,1,81.0,46.29
S8x4x4-LD21-H0.3-F0.6-A4-s42,high,twostage,42,1035,24.129,68.0,1,81.0,46.29
S8x4x4-LD21-H0.3-F0.6-A4-s42,high,twostage,42,1036,24.149,68.0,1,81.0,46.29
S8x4x4-LD21-H0.3-F0.6-A4-s42,high,twostage,42,1037,24.174,68.0,1,81.0,46.29
S8x4x4-LD21-H0.3-F0.6-A4-s42,high,twostage,42,1038,24.196,68.0,1,81.0,46.29
S8x4x4-LD21-H0.3-F0.6-A4-s42,high,twostage,42,1039,24.218,68.0,1,81.0,46.29
S8x4x4-LD21-H0.3-F0.6-A4-s42,high,twostage,42,1040,24.239,68.0,1,81.0,46.29
S8x4x4-LD21-H0.3-F0.6-A4-s42,high,twostage,42,1041,24.262,68.0,1,81.0,46.29
S8x4x4-LD21-H0.3-F0.6-A4-s42,high,twostage,42,1042,24.286,68.0,1,81.0,46.29
S8x4x4-LD21-H0.3-F0.6-A4-s42,high,twostage,42,1043,24.307,68.0,1,81.0,46.29
S8x4x4-LD21-H0.3-F0.6-A4-s42,high,twostage,42,1044,24.327,68.0,1,81.0,46.29
S8x4x4-LD21-H0.3-F0.6-A4-s42,high,twostage,42,1045,24.349,68.0,1,81.0,46.29
S8x4x4-LD21-H0.3-F0.6-A4-s42,high,twostage,42,1046,24.37,68.0,1,81.0,46.29
S8x4x4-LD21-H0.3-F0.6-A4-s42,high,twostage,42,1047,24.392,68.0,1,81.0,46.29
S8x4x4-LD21-H0.3-F0.6-A4-s42,high,twostage,42,1048,24.414,68.0,1,81.0,46.29
S8x4x4-LD21-H0.3-F0.6-A4-s42,high,twostage,42,1049,24.435,68.0,1,81.0,46.29
S8x4x4-LD21-H0.3-F0.6-A4-s42,high,twostage,42,1050,24.458,68.0,1,81.0,46.29
S8x4x4-LD21-H0.3-F0.6-A4-s42,high,twostage,42,1051,24.482,68.0,1,81.0,46.29
S8x4x4-LD21-H0.3-F0.6-A4-s42,high,twostage,42,1052,24.503,68.0,1,81.0,46.29
S8x4x4-LD21-H0.3-F0.6-A4-s42,high,twostage,42,1053,24.526,68.0,1,81.0,46.29
S8x4x4-LD21-H0.3-F0.6-A4-s42,high,twostage,42,1054,24.547,68.0,1,81.0,46.29
S8x4x4-LD21-H0.3-F0.6-A4-s42,high,twostage,42,1055,24.566,68.0,1,81.0,46.29
S8x4x4-LD21-H0.3-F0.6-A4-s42,high,twostage,42,1056,24.59,68.0,1,81.0,46.29
S8x4x4-LD21-H0.3-F0.6-A4-s42,high,twostage,42,1057,24.611,68.0,1,81.0,46.29
S8x4x4-LD21-H0.3-F0.6-A4-s42,high,twostage,42,1058,24.633,68.0,1,81.0,46.29
S8x4x4-LD21-H0.3-F0.6-A4-s42,high,twostage,42,1059,24.654,68.0,1,81.0,46.29
S8x4x4-LD21-H0.3-F0.6-A4-s42,high,twostage,42,1060,24.676,68.0,1,81.0,46.29
S8x4x4-LD21-H0.3-F0.6-A4-s42,high,twostage,42,1061,24.699,68.0,1,81.0,46.29
S8x4x4-LD21-H0.3-F0.6-A4-s42,high,twostage,42,1062,24.721,68.0,1,81.0,46.29
S8x4x4-LD21-H0.3-F0.6-A4-s42,high,twostage,42,1063,24.742,68.0,1,81.0,46.29
S8x4x4-LD21-H0.3-F0.6-A4-s42,high,twostage,42,1064,24.763,68.0,1,81.0,46.29
S8x4x4-LD21-H0.3-F0.6-A4-s42,high,twostage,42,1065,24.786,68.0,1,81.0,46.29
S8x4x4-LD21-H0.3-F0.6-A4-s42,high,twostage,42,1066,24.809,68.0,1,81.0,46.29
S8x4x4-LD21-H0.3-F0.6-A4-s42,high,twostage,42,1067,24.83,68.0,1,81.0,46.29
S8x4x4-LD21-H0.3-F0.6-A4-s42,high,twostage,42,1068,24.852,68.0,1,81.0,46.29
S8x4x4-LD21-H0.3-F0.6-A4-s42,high,twostage,42,1069,24.872,68.0,1,81.0,46.29
S8x4x4-LD21-H0.3-F0.6-A4-s42,high,twostage,42,1070,24.896,68.0,1,81.0,46.29
S8x4x4-LD21-H0.3-F0.6-A4-s42,high,twostage,42,1071,24.916,68.0,1,81.0,46.29
S8x4x4-LD21-H0.3-F0.6-A4-s42,high,twostage,42,1072,24.938,68.0,1,81.0,46.29
S8x4x4-LD21-H0.3-F0.6-A4-s42,high,twostage,42,1073,24.959,68.0,1,81.0,46.29
S8x4x4-LD21-H0.3-F0.6-A4-s42,high,twostage,42,1074,24.981,68.0,1,81.0,46.29
S8x4x4-LD21-H0.3-F0.6-A4-s42,high,twostage,42,1075,25.005,68.0,1,81.0,46.29
S8x4x4-LD21-H0.3-F0.6-A4-s42,high,twostage,42,1076,25.025,68.0,1,81.0,46.29
S8x4x4-LD21-H0.3-F0.6-A4-s42,high,twostage,42,1077,25.047,68.0,1,81.0,46.29
S8x4x4-LD21-H0.3-F0.6-A4-s42,high,twostage,42,1078,25.069,68.0,1,81.0,46.29
S8x4x4-LD21-H0.3-F0.6-A4-s42,high,twostage,42,1079,25.09,68.0,1,81.0,46.29
S8x4x4-LD21-H0.3-F0.6-A4-s42,high,twostage,42,1080,25.114,68.0,1,81.0,46.29
S8x4x4-LD21-H0.3-F0.6-A4-s42,high,twostage,42,1081,25.134,68.0,1,81.0,46.29
S8x4x4-LD21-H0.3-F0.6-A4-s42,high,twostage,42,1082,25.155,68.0,1,81.0,46.29
S8x4x4-LD21-H0.3-F0.6-A4-s42,high,twostage,42,1083,25.176,68.0,1,81.0,46.29
S8x4x4-LD21-H0.3-F0.6-A4-s42,high,twostage,42,1084,25.202,68.0,1,81.0,46.29
S8x4x4-LD21-H0.3-F0.6-A4-s42,high,twostage,42,1085,25.223,68.0,1,81.0,46.29
S8x4x4-LD21-H0.3-F0.6-A4-s42,high,twostage,42,1086,25.244,68.0,1,81.0,46.29
S8x4x4-LD21-H0.3-F0.6-A4-s42,high,twostage,42,1087,25.265,68.0,1,81.0,46.29
S8x4x4-LD21-H0.3-F0.6-A4-s42,high,twostage,42,1088,25.287,68.0,1,81.0,46.29
S8x4x4-LD21-H0.3-F0.6-A4-s42,high,twostage,42,1089,25.31,68.0,1,81.0,46.29
S8x4x4-LD21-H0.3-F0.6-A4-s42,high,twostage,42,1090,25.331,68.0,1,81.0,46.29
S8x4x4-LD21-H0.3-F0.6-A4-s42,high,twostage,42,1091,25.353,68.0,1,81.0,46.29
S8x4x4-LD21-H0.3-F0.6-A4-s42,high,twostage,42,1092,25.374,68.0,1,81.0,46.29
S8x4x4-LD21-H0.3-F0.6-A4-s42,high,twostage,42,1093,25.395,68.0,1,81.0,46.29
S8x4x4-LD21-H0.3-F0.6-A4-s42,high,twostage,42,1094,25.418,68.0,1,81.0,46.29
S8x4x4-LD21-H0.3-F0.6-A4-s42,high,twostage,42,1095,25.44,68.0,1,81.0,46.29
S8x4x4-LD21-H0.3-F0.6-A4-s42,high,twostage,42,1096,25.461,68.0,1,81.0,46.29
S8x4x4-LD21-H0.3-F0.6-A4-s42,high,twostage,42,1097,25.482,68.0,1,81.0,46.29
S8x4x4-LD21-H0.3-F0.6-A4-s42,high,twostage,42,1098,25.505,68.0,1,81.0,46.29
S8x4x4-LD21-H0.3-F0.6-A4-s42,high,twostage,42,1099,25.527,68.0,1,81.0,46.29
S8x4x4-LD21-H0.3-F0.6-A4-s42,high,twostage,42,1100,25.549,68.0,1,81.0,46.29
S8x4x4-LD21-H0.3-F0.6-A4-s42,high,twostage,42,1101,25.57,68.0,1,81.0,46.29
S8x4x4-LD21-H0.3-F0.6-A4-s42,high,twostage,42,1102,25.592,68.0,1,81.0,46.29
S8x4x4-LD21-H0.3-F0.6-A4-s42,high,twostage,42,1103,25.616,68.0,1,81.0,46.29
S8x4x4-LD21-H0.3-F0.6-A4-s42,high,twostage,42,1104,25.638,68.0,1,81.0,46.29
S8x4x4-LD21-H0.3-F0.6-A4-s42,high,twostage,42,1105,25.659,68.0,1,81.0,46.29
S8x4x4-LD21-H0.3-F0.6-A4-s42,high,twostage,42,1106,25.681,68.0,1,81.0,46.29
S8x4x4-LD21-H0.3-F0.6-A4-s42,high,twostage,42,1107,25.702,68.0,1,81.0,46.29
S8x4x4-LD21-H0.3-F0.6-A4-s42,high,twostage,42,1108,25.728,68.0,1,81.0,46.29
S8x4x4-LD21-H0.3-F0.6-A4-s42,high,twostage,42,1109,25.748,68.0,1,81.0,46.29
S8x4x4-LD21-H0.3-F0.6-A4-s42,high,twostage,42,1110,25.769,68.0,1,81.0,46.29
S8x4x4-LD21-H0.3-F0.6-A4-s42,high,twostage,42,1111,25.791,68.0,1,81.0,46.29
S8x4x4-LD21-H0.3-F0.6-A4-s42,high,twostage,42,1112,25.812,68.0,1,81.0,46.29
S8x4x4-LD21-H0.3-F0.6-A4-s42,high,twostage,42,1113,25.836,68.0,1,81.0,46.29
S8x4x4-LD21-H0.3-F0.6-A4-s42,high,twostage,42,1114,25.856,68.0,1,81.0,46.29
S8x4x4-LD21-H0.3-F0.6-A4-s42,high,twostage,42,1115,25.879,68.0,1,81.0,46.29
S8x4x4-LD21-H0.3-F0.6-A4-s42,high,twostage,42,1116,25.9,68.0,1,81.0,46.29
S8x4x4-LD21-H0.3-F0.6-A4-s42,high,twostage,42,1117,25.921,68.0,1,81.0,46.29
S8x4x4-LD21-H0.3-F0.6-A4-s42,high,twostage,42,1118,25.944,68.0,1,81.0,46.29
S8x4x4-LD21-H0.3-F0.6-A4-s42,high,twostage,42,1119,25.965,68.0,1,81.0,46.29
S8x4x4-LD21-H0.3-F0.6-A4-s42,high,twostage,42,1120,25.986,68.0,1,81.0,46.29
S8x4x4-LD21-H0.3-F0.6-A4-s42,high,twostage,42,1121,26.008,68.0,1,81.0,46.29
S8x4x4-LD21-H0.3-F0.6-A4-s42,high,twostage,42,1122,26.033,68.0,1,81.0,46.29
S8x4x4-LD21-H0.3-F0.6-A4-s42,high,twostage,42,1123,26.054,68.0,1,81.0,46.29
S8x4x4-LD21-H0.3-F0.6-A4-s42,high,twostage,42,1124,26.075,68.0,1,81.0,46.29
S8x4x4-LD21-H0.3-F0.6-A4-s42,high,twostage,42,1125,26.095,68.0,1,81.0,46.29
S8x4x4-LD21-H0.3-F0.6-A4-s42,high,twostage,42,1126,26.116,68.0,1,81.0,46.29
S8x4x4-LD21-H0.3-F0.6-A4-s42,high,twostage,42,1127,26.139,68.0,1,81.0,46.29
S8x4x4-LD21-H0.3-F0.6-A4-s42,high,twostage,42,1128,26.161,68.0,1,81.0,46.29
S8x4x4-LD21-H0.3-F0.6-A4-s42,high,twostage,42,1129,26.181,68.0,1,81.0,46.29
S8x4x4-LD21-H0.3-F0.6-A4-s42,high,twostage,42,1130,26.202,68.0,1,81.0,46.29
S8x4x4-LD21-H0.3-F0.6-A4-s42,high,twostage,42,1131,26.224,68.0,1,81.0,46.29
S8x4x4-LD21-H0.3-F0.6-A4-s42,high,twostage,42,1132,26.248,68.0,1,81.0,46.29
S8x4x4-LD21-H0.3-F0.6-A4-s42,high,twostage,42,1133,26.269,68.0,1,81.0,46.29
S8x4x4-LD21-H0.3-F0.6-A4-s42,high,twostage,42,1134,26.291,68.0,1,81.0,46.29
S8x4x4-LD21-H0.3-F0.6-A4-s42,high,twostage,42,1135,26.314,68.0,1,81.0,46.29
S8x4x4-LD21-H0.3-F0.6-A4-s42,high,twostage,42,1136,26.334,68.0,1,81.0,46.29
S8x4x4-LD21-H0.3-F0.6-A4-s42,high,twostage,42,1137,26.358,68.0,1,81.0,46.29
S8x4x4-LD21-H0.3-F0.6-A4-s42,high,twostage,42,1138,26.379,68.0,1,81.0,46.29
S8x4x4-LD21-H0.3-F0.6-A4-s42,high,twostage,42,1139,26.399,68.0,1,81.0,46.29
S8x4x4-LD21-H0.3-F0.6-A4-s42,high,twostage,42,1140,26.421,68.0,1,81.0,46.29
S8x4x4-LD21-H0.3-F0.6-A4-s42,high,twostage,42,1141,26.444,68.0,1,81.0,46.29
S8x4x4-LD21-H0.3-F0.6-A4-s42,high,twostage,42,1142,26.465,68.0,1,81.0,46.29
S8x4x4-LD21-H0.3-F0.6-A4-s42,high,twostage,42,1143,26.487,68.0,1,81.0,46.29
S8x4x4-LD21-H0.3-F0.6-A4-s42,high,twostage,42,1144,26.509,68.0,1,81.0,46.29
S8x4x4-LD21-H0.3-F0.6-A4-s42,high,twostage,42,1145,26.53,68.0,1,81.0,46.29
S8x4x4-LD21-H0.3-F0.6-A4-s42,high,twostage,42,1146,26.553,68.0,1,81.0,46.29
S8x4x4-LD21-H0.3-F0.6-A4-s42,high,twostage,42,1147,26.575,68.0,1,81.0,46.29
S8x4x4-LD21-H0.3-F0.6-A4-s42,high,twostage,42,1148,26.597,68.0,1,81.0,46.29
S8x4x4-LD21-H0.3-F0.6-A4-s42,high,twostage,42,1149,26.618,68.0,1,81.0,46.29
S8x4x4-LD21-H0.3-F0.6-A4-s42,high,twostage,42,1150,26.64,68.0,1,81.0,46.29
S8x4x4-LD21-H0.3-F0.6-A4-s42,high,twostage,42,1151,26.663,68.0,1,81.0,46.29
S8x4x4-LD21-H0.3-F0.6-A4-s42,high,twostage,42,1152,26.685,68.0,1,81.0,46.29
S8x4x4-LD21-H0.3-F0.6-A4-s42,high,twostage,42,1153,26.707,68.0,1,81.0,46.29
S8x4x4-LD21-H0.3-F0.6-A4-s42,high,twostage,42,1154,26.728,68.0,1,81.0,46.29
S8x4x4-LD21-H0.3-F0.6-A4-s42,high,twostage,42,1155,26.752,68.0,1,81.0,46.29
S8x4x4-LD21-H0.3-F0.6-A4-s42,high,twostage,42,1156,26.773,68.0,1,81.0,46.29
S8x4x4-LD21-H0.3-F0.6-A4-s42,high,twostage,42,1157,26.794,68.0,1,81.0,46.29
S8x4x4-LD21-H0.3-F0.6-A4-s42,high,twostage,42,1158,26.816,68.0,1,81.0,46.29
S8x4x4-LD21-H0.3-F0.6-A4-s42,high,twostage,42,1159,26.836,68.0,1,81.0,46.29
S8x4x4-LD21-H0.3-F0.6-A4-s42,high,twostage,42,1160,26.86,68.0,1,81.0,46.29
S8x4x4-LD21-H0.3-F0.6-A4-s42,high,twostage,42,1161,26.882,68.0,1,81.0,46.29
S8x4x4-LD21-H0.3-F0.6-A4-s42,high,twostage,42,1162,26.903,68.0,1,81.0,46.29
S8x4x4-LD21-H0.3-F0.6-A4-s42,high,twostage,42,1163,26.923,68.0,1,81.0,46.29
S8x4x4-LD21-H0.3-F0.6-A4-s42,high,twostage,42,1164,26.944,68.0,1,81.0,46.29
S8x4x4-LD21-H0.3-F0.6-A4-s42,high,twostage,42,1165,26.968,68.0,1,81.0,46.29
S8x4x4-LD21-H0.3-F0.6-A4-s42,high,twostage,42,1166,26.989,68.0,1,81.0,46.29
S8x4x4-LD21-H0.3-F0.6-A4-s42,high,twostage,42,1167,27.011,68.0,1,81.0,46.29
S8x4x4-LD21-H0.3-F0.6-A4-s42,high,twostage,42,1168,27.033,68.0,1,81.0,46.29
S8x4x4-LD21-H0.3-F0.6-A4-s42,high,twostage,42,1169,27.054,68.0,1,81.0,46.29
S8x4x4-LD21-H0.3-F0.6-A4-s42,high,twostage,42,1170,27.077,68.0,1,81.0,46.29
S8x4x4-LD21-H0.3-F0.6-A4-s42,high,twostage,42,1171,27.099,68.0,1,81.0,46.29
S8x4x4-LD21-H0.3-F0.6-A4-s42,high,twostage,42,1172,27.119,68.0,1,81.0,46.29
S8x4x4-LD21-H0.3-F0.6-A4-s42,high,twostage,42,1173,27.14,68.0,1,81.0,46.29
S8x4x4-LD21-H0.3-F0.6-A4-s42,high,twostage,42,1174,27.164,68.0,1,81.0,46.29
S8x4x4-LD21-H0.3-F0.6-A4-s42,high,twostage,42,1175,27.185,68.0,1,81.0,46.29
S8x4x4-LD21-H0.3-F0.6-A4-s42,high,twostage,42,1176,27.206,68.0,1,81.0,46.29
S8x4x4-LD21-H0.3-F0.6-A4-s42,high,twostage,42,1177,27.228,68.0,1,81.0,46.29
S8x4x4-LD21-H0.3-F0.6-A4-s42,high,twostage,42,1178,27.249,68.0,1,81.0,46.29
S8x4x4-LD21-H0.3-F0.6-A4-s42,high,twostage,42,1179,27.274,68.0,1,81.0,46.29
S8x4x4-LD21-H0.3-F0.6-A4-s42,high,twostage,42,1180,27.294,68.0,1,81.0,46.29
S8x4x4-LD21-H0.3-F0.6-A4-s42,high,twostage,42,1181,27.315,68.0,1,81.0,46.29
S8x4x4-LD21-H0.3-F0.6-A4-s42,high,twostage,42,1182,27.335,68.0,1,81.0,46.29
S8x4x4-LD21-H0.3-F0.6-A4-s42,high,twostage,42,1183,27.357,68.0,1,81.0,46.29
S8x4x4-LD21-H0.3-F0.6-A4-s42,high,twostage,42,1184,27.381,68.0,1,81.0,46.29
S8x4x4-LD21-H0.3-F0.6-A4-s42,high,twostage,42,1185,27.401,68.0,1,81.0,46.29
S8x4x4-LD21-H0.3-F0.6-A4-s42,high,twostage,42,1186,27.422,68.0,1,81.0,46.29
S8x4x4-LD21-H0.3-F0.6-A4-s42,high,twostage,42,1187,27.443,68.0,1,81.0,46.29
S8x4x4-LD21-H0.3-F0.6-A4-s42,high,twostage,42,1188,27.464,68.0,1,81.0,46.29
S8x4x4-LD21-H0.3-F0.6-A4-s42,high,twostage,42,1189,27.488,68.0,1,81.0,46.29
S8x4x4-LD21-H0.3-F0.6-A4-s42,high,twostage,42,1190,27.509,68.0,1,81.0,46.29
S8x4x4-LD21-H0.3-F0.6-A4-s42,high,twostage,42,1191,27.53,68.0,1,81.0,46.29
S8x4x4-LD21-H0.3-F0.6-A4-s42,high,twostage,42,1192,27.551,68.0,1,81.0,46.29
S8x4x4-LD21-H0.3-F0.6-A4-s42,high,twostage,42,1193,27.575,68.0,1,81.0,46.29
S8x4x4-LD21-H0.3-F0.6-A4-s42,high,twostage,42,1194,27.596,68.0,1,81.0,46.29
S8x4x4-LD21-H0.3-F0.6-A4-s42,high,twostage,42,1195,27.617,68.0,1,81.0,46.29
S8x4x4-LD21-H0.3-F0.6-A4-s42,high,twostage,42,1196,27.64,68.0,1,81.0,46.29
S8x4x4-LD21-H0.3-F0.6-A4-s42,high,twostage,42,1197,27.661,68.0,1,81.0,46.29
S8x4x4-LD21-H0.3-F0.6-A4-s42,high,twostage,42,1198,27.685,68.0,1,81.0,46.29
S8x4x4-LD21-H0.3-F0.6-A4-s42,high,twostage,42,1199,27.707,68.0,1,81.0,46.29
S8x4x4-LD21-H0.3-F0.6-A4-s42,high,twostage,42,1200,27.728,68.0,1,81.0,46.29
S8x4x4-LD21-H0.3-F0.6-A4-s42,high,twostage,42,1201,27.749,68.0,1,81.0,46.29
S8x4x4-LD21-H0.3-F0.6-A4-s42,high,twostage,42,1202,27.77,68.0,1,81.0,46.29
S8x4x4-LD21-H0.3-F0.6-A4-s42,high,twostage,42,1203,27.793,68.0,1,81.0,46.29
S8x4x4-LD21-H0.3-F0.6-A4-s42,high,twostage,42,1204,27.815,68.0,1,81.0,46.29
S8x4x4-LD21-H0.3-F0.6-A4-s42,high,twostage,42,1205,27.836,68.0,1,81.0,46.29
S8x4x4-LD21-H0.3-F0.6-A4-s42,high,twostage,42,1206,27.857,68.0,1,81.0,46.29
S8x4x4-LD21-H0.3-F0.6-A4-s42,high,twostage,42,1207,27.878,68.0,1,81.0,46.29
S8x4x4-LD21-H0.3-F0.6-A4-s42,high,twostage,42,1208,27.901,68.0,1,81.0,46.29
S8x4x4-LD21-H0.3-F0.6-A4-s42,high,twostage,42,1209,27.922,68.0,1,81.0,46.29
S8x4x4-LD21-H0.3-F0.6-A4-s42,high,twostage,42,1210,27.943,68.0,1,81.0,46.29
S8x4x4-LD21-H0.3-F0.6-A4-s42,high,twostage,42,1211,27.963,68.0,1,81.0,46.29
S8x4x4-LD21-H0.3-F0.6-A4-s42,high,twostage,42,1212,27.987,68.0,1,81.0,46.29
S8x4x4-LD21-H0.3-F0.6-A4-s42,high,twostage,42,1213,28.009,68.0,1,81.0,46.29
S8x4x4-LD21-H0.3-F0.6-A4-s42,high,twostage,42,1214,28.035,68.0,1,81.0,46.29
S8x4x4-LD21-H0.3-F0.6-A4-s42,high,twostage,42,1215,28.055,68.0,1,81.0,46.29
S8x4x4-LD21-H0.3-F0.6-A4-s42,high,twostage,42,1216,28.076,68.0,1,81.0,46.29
S8x4x4-LD21-H0.3-F0.6-A4-s42,high,twostage,42,1217,28.1,68.0,1,81.0,46.29
S8x4x4-LD21-H0.3-F0.6-A4-s42,high,twostage,42,1218,28.12,68.0,1,81.0,46.29
S8x4x4-LD21-H0.3-F0.6-A4-s42,high,twostage,42,1219,28.142,68.0,1,81.0,46.29
S8x4x4-LD21-H0.3-F0.6-A4-s42,high,twostage,42,1220,28.163,68.0,1,81.0,46.29
S8x4x4-LD21-H0.3-F0.6-A4-s42,high,twostage,42,1221,28.183,68.0,1,81.0,46.29
S8x4x4-LD21-H0.3-F0.6-A4-s42,high,twostage,42,1222,28.207,68.0,1,81.0,46.29
S8x4x4-LD21-H0.3-F0.6-A4-s42,high,twostage,42,1223,28.229,68.0,1,81.0,46.29
S8x4x4-LD21-H0.3-F0.6-A4-s42,high,twostage,42,1224,28.253,68.0,1,81.0,46.29
S8x4x4-LD21-H0.3-F0.6-A4-s42,high,twostage,42,1225,28.276,68.0,1,81.0,46.29
S8x4x4-LD21-H0.3-F0.6-A4-s42,high,twostage,42,1226,28.302,68.0,1,81.0,46.29
S8x4x4-LD21-H0.3-F0.6-A4-s42,high,twostage,42,1227,28.326,68.0,1,81.0,46.29
S8x4x4-LD21-H0.3-F0.6-A4-s42,high,twostage,42,1228,28.35,68.0,1,81.0,46.29
S8x4x4-LD21-H0.3-F0.6-A4-s42,high,twostage,42,1229,28.372,68.0,1,81.0,46.29
S8x4x4-LD21-H0.3-F0.6-A4-s42,high,twostage,42,1230,28.393,68.0,1,81.0,46.29
S8x4x4-LD21-H0.3-F0.6-A4-s42,high,twostage,42,1231,28.418,68.0,1,81.0,46.29
S8x4x4-LD21-H0.3-F0.6-A4-s42,high,twostage,42,1232,28.439,68.0,1,81.0,46.29
S8x4x4-LD21-H0.3-F0.6-A4-s42,high,twostage,42,1233,28.462,68.0,1,81.0,46.29
S8x4x4-LD21-H0.3-F0.6-A4-s42,high,twostage,42,1234,28.486,68.0,1,81.0,46.29
S8x4x4-LD21-H0.3-F0.6-A4-s42,high,twostage,42,1235,28.509,68.0,1,81.0,46.29
S8x4x4-LD21-H0.3-F0.6-A4-s42,high,twostage,42,1236,28.534,68.0,1,81.0,46.29
S8x4x4-LD21-H0.3-F0.6-A4-s42,high,twostage,42,1237,28.57,68.0,1,81.0,46.29
S8x4x4-LD21-H0.3-F0.6-A4-s42,high,twostage,42,1238,28.597,68.0,1,81.0,46.29
S8x4x4-LD21-H0.3-F0.6-A4-s42,high,twostage,42,1239,28.622,68.0,1,81.0,46.29
S8x4x4-LD21-H0.3-F0.6-A4-s42,high,twostage,42,1240,28.649,68.0,1,81.0,46.29
S8x4x4-LD21-H0.3-F0.6-A4-s42,high,twostage,42,1241,28.675,68.0,1,81.0,46.29
S8x4x4-LD21-H0.3-F0.6-A4-s42,high,twostage,42,1242,28.698,68.0,1,81.0,46.29
S8x4x4-LD21-H0.3-F0.6-A4-s42,high,twostage,42,1243,28.719,68.0,1,81.0,46.29
S8x4x4-LD21-H0.3-F0.6-A4-s42,high,twostage,42,1244,28.742,68.0,1,81.0,46.29
S8x4x4-LD21-H0.3-F0.6-A4-s42,high,twostage,42,1245,28.767,68.0,1,81.0,46.29
S8x4x4-LD21-H0.3-F0.6-A4-s42,high,twostage,42,1246,28.79,68.0,1,81.0,46.29
S8x4x4-LD21-H0.3-F0.6-A4-s42,high,twostage,42,1247,28.812,68.0,1,81.0,46.29
S8x4x4-LD21-H0.3-F0.6-A4-s42,high,twostage,42,1248,28.833,68.0,1,81.0,46.29
S8x4x4-LD21-H0.3-F0.6-A4-s42,high,twostage,42,1249,28.855,68.0,1,81.0,46.29
S8x4x4-LD21-H0.3-F0.6-A4-s42,high,twostage,42,1250,28.879,68.0,1,81.0,46.29
S8x4x4-LD21-H0.3-F0.6-A4-s42,high,twostage,42,1251,28.901,68.0,1,81.0,46.29
S8x4x4-LD21-H0.3-F0.6-A4-s42,high,twostage,42,1252,28.922,68.0,1,81.0,46.29
S8x4x4-LD21-H0.3-F0.6-A4-s42,high,twostage,42,1253,28.944,68.0,1,81.0,46.29
S8x4x4-LD21-H0.3-F0.6-A4-s42,high,twostage,42,1254,28.965,68.0,1,81.0,46.29
S8x4x4-LD21-H0.3-F0.6-A4-s42,high,twostage,42,1255,28.989,68.0,1,81.0,46.29
S8x4x4-LD21-H0.3-F0.6-A4-s42,high,twostage,42,1256,29.011,68.0,1,81.0,46.29
S8x4x4-LD21-H0.3-F0.6-A4-s42,high,twostage,42,1257,29.033,68.0,1,81.0,46.29
S8x4x4-LD21-H0.3-F0.6-A4-s42,high,twostage,42,1258,29.053,68.0,1,81.0,46.29
S8x4x4-LD21-H0.3-F0.6-A4-s42,high,twostage,42,1259,29.076,68.0,1,81.0,46.29
S8x4x4-LD21-H0.3-F0.6-A4-s42,high,twostage,42,1260,29.099,68.0,1,81.0,46.29
S8x4x4-LD21-H0.3-F0.6-A4-s42,high,twostage,42,1261,29.122,68.0,1,81.0,46.29
S8x4x4-LD21-H0.3-F0.6-A4-s42,high,twostage,42,1262,29.143,68.0,1,81.0,46.29
S8x4x4-LD21-H0.3-F0.6-A4-s42,high,twostage,42,1263,29.165,68.0,1,81.0,46.29
S8x4x4-LD21-H0.3-F0.6-A4-s42,high,twostage,42,1264,29.189,68.0,1,81.0,46.29
S8x4x4-LD21-H0.3-F0.6-A4-s42,high,twostage,42,1265,29.21,68.0,1,81.0,46.29
S8x4x4-LD21-H0.3-F0.6-A4-s42,high,twostage,42,1266,29.233,68.0,1,81.0,46.29
S8x4x4-LD21-H0.3-F0.6-A4-s42,high,twostage,42,1267,29.255,68.0,1,81.0,46.29
S8x4x4-LD21-H0.3-F0.6-A4-s42,high,twostage,42,1268,29.278,68.0,1,81.0,46.29
S8x4x4-LD21-H0.3-F0.6-A4-s42,high,twostage,42,1269,29.302,68.0,1,81.0,46.29
S8x4x4-LD21-H0.3-F0.6-A4-s42,high,twostage,42,1270,29.324,68.0,1,81.0,46.29
S8x4x4-LD21-H0.3-F0.6-A4-s42,high,twostage,42,1271,29.346,68.0,1,81.0,46.29
S8x4x4-LD21-H0.3-F0.6-A4-s42,high,twostage,42,1272,29.367,68.0,1,81.0,46.29
S8x4x4-LD21-H0.3-F0.6-A4-s42,high,twostage,42,1273,29.39,68.0,1,81.0,46.29
S8x4x4-LD21-H0.3-F0.6-A4-s42,high,twostage,42,1274,29.413,68.0,1,81.0,46.29
S8x4x4-LD21-H0.3-F0.6-A4-s42,high,twostage,42,1275,29.434,68.0,1,81.0,46.29
S8x4x4-LD21-H0.3-F0.6-A4-s42,high,twostage,42,1276,29.456,68.0,1,81.0,46.29
S8x4x4-LD21-H0.3-F0.6-A4-s42,high,twostage,42,1277,29.478,68.0,1,81.0,46.29
S8x4x4-LD21-H0.3-F0.6-A4-s42,high,twostage,42,1278,29.502,68.0,1,81.0,46.29
S8x4x4-LD21-H0.3-F0.6-A4-s42,high,twostage,42,1279,29.524,68.0,1,81.0,46.29
S8x4x4-LD21-H0.3-F0.6-A4-s42,high,twostage,42,1280,29.546,68.0,1,81.0,46.29
S8x4x4-LD21-H0.3-F0.6-A4-s42,high,twostage,42,1281,29.568,68.0,1,81.0,46.29
S8x4x4-LD21-H0.3-F0.6-A4-s42,high,twostage,42,1282,29.589,68.0,1,81.0,46.29
S8x4x4-LD21-H0.3-F0.6-A4-s42,high,twostage,42,1283,29.613,68.0,1,81.0,46.29
S8x4x4-LD21-H0.3-F0.6-A4-s42,high,twostage,42,1284,29.636,68.0,1,81.0,46.29
S8x4x4-LD21-H0.3-F0.6-A4-s42,high,twostage,42,1285,29.659,68.0,1,81.0,46.29
S8x4x4-LD21-H0.3-F0.6-A4-s42,high,twostage,42,1286,29.68,68.0,1,81.0,46.29
S8x4x4-LD21-H0.3-F0.6-A4-s42,high,twostage,42,1287,29.702,68.0,1,81.0,46.29
S8x4x4-LD21-H0.3-F0.6-A4-s42,high,twostage,42,1288,29.726,68.0,1,81.0,46.29
S8x4x4-LD21-H0.3-F0.6-A4-s42,high,twostage,42,1289,29.748,68.0,1,81.0,46.29
S8x4x4-LD21-H0.3-F0.6-A4-s42,high,twostage,42,1290,29.771,68.0,1,81.0,46.29
S8x4x4-LD21-H0.3-F0.6-A4-s42,high,twostage,42,1291,29.791,68.0,1,81.0,46.29
S8x4x4-LD21-H0.3-F0.6-A4-s42,high,twostage,42,1292,29.813,68.0,1,81.0,46.29
S8x4x4-LD21-H0.3-F0.6-A4-s42,high,twostage,42,1293,29.836,68.0,1,81.0,46.29
S8x4x4-LD21-H0.3-F0.6-A4-s42,high,twostage,42,1294,29.858,68.0,1,81.0,46.29
S8x4x4-LD21-H0.3-F0.6-A4-s42,high,twostage,42,1295,29.88,68.0,1,81.0,46.29
S8x4x4-LD21-H0.3-F0.6-A4-s42,high,twostage,42,1296,29.902,68.0,1,81.0,46.29
S8x4x4-LD21-H0.3-F0.6-A4-s42,high,twostage,42,1297,29.926,68.0,1,81.0,46.29
S8x4x4-LD21-H0.3-F0.6-A4-s42,high,twostage,42,1298,29.947,68.0,1,81.0,46.29
S8x4x4-LD21-H0.3-F0.6-A4-s42,high,twostage,42,1299,29.969,68.0,1,81.0,46.29
S8x4x4-LD21-H0.3-F0.6-A4-s42,high,twostage,42,1300,29.99,68.0,1,81.0,46.29
S8x4x4-LD21-H0.3-F0.6-A4-s42,high,twostage,42,1301,30.011,68.0,1,81.0,46.29
S8x4x4-LD21-H0.3-F0.6-A4-s42,high,twostage,42,1302,30.036,68.0,1,81.0,46.29
S8x4x4-LD21-H0.3-F0.6-A4-s42,high,twostage,42,1303,30.057,68.0,1,81.0,46.29
S8x4x4-LD21-H0.3-F0.6-A4-s42,high,twostage,42,1304,30.079,68.0,1,81.0,46.29
S8x4x4-LD21-H0.3-F0.6-A4-s42,high,twostage,42,1305,30.102,68.0,1,81.0,46.29
S8x4x4-LD21-H0.3-F0.6-A4-s42,high,twostage,42,1306,30.123,68.0,1,81.0,46.29
S8x4x4-LD21-H0.3-F0.6-A4-s42,high,twostage,42,1307,30.147,68.0,1,81.0,46.29
S8x4x4-LD21-H0.3-F0.6-A4-s42,high,twostage,42,1308,30.169,68.0,1,81.0,46.29
S8x4x4-LD21-H0.3-F0.6-A4-s42,high,twostage,42,1309,30.19,68.0,1,81.0,46.29
S8x4x4-LD21-H0.3-F0.6-A4-s42,high,twostage,42,1310,30.212,68.0,1,81.0,46.29
S8x4x4-LD21-H0.3-F0.6-A4-s42,high,twostage,42,1311,30.237,68.0,1,81.0,46.29
S8x4x4-LD21-H0.3-F0.6-A4-s42,high,twostage,42,1312,30.26,68.0,1,81.0,46.29
S8x4x4-LD21-H0.3-F0.6-A4-s42,high,twostage,42,1313,30.281,68.0,1,81.0,46.29
S8x4x4-LD21-H0.3-F0.6-A4-s42,high,twostage,42,1314,30.303,68.0,1,81.0,46.29
S8x4x4-LD21-H0.3-F0.6-A4-s42,high,twostage,42,1315,30.326,68.0,1,81.0,46.29
S8x4x4-LD21-H0.3-F0.6-A4-s42,high,twostage,42,1316,30.35,68.0,1,81.0,46.29
S8x4x4-LD21-H0.3-F0.6-A4-s42,high,twostage,42,1317,30.37,68.0,1,81.0,46.29
S8x4x4-LD21-H0.3-F0.6-A4-s42,high,twostage,42,1318,30.392,68.0,1,81.0,46.29
S8x4x4-LD21-H0.3-F0.6-A4-s42,high,twostage,42,1319,30.414,68.0,1,81.0,46.29
S8x4x4-LD21-H0.3-F0.6-A4-s42,high,twostage,42,1320,30.436,68.0,1,81.0,46.29
S8x4x4-LD21-H0.3-F0.6-A4-s42,high,twostage,42,1321,30.459,68.0,1,81.0,46.29
S8x4x4-LD21-H0.3-F0.6-A4-s42,high,twostage,42,1322,30.481,68.0,1,81.0,46.29
S8x4x4-LD21-H0.3-F0.6-A4-s42,high,twostage,42,1323,30.503,68.0,1,81.0,46.29
S8x4x4-LD21-H0.3-F0.6-A4-s42,high,twostage,42,1324,30.525,68.0,1,81.0,46.29
S8x4x4-LD21-H0.3-F0.6-A4-s42,high,twostage,42,1325,30.547,68.0,1,81.0,46.29
S8x4x4-LD21-H0.3-F0.6-A4-s42,high,twostage,42,1326,30.571,68.0,1,81.0,46.29
S8x4x4-LD21-H0.3-F0.6-A4-s42,high,twostage,42,1327,30.593,68.0,1,81.0,46.29
S8x4x4-LD21-H0.3-F0.6-A4-s42,high,twostage,42,1328,30.616,68.0,1,81.0,46.29
S8x4x4-LD21-H0.3-F0.6-A4-s42,high,twostage,42,1329,30.639,68.0,1,81.0,46.29
S8x4x4-LD21-H0.3-F0.6-A4-s42,high,twostage,42,1330,30.666,68.0,1,81.0,46.29
S8x4x4-LD21-H0.3-F0.6-A4-s42,high,twostage,42,1331,30.688,68.0,1,81.0,46.29
S8x4x4-LD21-H0.3-F0.6-A4-s42,high,twostage,42,1332,30.709,68.0,1,81.0,46.29
S8x4x4-LD21-H0.3-F0.6-A4-s42,high,twostage,42,1333,30.731,68.0,1,81.0,46.29
S8x4x4-LD21-H0.3-F0.6-A4-s42,high,twostage,42,1334,30.753,68.0,1,81.0,46.29
S8x4x4-LD21-H0.3-F0.6-A4-s42,high,twostage,42,1335,30.778,68.0,1,81.0,46.29
S8x4x4-LD21-H0.3-F0.6-A4-s42,high,twostage,42,1336,30.8,68.0,1,81.0,46.29
S8x4x4-LD21-H0.3-F0.6-A4-s42,high,twostage,42,1337,30.821,68.0,1,81.0,46.29
S8x4x4-LD21-H0.3-F0.6-A4-s42,high,twostage,42,1338,30.843,68.0,1,81.0,46.29
S8x4x4-LD21-H0.3-F0.6-A4-s42,high,twostage,42,1339,30.864,68.0,1,81.0,46.29
S8x4x4-LD21-H0.3-F0.6-A4-s42,high,twostage,42,1340,30.888,68.0,1,81.0,46.29
S8x4x4-LD21-H0.3-F0.6-A4-s42,high,twostage,42,1341,30.91,68.0,1,81.0,46.29
S8x4x4-LD21-H0.3-F0.6-A4-s42,high,twostage,42,1342,30.93,68.0,1,81.0,46.29
S8x4x4-LD21-H0.3-F0.6-A4-s42,high,twostage,42,1343,30.953,68.0,1,81.0,46.29
S8x4x4-LD21-H0.3-F0.6-A4-s42,high,twostage,42,1344,30.974,68.0,1,81.0,46.29
S8x4x4-LD21-H0.3-F0.6-A4-s42,high,twostage,42,1345,30.997,68.0,1,81.0,46.29
S8x4x4-LD21-H0.3-F0.6-A4-s42,high,twostage,42,1346,31.019,68.0,1,81.0,46.29
S8x4x4-LD21-H0.3-F0.6-A4-s42,high,twostage,42,1347,31.041,68.0,1,81.0,46.29
S8x4x4-LD21-H0.3-F0.6-A4-s42,high,twostage,42,1348,31.062,68.0,1,81.0,46.29
S8x4x4-LD21-H0.3-F0.6-A4-s42,high,twostage,42,1349,31.087,68.0,1,81.0,46.29
S8x4x4-LD21-H0.3-F0.6-A4-s42,high,twostage,42,1350,31.109,68.0,1,81.0,46.29
S8x4x4-LD21-H0.3-F0.6-A4-s42,high,twostage,42,1351,31.13,68.0,1,81.0,46.29
S8x4x4-LD21-H0.3-F0.6-A4-s42,high,twostage,42,1352,31.152,68.0,1,81.0,46.29
S8x4x4-LD21-H0.3-F0.6-A4-s42,high,twostage,42,1353,31.173,68.0,1,81.0,46.29
S8x4x4-LD21-H0.3-F0.6-A4-s42,high,twostage,42,1354,31.201,68.0,1,81.0,46.29
S8x4x4-LD21-H0.3-F0.6-A4-s42,high,twostage,42,1355,31.224,68.0,1,81.0,46.29
S8x4x4-LD21-H0.3-F0.6-A4-s42,high,twostage,42,1356,31.246,68.0,1,81.0,46.29
S8x4x4-LD21-H0.3-F0.6-A4-s42,high,twostage,42,1357,31.269,68.0,1,81.0,46.29
S8x4x4-LD21-H0.3-F0.6-A4-s42,high,twostage,42,1358,31.292,68.0,1,81.0,46.29
S8x4x4-LD21-H0.3-F0.6-A4-s42,high,twostage,42,1359,31.316,68.0,1,81.0,46.29
S8x4x4-LD21-H0.3-F0.6-A4-s42,high,twostage,42,1360,31.338,68.0,1,81.0,46.29
S8x4x4-LD21-H0.3-F0.6-A4-s42,high,twostage,42,1361,31.36,68.0,1,81.0,46.29
S8x4x4-LD21-H0.3-F0.6-A4-s42,high,twostage,42,1362,31.381,68.0,1,81.0,46.29
S8x4x4-LD21-H0.3-F0.6-A4-s42,high,twostage,42,1363,31.403,68.0,1,81.0,46.29
S8x4x4-LD21-H0.3-F0.6-A4-s42,high,twostage,42,1364,31.427,68.0,1,81.0,46.29
S8x4x4-LD21-H0.3-F0.6-A4-s42,high,twostage,42,1365,31.449,68.0,1,81.0,46.29
S8x4x4-LD21-H0.3-F0.6-A4-s42,high,twostage,42,1366,31.471,68.0,1,81.0,46.29
S8x4x4-LD21-H0.3-F0.6-A4-s42,high,twostage,42,1367,31.493,68.0,1,81.0,46.29
S8x4x4-LD21-H0.3-F0.6-A4-s42,high,twostage,42,1368,31.517,68.0,1,81.0,46.29
S8x4x4-LD21-H0.3-F0.6-A4-s42,high,twostage,42,1369,31.54,68.0,1,81.0,46.29
S8x4x4-LD21-H0.3-F0.6-A4-s42,high,twostage,42,1370,31.562,68.0,1,81.0,46.29
S8x4x4-LD21-H0.3-F0.6-A4-s42,high,twostage,42,1371,31.584,68.0,1,81.0,46.29
S8x4x4-LD21-H0.3-F0.6-A4-s42,high,twostage,42,1372,31.606,68.0,1,81.0,46.29
S8x4x4-LD21-H0.3-F0.6-A4-s42,high,twostage,42,1373,31.632,68.0,1,81.0,46.29
S8x4x4-LD21-H0.3-F0.6-A4-s42,high,twostage,42,1374,31.654,68.0,1,81.0,46.29
S8x4x4-LD21-H0.3-F0.6-A4-s42,high,twostage,42,1375,31.676,68.0,1,81.0,46.29
S8x4x4-LD21-H0.3-F0.6-A4-s42,high,twostage,42,1376,31.698,68.0,1,81.0,46.29
S8x4x4-LD21-H0.3-F0.6-A4-s42,high,twostage,42,1377,31.72,68.0,1,81.0,46.29
S8x4x4-LD21-H0.3-F0.6-A4-s42,high,twostage,42,1378,31.744,68.0,1,81.0,46.29
S8x4x4-LD21-H0.3-F0.6-A4-s42,high,twostage,42,1379,31.766,68.0,1,81.0,46.29
S8x4x4-LD21-H0.3-F0.6-A4-s42,high,twostage,42,1380,31.789,68.0,1,81.0,46.29
S8x4x4-LD21-H0.3-F0.6-A4-s42,high,twostage,42,1381,31.81,68.0,1,81.0,46.29
S8x4x4-LD21-H0.3-F0.6-A4-s42,high,twostage,42,1382,31.832,68.0,1,81.0,46.29
S8x4x4-LD21-H0.3-F0.6-A4-s42,high,twostage,42,1383,31.855,68.0,1,81.0,46.29
S8x4x4-LD21-H0.3-F0.6-A4-s42,high,twostage,42,1384,31.877,68.0,1,81.0,46.29
S8x4x4-LD21-H0.3-F0.6-A4-s42,high,twostage,42,1385,31.899,68.0,1,81.0,46.29
S8x4x4-LD21-H0.3-F0.6-A4-s42,high,twostage,42,1386,31.921,68.0,1,81.0,46.29
S8x4x4-LD21-H0.3-F0.6-A4-s42,high,twostage,42,1387,31.946,68.0,1,81.0,46.29
S8x4x4-LD21-H0.3-F0.6-A4-s42,high,twostage,42,1388,31.969,68.0,1,81.0,46.29
S8x4x4-LD21-H0.3-F0.6-A4-s42,high,twostage,42,1389,31.99,68.0,1,81.0,46.29
S8x4x4-LD21-H0.3-F0.6-A4-s42,high,twostage,42,1390,32.012,68.0,1,81.0,46.29
S8x4x4-LD21-H0.3-F0.6-A4-s42,high,twostage,42,1391,32.035,68.0,1,81.0,46.29
S8x4x4-LD21-H0.3-F0.6-A4-s42,high,twostage,42,1392,32.059,68.0,1,81.0,46.29
S8x4x4-LD21-H0.3-F0.6-A4-s42,high,twostage,42,1393,32.081,68.0,1,81.0,46.29
S8x4x4-LD21-H0.3-F0.6-A4-s42,high,twostage,42,1394,32.102,68.0,1,81.0,46.29
S8x4x4-LD21-H0.3-F0.6-A4-s42,high,twostage,42,1395,32.123,68.0,1,81.0,46.29
S8x4x4-LD21-H0.3-F0.6-A4-s42,high,twostage,42,1396,32.145,68.0,1,81.0,46.29
S8x4x4-LD21-H0.3-F0.6-A4-s42,high,twostage,42,1397,32.17,68.0,1,81.0,46.29
S8x4x4-LD21-H0.3-F0.6-A4-s42,high,twostage,42,1398,32.192,68.0,1,81.0,46.29
S8x4x4-LD21-H0.3-F0.6-A4-s42,high,twostage,42,1399,32.216,68.0,1,81.0,46.29
S8x4x4-LD21-H0.3-F0.6-A4-s42,high,twostage,42,1400,32.238,68.0,1,81.0,46.29
S8x4x4-LD21-H0.3-F0.6-A4-s42,high,twostage,42,1401,32.262,68.0,1,81.0,46.29
S8x4x4-LD21-H0.3-F0.6-A4-s42,high,twostage,42,1402,32.285,68.0,1,81.0,46.29
S8x4x4-LD21-H0.3-F0.6-A4-s42,high,twostage,42,1403,32.307,68.0,1,81.0,46.29
S8x4x4-LD21-H0.3-F0.6-A4-s42,high,twostage,42,1404,32.329,68.0,1,81.0,46.29
S8x4x4-LD21-H0.3-F0.6-A4-s42,high,twostage,42,1405,32.351,68.0,1,81.0,46.29
S8x4x4-LD21-H0.3-F0.6-A4-s42,high,twostage,42,1406,32.376,68.0,1,81.0,46.29
S8x4x4-LD21-H0.3-F0.6-A4-s42,high,twostage,42,1407,32.398,68.0,1,81.0,46.29
S8x4x4-LD21-H0.3-F0.6-A4-s42,high,twostage,42,1408,32.42,68.0,1,81.0,46.29
S8x4x4-LD21-H0.3-F0.6-A4-s42,high,twostage,42,1409,32.441,68.0,1,81.0,46.29
S8x4x4-LD21-H0.3-F0.6-A4-s42,high,twostage,42,1410,32.464,68.0,1,81.0,46.29
S8x4x4-LD21-H0.3-F0.6-A4-s42,high,twostage,42,1411,32.488,68.0,1,81.0,46.29
S8x4x4-LD21-H0.3-F0.6-A4-s42,high,twostage,42,1412,32.509,68.0,1,81.0,46.29
S8x4x4-LD21-H0.3-F0.6-A4-s42,high,twostage,42,1413,32.531,68.0,1,81.0,46.29
S8x4x4-LD21-H0.3-F0.6-A4-s42,high,twostage,42,1414,32.552,68.0,1,81.0,46.29
S8x4x4-LD21-H0.3-F0.6-A4-s42,high,twostage,42,1415,32.574,68.0,1,81.0,46.29
S8x4x4-LD21-H0.3-F0.6-A4-s42,high,twostage,42,1416,32.598,68.0,1,81.0,46.29
S8x4x4-LD21-H0.3-F0.6-A4-s42,high,twostage,42,1417,32.62,68.0,1,81.0,46.29
S8x4x4-LD21-H0.3-F0.6-A4-s42,high,twostage,42,1418,32.643,68.0,1,81.0,46.29
S8x4x4-LD21-H0.3-F0.6-A4-s42,high,twostage,42,1419,32.665,68.0,1,81.0,46.29
S8x4x4-LD21-H0.3-F0.6-A4-s42,high,twostage,42,1420,32.689,68.0,1,81.0,46.29
S8x4x4-LD21-H0.3-F0.6-A4-s42,high,twostage,42,1421,32.71,68.0,1,81.0,46.29
S8x4x4-LD21-H0.3-F0.6-A4-s42,high,twostage,42,1422,32.733,68.0,1,81.0,46.29
S8x4x4-LD21-H0.3-F0.6-A4-s42,high,twostage,42,1423,32.754,68.0,1,81.0,46.29
S8x4x4-LD21-H0.3-F0.6-A4-s42,high,twostage,42,1424,32.776,68.0,1,81.0,46.29
S8x4x4-LD21-H0.3-F0.6-A4-s42,high,twostage,42,1425,32.801,68.0,1,81.0,46.29
S8x4x4-LD21-H0.3-F0.6-A4-s42,high,twostage,42,1426,32.823,68.0,1,81.0,46.29
S8x4x4-LD21-H0.3-F0.6-A4-s42,high,twostage,42,1427,32.845,68.0,1,81.0,46.29
S8x4x4-LD21-H0.3-F0.6-A4-s42,high,twostage,42,1428,32.868,68.0,1,81.0,46.29
S8x4x4-LD21-H0.3-F0.6-A4-s42,high,twostage,42,1429,32.89,68.0,1,81.0,46.29
S8x4x4-LD21-H0.3-F0.6-A4-s42,high,twostage,42,1430,32.915,68.0,1,81.0,46.29
S8x4x4-LD21-H0.3-F0.6-A4-s42,high,twostage,42,1431,32.937,68.0,1,81.0,46.29
S8x4x4-LD21-H0.3-F0.6-A4-s42,high,twostage,42,1432,32.96,68.0,1,81.0,46.29
S8x4x4-LD21-H0.3-F0.6-A4-s42,high,twostage,42,1433,32.982,68.0,1,81.0,46.29
S8x4x4-LD21-H0.3-F0.6-A4-s42,high,twostage,42,1434,33.007,68.0,1,81.0,46.29
S8x4x4-LD21-H0.3-F0.6-A4-s42,high,twostage,42,1435,33.028,68.0,1,81.0,46.29
S8x4x4-LD21-H0.3-F0.6-A4-s42,high,twostage,42,1436,33.05,68.0,1,81.0,46.29
S8x4x4-LD21-H0.3-F0.6-A4-s42,high,twostage,42,1437,33.072,68.0,1,81.0,46.29
S8x4x4-LD21-H0.3-F0.6-A4-s42,high,twostage,42,1438,33.094,68.0,1,81.0,46.29
S8x4x4-LD21-H0.3-F0.6-A4-s42,high,twostage,42,1439,33.118,68.0,1,81.0,46.29
S8x4x4-LD21-H0.3-F0.6-A4-s42,high,twostage,42,1440,33.14,68.0,1,81.0,46.29
S8x4x4-LD21-H0.3-F0.6-A4-s42,high,twostage,42,1441,33.162,68.0,1,81.0,46.29
S8x4x4-LD21-H0.3-F0.6-A4-s42,high,twostage,42,1442,33.183,68.0,1,81.0,46.29
S8x4x4-LD21-H0.3-F0.6-A4-s42,high,twostage,42,1443,33.205,68.0,1,81.0,46.29
S8x4x4-LD21-H0.3-F0.6-A4-s42,high,twostage,42,1444,33.23,68.0,1,81.0,46.29
S8x4x4-LD21-H0.3-F0.6-A4-s42,high,twostage,42,1445,33.252,68.0,1,81.0,46.29
S8x4x4-LD21-H0.3-F0.6-A4-s42,high,twostage,42,1446,33.274,68.0,1,81.0,46.29
S8x4x4-LD21-H0.3-F0.6-A4-s42,high,twostage,42,1447,33.297,68.0,1,81.0,46.29
S8x4x4-LD21-H0.3-F0.6-A4-s42,high,twostage,42,1448,33.319,68.0,1,81.0,46.29
S8x4x4-LD21-H0.3-F0.6-A4-s42,high,twostage,42,1449,33.342,68.0,1,81.0,46.29
S8x4x4-LD21-H0.3-F0.6-A4-s42,high,twostage,42,1450,33.364,68.0,1,81.0,46.29
S8x4x4-LD21-H0.3-F0.6-A4-s42,high,twostage,42,1451,33.385,68.0,1,81.0,46.29
S8x4x4-LD21-H0.3-F0.6-A4-s42,high,twostage,42,1452,33.407,68.0,1,81.0,46.29
S8x4x4-LD21-H0.3-F0.6-A4-s42,high,twostage,42,1453,33.431,68.0,1,81.0,46.29
S8x4x4-LD21-H0.3-F0.6-A4-s42,high,twostage,42,1454,33.453,68.0,1,81.0,46.29
S8x4x4-LD21-H0.3-F0.6-A4-s42,high,twostage,42,1455,33.475,68.0,1,81.0,46.29
S8x4x4-LD21-H0.3-F0.6-A4-s42,high,twostage,42,1456,33.498,68.0,1,81.0,46.29
S8x4x4-LD21-H0.3-F0.6-A4-s42,high,twostage,42,1457,33.52,68.0,1,81.0,46.29
S8x4x4-LD21-H0.3-F0.6-A4-s42,high,twostage,42,1458,33.545,68.0,1,81.0,46.29
S8x4x4-LD21-H0.3-F0.6-A4-s42,high,twostage,42,1459,33.566,68.0,1,81.0,46.29
S8x4x4-LD21-H0.3-F0.6-A4-s42,high,twostage,42,1460,33.587,68.0,1,81.0,46.29
S8x4x4-LD21-H0.3-F0.6-A4-s42,high,twostage,42,1461,33.612,68.0,1,81.0,46.29
S8x4x4-LD21-H0.3-F0.6-A4-s42,high,twostage,42,1462,33.636,68.0,1,81.0,46.29
S8x4x4-LD21-H0.3-F0.6-A4-s42,high,twostage,42,1463,33.661,68.0,1,81.0,46.29
S8x4x4-LD21-H0.3-F0.6-A4-s42,high,twostage,42,1464,33.683,68.0,1,81.0,46.29
S8x4x4-LD21-H0.3-F0.6-A4-s42,high,twostage,42,1465,33.705,68.0,1,81.0,46.29
S8x4x4-LD21-H0.3-F0.6-A4-s42,high,twostage,42,1466,33.727,68.0,1,81.0,46.29
S8x4x4-LD21-H0.3-F0.6-A4-s42,high,twostage,42,1467,33.749,68.0,1,81.0,46.29
S8x4x4-LD21-H0.3-F0.6-A4-s42,high,twostage,42,1468,33.773,68.0,1,81.0,46.29
S8x4x4-LD21-H0.3-F0.6-A4-s42,high,twostage,42,1469,33.794,68.0,1,81.0,46.29
S8x4x4-LD21-H0.3-F0.6-A4-s42,high,twostage,42,1470,33.816,68.0,1,81.0,46.29
S8x4x4-LD21-H0.3-F0.6-A4-s42,high,twostage,42,1471,33.839,68.0,1,81.0,46.29
S8x4x4-LD21-H0.3-F0.6-A4-s42,high,twostage,42,1472,33.863,68.0,1,81.0,46.29
S8x4x4-LD21-H0.3-F0.6-A4-s42,high,twostage,42,1473,33.885,68.0,1,81.0,46.29
S8x4x4-LD21-H0.3-F0.6-A4-s42,high,twostage,42,1474,33.907,68.0,1,81.0,46.29
S8x4x4-LD21-H0.3-F0.6-A4-s42,high,twostage,42,1475,33.931,68.0,1,81.0,46.29
S8x4x4-LD21-H0.3-F0.6-A4-s42,high,twostage,42,1476,33.952,68.0,1,81.0,46.29
S8x4x4-LD21-H0.3-F0.6-A4-s42,high,twostage,42,1477,33.977,68.0,1,81.0,46.29
S8x4x4-LD21-H0.3-F0.6-A4-s42,high,twostage,42,1478,34.0,68.0,1,81.0,46.29
S8x4x4-LD21-H0.3-F0.6-A4-s42,high,twostage,42,1479,34.021,68.0,1,81.0,46.29
S8x4x4-LD21-H0.3-F0.6-A4-s42,high,twostage,42,1480,34.043,68.0,1,81.0,46.29
S8x4x4-LD21-H0.3-F0.6-A4-s42,high,twostage,42,1481,34.065,68.0,1,81.0,46.29
S8x4x4-LD21-H0.3-F0.6-A4-s42,high,twostage,42,1482,34.09,68.0,1,81.0,46.29
S8x4x4-LD21-H0.3-F0.6-A4-s42,high,twostage,42,1483,34.112,68.0,1,81.0,46.29
S8x4x4-LD21-H0.3-F0.6-A4-s42,high,twostage,42,1484,34.133,68.0,1,81.0,46.29
S8x4x4-LD21-H0.3-F0.6-A4-s42,high,twostage,42,1485,34.155,68.0,1,81.0,46.29
S8x4x4-LD21-H0.3-F0.6-A4-s42,high,twostage,42,1486,34.177,68.0,1,81.0,46.29
S8x4x4-LD21-H0.3-F0.6-A4-s42,high,twostage,42,1487,34.201,68.0,1,81.0,46.29
S8x4x4-LD21-H0.3-F0.6-A4-s42,high,twostage,42,1488,34.222,68.0,1,81.0,46.29
S8x4x4-LD21-H0.3-F0.6-A4-s42,high,twostage,42,1489,34.244,68.0,1,81.0,46.29
S8x4x4-LD21-H0.3-F0.6-A4-s42,high,twostage,42,1490,34.267,68.0,1,81.0,46.29
S8x4x4-LD21-H0.3-F0.6-A4-s42,high,twostage,42,1491,34.292,68.0,1,81.0,46.29
S8x4x4-LD21-H0.3-F0.6-A4-s42,high,twostage,42,1492,34.313,68.0,1,81.0,46.29
S8x4x4-LD21-H0.3-F0.6-A4-s42,high,twostage,42,1493,34.336,68.0,1,81.0,46.29
S8x4x4-LD21-H0.3-F0.6-A4-s42,high,twostage,42,1494,34.357,68.0,1,81.0,46.29
S8x4x4-LD21-H0.3-F0.6-A4-s42,high,twostage,42,1495,34.38,68.0,1,81.0,46.29
S8x4x4-LD21-H0.3-F0.6-A4-s42,high,twostage,42,1496,34.403,68.0,1,81.0,46.29
S8x4x4-LD21-H0.3-F0.6-A4-s42,high,twostage,42,1497,34.425,68.0,1,81.0,46.29
S8x4x4-LD21-H0.3-F0.6-A4-s42,high,twostage,42,1498,34.445,68.0,1,81.0,46.29
S8x4x4-LD21-H0.3-F0.6-A4-s42,high,twostage,42,1499,34.467,68.0,1,81.0,46.29
S8x4x4-LD21-H0.3-F0.6-A4-s42,high,twostage,42,1500,34.488,68.0,1,81.0,46.29
S8x4x4-LD21-H0.3-F0.6-A4-s42,high,twostage,42,1501,34.512,68.0,1,81.0,46.29
S8x4x4-LD21-H0.3-F0.6-A4-s42,high,twostage,42,1502,34.536,68.0,1,81.0,46.29
S8x4x4-LD21-H0.3-F0.6-A4-s42,high,twostage,42,1503,34.558,68.0,1,81.0,46.29
S8x4x4-LD21-H0.3-F0.6-A4-s42,high,twostage,42,1504,34.579,68.0,1,81.0,46.29
S8x4x4-LD21-H0.3-F0.6-A4-s42,high,twostage,42,1505,34.604,68.0,1,81.0,46.29
S8x4x4-LD21-H0.3-F0.6-A4-s42,high,twostage,42,1506,34.626,68.0,1,81.0,46.29
S8x4x4-LD21-H0.3-F0.6-A4-s42,high,twostage,42,1507,34.648,68.0,1,81.0,46.29
S8x4x4-LD21-H0.3-F0.6-A4-s42,high,twostage,42,1508,34.67,68.0,1,81.0,46.29
S8x4x4-LD21-H0.3-F0.6-A4-s42,high,twostage,42,1509,34.693,68.0,1,81.0,46.29
S8x4x4-LD21-H0.3-F0.6-A4-s42,high,twostage,42,1510,34.717,68.0,1,81.0,46.29
S8x4x4-LD21-H0.3-F0.6-A4-s42,high,twostage,42,1511,34.739,68.0,1,81.0,46.29
S8x4x4-LD21-H0.3-F0.6-A4-s42,high,twostage,42,1512,34.762,68.0,1,81.0,46.29
S8x4x4-LD21-H0.3-F0.6-A4-s42,high,twostage,42,1513,34.784,68.0,1,81.0,46.29
S8x4x4-LD21-H0.3-F0.6-A4-s42,high,twostage,42,1514,34.806,68.0,1,81.0,46.29
S8x4x4-LD21-H0.3-F0.6-A4-s42,high,twostage,42,1515,34.831,68.0,1,81.0,46.29
S8x4x4-LD21-H0.3-F0.6-A4-s42,high,twostage,42,1516,34.858,68.0,1,81.0,46.29
S8x4x4-LD21-H0.3-F0.6-A4-s42,high,twostage,42,1517,34.879,68.0,1,81.0,46.29
S8x4x4-LD21-H0.3-F0.6-A4-s42,high,twostage,42,1518,34.902,68.0,1,81.0,46.29
S8x4x4-LD21-H0.3-F0.6-A4-s42,high,twostage,42,1519,34.923,68.0,1,81.0,46.29
S8x4x4-LD21-H0.3-F0.6-A4-s42,high,twostage,42,1520,34.948,68.0,1,81.0,46.29
S8x4x4-LD21-H0.3-F0.6-A4-s42,high,twostage,42,1521,34.97,68.0,1,81.0,46.29
S8x4x4-LD21-H0.3-F0.6-A4-s42,high,twostage,42,1522,34.991,68.0,1,81.0,46.29
S8x4x4-LD21-H0.3-F0.6-A4-s42,high,twostage,42,1523,35.014,68.0,1,81.0,46.29
S8x4x4-LD21-H0.3-F0.6-A4-s42,high,twostage,42,1524,35.038,68.0,1,81.0,46.29
S8x4x4-LD21-H0.3-F0.6-A4-s42,high,twostage,42,1525,35.06,68.0,1,81.0,46.29
S8x4x4-LD21-H0.3-F0.6-A4-s42,high,twostage,42,1526,35.081,68.0,1,81.0,46.29
S8x4x4-LD21-H0.3-F0.6-A4-s42,high,twostage,42,1527,35.103,68.0,1,81.0,46.29
S8x4x4-LD21-H0.3-F0.6-A4-s42,high,twostage,42,1528,35.124,68.0,1,81.0,46.29
S8x4x4-LD21-H0.3-F0.6-A4-s42,high,twostage,42,1529,35.15,68.0,1,81.0,46.29
S8x4x4-LD21-H0.3-F0.6-A4-s42,high,twostage,42,1530,35.172,68.0,1,81.0,46.29
S8x4x4-LD21-H0.3-F0.6-A4-s42,high,twostage,42,1531,35.194,68.0,1,81.0,46.29
S8x4x4-LD21-H0.3-F0.6-A4-s42,high,twostage,42,1532,35.215,68.0,1,81.0,46.29
S8x4x4-LD21-H0.3-F0.6-A4-s42,high,twostage,42,1533,35.237,68.0,1,81.0,46.29
S8x4x4-LD21-H0.3-F0.6-A4-s42,high,twostage,42,1534,35.261,66.0,1,81.0,46.29
S8x4x4-LD21-H0.3-F0.6-A4-s42,high,twostage,42,1535,35.281,66.0,1,81.0,46.29
S8x4x4-LD21-H0.3-F0.6-A4-s42,high,twostage,42,1536,35.303,66.0,1,81.0,46.29
S8x4x4-LD21-H0.3-F0.6-A4-s42,high,twostage,42,1537,35.325,66.0,1,81.0,46.29
S8x4x4-LD21-H0.3-F0.6-A4-s42,high,twostage,42,1538,35.349,66.0,1,81.0,46.29
S8x4x4-LD21-H0.3-F0.6-A4-s42,high,twostage,42,1539,35.377,66.0,1,81.0,46.29
S8x4x4-LD21-H0.3-F0.6-A4-s42,high,twostage,42,1540,35.399,66.0,1,81.0,46.29
S8x4x4-LD21-H0.3-F0.6-A4-s42,high,twostage,42,1541,35.422,65.0,1,81.0,46.29
S8x4x4-LD21-H0.3-F0.6-A4-s42,high,twostage,42,1542,35.444,65.0,1,81.0,46.29
S8x4x4-LD21-H0.3-F0.6-A4-s42,high,twostage,42,1543,35.467,65.0,1,81.0,46.29
S8x4x4-LD21-H0.3-F0.6-A4-s42,high,twostage,42,1544,35.491,65.0,1,81.0,46.29
S8x4x4-LD21-H0.3-F0.6-A4-s42,high,twostage,42,1545,35.514,65.0,1,81.0,46.29
S8x4x4-LD21-H0.3-F0.6-A4-s42,high,twostage,42,1546,35.538,65.0,1,81.0,46.29
S8x4x4-LD21-H0.3-F0.6-A4-s42,high,twostage,42,1547,35.559,64.0,1,81.0,46.29
S8x4x4-LD21-H0.3-F0.6-A4-s42,high,twostage,42,1548,35.582,64.0,1,81.0,46.29
S8x4x4-LD21-H0.3-F0.6-A4-s42,high,twostage,42,1549,35.605,64.0,1,81.0,46.29
S8x4x4-LD21-H0.3-F0.6-A4-s42,high,twostage,42,1550,35.626,64.0,1,81.0,46.29
S8x4x4-LD21-H0.3-F0.6-A4-s42,high,twostage,42,1551,35.647,64.0,1,81.0,46.29
S8x4x4-LD21-H0.3-F0.6-A4-s42,high,twostage,42,1552,35.669,64.0,1,81.0,46.29
S8x4x4-LD21-H0.3-F0.6-A4-s42,high,twostage,42,1553,35.692,64.0,1,81.0,46.29
S8x4x4-LD21-H0.3-F0.6-A4-s42,high,twostage,42,1554,35.711,64.0,1,81.0,46.29
S8x4x4-LD21-H0.3-F0.6-A4-s42,high,twostage,42,1555,35.731,64.0,1,81.0,46.29
S8x4x4-LD21-H0.3-F0.6-A4-s42,high,twostage,42,1556,35.752,64.0,1,81.0,46.29
S8x4x4-LD21-H0.3-F0.6-A4-s42,high,twostage,42,1557,35.772,64.0,1,81.0,46.29
S8x4x4-LD21-H0.3-F0.6-A4-s42,high,twostage,42,1558,35.794,64.0,1,81.0,46.29
S8x4x4-LD21-H0.3-F0.6-A4-s42,high,twostage,42,1559,35.815,64.0,1,81.0,46.29
S8x4x4-LD21-H0.3-F0.6-A4-s42,high,twostage,42,1560,35.836,64.0,1,81.0,46.29
S8x4x4-LD21-H0.3-F0.6-A4-s42,high,twostage,42,1561,35.857,64.0,1,81.0,46.29
S8x4x4-LD21-H0.3-F0.6-A4-s42,high,twostage,42,1562,35.878,64.0,1,81.0,46.29
S8x4x4-LD21-H0.3-F0.6-A4-s42,high,twostage,42,1563,35.902,64.0,1,81.0,46.29
S8x4x4-LD21-H0.3-F0.6-A4-s42,high,twostage,42,1564,35.923,64.0,1,81.0,46.29
S8x4x4-LD21-H0.3-F0.6-A4-s42,high,twostage,42,1565,35.944,64.0,1,81.0,46.29
S8x4x4-LD21-H0.3-F0.6-A4-s42,high,twostage,42,1566,35.965,64.0,1,81.0,46.29
S8x4x4-LD21-H0.3-F0.6-A4-s42,high,twostage,42,1567,35.985,64.0,1,81.0,46.29
S8x4x4-LD21-H0.3-F0.6-A4-s42,high,twostage,42,1568,36.008,64.0,1,81.0,46.29
S8x4x4-LD21-H0.3-F0.6-A4-s42,high,twostage,42,1569,36.03,64.0,1,81.0,46.29
S8x4x4-LD21-H0.3-F0.6-A4-s42,high,twostage,42,1570,36.049,64.0,1,81.0,46.29
S8x4x4-LD21-H0.3-F0.6-A4-s42,high,twostage,42,1571,36.07,64.0,1,81.0,46.29
S8x4x4-LD21-H0.3-F0.6-A4-s42,high,twostage,42,1572,36.092,64.0,1,81.0,46.29
S8x4x4-LD21-H0.3-F0.6-A4-s42,high,twostage,42,1573,36.115,64.0,1,81.0,46.29
S8x4x4-LD21-H0.3-F0.6-A4-s42,high,twostage,42,1574,36.136,64.0,1,81.0,46.29
S8x4x4-LD21-H0.3-F0.6-A4-s42,high,twostage,42,1575,36.156,64.0,1,81.0,46.29
S8x4x4-LD21-H0.3-F0.6-A4-s42,high,twostage,42,1576,36.176,64.0,1,81.0,46.29
S8x4x4-LD21-H0.3-F0.6-A4-s42,high,twostage,42,1577,36.196,64.0,1,81.0,46.29
S8x4x4-LD21-H0.3-F0.6-A4-s42,high,twostage,42,1578,36.219,64.0,1,81.0,46.29
S8x4x4-LD21-H0.3-F0.6-A4-s42,high,twostage,42,1579,36.24,64.0,1,81.0,46.29
S8x4x4-LD21-H0.3-F0.6-A4-s42,high,twostage,42,1580,36.26,64.0,1,81.0,46.29
S8x4x4-LD21-H0.3-F0.6-A4-s42,high,twostage,42,1581,36.281,64.0,1,81.0,46.29
S8x4x4-LD21-H0.3-F0.6-A4-s42,high,twostage,42,1582,36.302,64.0,1,81.0,46.29
S8x4x4-LD21-H0.3-F0.6-A4-s42,high,twostage,42,1583,36.323,64.0,1,81.0,46.29
S8x4x4-LD21-H0.3-F0.6-A4-s42,high,twostage,42,1584,36.345,64.0,1,81.0,46.29
S8x4x4-LD21-H0.3-F0.6-A4-s42,high,twostage,42,1585,36.366,64.0,1,81.0,46.29
S8x4x4-LD21-H0.3-F0.6-A4-s42,high,twostage,42,1586,36.387,64.0,1,81.0,46.29
S8x4x4-LD21-H0.3-F0.6-A4-s42,high,twostage,42,1587,36.407,64.0,1,81.0,46.29
S8x4x4-LD21-H0.3-F0.6-A4-s42,high,twostage,42,1588,36.43,64.0,1,81.0,46.29
S8x4x4-LD21-H0.3-F0.6-A4-s42,high,twostage,42,1589,36.45,64.0,1,81.0,46.29
S8x4x4-LD21-H0.3-F0.6-A4-s42,high,twostage,42,1590,36.47,64.0,1,81.0,46.29
S8x4x4-LD21-H0.3-F0.6-A4-s42,high,twostage,42,1591,36.49,64.0,1,81.0,46.29
S8x4x4-LD21-H0.3-F0.6-A4-s42,high,twostage,42,1592,36.51,64.0,1,81.0,46.29
S8x4x4-LD21-H0.3-F0.6-A4-s42,high,twostage,42,1593,36.535,64.0,1,81.0,46.29
S8x4x4-LD21-H0.3-F0.6-A4-s42,high,twostage,42,1594,36.554,64.0,1,81.0,46.29
S8x4x4-LD21-H0.3-F0.6-A4-s42,high,twostage,42,1595,36.574,64.0,1,81.0,46.29
S8x4x4-LD21-H0.3-F0.6-A4-s42,high,twostage,42,1596,36.594,64.0,1,81.0,46.29
S8x4x4-LD21-H0.3-F0.6-A4-s42,high,twostage,42,1597,36.615,64.0,1,81.0,46.29
S8x4x4-LD21-H0.3-F0.6-A4-s42,high,twostage,42,1598,36.639,64.0,1,81.0,46.29
S8x4x4-LD21-H0.3-F0.6-A4-s42,high,twostage,42,1599,36.661,64.0,1,81.0,46.29
S8x4x4-LD21-H0.3-F0.6-A4-s42,high,twostage,42,1600,36.681,64.0,1,81.0,46.29
S8x4x4-LD21-H0.3-F0.6-A4-s42,high,twostage,42,1601,36.702,64.0,1,81.0,46.29
S8x4x4-LD21-H0.3-F0.6-A4-s42,high,twostage,42,1602,36.726,64.0,1,81.0,46.29
S8x4x4-LD21-H0.3-F0.6-A4-s42,high,twostage,42,1603,36.746,64.0,1,81.0,46.29
S8x4x4-LD21-H0.3-F0.6-A4-s42,high,twostage,42,1604,36.766,64.0,1,81.0,46.29
S8x4x4-LD21-H0.3-F0.6-A4-s42,high,twostage,42,1605,36.787,64.0,1,81.0,46.29
S8x4x4-LD21-H0.3-F0.6-A4-s42,high,twostage,42,1606,36.807,64.0,1,81.0,46.29
S8x4x4-LD21-H0.3-F0.6-A4-s42,high,twostage,42,1607,36.831,64.0,1,81.0,46.29
S8x4x4-LD21-H0.3-F0.6-A4-s42,high,twostage,42,1608,36.851,64.0,1,81.0,46.29
S8x4x4-LD21-H0.3-F0.6-A4-s42,high,twostage,42,1609,36.872,64.0,1,81.0,46.29
S8x4x4-LD21-H0.3-F0.6-A4-s42,high,twostage,42,1610,36.892,64.0,1,81.0,46.29
S8x4x4-LD21-H0.3-F0.6-A4-s42,high,twostage,42,1611,36.912,64.0,1,81.0,46.29
S8x4x4-LD21-H0.3-F0.6-A4-s42,high,twostage,42,1612,36.935,64.0,1,81.0,46.29
S8x4x4-LD21-H0.3-F0.6-A4-s42,high,twostage,42,1613,36.957,64.0,1,81.0,46.29
S8x4x4-LD21-H0.3-F0.6-A4-s42,high,twostage,42,1614,36.978,64.0,1,81.0,46.29
S8x4x4-LD21-H0.3-F0.6-A4-s42,high,twostage,42,1615,37.0,64.0,1,81.0,46.29
S8x4x4-LD21-H0.3-F0.6-A4-s42,high,twostage,42,1616,37.023,64.0,1,81.0,46.29
S8x4x4-LD21-H0.3-F0.6-A4-s42,high,twostage,42,1617,37.047,64.0,1,81.0,46.29
S8x4x4-LD21-H0.3-F0.6-A4-s42,high,twostage,42,1618,37.067,64.0,1,81.0,46.29
S8x4x4-LD21-H0.3-F0.6-A4-s42,high,twostage,42,1619,37.088,64.0,1,81.0,46.29
S8x4x4-LD21-H0.3-F0.6-A4-s42,high,twostage,42,1620,37.108,64.0,1,81.0,46.29
S8x4x4-LD21-H0.3-F0.6-A4-s42,high,twostage,42,1621,37.128,64.0,1,81.0,46.29
S8x4x4-LD21-H0.3-F0.6-A4-s42,high,twostage,42,1622,37.151,64.0,1,81.0,46.29
S8x4x4-LD21-H0.3-F0.6-A4-s42,high,twostage,42,1623,37.171,64.0,1,81.0,46.29
S8x4x4-LD21-H0.3-F0.6-A4-s42,high,twostage,42,1624,37.191,64.0,1,81.0,46.29
S8x4x4-LD21-H0.3-F0.6-A4-s42,high,twostage,42,1625,37.212,64.0,1,81.0,46.29
S8x4x4-LD21-H0.3-F0.6-A4-s42,high,twostage,42,1626,37.232,64.0,1,81.0,46.29
S8x4x4-LD21-H0.3-F0.6-A4-s42,high,twostage,42,1627,37.254,64.0,1,81.0,46.29
S8x4x4-LD21-H0.3-F0.6-A4-s42,high,twostage,42,1628,37.274,64.0,1,81.0,46.29
S8x4x4-LD21-H0.3-F0.6-A4-s42,high,twostage,42,1629,37.294,64.0,1,81.0,46.29
S8x4x4-LD21-H0.3-F0.6-A4-s42,high,twostage,42,1630,37.315,64.0,1,81.0,46.29
S8x4x4-LD21-H0.3-F0.6-A4-s42,high,twostage,42,1631,37.336,64.0,1,81.0,46.29
S8x4x4-LD21-H0.3-F0.6-A4-s42,high,twostage,42,1632,37.359,64.0,1,81.0,46.29
S8x4x4-LD21-H0.3-F0.6-A4-s42,high,twostage,42,1633,37.381,64.0,1,81.0,46.29
S8x4x4-LD21-H0.3-F0.6-A4-s42,high,twostage,42,1634,37.403,64.0,1,81.0,46.29
S8x4x4-LD21-H0.3-F0.6-A4-s42,high,twostage,42,1635,37.425,64.0,1,81.0,46.29
S8x4x4-LD21-H0.3-F0.6-A4-s42,high,twostage,42,1636,37.446,64.0,1,81.0,46.29
S8x4x4-LD21-H0.3-F0.6-A4-s42,high,twostage,42,1637,37.471,64.0,1,81.0,46.29
S8x4x4-LD21-H0.3-F0.6-A4-s42,high,twostage,42,1638,37.492,64.0,1,81.0,46.29
S8x4x4-LD21-H0.3-F0.6-A4-s42,high,twostage,42,1639,37.512,64.0,1,81.0,46.29
S8x4x4-LD21-H0.3-F0.6-A4-s42,high,twostage,42,1640,37.532,64.0,1,81.0,46.29
S8x4x4-LD21-H0.3-F0.6-A4-s42,high,twostage,42,1641,37.553,64.0,1,81.0,46.29
S8x4x4-LD21-H0.3-F0.6-A4-s42,high,twostage,42,1642,37.576,64.0,1,81.0,46.29
S8x4x4-LD21-H0.3-F0.6-A4-s42,high,twostage,42,1643,37.596,64.0,1,81.0,46.29
S8x4x4-LD21-H0.3-F0.6-A4-s42,high,twostage,42,1644,37.617,64.0,1,81.0,46.29
S8x4x4-LD21-H0.3-F0.6-A4-s42,high,twostage,42,1645,37.639,64.0,1,81.0,46.29
S8x4x4-LD21-H0.3-F0.6-A4-s42,high,twostage,42,1646,37.66,64.0,1,81.0,46.29
S8x4x4-LD21-H0.3-F0.6-A4-s42,high,twostage,42,1647,37.683,64.0,1,81.0,46.29
S8x4x4-LD21-H0.3-F0.6-A4-s42,high,twostage,42,1648,37.704,64.0,1,81.0,46.29
S8x4x4-LD21-H0.3-F0.6-A4-s42,high,twostage,42,1649,37.725,64.0,1,81.0,46.29
S8x4x4-LD21-H0.3-F0.6-A4-s42,high,twostage,42,1650,37.746,64.0,1,81.0,46.29
S8x4x4-LD21-H0.3-F0.6-A4-s42,high,twostage,42,1651,37.77,64.0,1,81.0,46.29
S8x4x4-LD21-H0.3-F0.6-A4-s42,high,twostage,42,1652,37.789,64.0,1,81.0,46.29
S8x4x4-LD21-H0.3-F0.6-A4-s42,high,twostage,42,1653,37.809,64.0,1,81.0,46.29
S8x4x4-LD21-H0.3-F0.6-A4-s42,high,twostage,42,1654,37.83,64.0,1,81.0,46.29
S8x4x4-LD21-H0.3-F0.6-A4-s42,high,twostage,42,1655,37.85,64.0,1,81.0,46.29
S8x4x4-LD21-H0.3-F0.6-A4-s42,high,twostage,42,1656,37.874,64.0,1,81.0,46.29
S8x4x4-LD21-H0.3-F0.6-A4-s42,high,twostage,42,1657,37.896,64.0,1,81.0,46.29
S8x4x4-LD21-H0.3-F0.6-A4-s42,high,twostage,42,1658,37.921,64.0,1,81.0,46.29
S8x4x4-LD21-H0.3-F0.6-A4-s42,high,twostage,42,1659,37.941,64.0,1,81.0,46.29
S8x4x4-LD21-H0.3-F0.6-A4-s42,high,twostage,42,1660,37.961,64.0,1,81.0,46.29
S8x4x4-LD21-H0.3-F0.6-A4-s42,high,twostage,42,1661,37.984,64.0,1,81.0,46.29
S8x4x4-LD21-H0.3-F0.6-A4-s42,high,twostage,42,1662,38.004,64.0,1,81.0,46.29
S8x4x4-LD21-H0.3-F0.6-A4-s42,high,twostage,42,1663,38.025,64.0,1,81.0,46.29
S8x4x4-LD21-H0.3-F0.6-A4-s42,high,twostage,42,1664,38.045,64.0,1,81.0,46.29
S8x4x4-LD21-H0.3-F0.6-A4-s42,high,twostage,42,1665,38.066,64.0,1,81.0,46.29
S8x4x4-LD21-H0.3-F0.6-A4-s42,high,twostage,42,1666,38.089,64.0,1,81.0,46.29
S8x4x4-LD21-H0.3-F0.6-A4-s42,high,twostage,42,1667,38.11,64.0,1,81.0,46.29
S8x4x4-LD21-H0.3-F0.6-A4-s42,high,twostage,42,1668,38.131,64.0,1,81.0,46.29
S8x4x4-LD21-H0.3-F0.6-A4-s42,high,twostage,42,1669,38.151,64.0,1,81.0,46.29
S8x4x4-LD21-H0.3-F0.6-A4-s42,high,twostage,42,1670,38.172,64.0,1,81.0,46.29
S8x4x4-LD21-H0.3-F0.6-A4-s42,high,twostage,42,1671,38.195,64.0,1,81.0,46.29
S8x4x4-LD21-H0.3-F0.6-A4-s42,high,twostage,42,1672,38.215,64.0,1,81.0,46.29
S8x4x4-LD21-H0.3-F0.6-A4-s42,high,twostage,42,1673,38.233,64.0,1,81.0,46.29
S8x4x4-LD21-H0.3-F0.6-A4-s42,high,twostage,42,1674,38.254,64.0,1,81.0,46.29
S8x4x4-LD21-H0.3-F0.6-A4-s42,high,twostage,42,1675,38.275,64.0,1,81.0,46.29
S8x4x4-LD21-H0.3-F0.6-A4-s42,high,twostage,42,1676,38.298,64.0,1,81.0,46.29
S8x4x4-LD21-H0.3-F0.6-A4-s42,high,twostage,42,1677,38.319,64.0,1,81.0,46.29
S8x4x4-LD21-H0.3-F0.6-A4-s42,high,twostage,42,1678,38.339,64.0,1,81.0,46.29
S8x4x4-LD21-H0.3-F0.6-A4-s42,high,twostage,42,1679,38.359,64.0,1,81.0,46.29
S8x4x4-LD21-H0.3-F0.6-A4-s42,high,twostage,42,1680,38.38,64.0,1,81.0,46.29
S8x4x4-LD21-H0.3-F0.6-A4-s42,high,twostage,42,1681,38.403,64.0,1,81.0,46.29
S8x4x4-LD21-H0.3-F0.6-A4-s42,high,twostage,42,1682,38.424,64.0,1,81.0,46.29
S8x4x4-LD21-H0.3-F0.6-A4-s42,high,twostage,42,1683,38.444,64.0,1,81.0,46.29
S8x4x4-LD21-H0.3-F0.6-A4-s42,high,twostage,42,1684,38.466,64.0,1,81.0,46.29
S8x4x4-LD21-H0.3-F0.6-A4-s42,high,twostage,42,1685,38.489,64.0,1,81.0,46.29
S8x4x4-LD21-H0.3-F0.6-A4-s42,high,twostage,42,1686,38.511,64.0,1,81.0,46.29
S8x4x4-LD21-H0.3-F0.6-A4-s42,high,twostage,42,1687,38.532,64.0,1,81.0,46.29
S8x4x4-LD21-H0.3-F0.6-A4-s42,high,twostage,42,1688,38.553,64.0,1,81.0,46.29
S8x4x4-LD21-H0.3-F0.6-A4-s42,high,twostage,42,1689,38.573,64.0,1,81.0,46.29
S8x4x4-LD21-H0.3-F0.6-A4-s42,high,twostage,42,1690,38.594,64.0,1,81.0,46.29
S8x4x4-LD21-H0.3-F0.6-A4-s42,high,twostage,42,1691,38.617,64.0,1,81.0,46.29
S8x4x4-LD21-H0.3-F0.6-A4-s42,high,twostage,42,1692,38.638,64.0,1,81.0,46.29
S8x4x4-LD21-H0.3-F0.6-A4-s42,high,twostage,42,1693,38.659,64.0,1,81.0,46.29
S8x4x4-LD21-H0.3-F0.6-A4-s42,high,twostage,42,1694,38.68,64.0,1,81.0,46.29
S8x4x4-LD21-H0.3-F0.6-A4-s42,high,twostage,42,1695,38.701,64.0,1,81.0,46.29
S8x4x4-LD21-H0.3-F0.6-A4-s42,high,twostage,42,1696,38.722,64.0,1,81.0,46.29
S8x4x4-LD21-H0.3-F0.6-A4-s42,high,twostage,42,1697,38.743,64.0,1,81.0,46.29
S8x4x4-LD21-H0.3-F0.6-A4-s42,high,twostage,42,1698,38.763,64.0,1,81.0,46.29
S8x4x4-LD21-H0.3-F0.6-A4-s42,high,twostage,42,1699,38.784,64.0,1,81.0,46.29
S8x4x4-LD21-H0.3-F0.6-A4-s42,high,twostage,42,1700,38.807,64.0,1,81.0,46.29
S8x4x4-LD21-H0.3-F0.6-A4-s42,high,twostage,42,1701,38.827,64.0,1,81.0,46.29
S8x4x4-LD21-H0.3-F0.6-A4-s42,high,twostage,42,1702,38.847,64.0,1,81.0,46.29
S8x4x4-LD21-H0.3-F0.6-A4-s42,high,twostage,42,1703,38.868,64.0,1,81.0,46.29
S8x4x4-LD21-H0.3-F0.6-A4-s42,high,twostage,42,1704,38.888,64.0,1,81.0,46.29
S8x4x4-LD21-H0.3-F0.6-A4-s42,high,twostage,42,1705,38.912,64.0,1,81.0,46.29
S8x4x4-LD21-H0.3-F0.6-A4-s42,high,twostage,42,1706,38.932,64.0,1,81.0,46.29
S8x4x4-LD21-H0.3-F0.6-A4-s42,high,twostage,42,1707,38.953,64.0,1,81.0,46.29
S8x4x4-LD21-H0.3-F0.6-A4-s42,high,twostage,42,1708,38.973,64.0,1,81.0,46.29
S8x4x4-LD21-H0.3-F0.6-A4-s42,high,twostage,42,1709,38.993,64.0,1,81.0,46.29
S8x4x4-LD21-H0.3-F0.6-A4-s42,high,twostage,42,1710,39.016,64.0,1,81.0,46.29
S8x4x4-LD21-H0.3-F0.6-A4-s42,high,twostage,42,1711,39.037,64.0,1,81.0,46.29
S8x4x4-LD21-H0.3-F0.6-A4-s42,high,twostage,42,1712,39.057,64.0,1,81.0,46.29
S8x4x4-LD21-H0.3-F0.6-A4-s42,high,twostage,42,1713,39.079,64.0,1,81.0,46.29
S8x4x4-LD21-H0.3-F0.6-A4-s42,high,twostage,42,1714,39.099,64.0,1,81.0,46.29
S8x4x4-LD21-H0.3-F0.6-A4-s42,high,twostage,42,1715,39.124,64.0,1,81.0,46.29
S8x4x4-LD21-H0.3-F0.6-A4-s42,high,twostage,42,1716,39.145,64.0,1,81.0,46.29
S8x4x4-LD21-H0.3-F0.6-A4-s42,high,twostage,42,1717,39.165,64.0,1,81.0,46.29
S8x4x4-LD21-H0.3-F0.6-A4-s42,high,twostage,42,1718,39.186,64.0,1,81.0,46.29
S8x4x4-LD21-H0.3-F0.6-A4-s42,high,twostage,42,1719,39.206,64.0,1,81.0,46.29
S8x4x4-LD21-H0.3-F0.6-A4-s42,high,twostage,42,1720,39.229,64.0,1,81.0,46.29
S8x4x4-LD21-H0.3-F0.6-A4-s42,high,twostage,42,1721,39.249,64.0,1,81.0,46.29
S8x4x4-LD21-H0.3-F0.6-A4-s42,high,twostage,42,1722,39.268,64.0,1,81.0,46.29
S8x4x4-LD21-H0.3-F0.6-A4-s42,high,twostage,42,1723,39.289,64.0,1,81.0,46.29
S8x4x4-LD21-H0.3-F0.6-A4-s42,high,twostage,42,1724,39.31,64.0,1,81.0,46.29
S8x4x4-LD21-H0.3-F0.6-A4-s42,high,twostage,42,1725,39.332,64.0,1,81.0,46.29
S8x4x4-LD21-H0.3-F0.6-A4-s42,high,twostage,42,1726,39.352,64.0,1,81.0,46.29
S8x4x4-LD21-H0.3-F0.6-A4-s42,high,twostage,42,1727,39.373,64.0,1,81.0,46.29
S8x4x4-LD21-H0.3-F0.6-A4-s42,high,twostage,42,1728,39.394,64.0,1,81.0,46.29
S8x4x4-LD21-H0.3-F0.6-A4-s42,high,twostage,42,1729,39.417,64.0,1,81.0,46.29
S8x4x4-LD21-H0.3-F0.6-A4-s42,high,twostage,42,1730,39.44,64.0,1,81.0,46.29
S8x4x4-LD21-H0.3-F0.6-A4-s42,high,twostage,42,1731,39.461,64.0,1,81.0,46.29
S8x4x4-LD21-H0.3-F0.6-A4-s42,high,twostage,42,1732,39.481,64.0,1,81.0,46.29
S8x4x4-LD21-H0.3-F0.6-A4-s42,high,twostage,42,1733,39.502,64.0,1,81.0,46.29
S8x4x4-LD21-H0.3-F0.6-A4-s42,high,twostage,42,1734,39.523,64.0,1,81.0,46.29
S8x4x4-LD21-H0.3-F0.6-A4-s42,high,twostage,42,1735,39.546,64.0,1,81.0,46.29
S8x4x4-LD21-H0.3-F0.6-A4-s42,high,twostage,42,1736,39.567,64.0,1,81.0,46.29
S8x4x4-LD21-H0.3-F0.6-A4-s42,high,twostage,42,1737,39.587,64.0,1,81.0,46.29
S8x4x4-LD21-H0.3-F0.6-A4-s42,high,twostage,42,1738,39.607,64.0,1,81.0,46.29
S8x4x4-LD21-H0.3-F0.6-A4-s42,high,twostage,42,1739,39.628,64.0,1,81.0,46.29
S8x4x4-LD21-H0.3-F0.6-A4-s42,high,twostage,42,1740,39.653,64.0,1,81.0,46.29
S8x4x4-LD21-H0.3-F0.6-A4-s42,high,twostage,42,1741,39.674,64.0,1,81.0,46.29
S8x4x4-LD21-H0.3-F0.6-A4-s42,high,twostage,42,1742,39.694,64.0,1,81.0,46.29
S8x4x4-LD21-H0.3-F0.6-A4-s42,high,twostage,42,1743,39.714,64.0,1,81.0,46.29
S8x4x4-LD21-H0.3-F0.6-A4-s42,high,twostage,42,1744,39.736,64.0,1,81.0,46.29
S8x4x4-LD21-H0.3-F0.6-A4-s42,high,twostage,42,1745,39.76,64.0,1,81.0,46.29
S8x4x4-LD21-H0.3-F0.6-A4-s42,high,twostage,42,1746,39.78,64.0,1,81.0,46.29
S8x4x4-LD21-H0.3-F0.6-A4-s42,high,twostage,42,1747,39.802,64.0,1,81.0,46.29
S8x4x4-LD21-H0.3-F0.6-A4-s42,high,twostage,42,1748,39.824,64.0,1,81.0,46.29
S8x4x4-LD21-H0.3-F0.6-A4-s42,high,twostage,42,1749,39.849,64.0,1,81.0,46.29
S8x4x4-LD21-H0.3-F0.6-A4-s42,high,twostage,42,1750,39.869,64.0,1,81.0,46.29
S8x4x4-LD21-H0.3-F0.6-A4-s42,high,twostage,42,1751,39.889,64.0,1,81.0,46.29
S8x4x4-LD21-H0.3-F0.6-A4-s42,high,twostage,42,1752,39.912,64.0,1,81.0,46.29
S8x4x4-LD21-H0.3-F0.6-A4-s42,high,twostage,42,1753,39.935,64.0,1,81.0,46.29
S8x4x4-LD21-H0.3-F0.6-A4-s42,high,twostage,42,1754,39.961,64.0,1,81.0,46.29
S8x4x4-LD21-H0.3-F0.6-A4-s42,high,twostage,42,1755,39.983,64.0,1,81.0,46.29
S8x4x4-LD21-H0.3-F0.6-A4-s42,high,twostage,42,1756,40.005,64.0,1,81.0,46.29
S8x4x4-LD21-H0.3-F0.6-A4-s42,high,twostage,42,1757,40.025,64.0,1,81.0,46.29
S8x4x4-LD21-H0.3-F0.6-A4-s42,high,twostage,42,1758,40.046,64.0,1,81.0,46.29
S8x4x4-LD21-H0.3-F0.6-A4-s42,high,twostage,42,1759,40.07,64.0,1,81.0,46.29
S8x4x4-LD21-H0.3-F0.6-A4-s42,high,twostage,42,1760,40.089,64.0,1,81.0,46.29
S8x4x4-LD21-H0.3-F0.6-A4-s42,high,twostage,42,1761,40.11,64.0,1,81.0,46.29
S8x4x4-LD21-H0.3-F0.6-A4-s42,high,twostage,42,1762,40.13,64.0,1,81.0,46.29
S8x4x4-LD21-H0.3-F0.6-A4-s42,high,twostage,42,1763,40.15,64.0,1,81.0,46.29
S8x4x4-LD21-H0.3-F0.6-A4-s42,high,twostage,42,1764,40.174,64.0,1,81.0,46.29
S8x4x4-LD21-H0.3-F0.6-A4-s42,high,twostage,42,1765,40.194,64.0,1,81.0,46.29
S8x4x4-LD21-H0.3-F0.6-A4-s42,high,twostage,42,1766,40.215,64.0,1,81.0,46.29
S8x4x4-LD21-H0.3-F0.6-A4-s42,high,twostage,42,1767,40.235,64.0,1,81.0,46.29
S8x4x4-LD21-H0.3-F0.6-A4-s42,high,twostage,42,1768,40.256,64.0,1,81.0,46.29
S8x4x4-LD21-H0.3-F0.6-A4-s42,high,twostage,42,1769,40.28,64.0,1,81.0,46.29
S8x4x4-LD21-H0.3-F0.6-A4-s42,high,twostage,42,1770,40.299,64.0,1,81.0,46.29
S8x4x4-LD21-H0.3-F0.6-A4-s42,high,twostage,42,1771,40.321,64.0,1,81.0,46.29
S8x4x4-LD21-H0.3-F0.6-A4-s42,high,twostage,42,1772,40.341,64.0,1,81.0,46.29
S8x4x4-LD21-H0.3-F0.6-A4-s42,high,twostage,42,1773,40.362,64.0,1,81.0,46.29
S8x4x4-LD21-H0.3-F0.6-A4-s42,high,twostage,42,1774,40.385,64.0,1,81.0,46.29
S8x4x4-LD21-H0.3-F0.6-A4-s42,high,twostage,42,1775,40.405,64.0,1,81.0,46.29
S8x4x4-LD21-H0.3-F0.6-A4-s42,high,twostage,42,1776,40.425,64.0,1,81.0,46.29
S8x4x4-LD21-H0.3-F0.6-A4-s42,high,twostage,42,1777,40.447,64.0,1,81.0,46.29
S8x4x4-LD21-H0.3-F0.6-A4-s42,high,twostage,42,1778,40.468,64.0,1,81.0,46.29
S8x4x4-LD21-H0.3-F0.6-A4-s42,high,twostage,42,1779,40.491,64.0,1,81.0,46.29
S8x4x4-LD21-H0.3-F0.6-A4-s42,high,twostage,42,1780,40.51,64.0,1,81.0,46.29
S8x4x4-LD21-H0.3-F0.6-A4-s42,high,twostage,42,1781,40.531,64.0,1,81.0,46.29
S8x4x4-LD21-H0.3-F0.6-A4-s42,high,twostage,42,1782,40.551,64.0,1,81.0,46.29
S8x4x4-LD21-H0.3-F0.6-A4-s42,high,twostage,42,1783,40.572,64.0,1,81.0,46.29
S8x4x4-LD21-H0.3-F0.6-A4-s42,high,twostage,42,1784,40.594,64.0,1,81.0,46.29
S8x4x4-LD21-H0.3-F0.6-A4-s42,high,twostage,42,1785,40.616,64.0,1,81.0,46.29
S8x4x4-LD21-H0.3-F0.6-A4-s42,high,twostage,42,1786,40.637,64.0,1,81.0,46.29
S8x4x4-LD21-H0.3-F0.6-A4-s42,high,twostage,42,1787,40.658,64.0,1,81.0,46.29
S8x4x4-LD21-H0.3-F0.6-A4-s42,high,twostage,42,1788,40.678,64.0,1,81.0,46.29
S8x4x4-LD21-H0.3-F0.6-A4-s42,high,twostage,42,1789,40.704,64.0,1,81.0,46.29
S8x4x4-LD21-H0.3-F0.6-A4-s42,high,twostage,42,1790,40.725,64.0,1,81.0,46.29
S8x4x4-LD21-H0.3-F0.6-A4-s42,high,twostage,42,1791,40.746,64.0,1,81.0,46.29
S8x4x4-LD21-H0.3-F0.6-A4-s42,high,twostage,42,1792,40.769,64.0,1,81.0,46.29
S8x4x4-LD21-H0.3-F0.6-A4-s42,high,twostage,42,1793,40.789,64.0,1,81.0,46.29
S8x4x4-LD21-H0.3-F0.6-A4-s42,high,twostage,42,1794,40.812,64.0,1,81.0,46.29
S8x4x4-LD21-H0.3-F0.6-A4-s42,high,twostage,42,1795,40.833,64.0,1,81.0,46.29
S8x4x4-LD21-H0.3-F0.6-A4-s42,high,twostage,42,1796,40.853,64.0,1,81.0,46.29
S8x4x4-LD21-H0.3-F0.6-A4-s42,high,twostage,42,1797,40.873,64.0,1,81.0,46.29
S8x4x4-LD21-H0.3-F0.6-A4-s42,high,twostage,42,1798,40.896,64.0,1,81.0,46.29
S8x4x4-LD21-H0.3-F0.6-A4-s42,high,twostage,42,1799,40.916,64.0,1,81.0,46.29
S8x4x4-LD21-H0.3-F0.6-A4-s42,high,twostage,42,1800,40.938,64.0,1,81.0,46.29
S8x4x4-LD21-H0.3-F0.6-A4-s42,high,twostage,42,1801,40.959,64.0,1,81.0,46.29
S8x4x4-LD21-H0.3-F0.6-A4-s42,high,twostage,42,1802,40.979,64.0,1,81.0,46.29
S8x4x4-LD21-H0.3-F0.6-A4-s42,high,twostage,42,1803,41.002,64.0,1,81.0,46.29
S8x4x4-LD21-H0.3-F0.6-A4-s42,high,twostage,42,1804,41.022,64.0,1,81.0,46.29
S8x4x4-LD21-H0.3-F0.6-A4-s42,high,twostage,42,1805,41.042,64.0,1,81.0,46.29
S8x4x4-LD21-H0.3-F0.6-A4-s42,high,twostage,42,1806,41.062,64.0,1,81.0,46.29
S8x4x4-LD21-H0.3-F0.6-A4-s42,high,twostage,42,1807,41.083,64.0,1,81.0,46.29
S8x4x4-LD21-H0.3-F0.6-A4-s42,high,twostage,42,1808,41.105,64.0,1,81.0,46.29
S8x4x4-LD21-H0.3-F0.6-A4-s42,high,twostage,42,1809,41.126,64.0,1,81.0,46.29
S8x4x4-LD21-H0.3-F0.6-A4-s42,high,twostage,42,1810,41.146,64.0,1,81.0,46.29
S8x4x4-LD21-H0.3-F0.6-A4-s42,high,twostage,42,1811,41.166,64.0,1,81.0,46.29
S8x4x4-LD21-H0.3-F0.6-A4-s42,high,twostage,42,1812,41.187,64.0,1,81.0,46.29
S8x4x4-LD21-H0.3-F0.6-A4-s42,high,twostage,42,1813,41.209,64.0,1,81.0,46.29
S8x4x4-LD21-H0.3-F0.6-A4-s42,high,twostage,42,1814,41.23,64.0,1,81.0,46.29
S8x4x4-LD21-H0.3-F0.6-A4-s42,high,twostage,42,1815,41.251,64.0,1,81.0,46.29
S8x4x4-LD21-H0.3-F0.6-A4-s42,high,twostage,42,1816,41.272,64.0,1,81.0,46.29
S8x4x4-LD21-H0.3-F0.6-A4-s42,high,twostage,42,1817,41.293,64.0,1,81.0,46.29
S8x4x4-LD21-H0.3-F0.6-A4-s42,high,twostage,42,1818,41.318,64.0,1,81.0,46.29
S8x4x4-LD21-H0.3-F0.6-A4-s42,high,twostage,42,1819,41.339,64.0,1,81.0,46.29
S8x4x4-LD21-H0.3-F0.6-A4-s42,high,twostage,42,1820,41.36,64.0,1,81.0,46.29
S8x4x4-LD21-H0.3-F0.6-A4-s42,high,twostage,42,1821,41.381,64.0,1,81.0,46.29
S8x4x4-LD21-H0.3-F0.6-A4-s42,high,twostage,42,1822,41.401,64.0,1,81.0,46.29
S8x4x4-LD21-H0.3-F0.6-A4-s42,high,twostage,42,1823,41.424,64.0,1,81.0,46.29
S8x4x4-LD21-H0.3-F0.6-A4-s42,high,twostage,42,1824,41.445,64.0,1,81.0,46.29
S8x4x4-LD21-H0.3-F0.6-A4-s42,high,twostage,42,1825,41.466,64.0,1,81.0,46.29
S8x4x4-LD21-H0.3-F0.6-A4-s42,high,twostage,42,1826,41.486,64.0,1,81.0,46.29
S8x4x4-LD21-H0.3-F0.6-A4-s42,high,twostage,42,1827,41.507,64.0,1,81.0,46.29
S8x4x4-LD21-H0.3-F0.6-A4-s42,high,twostage,42,1828,41.529,64.0,1,81.0,46.29
S8x4x4-LD21-H0.3-F0.6-A4-s42,high,twostage,42,1829,41.55,64.0,1,81.0,46.29
S8x4x4-LD21-H0.3-F0.6-A4-s42,high,twostage,42,1830,41.571,64.0,1,81.0,46.29
S8x4x4-LD21-H0.3-F0.6-A4-s42,high,twostage,42,1831,41.591,64.0,1,81.0,46.29
S8x4x4-LD21-H0.3-F0.6-A4-s42,high,twostage,42,1832,41.612,64.0,1,81.0,46.29
S8x4x4-LD21-H0.3-F0.6-A4-s42,high,twostage,42,1833,41.635,64.0,1,81.0,46.29
S8x4x4-LD21-H0.3-F0.6-A4-s42,high,twostage,42,1834,41.657,64.0,1,81.0,46.29
S8x4x4-LD21-H0.3-F0.6-A4-s42,high,twostage,42,1835,41.678,64.0,1,81.0,46.29
S8x4x4-LD21-H0.3-F0.6-A4-s42,high,twostage,42,1836,41.699,64.0,1,81.0,46.29
S8x4x4-LD21-H0.3-F0.6-A4-s42,high,twostage,42,1837,41.72,64.0,1,81.0,46.29
S8x4x4-LD21-H0.3-F0.6-A4-s42,high,twostage,42,1838,41.745,64.0,1,81.0,46.29
S8x4x4-LD21-H0.3-F0.6-A4-s42,high,twostage,42,1839,41.768,64.0,1,81.0,46.29
S8x4x4-LD21-H0.3-F0.6-A4-s42,high,twostage,42,1840,41.788,64.0,1,81.0,46.29
S8x4x4-LD21-H0.3-F0.6-A4-s42,high,twostage,42,1841,41.81,64.0,1,81.0,46.29
S8x4x4-LD21-H0.3-F0.6-A4-s42,high,twostage,42,1842,41.831,64.0,1,81.0,46.29
S8x4x4-LD21-H0.3-F0.6-A4-s42,high,twostage,42,1843,41.855,64.0,1,81.0,46.29
S8x4x4-LD21-H0.3-F0.6-A4-s42,high,twostage,42,1844,41.876,64.0,1,81.0,46.29
S8x4x4-LD21-H0.3-F0.6-A4-s42,high,twostage,42,1845,41.896,64.0,1,81.0,46.29
S8x4x4-LD21-H0.3-F0.6-A4-s42,high,twostage,42,1846,41.918,64.0,1,81.0,46.29
S8x4x4-LD21-H0.3-F0.6-A4-s42,high,twostage,42,1847,41.942,64.0,1,81.0,46.29
S8x4x4-LD21-H0.3-F0.6-A4-s42,high,twostage,42,1848,41.963,64.0,1,81.0,46.29
S8x4x4-LD21-H0.3-F0.6-A4-s42,high,twostage,42,1849,41.988,64.0,1,81.0,46.29
S8x4x4-LD21-H0.3-F0.6-A4-s42,high,twostage,42,1850,42.008,64.0,1,81.0,46.29
S8x4x4-LD21-H0.3-F0.6-A4-s42,high,twostage,42,1851,42.029,64.0,1,81.0,46.29
S8x4x4-LD21-H0.3-F0.6-A4-s42,high,twostage,42,1852,42.051,64.0,1,81.0,46.29
S8x4x4-LD21-H0.3-F0.6-A4-s42,high,twostage,42,1853,42.071,64.0,1,81.0,46.29
S8x4x4-LD21-H0.3-F0.6-A4-s42,high,twostage,42,1854,42.091,64.0,1,81.0,46.29
S8x4x4-LD21-H0.3-F0.6-A4-s42,high,twostage,42,1855,42.111,64.0,1,81.0,46.29
S8x4x4-LD21-H0.3-F0.6-A4-s42,high,twostage,42,1856,42.131,64.0,1,81.0,46.29
S8x4x4-LD21-H0.3-F0.6-A4-s42,high,twostage,42,1857,42.154,64.0,1,81.0,46.29
S8x4x4-LD21-H0.3-F0.6-A4-s42,high,twostage,42,1858,42.175,64.0,1,81.0,46.29
S8x4x4-LD21-H0.3-F0.6-A4-s42,high,twostage,42,1859,42.194,64.0,1,81.0,46.29
S8x4x4-LD21-H0.3-F0.6-A4-s42,high,twostage,42,1860,42.214,64.0,1,81.0,46.29
S8x4x4-LD21-H0.3-F0.6-A4-s42,high,twostage,42,1861,42.236,64.0,1,81.0,46.29
S8x4x4-LD21-H0.3-F0.6-A4-s42,high,twostage,42,1862,42.258,64.0,1,81.0,46.29
S8x4x4-LD21-H0.3-F0.6-A4-s42,high,twostage,42,1863,42.279,64.0,1,81.0,46.29
S8x4x4-LD21-H0.3-F0.6-A4-s42,high,twostage,42,1864,42.3,64.0,1,81.0,46.29
S8x4x4-LD21-H0.3-F0.6-A4-s42,high,twostage,42,1865,42.321,64.0,1,81.0,46.29
S8x4x4-LD21-H0.3-F0.6-A4-s42,high,twostage,42,1866,42.341,64.0,1,81.0,46.29
S8x4x4-LD21-H0.3-F0.6-A4-s42,high,twostage,42,1867,42.364,64.0,1,81.0,46.29
S8x4x4-LD21-H0.3-F0.6-A4-s42,high,twostage,42,1868,42.384,64.0,1,81.0,46.29
S8x4x4-LD21-H0.3-F0.6-A4-s42,high,twostage,42,1869,42.404,64.0,1,81.0,46.29
S8x4x4-LD21-H0.3-F0.6-A4-s42,high,twostage,42,1870,42.424,64.0,1,81.0,46.29
S8x4x4-LD21-H0.3-F0.6-A4-s42,high,twostage,42,1871,42.445,64.0,1,81.0,46.29
S8x4x4-LD21-H0.3-F0.6-A4-s42,high,twostage,42,1872,42.469,64.0,1,81.0,46.29
S8x4x4-LD21-H0.3-F0.6-A4-s42,high,twostage,42,1873,42.489,64.0,1,81.0,46.29
S8x4x4-LD21-H0.3-F0.6-A4-s42,high,twostage,42,1874,42.508,64.0,1,81.0,46.29
S8x4x4-LD21-H0.3-F0.6-A4-s42,high,twostage,42,1875,42.529,64.0,1,81.0,46.29
S8x4x4-LD21-H0.3-F0.6-A4-s42,high,twostage,42,1876,42.55,64.0,1,81.0,46.29
S8x4x4-LD21-H0.3-F0.6-A4-s42,high,twostage,42,1877,42.574,64.0,1,81.0,46.29
S8x4x4-LD21-H0.3-F0.6-A4-s42,high,twostage,42,1878,42.594,64.0,1,81.0,46.29
S8x4x4-LD21-H0.3-F0.6-A4-s42,high,twostage,42,1879,42.616,64.0,1,81.0,46.29
S8x4x4-LD21-H0.3-F0.6-A4-s42,high,twostage,42,1880,42.637,64.0,1,81.0,46.29
S8x4x4-LD21-H0.3-F0.6-A4-s42,high,twostage,42,1881,42.659,64.0,1,81.0,46.29
S8x4x4-LD21-H0.3-F0.6-A4-s42,high,twostage,42,1882,42.683,64.0,1,81.0,46.29
S8x4x4-LD21-H0.3-F0.6-A4-s42,high,twostage,42,1883,42.703,64.0,1,81.0,46.29
S8x4x4-LD21-H0.3-F0.6-A4-s42,high,twostage,42,1884,42.724,64.0,1,81.0,46.29
S8x4x4-LD21-H0.3-F0.6-A4-s42,high,twostage,42,1885,42.747,64.0,1,81.0,46.29
S8x4x4-LD21-H0.3-F0.6-A4-s42,high,twostage,42,1886,42.767,64.0,1,81.0,46.29
S8x4x4-LD21-H0.3-F0.6-A4-s42,high,twostage,42,1887,42.792,64.0,1,81.0,46.29
S8x4x4-LD21-H0.3-F0.6-A4-s42,high,twostage,42,1888,42.813,64.0,1,81.0,46.29
S8x4x4-LD21-H0.3-F0.6-A4-s42,high,twostage,42,1889,42.833,64.0,1,81.0,46.29
S8x4x4-LD21-H0.3-F0.6-A4-s42,high,twostage,42,1890,42.854,64.0,1,81.0,46.29
S8x4x4-LD21-H0.3-F0.6-A4-s42,high,twostage,42,1891,42.875,64.0,1,81.0,46.29
S8x4x4-LD21-H0.3-F0.6-A4-s42,high,twostage,42,1892,42.898,64.0,1,81.0,46.29
S8x4x4-LD21-H0.3-F0.6-A4-s42,high,twostage,42,1893,42.918,64.0,1,81.0,46.29
S8x4x4-LD21-H0.3-F0.6-A4-s42,high,twostage,42,1894,42.938,64.0,1,81.0,46.29
S8x4x4-LD21-H0.3-F0.6-A4-s42,high,twostage,42,1895,42.96,64.0,1,81.0,46.29
S8x4x4-LD21-H0.3-F0.6-A4-s42,high,twostage,42,1896,42.983,64.0,1,81.0,46.29
S8x4x4-LD21-H0.3-F0.6-A4-s42,high,twostage,42,1897,43.005,64.0,1,81.0,46.29
S8x4x4-LD21-H0.3-F0.6-A4-s42,high,twostage,42,1898,43.026,64.0,1,81.0,46.29
S8x4x4-LD21-H0.3-F0.6-A4-s42,high,twostage,42,1899,43.047,64.0,1,81.0,46.29
S8x4x4-LD21-H0.3-F0.6-A4-s42,high,twostage,42,1900,43.067,64.0,1,81.0,46.29
S8x4x4-LD21-H0.3-F0.6-A4-s42,high,twostage,42,1901,43.092,64.0,1,81.0,46.29
S8x4x4-LD21-H0.3-F0.6-A4-s42,high,twostage,42,1902,43.112,64.0,1,81.0,46.29
S8x4x4-LD21-H0.3-F0.6-A4-s42,high,twostage,42,1903,43.132,64.0,1,81.0,46.29
S8x4x4-LD21-H0.3-F0.6-A4-s42,high,twostage,42,1904,43.153,64.0,1,81.0,46.29
S8x4x4-LD21-H0.3-F0.6-A4-s42,high,twostage,42,1905,43.174,64.0,1,81.0,46.29
S8x4x4-LD21-H0.3-F0.6-A4-s42,high,twostage,42,1906,43.198,64.0,1,81.0,46.29
S8x4x4-LD21-H0.3-F0.6-A4-s42,high,twostage,42,1907,43.218,64.0,1,81.0,46.29
S8x4x4-LD21-H0.3-F0.6-A4-s42,high,twostage,42,1908,43.239,64.0,1,81.0,46.29
S8x4x4-LD21-H0.3-F0.6-A4-s42,high,twostage,42,1909,43.259,64.0,1,81.0,46.29
S8x4x4-LD21-H0.3-F0.6-A4-s42,high,twostage,42,1910,43.28,64.0,1,81.0,46.29
S8x4x4-LD21-H0.3-F0.6-A4-s42,high,twostage,42,1911,43.303,64.0,1,81.0,46.29
S8x4x4-LD21-H0.3-F0.6-A4-s42,high,twostage,42,1912,43.323,64.0,1,81.0,46.29
S8x4x4-LD21-H0.3-F0.6-A4-s42,high,twostage,42,1913,43.344,64.0,1,81.0,46.29
S8x4x4-LD21-H0.3-F0.6-A4-s42,high,twostage,42,1914,43.364,64.0,1,81.0,46.29
S8x4x4-LD21-H0.3-F0.6-A4-s42,high,twostage,42,1915,43.385,64.0,1,81.0,46.29
S8x4x4-LD21-H0.3-F0.6-A4-s42,high,twostage,42,1916,43.408,64.0,1,81.0,46.29
S8x4x4-LD21-H0.3-F0.6-A4-s42,high,twostage,42,1917,43.427,64.0,1,81.0,46.29
S8x4x4-LD21-H0.3-F0.6-A4-s42,high,twostage,42,1918,43.448,64.0,1,81.0,46.29
S8x4x4-LD21-H0.3-F0.6-A4-s42,high,twostage,42,1919,43.469,64.0,1,81.0,46.29
S8x4x4-LD21-H0.3-F0.6-A4-s42,high,twostage,42,1920,43.49,64.0,1,81.0,46.29
S8x4x4-LD21-H0.3-F0.6-A4-s42,high,twostage,42,1921,43.513,64.0,1,81.0,46.29
S8x4x4-LD21-H0.3-F0.6-A4-s42,high,twostage,42,1922,43.533,64.0,1,81.0,46.29
S8x4x4-LD21-H0.3-F0.6-A4-s42,high,twostage,42,1923,43.555,64.0,1,81.0,46.29
S8x4x4-LD21-H0.3-F0.6-A4-s42,high,twostage,42,1924,43.575,64.0,1,81.0,46.29
S8x4x4-LD21-H0.3-F0.6-A4-s42,high,twostage,42,1925,43.595,64.0,1,81.0,46.29
S8x4x4-LD21-H0.3-F0.6-A4-s42,high,twostage,42,1926,43.618,64.0,1,81.0,46.29
S8x4x4-LD21-H0.3-F0.6-A4-s42,high,twostage,42,1927,43.638,64.0,1,81.0,46.29
S8x4x4-LD21-H0.3-F0.6-A4-s42,high,twostage,42,1928,43.66,64.0,1,81.0,46.29
S8x4x4-LD21-H0.3-F0.6-A4-s42,high,twostage,42,1929,43.681,64.0,1,81.0,46.29
S8x4x4-LD21-H0.3-F0.6-A4-s42,high,twostage,42,1930,43.701,64.0,1,81.0,46.29
S8x4x4-LD21-H0.3-F0.6-A4-s42,high,twostage,42,1931,43.725,64.0,1,81.0,46.29
S8x4x4-LD21-H0.3-F0.6-A4-s42,high,twostage,42,1932,43.744,64.0,1,81.0,46.29
S8x4x4-LD21-H0.3-F0.6-A4-s42,high,twostage,42,1933,43.765,64.0,1,81.0,46.29
S8x4x4-LD21-H0.3-F0.6-A4-s42,high,twostage,42,1934,43.786,64.0,1,81.0,46.29
S8x4x4-LD21-H0.3-F0.6-A4-s42,high,twostage,42,1935,43.805,64.0,1,81.0,46.29
S8x4x4-LD21-H0.3-F0.6-A4-s42,high,twostage,42,1936,43.829,64.0,1,81.0,46.29
S8x4x4-LD21-H0.3-F0.6-A4-s42,high,twostage,42,1937,43.849,64.0,1,81.0,46.29
S8x4x4-LD21-H0.3-F0.6-A4-s42,high,twostage,42,1938,43.869,64.0,1,81.0,46.29
S8x4x4-LD21-H0.3-F0.6-A4-s42,high,twostage,42,1939,43.889,64.0,1,81.0,46.29
S8x4x4-LD21-H0.3-F0.6-A4-s42,high,twostage,42,1940,43.91,64.0,1,81.0,46.29
S8x4x4-LD21-H0.3-F0.6-A4-s42,high,twostage,42,1941,43.932,64.0,1,81.0,46.29
S8x4x4-LD21-H0.3-F0.6-A4-s42,high,twostage,42,1942,43.952,64.0,1,81.0,46.29
S8x4x4-LD21-H0.3-F0.6-A4-s42,high,twostage,42,1943,43.973,64.0,1,81.0,46.29
S8x4x4-LD21-H0.3-F0.6-A4-s42,high,twostage,42,1944,43.994,64.0,1,81.0,46.29
S8x4x4-LD21-H0.3-F0.6-A4-s42,high,twostage,42,1945,44.018,64.0,1,81.0,46.29
S8x4x4-LD21-H0.3-F0.6-A4-s42,high,twostage,42,1946,44.039,64.0,1,81.0,46.29
S8x4x4-LD21-H0.3-F0.6-A4-s42,high,twostage,42,1947,44.058,64.0,1,81.0,46.29
S8x4x4-LD21-H0.3-F0.6-A4-s42,high,twostage,42,1948,44.078,64.0,1,81.0,46.29
S8x4x4-LD21-H0.3-F0.6-A4-s42,high,twostage,42,1949,44.099,64.0,1,81.0,46.29
S8x4x4-LD21-H0.3-F0.6-A4-s42,high,twostage,42,1950,44.121,64.0,1,81.0,46.29
S8x4x4-LD21-H0.3-F0.6-A4-s42,high,twostage,42,1951,44.142,64.0,1,81.0,46.29
S8x4x4-LD21-H0.3-F0.6-A4-s42,high,twostage,42,1952,44.163,64.0,1,81.0,46.29
S8x4x4-LD21-H0.3-F0.6-A4-s42,high,twostage,42,1953,44.182,64.0,1,81.0,46.29
S8x4x4-LD21-H0.3-F0.6-A4-s42,high,twostage,42,1954,44.204,64.0,1,81.0,46.29
S8x4x4-LD21-H0.3-F0.6-A4-s42,high,twostage,42,1955,44.228,64.0,1,81.0,46.29
S8x4x4-LD21-H0.3-F0.6-A4-s42,high,twostage,42,1956,44.247,64.0,1,81.0,46.29
S8x4x4-LD21-H0.3-F0.6-A4-s42,high,twostage,42,1957,44.269,64.0,1,81.0,46.29
S8x4x4-LD21-H0.3-F0.6-A4-s42,high,twostage,42,1958,44.29,64.0,1,81.0,46.29
S8x4x4-LD21-H0.3-F0.6-A4-s42,high,twostage,42,1959,44.311,64.0,1,81.0,46.29
S8x4x4-LD21-H0.3-F0.6-A4-s42,high,twostage,42,1960,44.335,64.0,1,81.0,46.29
S8x4x4-LD21-H0.3-F0.6-A4-s42,high,twostage,42,1961,44.355,64.0,1,81.0,46.29
S8x4x4-LD21-H0.3-F0.6-A4-s42,high,twostage,42,1962,44.376,64.0,1,81.0,46.29
S8x4x4-LD21-H0.3-F0.6-A4-s42,high,twostage,42,1963,44.396,64.0,1,81.0,46.29
S8x4x4-LD21-H0.3-F0.6-A4-s42,high,twostage,42,1964,44.416,64.0,1,81.0,46.29
S8x4x4-LD21-H0.3-F0.6-A4-s42,high,twostage,42,1965,44.441,64.0,1,81.0,46.29
S8x4x4-LD21-H0.3-F0.6-A4-s42,high,twostage,42,1966,44.46,64.0,1,81.0,46.29
S8x4x4-LD21-H0.3-F0.6-A4-s42,high,twostage,42,1967,44.482,64.0,1,81.0,46.29
S8x4x4-LD21-H0.3-F0.6-A4-s42,high,twostage,42,1968,44.502,64.0,1,81.0,46.29
S8x4x4-LD21-H0.3-F0.6-A4-s42,high,twostage,42,1969,44.523,64.0,1,81.0,46.29
S8x4x4-LD21-H0.3-F0.6-A4-s42,high,twostage,42,1970,44.548,64.0,1,81.0,46.29
S8x4x4-LD21-H0.3-F0.6-A4-s42,high,twostage,42,1971,44.568,64.0,1,81.0,46.29
S8x4x4-LD21-H0.3-F0.6-A4-s42,high,twostage,42,1972,44.59,64.0,1,81.0,46.29
S8x4x4-LD21-H0.3-F0.6-A4-s42,high,twostage,42,1973,44.61,64.0,1,81.0,46.29
S8x4x4-LD21-H0.3-F0.6-A4-s42,high,twostage,42,1974,44.631,64.0,1,81.0,46.29
S8x4x4-LD21-H0.3-F0.6-A4-s42,high,twostage,42,1975,44.655,64.0,1,81.0,46.29
S8x4x4-LD21-H0.3-F0.6-A4-s42,high,twostage,42,1976,44.676,64.0,1,81.0,46.29
S8x4x4-LD21-H0.3-F0.6-A4-s42,high,twostage,42,1977,44.696,64.0,1,81.0,46.29
S8x4x4-LD21-H0.3-F0.6-A4-s42,high,twostage,42,1978,44.717,64.0,1,81.0,46.29
S8x4x4-LD21-H0.3-F0.6-A4-s42,high,twostage,42,1979,44.738,64.0,1,81.0,46.29
S8x4x4-LD21-H0.3-F0.6-A4-s42,high,twostage,42,1980,44.762,64.0,1,81.0,46.29
S8x4x4-LD21-H0.3-F0.6-A4-s42,high,twostage,42,1981,44.782,64.0,1,81.0,46.29
S8x4x4-LD21-H0.3-F0.6-A4-s42,high,twostage,42,1982,44.802,64.0,1,81.0,46.29
S8x4x4-LD21-H0.3-F0.6-A4-s42,high,twostage,42,1983,44.823,64.0,1,81.0,46.29
S8x4x4-LD21-H0.3-F0.6-A4-s42,high,twostage,42,1984,44.844,64.0,1,81.0,46.29
S8x4x4-LD21-H0.3-F0.6-A4-s42,high,twostage,42,1985,44.868,64.0,1,81.0,46.29
S8x4x4-LD21-H0.3-F0.6-A4-s42,high,twostage,42,1986,44.889,64.0,1,81.0,46.29
S8x4x4-LD21-H0.3-F0.6-A4-s42,high,twostage,42,1987,44.909,64.0,1,81.0,46.29
S8x4x4-LD21-H0.3-F0.6-A4-s42,high,twostage,42,1988,44.929,64.0,1,81.0,46.29
S8x4x4-LD21-H0.3-F0.6-A4-s42,high,twostage,42,1989,44.95,64.0,1,81.0,46.29
S8x4x4-LD21-H0.3-F0.6-A4-s42,high,twostage,42,1990,44.971,64.0,1,81.0,46.29
S8x4x4-LD21-H0.3-F0.6-A4-s42,high,twostage,42,1991,44.993,64.0,1,81.0,46.29
S8x4x4-LD21-H0.3-F0.6-A4-s42,high,twostage,42,1992,45.014,64.0,1,81.0,46.29
S8x4x4-LD21-H0.3-F0.6-A4-s42,high,twostage,42,1993,45.035,64.0,1,81.0,46.29
S8x4x4-LD21-H0.3-F0.6-A4-s42,high,twostage,42,1994,45.059,64.0,1,81.0,46.29
S8x4x4-LD21-H0.3-F0.6-A4-s42,high,twostage,42,1995,45.078,64.0,1,81.0,46.29
S8x4x4-LD21-H0.3-F0.6-A4-s42,high,twostage,42,1996,45.1,64.0,1,81.0,46.29
S8x4x4-LD21-H0.3-F0.6-A4-s42,high,twostage,42,1997,45.121,64.0,1,81.0,46.29
S8x4x4-LD21-H0.3-F0.6-A4-s42,high,twostage,42,1998,45.141,64.0,1,81.0,46.29
S8x4x4-LD21-H0.3-F0.6-A4-s42,high,twostage,42,1999,45.164,64.0,1,81.0,46.29
S8x4x4-LD21-H0.3-F0.6-A4-s42,high,twostage,42,2000,45.184,64.0,1,81.0,46.29
S8x4x4-LD21-H0.3-F0.6-A4-s42,high,twostage,42,2001,45.205,64.0,1,81.0,46.29
S8x4x4-LD21-H0.3-F0.6-A4-s42,high,twostage,42,2002,45.226,64.0,1,81.0,46.29
S8x4x4-LD21-H0.3-F0.6-A4-s42,high,twostage,42,2003,45.246,64.0,1,81.0,46.29
S8x4x4-LD21-H0.3-F0.6-A4-s42,high,twostage,42,2004,45.269,64.0,1,81.0,46.29
S8x4x4-LD21-H0.3-F0.6-A4-s42,high,twostage,42,2005,45.289,64.0,1,81.0,46.29
S8x4x4-LD21-H0.3-F0.6-A4-s42,high,twostage,42,2006,45.31,64.0,1,81.0,46.29
S8x4x4-LD21-H0.3-F0.6-A4-s42,high,twostage,42,2007,45.329,64.0,1,81.0,46.29
S8x4x4-LD21-H0.3-F0.6-A4-s42,high,twostage,42,2008,45.35,64.0,1,81.0,46.29
S8x4x4-LD21-H0.3-F0.6-A4-s42,high,twostage,42,2009,45.373,64.0,1,81.0,46.29
S8x4x4-LD21-H0.3-F0.6-A4-s42,high,twostage,42,2010,45.393,64.0,1,81.0,46.29
S8x4x4-LD21-H0.3-F0.6-A4-s42,high,twostage,42,2011,45.415,64.0,1,81.0,46.29
S8x4x4-LD21-H0.3-F0.6-A4-s42,high,twostage,42,2012,45.436,64.0,1,81.0,46.29
S8x4x4-LD21-H0.3-F0.6-A4-s42,high,twostage,42,2013,45.457,64.0,1,81.0,46.29
S8x4x4-LD21-H0.3-F0.6-A4-s42,high,twostage,42,2014,45.481,64.0,1,81.0,46.29
S8x4x4-LD21-H0.3-F0.6-A4-s42,high,twostage,42,2015,45.504,64.0,1,81.0,46.29
S8x4x4-LD21-H0.3-F0.6-A4-s42,high,twostage,42,2016,45.526,64.0,1,81.0,46.29
S8x4x4-LD21-H0.3-F0.6-A4-s42,high,twostage,42,2017,45.547,64.0,1,81.0,46.29
S8x4x4-LD21-H0.3-F0.6-A4-s42,high,twostage,42,2018,45.567,64.0,1,81.0,46.29
S8x4x4-LD21-H0.3-F0.6-A4-s42,high,twostage,42,2019,45.59,64.0,1,81.0,46.29
S8x4x4-LD21-H0.3-F0.6-A4-s42,high,twostage,42,2020,45.612,64.0,1,81.0,46.29
S8x4x4-LD21-H0.3-F0.6-A4-s42,high,twostage,42,2021,45.632,64.0,1,81.0,46.29
S8x4x4-LD21-H0.3-F0.6-A4-s42,high,twostage,42,2022,45.653,64.0,1,81.0,46.29
S8x4x4-LD21-H0.3-F0.6-A4-s42,high,twostage,42,2023,45.674,64.0,1,81.0,46.29
S8x4x4-LD21-H0.3-F0.6-A4-s42,high,twostage,42,2024,45.698,64.0,1,81.0,46.29
S8x4x4-LD21-H0.3-F0.6-A4-s42,high,twostage,42,2025,45.718,64.0,1,81.0,46.29
S8x4x4-LD21-H0.3-F0.6-A4-s42,high,twostage,42,2026,45.738,64.0,1,81.0,46.29
S8x4x4-LD21-H0.3-F0.6-A4-s42,high,twostage,42,2027,45.759,64.0,1,81.0,46.29
S8x4x4-LD21-H0.3-F0.6-A4-s42,high,twostage,42,2028,45.778,64.0,1,81.0,46.29
S8x4x4-LD21-H0.3-F0.6-A4-s42,high,twostage,42,2029,45.801,64.0,1,81.0,46.29
S8x4x4-LD21-H0.3-F0.6-A4-s42,high,twostage,42,2030,45.821,64.0,1,81.0,46.29
S8x4x4-LD21-H0.3-F0.6-A4-s42,high,twostage,42,2031,45.842,64.0,1,81.0,46.29
S8x4x4-LD21-H0.3-F0.6-A4-s42,high,twostage,42,2032,45.862,64.0,1,81.0,46.29
S8x4x4-LD21-H0.3-F0.6-A4-s42,high,twostage,42,2033,45.882,64.0,1,81.0,46.29
S8x4x4-LD21-H0.3-F0.6-A4-s42,high,twostage,42,2034,45.904,64.0,1,81.0,46.29
S8x4x4-LD21-H0.3-F0.6-A4-s42,high,twostage,42,2035,45.925,64.0,1,81.0,46.29
S8x4x4-LD21-H0.3-F0.6-A4-s42,high,twostage,42,2036,45.945,64.0,1,81.0,46.29
S8x4x4-LD21-H0.3-F0.6-A4-s42,high,twostage,42,2037,45.964,64.0,1,81.0,46.29
S8x4x4-LD21-H0.3-F0.6-A4-s42,high,twostage,42,2038,45.985,64.0,1,81.0,46.29
S8x4x4-LD21-H0.3-F0.6-A4-s42,high,twostage,42,2039,46.007,64.0,1,81.0,46.29
S8x4x4-LD21-H0.3-F0.6-A4-s42,high,twostage,42,2040,46.028,64.0,1,81.0,46.29
S8x4x4-LD21-H0.3-F0.6-A4-s42,high,twostage,42,2041,46.049,64.0,1,81.0,46.29
S8x4x4-LD21-H0.3-F0.6-A4-s42,high,twostage,42,2042,46.069,64.0,1,81.0,46.29
S8x4x4-LD21-H0.3-F0.6-A4-s42,high,twostage,42,2043,46.091,64.0,1,81.0,46.29
S8x4x4-LD21-H0.3-F0.6-A4-s42,high,twostage,42,2044,46.112,64.0,1,81.0,46.29
S8x4x4-LD21-H0.3-F0.6-A4-s42,high,twostage,42,2045,46.131,64.0,1,81.0,46.29
S8x4x4-LD21-H0.3-F0.6-A4-s42,high,twostage,42,2046,46.151,64.0,1,81.0,46.29
S8x4x4-LD21-H0.3-F0.6-A4-s42,high,twostage,42,2047,46.171,64.0,1,81.0,46.29
S8x4x4-LD21-H0.3-F0.6-A4-s42,high,twostage,42,2048,46.193,64.0,1,81.0,46.29
S8x4x4-LD21-H0.3-F0.6-A4-s42,high,twostage,42,2049,46.213,64.0,1,81.0,46.29
S8x4x4-LD21-H0.3-F0.6-A4-s42,high,twostage,42,2050,46.233,64.0,1,81.0,46.29
S8x4x4-LD21-H0.3-F0.6-A4-s42,high,twostage,42,2051,46.253,64.0,1,81.0,46.29
S8x4x4-LD21-H0.3-F0.6-A4-s42,high,twostage,42,2052,46.273,64.0,1,81.0,46.29
S8x4x4-LD21-H0.3-F0.6-A4-s42,high,twostage,42,2053,46.298,64.0,1,81.0,46.29
S8x4x4-LD21-H0.3-F0.6-A4-s42,high,twostage,7,1,0.029,87.0,1,83.0,46.29
S8x4x4-LD21-H0.3-F0.6-A4-s42,high,twostage,7,2,0.057,80.0,1,83.0,46.29
S8x4x4-LD21-H0.3-F0.6-A4-s42,high,twostage,7,3,0.083,75.0,1,83.0,46.29
S8x4x4-LD21-H0.3-F0.6-A4-s42,high,twostage,7,4,0.108,75.0,1,83.0,46.29
S8x4x4-LD21-H0.3-F0.6-A4-s42,high,twostage,7,5,0.131,75.0,1,83.0,46.29
S8x4x4-LD21-H0.3-F0.6-A4-s42,high,twostage,7,6,0.153,75.0,1,83.0,46.29
S8x4x4-LD21-H0.3-F0.6-A4-s42,high,twostage,7,7,0.175,75.0,1,83.0,46.29
S8x4x4-LD21-H0.3-F0.6-A4-s42,high,twostage,7,8,0.197,75.0,1,83.0,46.29
S8x4x4-LD21-H0.3-F0.6-A4-s42,high,twostage,7,9,0.221,75.0,1,83.0,46.29
S8x4x4-LD21-H0.3-F0.6-A4-s42,high,twostage,7,10,0.244,74.0,1,83.0,46.29
S8x4x4-LD21-H0.3-F0.6-A4-s42,high,twostage,7,11,0.267,74.0,1,83.0,46.29
S8x4x4-LD21-H0.3-F0.6-A4-s42,high,twostage,7,12,0.29,74.0,1,83.0,46.29
S8x4x4-LD21-H0.3-F0.6-A4-s42,high,twostage,7,13,0.315,74.0,1,83.0,46.29
S8x4x4-LD21-H0.3-F0.6-A4-s42,high,twostage,7,14,0.337,71.0,1,83.0,46.29
S8x4x4-LD21-H0.3-F0.6-A4-s42,high,twostage,7,15,0.361,71.0,1,83.0,46.29
S8x4x4-LD21-H0.3-F0.6-A4-s42,high,twostage,7,16,0.384,71.0,1,83.0,46.29
S8x4x4-LD21-H0.3-F0.6-A4-s42,high,twostage,7,17,0.406,71.0,1,83.0,46.29
S8x4x4-LD21-H0.3-F0.6-A4-s42,high,twostage,7,18,0.431,71.0,1,83.0,46.29
S8x4x4-LD21-H0.3-F0.6-A4-s42,high,twostage,7,19,0.453,70.0,1,83.0,46.29
S8x4x4-LD21-H0.3-F0.6-A4-s42,high,twostage,7,20,0.476,70.0,1,83.0,46.29
S8x4x4-LD21-H0.3-F0.6-A4-s42,high,twostage,7,21,0.498,70.0,1,83.0,46.29
S8x4x4-LD21-H0.3-F0.6-A4-s42,high,twostage,7,22,0.522,70.0,1,83.0,46.29
S8x4x4-LD21-H0.3-F0.6-A4-s42,high,twostage,7,23,0.548,70.0,1,83.0,46.29
S8x4x4-LD21-H0.3-F0.6-A4-s42,high,twostage,7,24,0.57,70.0,1,83.0,46.29
S8x4x4-LD21-H0.3-F0.6-A4-s42,high,twostage,7,25,0.592,70.0,1,83.0,46.29
S8x4x4-LD21-H0.3-F0.6-A4-s42,high,twostage,7,26,0.614,70.0,1,83.0,46.29
S8x4x4-LD21-H0.3-F0.6-A4-s42,high,twostage,7,27,0.636,70.0,1,83.0,46.29
S8x4x4-LD21-H0.3-F0.6-A4-s42,high,twostage,7,28,0.662,70.0,1,83.0,46.29
S8x4x4-LD21-H0.3-F0.6-A4-s42,high,twostage,7,29,0.684,70.0,1,83.0,46.29
S8x4x4-LD21-H0.3-F0.6-A4-s42,high,twostage,7,30,0.706,70.0,1,83.0,46.29
S8x4x4-LD21-H0.3-F0.6-A4-s42,high,twostage,7,31,0.728,70.0,1,83.0,46.29
S8x4x4-LD21-H0.3-F0.6-A4-s42,high,twostage,7,32,0.752,70.0,1,83.0,46.29
S8x4x4-LD21-H0.3-F0.6-A4-s42,high,twostage,7,33,0.778,70.0,1,83.0,46.29
S8x4x4-LD21-H0.3-F0.6-A4-s42,high,twostage,7,34,0.801,70.0,1,83.0,46.29
S8x4x4-LD21-H0.3-F0.6-A4-s42,high,twostage,7,35,0.824,70.0,1,83.0,46.29
S8x4x4-LD21-H0.3-F0.6-A4-s42,high,twostage,7,36,0.847,70.0,1,83.0,46.29
S8x4x4-LD21-H0.3-F0.6-A4-s42,high,twostage,7,37,0.869,70.0,1,83.0,46.29
S8x4x4-LD21-H0.3-F0.6-A4-s42,high,twostage,7,38,0.893,70.0,1,83.0,46.29
S8x4x4-LD21-H0.3-F0.6-A4-s42,high,twostage,7,39,0.915,70.0,1,83.0,46.29
S8x4x4-LD21-H0.3-F0.6-A4-s42,high,twostage,7,40,0.938,70.0,1,83.0,46.29
S8x4x4-LD21-H0.3-F0.6-A4-s42,high,twostage,7,41,0.96,70.0,1,83.0,46.29
S8x4x4-LD21-H0.3-F0.6-A4-s42,high,twostage,7,42,0.984,70.0,1,83.0,46.29
S8x4x4-LD21-H0.3-F0.6-A4-s42,high,twostage,7,43,1.008,70.0,1,83.0,46.29
S8x4x4-LD21-H0.3-F0.6-A4-s42,high,twostage,7,44,1.032,70.0,1,83.0,46.29
S8x4x4-LD21-H0.3-F0.6-A4-s42,high,twostage,7,45,1.053,70.0,1,83.0,46.29
S8x4x4-LD21-H0.3-F0.6-A4-s42,high,twostage,7,46,1.076,70.0,1,83.0,46.29
S8x4x4-LD21-H0.3-F0.6-A4-s42,high,twostage,7,47,1.097,70.0,1,83.0,46.29
S8x4x4-LD21-H0.3-F0.6-A4-s42,high,twostage,7,48,1.122,70.0,1,83.0,46.29
S8x4x4-LD21-H0.3-F0.6-A4-s42,high,twostage,7,49,1.144,70.0,1,83.0,46.29
S8x4x4-LD21-H0.3-F0.6-A4-s42,high,twostage,7,50,1.167,70.0,1,83.0,46.29
S8x4x4-LD21-H0.3-F0.6-A4-s42,high,twostage,7,51,1.191,70.0,1,83.0,46.29
S8x4x4-LD21-H0.3-F0.6-A4-s42,high,twostage,7,52,1.213,70.0,1,83.0,46.29
S8x4x4-LD21-H0.3-F0.6-A4-s42,high,twostage,7,53,1.238,70.0,1,83.0,46.29
S8x4x4-LD21-H0.3-F0.6-A4-s42,high,twostage,7,54,1.261,70.0,1,83.0,46.29
S8x4x4-LD21-H0.3-F0.6-A4-s42,high,twostage,7,55,1.284,70.0,1,83.0,46.29
S8x4x4-LD21-H0.3-F0.6-A4-s42,high,twostage,7,56,1.308,70.0,1,83.0,46.29
S8x4x4-LD21-H0.3-F0.6-A4-s42,high,twostage,7,57,1.33,70.0,1,83.0,46.29
S8x4x4-LD21-H0.3-F0.6-A4-s42,high,twostage,7,58,1.355,70.0,1,83.0,46.29
S8x4x4-LD21-H0.3-F0.6-A4-s42,high,twostage,7,59,1.377,70.0,1,83.0,46.29
S8x4x4-LD21-H0.3-F0.6-A4-s42,high,twostage,7,60,1.4,70.0,1,83.0,46.29
S8x4x4-LD21-H0.3-F0.6-A4-s42,high,twostage,7,61,1.425,70.0,1,83.0,46.29
S8x4x4-LD21-H0.3-F0.6-A4-s42,high,twostage,7,62,1.448,70.0,1,83.0,46.29
S8x4x4-LD21-H0.3-F0.6-A4-s42,high,twostage,7,63,1.473,70.0,1,83.0,46.29
S8x4x4-LD21-H0.3-F0.6-A4-s42,high,twostage,7,64,1.498,70.0,1,83.0,46.29
S8x4x4-LD21-H0.3-F0.6-A4-s42,high,twostage,7,65,1.521,70.0,1,83.0,46.29
S8x4x4-LD21-H0.3-F0.6-A4-s42,high,twostage,7,66,1.546,70.0,1,83.0,46.29
S8x4x4-LD21-H0.3-F0.6-A4-s42,high,twostage,7,67,1.57,70.0,1,83.0,46.29
S8x4x4-LD21-H0.3-F0.6-A4-s42,high,twostage,7,68,1.596,70.0,1,83.0,46.29
S8x4x4-LD21-H0.3-F0.6-A4-s42,high,twostage,7,69,1.623,70.0,1,83.0,46.29
S8x4x4-LD21-H0.3-F0.6-A4-s42,high,twostage,7,70,1.649,70.0,1,83.0,46.29
S8x4x4-LD21-H0.3-F0.6-A4-s42,high,twostage,7,71,1.673,70.0,1,83.0,46.29
S8x4x4-LD21-H0.3-F0.6-A4-s42,high,twostage,7,72,1.701,70.0,1,83.0,46.29
S8x4x4-LD21-H0.3-F0.6-A4-s42,high,twostage,7,73,1.724,70.0,1,83.0,46.29
S8x4x4-LD21-H0.3-F0.6-A4-s42,high,twostage,7,74,1.748,70.0,1,83.0,46.29
S8x4x4-LD21-H0.3-F0.6-A4-s42,high,twostage,7,75,1.772,70.0,1,83.0,46.29
S8x4x4-LD21-H0.3-F0.6-A4-s42,high,twostage,7,76,1.794,70.0,1,83.0,46.29
S8x4x4-LD21-H0.3-F0.6-A4-s42,high,twostage,7,77,1.82,70.0,1,83.0,46.29
S8x4x4-LD21-H0.3-F0.6-A4-s42,high,twostage,7,78,1.844,70.0,1,83.0,46.29
S8x4x4-LD21-H0.3-F0.6-A4-s42,high,twostage,7,79,1.866,70.0,1,83.0,46.29
S8x4x4-LD21-H0.3-F0.6-A4-s42,high,twostage,7,80,1.888,70.0,1,83.0,46.29
S8x4x4-LD21-H0.3-F0.6-A4-s42,high,twostage,7,81,1.91,70.0,1,83.0,46.29
S8x4x4-LD21-H0.3-F0.6-A4-s42,high,twostage,7,82,1.934,70.0,1,83.0,46.29
S8x4x4-LD21-H0.3-F0.6-A4-s42,high,twostage,7,83,1.957,70.0,1,83.0,46.29
S8x4x4-LD21-H0.3-F0.6-A4-s42,high,twostage,7,84,1.978,70.0,1,83.0,46.29
S8x4x4-LD21-H0.3-F0.6-A4-s42,high,twostage,7,85,2.0,70.0,1,83.0,46.29
S8x4x4-LD21-H0.3-F0.6-A4-s42,high,twostage,7,86,2.022,70.0,1,83.0,46.29
S8x4x4-LD21-H0.3-F0.6-A4-s42,high,twostage,7,87,2.048,70.0,1,83.0,46.29
S8x4x4-LD21-H0.3-F0.6-A4-s42,high,twostage,7,88,2.071,70.0,1,83.0,46.29
S8x4x4-LD21-H0.3-F0.6-A4-s42,high,twostage,7,89,2.094,70.0,1,83.0,46.29
S8x4x4-LD21-H0.3-F0.6-A4-s42,high,twostage,7,90,2.115,70.0,1,83.0,46.29
S8x4x4-LD21-H0.3-F0.6-A4-s42,high,twostage,7,91,2.137,70.0,1,83.0,46.29
S8x4x4-LD21-H0.3-F0.6-A4-s42,high,twostage,7,92,2.161,70.0,1,83.0,46.29
S8x4x4-LD21-H0.3-F0.6-A4-s42,high,twostage,7,93,2.185,70.0,1,83.0,46.29
S8x4x4-LD21-H0.3-F0.6-A4-s42,high,twostage,7,94,2.206,70.0,1,83.0,46.29
S8x4x4-LD21-H0.3-F0.6-A4-s42,high,twostage,7,95,2.229,70.0,1,83.0,46.29
S8x4x4-LD21-H0.3-F0.6-A4-s42,high,twostage,7,96,2.251,70.0,1,83.0,46.29
S8x4x4-LD21-H0.3-F0.6-A4-s42,high,twostage,7,97,2.278,70.0,1,83.0,46.29
S8x4x4-LD21-H0.3-F0.6-A4-s42,high,twostage,7,98,2.301,70.0,1,83.0,46.29
S8x4x4-LD21-H0.3-F0.6-A4-s42,high,twostage,7,99,2.325,70.0,1,83.0,46.29
S8x4x4-LD21-H0.3-F0.6-A4-s42,high,twostage,7,100,2.347,70.0,1,83.0,46.29
S8x4x4-LD21-H0.3-F0.6-A4-s42,high,twostage,7,101,2.37,70.0,1,83.0,46.29
S8x4x4-LD21-H0.3-F0.6-A4-s42,high,twostage,7,102,2.396,70.0,1,83.0,46.29
S8x4x4-LD21-H0.3-F0.6-A4-s42,high,twostage,7,103,2.418,70.0,1,83.0,46.29
S8x4x4-LD21-H0.3-F0.6-A4-s42,high,twostage,7,104,2.44,70.0,1,83.0,46.29
S8x4x4-LD21-H0.3-F0.6-A4-s42,high,twostage,7,105,2.462,70.0,1,83.0,46.29
S8x4x4-LD21-H0.3-F0.6-A4-s42,high,twostage,7,106,2.484,70.0,1,83.0,46.29
S8x4x4-LD21-H0.3-F0.6-A4-s42,high,twostage,7,107,2.509,70.0,1,83.0,46.29
S8x4x4-LD21-H0.3-F0.6-A4-s42,high,twostage,7,108,2.532,70.0,1,83.0,46.29
S8x4x4-LD21-H0.3-F0.6-A4-s42,high,twostage,7,109,2.554,70.0,1,83.0,46.29
S8x4x4-LD21-H0.3-F0.6-A4-s42,high,twostage,7,110,2.577,70.0,1,83.0,46.29
S8x4x4-LD21-H0.3-F0.6-A4-s42,high,twostage,7,111,2.6,70.0,1,83.0,46.29
S8x4x4-LD21-H0.3-F0.6-A4-s42,high,twostage,7,112,2.625,70.0,1,83.0,46.29
S8x4x4-LD21-H0.3-F0.6-A4-s42,high,twostage,7,113,2.647,70.0,1,83.0,46.29
S8x4x4-LD21-H0.3-F0.6-A4-s42,high,twostage,7,114,2.669,70.0,1,83.0,46.29
S8x4x4-LD21-H0.3-F0.6-A4-s42,high,twostage,7,115,2.691,70.0,1,83.0,46.29
S8x4x4-LD21-H0.3-F0.6-A4-s42,high,twostage,7,116,2.714,70.0,1,83.0,46.29
S8x4x4-LD21-H0.3-F0.6-A4-s42,high,twostage,7,117,2.739,70.0,1,83.0,46.29
S8x4x4-LD21-H0.3-F0.6-A4-s42,high,twostage,7,118,2.761,70.0,1,83.0,46.29
S8x4x4-LD21-H0.3-F0.6-A4-s42,high,twostage,7,119,2.784,70.0,1,83.0,46.29
S8x4x4-LD21-H0.3-F0.6-A4-s42,high,twostage,7,120,2.807,70.0,1,83.0,46.29
S8x4x4-LD21-H0.3-F0.6-A4-s42,high,twostage,7,121,2.834,70.0,1,83.0,46.29
S8x4x4-LD21-H0.3-F0.6-A4-s42,high,twostage,7,122,2.856,70.0,1,83.0,46.29
S8x4x4-LD21-H0.3-F0.6-A4-s42,high,twostage,7,123,2.878,70.0,1,83.0,46.29
S8x4x4-LD21-H0.3-F0.6-A4-s42,high,twostage,7,124,2.9,70.0,1,83.0,46.29
S8x4x4-LD21-H0.3-F0.6-A4-s42,high,twostage,7,125,2.922,70.0,1,83.0,46.29
S8x4x4-LD21-H0.3-F0.6-A4-s42,high,twostage,7,126,2.948,70.0,1,83.0,46.29
S8x4x4-LD21-H0.3-F0.6-A4-s42,high,twostage,7,127,2.969,70.0,1,83.0,46.29
S8x4x4-LD21-H0.3-F0.6-A4-s42,high,twostage,7,128,2.992,70.0,1,83.0,46.29
S8x4x4-LD21-H0.3-F0.6-A4-s42,high,twostage,7,129,3.015,70.0,1,83.0,46.29
S8x4x4-LD21-H0.3-F0.6-A4-s42,high,twostage,7,130,3.037,70.0,1,83.0,46.29
S8x4x4-LD21-H0.3-F0.6-A4-s42,high,twostage,7,131,3.063,70.0,1,83.0,46.29
S8x4x4-LD21-H0.3-F0.6-A4-s42,high,twostage,7,132,3.085,70.0,1,83.0,46.29
S8x4x4-LD21-H0.3-F0.6-A4-s42,high,twostage,7,133,3.108,70.0,1,83.0,46.29
S8x4x4-LD21-H0.3-F0.6-A4-s42,high,twostage,7,134,3.131,70.0,1,83.0,46.29
S8x4x4-LD21-H0.3-F0.6-A4-s42,high,twostage,7,135,3.153,70.0,1,83.0,46.29
S8x4x4-LD21-H0.3-F0.6-A4-s42,high,twostage,7,136,3.178,70.0,1,83.0,46.29
S8x4x4-LD21-H0.3-F0.6-A4-s42,high,twostage,7,137,3.2,70.0,1,83.0,46.29
S8x4x4-LD21-H0.3-F0.6-A4-s42,high,twostage,7,138,3.222,70.0,1,83.0,46.29
S8x4x4-LD21-H0.3-F0.6-A4-s42,high,twostage,7,139,3.245,70.0,1,83.0,46.29
S8x4x4-LD21-H0.3-F0.6-A4-s42,high,twostage,7,140,3.267,70.0,1,83.0,46.29
S8x4x4-LD21-H0.3-F0.6-A4-s42,high,twostage,7,141,3.293,70.0,1,83.0,46.29
S8x4x4-LD21-H0.3-F0.6-A4-s42,high,twostage,7,142,3.315,70.0,1,83.0,46.29
S8x4x4-LD21-H0.3-F0.6-A4-s42,high,twostage,7,143,3.349,70.0,1,83.0,46.29
S8x4x4-LD21-H0.3-F0.6-A4-s42,high,twostage,7,144,3.374,70.0,1,83.0,46.29
S8x4x4-LD21-H0.3-F0.6-A4-s42,high,twostage,7,145,3.396,70.0,1,83.0,46.29
S8x4x4-LD21-H0.3-F0.6-A4-s42,high,twostage,7,146,3.421,70.0,1,83.0,46.29
S8x4x4-LD21-H0.3-F0.6-A4-s42,high,twostage,7,147,3.445,70.0,1,83.0,46.29
S8x4x4-LD21-H0.3-F0.6-A4-s42,high,twostage,7,148,3.467,70.0,1,83.0,46.29
S8x4x4-LD21-H0.3-F0.6-A4-s42,high,twostage,7,149,3.489,70.0,1,83.0,46.29
S8x4x4-LD21-H0.3-F0.6-A4-s42,high,twostage,7,150,3.511,70.0,1,83.0,46.29
S8x4x4-LD21-H0.3-F0.6-A4-s42,high,twostage,7,151,3.536,70.0,1,83.0,46.29
S8x4x4-LD21-H0.3-F0.6-A4-s42,high,twostage,7,152,3.558,70.0,1,83.0,46.29
S8x4x4-LD21-H0.3-F0.6-A4-s42,high,twostage,7,153,3.581,70.0,1,83.0,46.29
S8x4x4-LD21-H0.3-F0.6-A4-s42,high,twostage,7,154,3.605,70.0,1,83.0,46.29
S8x4x4-LD21-H0.3-F0.6-A4-s42,high,twostage,7,155,3.627,70.0,1,83.0,46.29
S8x4x4-LD21-H0.3-F0.6-A4-s42,high,twostage,7,156,3.65,70.0,1,83.0,46.29
S8x4x4-LD21-H0.3-F0.6-A4-s42,high,twostage,7,157,3.672,70.0,1,83.0,46.29
S8x4x4-LD21-H0.3-F0.6-A4-s42,high,twostage,7,158,3.694,70.0,1,83.0,46.29
S8x4x4-LD21-H0.3-F0.6-A4-s42,high,twostage,7,159,3.718,70.0,1,83.0,46.29
S8x4x4-LD21-H0.3-F0.6-A4-s42,high,twostage,7,160,3.74,70.0,1,83.0,46.29
S8x4x4-LD21-H0.3-F0.6-A4-s42,high,twostage,7,161,3.765,70.0,1,83.0,46.29
S8x4x4-LD21-H0.3-F0.6-A4-s42,high,twostage,7,162,3.787,70.0,1,83.0,46.29
S8x4x4-LD21-H0.3-F0.6-A4-s42,high,twostage,7,163,3.814,70.0,1,83.0,46.29
S8x4x4-LD21-H0.3-F0.6-A4-s42,high,twostage,7,164,3.836,70.0,1,83.0,46.29
S8x4x4-LD21-H0.3-F0.6-A4-s42,high,twostage,7,165,3.858,70.0,1,83.0,46.29
S8x4x4-LD21-H0.3-F0.6-A4-s42,high,twostage,7,166,3.882,70.0,1,83.0,46.29
S8x4x4-LD21-H0.3-F0.6-A4-s42,high,twostage,7,167,3.905,70.0,1,83.0,46.29
S8x4x4-LD21-H0.3-F0.6-A4-s42,high,twostage,7,168,3.927,70.0,1,83.0,46.29
S8x4x4-LD21-H0.3-F0.6-A4-s42,high,twostage,7,169,3.949,70.0,1,83.0,46.29
S8x4x4-LD21-H0.3-F0.6-A4-s42,high,twostage,7,170,3.971,70.0,1,83.0,46.29
S8x4x4-LD21-H0.3-F0.6-A4-s42,high,twostage,7,171,3.995,70.0,1,83.0,46.29
S8x4x4-LD21-H0.3-F0.6-A4-s42,high,twostage,7,172,4.017,70.0,1,83.0,46.29
S8x4x4-LD21-H0.3-F0.6-A4-s42,high,twostage,7,173,4.039,70.0,1,83.0,46.29
S8x4x4-LD21-H0.3-F0.6-A4-s42,high,twostage,7,174,4.062,70.0,1,83.0,46.29
S8x4x4-LD21-H0.3-F0.6-A4-s42,high,twostage,7,175,4.087,70.0,1,83.0,46.29
S8x4x4-LD21-H0.3-F0.6-A4-s42,high,twostage,7,176,4.11,70.0,1,83.0,46.29
S8x4x4-LD21-H0.3-F0.6-A4-s42,high,twostage,7,177,4.132,70.0,1,83.0,46.29
S8x4x4-LD21-H0.3-F0.6-A4-s42,high,twostage,7,178,4.155,70.0,1,83.0,46.29
S8x4x4-LD21-H0.3-F0.6-A4-s42,high,twostage,7,179,4.177,70.0,1,83.0,46.29
S8x4x4-LD21-H0.3-F0.6-A4-s42,high,twostage,7,180,4.201,70.0,1,83.0,46.29
S8x4x4-LD21-H0.3-F0.6-A4-s42,high,twostage,7,181,4.224,70.0,1,83.0,46.29
S8x4x4-LD21-H0.3-F0.6-A4-s42,high,twostage,7,182,4.245,70.0,1,83.0,46.29
S8x4x4-LD21-H0.3-F0.6-A4-s42,high,twostage,7,183,4.268,70.0,1,83.0,46.29
S8x4x4-LD21-H0.3-F0.6-A4-s42,high,twostage,7,184,4.291,70.0,1,83.0,46.29
S8x4x4-LD21-H0.3-F0.6-A4-s42,high,twostage,7,185,4.32,70.0,1,83.0,46.29
S8x4x4-LD21-H0.3-F0.6-A4-s42,high,twostage,7,186,4.344,70.0,1,83.0,46.29
S8x4x4-LD21-H0.3-F0.6-A4-s42,high,twostage,7,187,4.367,70.0,1,83.0,46.29
S8x4x4-LD21-H0.3-F0.6-A4-s42,high,twostage,7,188,4.388,70.0,1,83.0,46.29
S8x4x4-LD21-H0.3-F0.6-A4-s42,high,twostage,7,189,4.411,70.0,1,83.0,46.29
S8x4x4-LD21-H0.3-F0.6-A4-s42,high,twostage,7,190,4.436,70.0,1,83.0,46.29
S8x4x4-LD21-H0.3-F0.6-A4-s42,high,twostage,7,191,4.459,70.0,1,83.0,46.29
S8x4x4-LD21-H0.3-F0.6-A4-s42,high,twostage,7,192,4.482,70.0,1,83.0,46.29
S8x4x4-LD21-H0.3-F0.6-A4-s42,high,twostage,7,193,4.505,70.0,1,83.0,46.29
S8x4x4-LD21-H0.3-F0.6-A4-s42,high,twostage,7,194,4.528,70.0,1,83.0,46.29
S8x4x4-LD21-H0.3-F0.6-A4-s42,high,twostage,7,195,4.555,70.0,1,83.0,46.29
S8x4x4-LD21-H0.3-F0.6-A4-s42,high,twostage,7,196,4.578,70.0,1,83.0,46.29
S8x4x4-LD21-H0.3-F0.6-A4-s42,high,twostage,7,197,4.6,70.0,1,83.0,46.29
S8x4x4-LD21-H0.3-F0.6-A4-s42,high,twostage,7,198,4.623,70.0,1,83.0,46.29
S8x4x4-LD21-H0.3-F0.6-A4-s42,high,twostage,7,199,4.646,70.0,1,83.0,46.29
S8x4x4-LD21-H0.3-F0.6-A4-s42,high,twostage,7,200,4.67,70.0,1,83.0,46.29
S8x4x4-LD21-H0.3-F0.6-A4-s42,high,twostage,7,201,4.693,70.0,1,83.0,46.29
S8x4x4-LD21-H0.3-F0.6-A4-s42,high,twostage,7,202,4.715,70.0,1,83.0,46.29
S8x4x4-LD21-H0.3-F0.6-A4-s42,high,twostage,7,203,4.738,70.0,1,83.0,46.29
S8x4x4-LD21-H0.3-F0.6-A4-s42,high,twostage,7,204,4.76,70.0,1,83.0,46.29
S8x4x4-LD21-H0.3-F0.6-A4-s42,high,twostage,7,205,4.785,70.0,1,83.0,46.29
S8x4x4-LD21-H0.3-F0.6-A4-s42,high,twostage,7,206,4.808,70.0,1,83.0,46.29
S8x4x4-LD21-H0.3-F0.6-A4-s42,high,twostage,7,207,4.831,70.0,1,83.0,46.29
S8x4x4-LD21-H0.3-F0.6-A4-s42,high,twostage,7,208,4.854,70.0,1,83.0,46.29
S8x4x4-LD21-H0.3-F0.6-A4-s42,high,twostage,7,209,4.875,70.0,1,83.0,46.29
S8x4x4-LD21-H0.3-F0.6-A4-s42,high,twostage,7,210,4.9,70.0,1,83.0,46.29
S8x4x4-LD21-H0.3-F0.6-A4-s42,high,twostage,7,211,4.922,70.0,1,83.0,46.29
S8x4x4-LD21-H0.3-F0.6-A4-s42,high,twostage,7,212,4.944,70.0,1,83.0,46.29
S8x4x4-LD21-H0.3-F0.6-A4-s42,high,twostage,7,213,4.967,70.0,1,83.0,46.29
S8x4x4-LD21-H0.3-F0.6-A4-s42,high,twostage,7,214,4.988,70.0,1,83.0,46.29
S8x4x4-LD21-H0.3-F0.6-A4-s42,high,twostage,7,215,5.014,70.0,1,83.0,46.29
S8x4x4-LD21-H0.3-F0.6-A4-s42,high,twostage,7,216,5.036,70.0,1,83.0,46.29
S8x4x4-LD21-H0.3-F0.6-A4-s42,high,twostage,7,217,5.059,70.0,1,83.0,46.29
S8x4x4-LD21-H0.3-F0.6-A4-s42,high,twostage,7,218,5.082,70.0,1,83.0,46.29
S8x4x4-LD21-H0.3-F0.6-A4-s42,high,twostage,7,219,5.106,70.0,1,83.0,46.29
S8x4x4-LD21-H0.3-F0.6-A4-s42,high,twostage,7,220,5.131,70.0,1,83.0,46.29
S8x4x4-LD21-H0.3-F0.6-A4-s42,high,twostage,7,221,5.153,70.0,1,83.0,46.29
S8x4x4-LD21-H0.3-F0.6-A4-s42,high,twostage,7,222,5.175,70.0,1,83.0,46.29
S8x4x4-LD21-H0.3-F0.6-A4-s42,high,twostage,7,223,5.198,70.0,1,83.0,46.29
S8x4x4-LD21-H0.3-F0.6-A4-s42,high,twostage,7,224,5.222,70.0,1,83.0,46.29
S8x4x4-LD21-H0.3-F0.6-A4-s42,high,twostage,7,225,5.245,70.0,1,83.0,46.29
S8x4x4-LD21-H0.3-F0.6-A4-s42,high,twostage,7,226,5.268,70.0,1,83.0,46.29
S8x4x4-LD21-H0.3-F0.6-A4-s42,high,twostage,7,227,5.291,70.0,1,83.0,46.29
S8x4x4-LD21-H0.3-F0.6-A4-s42,high,twostage,7,228,5.313,70.0,1,83.0,46.29
S8x4x4-LD21-H0.3-F0.6-A4-s42,high,twostage,7,229,5.34,70.0,1,83.0,46.29
S8x4x4-LD21-H0.3-F0.6-A4-s42,high,twostage,7,230,5.364,70.0,1,83.0,46.29
S8x4x4-LD21-H0.3-F0.6-A4-s42,high,twostage,7,231,5.387,70.0,1,83.0,46.29
S8x4x4-LD21-H0.3-F0.6-A4-s42,high,twostage,7,232,5.41,70.0,1,83.0,46.29
S8x4x4-LD21-H0.3-F0.6-A4-s42,high,twostage,7,233,5.433,70.0,1,83.0,46.29
S8x4x4-LD21-H0.3-F0.6-A4-s42,high,twostage,7,234,5.458,70.0,1,83.0,46.29
S8x4x4-LD21-H0.3-F0.6-A4-s42,high,twostage,7,235,5.481,70.0,1,83.0,46.29
S8x4x4-LD21-H0.3-F0.6-A4-s42,high,twostage,7,236,5.504,70.0,1,83.0,46.29
S8x4x4-LD21-H0.3-F0.6-A4-s42,high,twostage,7,237,5.526,70.0,1,83.0,46.29
S8x4x4-LD21-H0.3-F0.6-A4-s42,high,twostage,7,238,5.549,70.0,1,83.0,46.29
S8x4x4-LD21-H0.3-F0.6-A4-s42,high,twostage,7,239,5.575,70.0,1,83.0,46.29
S8x4x4-LD21-H0.3-F0.6-A4-s42,high,twostage,7,240,5.598,70.0,1,83.0,46.29
S8x4x4-LD21-H0.3-F0.6-A4-s42,high,twostage,7,241,5.62,70.0,1,83.0,46.29
S8x4x4-LD21-H0.3-F0.6-A4-s42,high,twostage,7,242,5.642,70.0,1,83.0,46.29
S8x4x4-LD21-H0.3-F0.6-A4-s42,high,twostage,7,243,5.665,70.0,1,83.0,46.29
S8x4x4-LD21-H0.3-F0.6-A4-s42,high,twostage,7,244,5.69,70.0,1,83.0,46.29
S8x4x4-LD21-H0.3-F0.6-A4-s42,high,twostage,7,245,5.713,70.0,1,83.0,46.29
S8x4x4-LD21-H0.3-F0.6-A4-s42,high,twostage,7,246,5.736,70.0,1,83.0,46.29
S8x4x4-LD21-H0.3-F0.6-A4-s42,high,twostage,7,247,5.758,70.0,1,83.0,46.29
S8x4x4-LD21-H0.3-F0.6-A4-s42,high,twostage,7,248,5.782,70.0,1,83.0,46.29
S8x4x4-LD21-H0.3-F0.6-A4-s42,high,twostage,7,249,5.806,70.0,1,83.0,46.29
S8x4x4-LD21-H0.3-F0.6-A4-s42,high,twostage,7,250,5.83,70.0,1,83.0,46.29
S8x4x4-LD21-H0.3-F0.6-A4-s42,high,twostage,7,251,5.856,70.0,1,83.0,46.29
S8x4x4-LD21-H0.3-F0.6-A4-s42,high,twostage,7,252,5.879,70.0,1,83.0,46.29
S8x4x4-LD21-H0.3-F0.6-A4-s42,high,twostage,7,253,5.902,70.0,1,83.0,46.29
S8x4x4-LD21-H0.3-F0.6-A4-s42,high,twostage,7,254,5.927,70.0,1,83.0,46.29
S8x4x4-LD21-H0.3-F0.6-A4-s42,high,twostage,7,255,5.95,70.0,1,83.0,46.29
S8x4x4-LD21-H0.3-F0.6-A4-s42,high,twostage,7,256,5.971,70.0,1,83.0,46.29
S8x4x4-LD21-H0.3-F0.6-A4-s42,high,twostage,7,257,5.995,70.0,1,83.0,46.29
S8x4x4-LD21-H0.3-F0.6-A4-s42,high,twostage,7,258,6.019,70.0,1,83.0,46.29
S8x4x4-LD21-H0.3-F0.6-A4-s42,high,twostage,7,259,6.043,70.0,1,83.0,46.29
S8x4x4-LD21-H0.3-F0.6-A4-s42,high,twostage,7,260,6.066,70.0,1,83.0,46.29
S8x4x4-LD21-H0.3-F0.6-A4-s42,high,twostage,7,261,6.089,70.0,1,83.0,46.29
S8x4x4-LD21-H0.3-F0.6-A4-s42,high,twostage,7,262,6.112,70.0,1,83.0,46.29
S8x4x4-LD21-H0.3-F0.6-A4-s42,high,twostage,7,263,6.135,70.0,1,83.0,46.29
S8x4x4-LD21-H0.3-F0.6-A4-s42,high,twostage,7,264,6.165,70.0,1,83.0,46.29
S8x4x4-LD21-H0.3-F0.6-A4-s42,high,twostage,7,265,6.195,70.0,1,83.0,46.29
S8x4x4-LD21-H0.3-F0.6-A4-s42,high,twostage,7,266,6.224,70.0,1,83.0,46.29
S8x4x4-LD21-H0.3-F0.6-A4-s42,high,twostage,7,267,6.248,70.0,1,83.0,46.29
S8x4x4-LD21-H0.3-F0.6-A4-s42,high,twostage,7,268,6.272,70.0,1,83.0,46.29
S8x4x4-LD21-H0.3-F0.6-A4-s42,high,twostage,7,269,6.311,70.0,1,83.0,46.29
S8x4x4-LD21-H0.3-F0.6-A4-s42,high,twostage,7,270,6.346,70.0,1,83.0,46.29
S8x4x4-LD21-H0.3-F0.6-A4-s42,high,twostage,7,271,6.376,70.0,1,83.0,46.29
S8x4x4-LD21-H0.3-F0.6-A4-s42,high,twostage,7,272,6.405,70.0,1,83.0,46.29
S8x4x4-LD21-H0.3-F0.6-A4-s42,high,twostage,7,273,6.432,70.0,1,83.0,46.29
S8x4x4-LD21-H0.3-F0.6-A4-s42,high,twostage,7,274,6.456,70.0,1,83.0,46.29
S8x4x4-LD21-H0.3-F0.6-A4-s42,high,twostage,7,275,6.479,70.0,1,83.0,46.29
S8x4x4-LD21-H0.3-F0.6-A4-s42,high,twostage,7,276,6.51,70.0,1,83.0,46.29
S8x4x4-LD21-H0.3-F0.6-A4-s42,high,twostage,7,277,6.534,70.0,1,83.0,46.29
S8x4x4-LD21-H0.3-F0.6-A4-s42,high,twostage,7,278,6.559,70.0,1,83.0,46.29
S8x4x4-LD21-H0.3-F0.6-A4-s42,high,twostage,7,279,6.583,70.0,1,83.0,46.29
S8x4x4-LD21-H0.3-F0.6-A4-s42,high,twostage,7,280,6.605,70.0,1,83.0,46.29
S8x4x4-LD21-H0.3-F0.6-A4-s42,high,twostage,7,281,6.629,70.0,1,83.0,46.29
S8x4x4-LD21-H0.3-F0.6-A4-s42,high,twostage,7,282,6.661,70.0,1,83.0,46.29
S8x4x4-LD21-H0.3-F0.6-A4-s42,high,twostage,7,283,6.687,70.0,1,83.0,46.29
S8x4x4-LD21-H0.3-F0.6-A4-s42,high,twostage,7,284,6.717,70.0,1,83.0,46.29
S8x4x4-LD21-H0.3-F0.6-A4-s42,high,twostage,7,285,6.74,70.0,1,83.0,46.29
S8x4x4-LD21-H0.3-F0.6-A4-s42,high,twostage,7,286,6.775,70.0,1,83.0,46.29
S8x4x4-LD21-H0.3-F0.6-A4-s42,high,twostage,7,287,6.799,70.0,1,83.0,46.29
S8x4x4-LD21-H0.3-F0.6-A4-s42,high,twostage,7,288,6.839,70.0,1,83.0,46.29
S8x4x4-LD21-H0.3-F0.6-A4-s42,high,twostage,7,289,6.863,70.0,1,83.0,46.29
S8x4x4-LD21-H0.3-F0.6-A4-s42,high,twostage,7,290,6.886,70.0,1,83.0,46.29
S8x4x4-LD21-H0.3-F0.6-A4-s42,high,twostage,7,291,6.911,70.0,1,83.0,46.29
S8x4x4-LD21-H0.3-F0.6-A4-s42,high,twostage,7,292,6.943,70.0,1,83.0,46.29
S8x4x4-LD21-H0.3-F0.6-A4-s42,high,twostage,7,293,6.968,70.0,1,83.0,46.29
S8x4x4-LD21-H0.3-F0.6-A4-s42,high,twostage,7,294,6.99,70.0,1,83.0,46.29
S8x4x4-LD21-H0.3-F0.6-A4-s42,high,twostage,7,295,7.013,70.0,1,83.0,46.29
S8x4x4-LD21-H0.3-F0.6-A4-s42,high,twostage,7,296,7.035,70.0,1,83.0,46.29
S8x4x4-LD21-H0.3-F0.6-A4-s42,high,twostage,7,297,7.058,70.0,1,83.0,46.29
S8x4x4-LD21-H0.3-F0.6-A4-s42,high,twostage,7,298,7.082,70.0,1,83.0,46.29
S8x4x4-LD21-H0.3-F0.6-A4-s42,high,twostage,7,299,7.104,70.0,1,83.0,46.29
S8x4x4-LD21-H0.3-F0.6-A4-s42,high,twostage,7,300,7.126,70.0,1,83.0,46.29
S8x4x4-LD21-H0.3-F0.6-A4-s42,high,twostage,7,301,7.149,70.0,1,83.0,46.29
S8x4x4-LD21-H0.3-F0.6-A4-s42,high,twostage,7,302,7.171,70.0,1,83.0,46.29
S8x4x4-LD21-H0.3-F0.6-A4-s42,high,twostage,7,303,7.195,70.0,1,83.0,46.29
S8x4x4-LD21-H0.3-F0.6-A4-s42,high,twostage,7,304,7.216,70.0,1,83.0,46.29
S8x4x4-LD21-H0.3-F0.6-A4-s42,high,twostage,7,305,7.239,70.0,1,83.0,46.29
S8x4x4-LD21-H0.3-F0.6-A4-s42,high,twostage,7,306,7.261,70.0,1,83.0,46.29
S8x4x4-LD21-H0.3-F0.6-A4-s42,high,twostage,7,307,7.283,70.0,1,83.0,46.29
S8x4x4-LD21-H0.3-F0.6-A4-s42,high,twostage,7,308,7.308,70.0,1,83.0,46.29
S8x4x4-LD21-H0.3-F0.6-A4-s42,high,twostage,7,309,7.331,70.0,1,83.0,46.29
S8x4x4-LD21-H0.3-F0.6-A4-s42,high,twostage,7,310,7.354,70.0,1,83.0,46.29
S8x4x4-LD21-H0.3-F0.6-A4-s42,high,twostage,7,311,7.378,70.0,1,83.0,46.29
S8x4x4-LD21-H0.3-F0.6-A4-s42,high,twostage,7,312,7.4,70.0,1,83.0,46.29
S8x4x4-LD21-H0.3-F0.6-A4-s42,high,twostage,7,313,7.425,70.0,1,83.0,46.29
S8x4x4-LD21-H0.3-F0.6-A4-s42,high,twostage,7,314,7.447,70.0,1,83.0,46.29
S8x4x4-LD21-H0.3-F0.6-A4-s42,high,twostage,7,315,7.469,70.0,1,83.0,46.29
S8x4x4-LD21-H0.3-F0.6-A4-s42,high,twostage,7,316,7.49,70.0,1,83.0,46.29
S8x4x4-LD21-H0.3-F0.6-A4-s42,high,twostage,7,317,7.512,70.0,1,83.0,46.29
S8x4x4-LD21-H0.3-F0.6-A4-s42,high,twostage,7,318,7.537,70.0,1,83.0,46.29
S8x4x4-LD21-H0.3-F0.6-A4-s42,high,twostage,7,319,7.559,70.0,1,83.0,46.29
S8x4x4-LD21-H0.3-F0.6-A4-s42,high,twostage,7,320,7.581,70.0,1,83.0,46.29
S8x4x4-LD21-H0.3-F0.6-A4-s42,high,twostage,7,321,7.605,70.0,1,83.0,46.29
S8x4x4-LD21-H0.3-F0.6-A4-s42,high,twostage,7,322,7.631,70.0,1,83.0,46.29
S8x4x4-LD21-H0.3-F0.6-A4-s42,high,twostage,7,323,7.653,70.0,1,83.0,46.29
S8x4x4-LD21-H0.3-F0.6-A4-s42,high,twostage,7,324,7.675,70.0,1,83.0,46.29
S8x4x4-LD21-H0.3-F0.6-A4-s42,high,twostage,7,325,7.697,70.0,1,83.0,46.29
S8x4x4-LD21-H0.3-F0.6-A4-s42,high,twostage,7,326,7.719,70.0,1,83.0,46.29
S8x4x4-LD21-H0.3-F0.6-A4-s42,high,twostage,7,327,7.744,70.0,1,83.0,46.29
S8x4x4-LD21-H0.3-F0.6-A4-s42,high,twostage,7,328,7.767,70.0,1,83.0,46.29
S8x4x4-LD21-H0.3-F0.6-A4-s42,high,twostage,7,329,7.789,70.0,1,83.0,46.29
S8x4x4-LD21-H0.3-F0.6-A4-s42,high,twostage,7,330,7.811,70.0,1,83.0,46.29
S8x4x4-LD21-H0.3-F0.6-A4-s42,high,twostage,7,331,7.833,70.0,1,83.0,46.29
S8x4x4-LD21-H0.3-F0.6-A4-s42,high,twostage,7,332,7.859,70.0,1,83.0,46.29
S8x4x4-LD21-H0.3-F0.6-A4-s42,high,twostage,7,333,7.882,70.0,1,83.0,46.29
S8x4x4-LD21-H0.3-F0.6-A4-s42,high,twostage,7,334,7.904,70.0,1,83.0,46.29
S8x4x4-LD21-H0.3-F0.6-A4-s42,high,twostage,7,335,7.925,70.0,1,83.0,46.29
S8x4x4-LD21-H0.3-F0.6-A4-s42,high,twostage,7,336,7.947,70.0,1,83.0,46.29
S8x4x4-LD21-H0.3-F0.6-A4-s42,high,twostage,7,337,7.971,70.0,1,83.0,46.29
S8x4x4-LD21-H0.3-F0.6-A4-s42,high,twostage,7,338,7.993,70.0,1,83.0,46.29
S8x4x4-LD21-H0.3-F0.6-A4-s42,high,twostage,7,339,8.016,70.0,1,83.0,46.29
S8x4x4-LD21-H0.3-F0.6-A4-s42,high,twostage,7,340,8.037,70.0,1,83.0,46.29
S8x4x4-LD21-H0.3-F0.6-A4-s42,high,twostage,7,341,8.058,70.0,1,83.0,46.29
S8x4x4-LD21-H0.3-F0.6-A4-s42,high,twostage,7,342,8.083,70.0,1,83.0,46.29
S8x4x4-LD21-H0.3-F0.6-A4-s42,high,twostage,7,343,8.105,70.0,1,83.0,46.29
S8x4x4-LD21-H0.3-F0.6-A4-s42,high,twostage,7,344,8.127,70.0,1,83.0,46.29
S8x4x4-LD21-H0.3-F0.6-A4-s42,high,twostage,7,345,8.149,70.0,1,83.0,46.29
S8x4x4-LD21-H0.3-F0.6-A4-s42,high,twostage,7,346,8.171,70.0,1,83.0,46.29
S8x4x4-LD21-H0.3-F0.6-A4-s42,high,twostage,7,347,8.197,70.0,1,83.0,46.29
S8x4x4-LD21-H0.3-F0.6-A4-s42,high,twostage,7,348,8.218,70.0,1,83.0,46.29
S8x4x4-LD21-H0.3-F0.6-A4-s42,high,twostage,7,349,8.241,70.0,1,83.0,46.29
S8x4x4-LD21-H0.3-F0.6-A4-s42,high,twostage,7,350,8.262,70.0,1,83.0,46.29
S8x4x4-LD21-H0.3-F0.6-A4-s42,high,twostage,7,351,8.284,70.0,1,83.0,46.29
S8x4x4-LD21-H0.3-F0.6-A4-s42,high,twostage,7,352,8.309,70.0,1,83.0,46.29
S8x4x4-LD21-H0.3-F0.6-A4-s42,high,twostage,7,353,8.332,70.0,1,83.0,46.29
S8x4x4-LD21-H0.3-F0.6-A4-s42,high,twostage,7,354,8.354,70.0,1,83.0,46.29
S8x4x4-LD21-H0.3-F0.6-A4-s42,high,twostage,7,355,8.382,70.0,1,83.0,46.29
S8x4x4-LD21-H0.3-F0.6-A4-s42,high,twostage,7,356,8.406,70.0,1,83.0,46.29
S8x4x4-LD21-H0.3-F0.6-A4-s42,high,twostage,7,357,8.43,70.0,1,83.0,46.29
S8x4x4-LD21-H0.3-F0.6-A4-s42,high,twostage,7,358,8.452,70.0,1,83.0,46.29
S8x4x4-LD21-H0.3-F0.6-A4-s42,high,twostage,7,359,8.474,70.0,1,83.0,46.29
S8x4x4-LD21-H0.3-F0.6-A4-s42,high,twostage,7,360,8.497,70.0,1,83.0,46.29
S8x4x4-LD21-H0.3-F0.6-A4-s42,high,twostage,7,361,8.519,70.0,1,83.0,46.29
S8x4x4-LD21-H0.3-F0.6-A4-s42,high,twostage,7,362,8.544,70.0,1,83.0,46.29
S8x4x4-LD21-H0.3-F0.6-A4-s42,high,twostage,7,363,8.565,70.0,1,83.0,46.29
S8x4x4-LD21-H0.3-F0.6-A4-s42,high,twostage,7,364,8.587,70.0,1,83.0,46.29
S8x4x4-LD21-H0.3-F0.6-A4-s42,high,twostage,7,365,8.609,70.0,1,83.0,46.29
S8x4x4-LD21-H0.3-F0.6-A4-s42,high,twostage,7,366,8.632,70.0,1,83.0,46.29
S8x4x4-LD21-H0.3-F0.6-A4-s42,high,twostage,7,367,8.657,70.0,1,83.0,46.29
S8x4x4-LD21-H0.3-F0.6-A4-s42,high,twostage,7,368,8.679,70.0,1,83.0,46.29
S8x4x4-LD21-H0.3-F0.6-A4-s42,high,twostage,7,369,8.701,70.0,1,83.0,46.29
S8x4x4-LD21-H0.3-F0.6-A4-s42,high,twostage,7,370,8.722,70.0,1,83.0,46.29
S8x4x4-LD21-H0.3-F0.6-A4-s42,high,twostage,7,371,8.745,70.0,1,83.0,46.29
S8x4x4-LD21-H0.3-F0.6-A4-s42,high,twostage,7,372,8.769,70.0,1,83.0,46.29
S8x4x4-LD21-H0.3-F0.6-A4-s42,high,twostage,7,373,8.791,70.0,1,83.0,46.29
S8x4x4-LD21-H0.3-F0.6-A4-s42,high,twostage,7,374,8.813,70.0,1,83.0,46.29
S8x4x4-LD21-H0.3-F0.6-A4-s42,high,twostage,7,375,8.834,70.0,1,83.0,46.29
S8x4x4-LD21-H0.3-F0.6-A4-s42,high,twostage,7,376,8.859,70.0,1,83.0,46.29
S8x4x4-LD21-H0.3-F0.6-A4-s42,high,twostage,7,377,8.881,70.0,1,83.0,46.29
S8x4x4-LD21-H0.3-F0.6-A4-s42,high,twostage,7,378,8.907,70.0,1,83.0,46.29
S8x4x4-LD21-H0.3-F0.6-A4-s42,high,twostage,7,379,8.93,70.0,1,83.0,46.29
S8x4x4-LD21-H0.3-F0.6-A4-s42,high,twostage,7,380,8.952,70.0,1,83.0,46.29
S8x4x4-LD21-H0.3-F0.6-A4-s42,high,twostage,7,381,8.977,70.0,1,83.0,46.29
S8x4x4-LD21-H0.3-F0.6-A4-s42,high,twostage,7,382,8.999,70.0,1,83.0,46.29
S8x4x4-LD21-H0.3-F0.6-A4-s42,high,twostage,7,383,9.02,70.0,1,83.0,46.29
S8x4x4-LD21-H0.3-F0.6-A4-s42,high,twostage,7,384,9.043,70.0,1,83.0,46.29
S8x4x4-LD21-H0.3-F0.6-A4-s42,high,twostage,7,385,9.064,70.0,1,83.0,46.29
S8x4x4-LD21-H0.3-F0.6-A4-s42,high,twostage,7,386,9.089,70.0,1,83.0,46.29
S8x4x4-LD21-H0.3-F0.6-A4-s42,high,twostage,7,387,9.112,70.0,1,83.0,46.29
S8x4x4-LD21-H0.3-F0.6-A4-s42,high,twostage,7,388,9.134,70.0,1,83.0,46.29
S8x4x4-LD21-H0.3-F0.6-A4-s42,high,twostage,7,389,9.156,70.0,1,83.0,46.29
S8x4x4-LD21-H0.3-F0.6-A4-s42,high,twostage,7,390,9.179,70.0,1,83.0,46.29
S8x4x4-LD21-H0.3-F0.6-A4-s42,high,twostage,7,391,9.204,70.0,1,83.0,46.29
S8x4x4-LD21-H0.3-F0.6-A4-s42,high,twostage,7,392,9.225,70.0,1,83.0,46.29
S8x4x4-LD21-H0.3-F0.6-A4-s42,high,twostage,7,393,9.247,70.0,1,83.0,46.29
S8x4x4-LD21-H0.3-F0.6-A4-s42,high,twostage,7,394,9.269,70.0,1,83.0,46.29
S8x4x4-LD21-H0.3-F0.6-A4-s42,high,twostage,7,395,9.292,70.0,1,83.0,46.29
S8x4x4-LD21-H0.3-F0.6-A4-s42,high,twostage,7,396,9.316,70.0,1,83.0,46.29
S8x4x4-LD21-H0.3-F0.6-A4-s42,high,twostage,7,397,9.34,70.0,1,83.0,46.29
S8x4x4-LD21-H0.3-F0.6-A4-s42,high,twostage,7,398,9.362,70.0,1,83.0,46.29
S8x4x4-LD21-H0.3-F0.6-A4-s42,high,twostage,7,399,9.384,70.0,1,83.0,46.29
S8x4x4-LD21-H0.3-F0.6-A4-s42,high,twostage,7,400,9.407,70.0,1,83.0,46.29
S8x4x4-LD21-H0.3-F0.6-A4-s42,high,twostage,7,401,9.435,70.0,1,83.0,46.29
S8x4x4-LD21-H0.3-F0.6-A4-s42,high,twostage,7,402,9.457,70.0,1,83.0,46.29
S8x4x4-LD21-H0.3-F0.6-A4-s42,high,twostage,7,403,9.479,70.0,1,83.0,46.29
S8x4x4-LD21-H0.3-F0.6-A4-s42,high,twostage,7,404,9.501,70.0,1,83.0,46.29
S8x4x4-LD21-H0.3-F0.6-A4-s42,high,twostage,7,405,9.523,70.0,1,83.0,46.29
S8x4x4-LD21-H0.3-F0.6-A4-s42,high,twostage,7,406,9.548,70.0,1,83.0,46.29
S8x4x4-LD21-H0.3-F0.6-A4-s42,high,twostage,7,407,9.569,70.0,1,83.0,46.29
S8x4x4-LD21-H0.3-F0.6-A4-s42,high,twostage,7,408,9.591,70.0,1,83.0,46.29
S8x4x4-LD21-H0.3-F0.6-A4-s42,high,twostage,7,409,9.613,70.0,1,83.0,46.29
S8x4x4-LD21-H0.3-F0.6-A4-s42,high,twostage,7,410,9.635,70.0,1,83.0,46.29
S8x4x4-LD21-H0.3-F0.6-A4-s42,high,twostage,7,411,9.66,70.0,1,83.0,46.29
S8x4x4-LD21-H0.3-F0.6-A4-s42,high,twostage,7,412,9.682,70.0,1,83.0,46.29
S8x4x4-LD21-H0.3-F0.6-A4-s42,high,twostage,7,413,9.705,70.0,1,83.0,46.29
S8x4x4-LD21-H0.3-F0.6-A4-s42,high,twostage,7,414,9.727,70.0,1,83.0,46.29
S8x4x4-LD21-H0.3-F0.6-A4-s42,high,twostage,7,415,9.748,70.0,1,83.0,46.29
S8x4x4-LD21-H0.3-F0.6-A4-s42,high,twostage,7,416,9.774,70.0,1,83.0,46.29
S8x4x4-LD21-H0.3-F0.6-A4-s42,high,twostage,7,417,9.795,70.0,1,83.0,46.29
S8x4x4-LD21-H0.3-F0.6-A4-s42,high,twostage,7,418,9.818,70.0,1,83.0,46.29
S8x4x4-LD21-H0.3-F0.6-A4-s42,high,twostage,7,419,9.84,70.0,1,83.0,46.29
S8x4x4-LD21-H0.3-F0.6-A4-s42,high,twostage,7,420,9.861,70.0,1,83.0,46.29
S8x4x4-LD21-H0.3-F0.6-A4-s42,high,twostage,7,421,9.886,70.0,1,83.0,46.29
S8x4x4-LD21-H0.3-F0.6-A4-s42,high,twostage,7,422,9.908,70.0,1,83.0,46.29
S8x4x4-LD21-H0.3-F0.6-A4-s42,high,twostage,7,423,9.931,70.0,1,83.0,46.29
S8x4x4-LD21-H0.3-F0.6-A4-s42,high,twostage,7,424,9.952,70.0,1,83.0,46.29
S8x4x4-LD21-H0.3-F0.6-A4-s42,high,twostage,7,425,9.975,70.0,1,83.0,46.29
S8x4x4-LD21-H0.3-F0.6-A4-s42,high,twostage,7,426,9.998,70.0,1,83.0,46.29
S8x4x4-LD21-H0.3-F0.6-A4-s42,high,twostage,7,427,10.021,70.0,1,83.0,46.29
S8x4x4-LD21-H0.3-F0.6-A4-s42,high,twostage,7,428,10.044,70.0,1,83.0,46.29
S8x4x4-LD21-H0.3-F0.6-A4-s42,high,twostage,7,429,10.065,70.0,1,83.0,46.29
S8x4x4-LD21-H0.3-F0.6-A4-s42,high,twostage,7,430,10.09,70.0,1,83.0,46.29
S8x4x4-LD21-H0.3-F0.6-A4-s42,high,twostage,7,431,10.112,70.0,1,83.0,46.29
S8x4x4-LD21-H0.3-F0.6-A4-s42,high,twostage,7,432,10.134,70.0,1,83.0,46.29
S8x4x4-LD21-H0.3-F0.6-A4-s42,high,twostage,7,433,10.156,70.0,1,83.0,46.29
S8x4x4-LD21-H0.3-F0.6-A4-s42,high,twostage,7,434,10.178,70.0,1,83.0,46.29
S8x4x4-LD21-H0.3-F0.6-A4-s42,high,twostage,7,435,10.203,70.0,1,83.0,46.29
S8x4x4-LD21-H0.3-F0.6-A4-s42,high,twostage,7,436,10.224,70.0,1,83.0,46.29
S8x4x4-LD21-H0.3-F0.6-A4-s42,high,twostage,7,437,10.246,70.0,1,83.0,46.29
S8x4x4-LD21-H0.3-F0.6-A4-s42,high,twostage,7,438,10.269,70.0,1,83.0,46.29
S8x4x4-LD21-H0.3-F0.6-A4-s42,high,twostage,7,439,10.291,70.0,1,83.0,46.29
S8x4x4-LD21-H0.3-F0.6-A4-s42,high,twostage,7,440,10.315,70.0,1,83.0,46.29
S8x4x4-LD21-H0.3-F0.6-A4-s42,high,twostage,7,441,10.338,70.0,1,83.0,46.29
S8x4x4-LD21-H0.3-F0.6-A4-s42,high,twostage,7,442,10.361,70.0,1,83.0,46.29
S8x4x4-LD21-H0.3-F0.6-A4-s42,high,twostage,7,443,10.384,70.0,1,83.0,46.29
S8x4x4-LD21-H0.3-F0.6-A4-s42,high,twostage,7,444,10.406,70.0,1,83.0,46.29
S8x4x4-LD21-H0.3-F0.6-A4-s42,high,twostage,7,445,10.432,70.0,1,83.0,46.29
S8x4x4-LD21-H0.3-F0.6-A4-s42,high,twostage,7,446,10.454,70.0,1,83.0,46.29
S8x4x4-LD21-H0.3-F0.6-A4-s42,high,twostage,7,447,10.476,70.0,1,83.0,46.29
S8x4x4-LD21-H0.3-F0.6-A4-s42,high,twostage,7,448,10.499,70.0,1,83.0,46.29
S8x4x4-LD21-H0.3-F0.6-A4-s42,high,twostage,7,449,10.521,70.0,1,83.0,46.29
S8x4x4-LD21-H0.3-F0.6-A4-s42,high,twostage,7,450,10.545,70.0,1,83.0,46.29
S8x4x4-LD21-H0.3-F0.6-A4-s42,high,twostage,7,451,10.568,70.0,1,83.0,46.29
S8x4x4-LD21-H0.3-F0.6-A4-s42,high,twostage,7,452,10.59,70.0,1,83.0,46.29
S8x4x4-LD21-H0.3-F0.6-A4-s42,high,twostage,7,453,10.612,70.0,1,83.0,46.29
S8x4x4-LD21-H0.3-F0.6-A4-s42,high,twostage,7,454,10.634,70.0,1,83.0,46.29
S8x4x4-LD21-H0.3-F0.6-A4-s42,high,twostage,7,455,10.659,70.0,1,83.0,46.29
S8x4x4-LD21-H0.3-F0.6-A4-s42,high,twostage,7,456,10.681,70.0,1,83.0,46.29
S8x4x4-LD21-H0.3-F0.6-A4-s42,high,twostage,7,457,10.704,70.0,1,83.0,46.29
S8x4x4-LD21-H0.3-F0.6-A4-s42,high,twostage,7,458,10.725,70.0,1,83.0,46.29
S8x4x4-LD21-H0.3-F0.6-A4-s42,high,twostage,7,459,10.748,70.0,1,83.0,46.29
S8x4x4-LD21-H0.3-F0.6-A4-s42,high,twostage,7,460,10.773,70.0,1,83.0,46.29
S8x4x4-LD21-H0.3-F0.6-A4-s42,high,twostage,7,461,10.795,70.0,1,83.0,46.29
S8x4x4-LD21-H0.3-F0.6-A4-s42,high,twostage,7,462,10.817,70.0,1,83.0,46.29
S8x4x4-LD21-H0.3-F0.6-A4-s42,high,twostage,7,463,10.839,70.0,1,83.0,46.29
S8x4x4-LD21-H0.3-F0.6-A4-s42,high,twostage,7,464,10.861,70.0,1,83.0,46.29
S8x4x4-LD21-H0.3-F0.6-A4-s42,high,twostage,7,465,10.885,70.0,1,83.0,46.29
S8x4x4-LD21-H0.3-F0.6-A4-s42,high,twostage,7,466,10.907,70.0,1,83.0,46.29
S8x4x4-LD21-H0.3-F0.6-A4-s42,high,twostage,7,467,10.93,70.0,1,83.0,46.29
S8x4x4-LD21-H0.3-F0.6-A4-s42,high,twostage,7,468,10.953,70.0,1,83.0,46.29
S8x4x4-LD21-H0.3-F0.6-A4-s42,high,twostage,7,469,10.975,70.0,1,83.0,46.29
S8x4x4-LD21-H0.3-F0.6-A4-s42,high,twostage,7,470,10.999,70.0,1,83.0,46.29
S8x4x4-LD21-H0.3-F0.6-A4-s42,high,twostage,7,471,11.02,70.0,1,83.0,46.29
S8x4x4-LD21-H0.3-F0.6-A4-s42,high,twostage,7,472,11.043,70.0,1,83.0,46.29
S8x4x4-LD21-H0.3-F0.6-A4-s42,high,twostage,7,473,11.064,70.0,1,83.0,46.29
S8x4x4-LD21-H0.3-F0.6-A4-s42,high,twostage,7,474,11.086,70.0,1,83.0,46.29
S8x4x4-LD21-H0.3-F0.6-A4-s42,high,twostage,7,475,11.111,70.0,1,83.0,46.29
S8x4x4-LD21-H0.3-F0.6-A4-s42,high,twostage,7,476,11.132,70.0,1,83.0,46.29
S8x4x4-LD21-H0.3-F0.6-A4-s42,high,twostage,7,477,11.154,70.0,1,83.0,46.29
S8x4x4-LD21-H0.3-F0.6-A4-s42,high,twostage,7,478,11.175,70.0,1,83.0,46.29
S8x4x4-LD21-H0.3-F0.6-A4-s42,high,twostage,7,479,11.197,70.0,1,83.0,46.29
S8x4x4-LD21-H0.3-F0.6-A4-s42,high,twostage,7,480,11.221,70.0,1,83.0,46.29
S8x4x4-LD21-H0.3-F0.6-A4-s42,high,twostage,7,481,11.244,70.0,1,83.0,46.29
S8x4x4-LD21-H0.3-F0.6-A4-s42,high,twostage,7,482,11.265,70.0,1,83.0,46.29
S8x4x4-LD21-H0.3-F0.6-A4-s42,high,twostage,7,483,11.286,70.0,1,83.0,46.29
S8x4x4-LD21-H0.3-F0.6-A4-s42,high,twostage,7,484,11.312,70.0,1,83.0,46.29
S8x4x4-LD21-H0.3-F0.6-A4-s42,high,twostage,7,485,11.334,70.0,1,83.0,46.29
S8x4x4-LD21-H0.3-F0.6-A4-s42,high,twostage,7,486,11.358,70.0,1,83.0,46.29
S8x4x4-LD21-H0.3-F0.6-A4-s42,high,twostage,7,487,11.38,70.0,1,83.0,46.29
S8x4x4-LD21-H0.3-F0.6-A4-s42,high,twostage,7,488,11.402,70.0,1,83.0,46.29
S8x4x4-LD21-H0.3-F0.6-A4-s42,high,twostage,7,489,11.429,70.0,1,83.0,46.29
S8x4x4-LD21-H0.3-F0.6-A4-s42,high,twostage,7,490,11.45,70.0,1,83.0,46.29
S8x4x4-LD21-H0.3-F0.6-A4-s42,high,twostage,7,491,11.474,70.0,1,83.0,46.29
S8x4x4-LD21-H0.3-F0.6-A4-s42,high,twostage,7,492,11.496,70.0,1,83.0,46.29
S8x4x4-LD21-H0.3-F0.6-A4-s42,high,twostage,7,493,11.518,70.0,1,83.0,46.29
S8x4x4-LD21-H0.3-F0.6-A4-s42,high,twostage,7,494,11.543,70.0,1,83.0,46.29
S8x4x4-LD21-H0.3-F0.6-A4-s42,high,twostage,7,495,11.566,70.0,1,83.0,46.29
S8x4x4-LD21-H0.3-F0.6-A4-s42,high,twostage,7,496,11.589,70.0,1,83.0,46.29
S8x4x4-LD21-H0.3-F0.6-A4-s42,high,twostage,7,497,11.609,70.0,1,83.0,46.29
S8x4x4-LD21-H0.3-F0.6-A4-s42,high,twostage,7,498,11.631,70.0,1,83.0,46.29
S8x4x4-LD21-H0.3-F0.6-A4-s42,high,twostage,7,499,11.657,70.0,1,83.0,46.29
S8x4x4-LD21-H0.3-F0.6-A4-s42,high,twostage,7,500,11.68,70.0,1,83.0,46.29
S8x4x4-LD21-H0.3-F0.6-A4-s42,high,twostage,7,501,11.703,70.0,1,83.0,46.29
S8x4x4-LD21-H0.3-F0.6-A4-s42,high,twostage,7,502,11.724,70.0,1,83.0,46.29
S8x4x4-LD21-H0.3-F0.6-A4-s42,high,twostage,7,503,11.746,70.0,1,83.0,46.29
S8x4x4-LD21-H0.3-F0.6-A4-s42,high,twostage,7,504,11.771,70.0,1,83.0,46.29
S8x4x4-LD21-H0.3-F0.6-A4-s42,high,twostage,7,505,11.793,70.0,1,83.0,46.29
S8x4x4-LD21-H0.3-F0.6-A4-s42,high,twostage,7,506,11.815,70.0,1,83.0,46.29
S8x4x4-LD21-H0.3-F0.6-A4-s42,high,twostage,7,507,11.836,70.0,1,83.0,46.29
S8x4x4-LD21-H0.3-F0.6-A4-s42,high,twostage,7,508,11.859,70.0,1,83.0,46.29
S8x4x4-LD21-H0.3-F0.6-A4-s42,high,twostage,7,509,11.883,70.0,1,83.0,46.29
S8x4x4-LD21-H0.3-F0.6-A4-s42,high,twostage,7,510,11.905,70.0,1,83.0,46.29
S8x4x4-LD21-H0.3-F0.6-A4-s42,high,twostage,7,511,11.927,70.0,1,83.0,46.29
S8x4x4-LD21-H0.3-F0.6-A4-s42,high,twostage,7,512,11.949,70.0,1,83.0,46.29
S8x4x4-LD21-H0.3-F0.6-A4-s42,high,twostage,7,513,11.971,70.0,1,83.0,46.29
S8x4x4-LD21-H0.3-F0.6-A4-s42,high,twostage,7,514,11.995,70.0,1,83.0,46.29
S8x4x4-LD21-H0.3-F0.6-A4-s42,high,twostage,7,515,12.018,70.0,1,83.0,46.29
S8x4x4-LD21-H0.3-F0.6-A4-s42,high,twostage,7,516,12.039,70.0,1,83.0,46.29
S8x4x4-LD21-H0.3-F0.6-A4-s42,high,twostage,7,517,12.06,70.0,1,83.0,46.29
S8x4x4-LD21-H0.3-F0.6-A4-s42,high,twostage,7,518,12.084,70.0,1,83.0,46.29
S8x4x4-LD21-H0.3-F0.6-A4-s42,high,twostage,7,519,12.108,70.0,1,83.0,46.29
S8x4x4-LD21-H0.3-F0.6-A4-s42,high,twostage,7,520,12.13,70.0,1,83.0,46.29
S8x4x4-LD21-H0.3-F0.6-A4-s42,high,twostage,7,521,12.152,70.0,1,83.0,46.29
S8x4x4-LD21-H0.3-F0.6-A4-s42,high,twostage,7,522,12.175,70.0,1,83.0,46.29
S8x4x4-LD21-H0.3-F0.6-A4-s42,high,twostage,7,523,12.197,70.0,1,83.0,46.29
S8x4x4-LD21-H0.3-F0.6-A4-s42,high,twostage,7,524,12.221,70.0,1,83.0,46.29
S8x4x4-LD21-H0.3-F0.6-A4-s42,high,twostage,7,525,12.244,70.0,1,83.0,46.29
S8x4x4-LD21-H0.3-F0.6-A4-s42,high,twostage,7,526,12.266,70.0,1,83.0,46.29
S8x4x4-LD21-H0.3-F0.6-A4-s42,high,twostage,7,527,12.288,70.0,1,83.0,46.29
S8x4x4-LD21-H0.3-F0.6-A4-s42,high,twostage,7,528,12.309,70.0,1,83.0,46.29
S8x4x4-LD21-H0.3-F0.6-A4-s42,high,twostage,7,529,12.335,70.0,1,83.0,46.29
S8x4x4-LD21-H0.3-F0.6-A4-s42,high,twostage,7,530,12.357,70.0,1,83.0,46.29
S8x4x4-LD21-H0.3-F0.6-A4-s42,high,twostage,7,531,12.38,70.0,1,83.0,46.29
S8x4x4-LD21-H0.3-F0.6-A4-s42,high,twostage,7,532,12.407,70.0,1,83.0,46.29
S8x4x4-LD21-H0.3-F0.6-A4-s42,high,twostage,7,533,12.429,70.0,1,83.0,46.29
S8x4x4-LD21-H0.3-F0.6-A4-s42,high,twostage,7,534,12.455,70.0,1,83.0,46.29
S8x4x4-LD21-H0.3-F0.6-A4-s42,high,twostage,7,535,12.477,70.0,1,83.0,46.29
S8x4x4-LD21-H0.3-F0.6-A4-s42,high,twostage,7,536,12.499,70.0,1,83.0,46.29
S8x4x4-LD21-H0.3-F0.6-A4-s42,high,twostage,7,537,12.521,70.0,1,83.0,46.29
S8x4x4-LD21-H0.3-F0.6-A4-s42,high,twostage,7,538,12.546,70.0,1,83.0,46.29
S8x4x4-LD21-H0.3-F0.6-A4-s42,high,twostage,7,539,12.568,70.0,1,83.0,46.29
S8x4x4-LD21-H0.3-F0.6-A4-s42,high,twostage,7,540,12.591,70.0,1,83.0,46.29
S8x4x4-LD21-H0.3-F0.6-A4-s42,high,twostage,7,541,12.613,70.0,1,83.0,46.29
S8x4x4-LD21-H0.3-F0.6-A4-s42,high,twostage,7,542,12.635,70.0,1,83.0,46.29
S8x4x4-LD21-H0.3-F0.6-A4-s42,high,twostage,7,543,12.66,70.0,1,83.0,46.29
S8x4x4-LD21-H0.3-F0.6-A4-s42,high,twostage,7,544,12.682,70.0,1,83.0,46.29
S8x4x4-LD21-H0.3-F0.6-A4-s42,high,twostage,7,545,12.705,70.0,1,83.0,46.29
S8x4x4-LD21-H0.3-F0.6-A4-s42,high,twostage,7,546,12.726,70.0,1,83.0,46.29
S8x4x4-LD21-H0.3-F0.6-A4-s42,high,twostage,7,547,12.748,70.0,1,83.0,46.29
S8x4x4-LD21-H0.3-F0.6-A4-s42,high,twostage,7,548,12.773,70.0,1,83.0,46.29
S8x4x4-LD21-H0.3-F0.6-A4-s42,high,twostage,7,549,12.797,70.0,1,83.0,46.29
S8x4x4-LD21-H0.3-F0.6-A4-s42,high,twostage,7,550,12.818,70.0,1,83.0,46.29
S8x4x4-LD21-H0.3-F0.6-A4-s42,high,twostage,7,551,12.841,70.0,1,83.0,46.29
S8x4x4-LD21-H0.3-F0.6-A4-s42,high,twostage,7,552,12.862,70.0,1,83.0,46.29
S8x4x4-LD21-H0.3-F0.6-A4-s42,high,twostage,7,553,12.888,70.0,1,83.0,46.29
S8x4x4-LD21-H0.3-F0.6-A4-s42,high,twostage,7,554,12.91,70.0,1,83.0,46.29
S8x4x4-LD21-H0.3-F0.6-A4-s42,high,twostage,7,555,12.933,70.0,1,83.0,46.29
S8x4x4-LD21-H0.3-F0.6-A4-s42,high,twostage,7,556,12.954,70.0,1,83.0,46.29
S8x4x4-LD21-H0.3-F0.6-A4-s42,high,twostage,7,557,12.976,70.0,1,83.0,46.29
S8x4x4-LD21-H0.3-F0.6-A4-s42,high,twostage,7,558,13.001,70.0,1,83.0,46.29
S8x4x4-LD21-H0.3-F0.6-A4-s42,high,twostage,7,559,13.023,70.0,1,83.0,46.29
S8x4x4-LD21-H0.3-F0.6-A4-s42,high,twostage,7,560,13.046,70.0,1,83.0,46.29
S8x4x4-LD21-H0.3-F0.6-A4-s42,high,twostage,7,561,13.067,70.0,1,83.0,46.29
S8x4x4-LD21-H0.3-F0.6-A4-s42,high,twostage,7,562,13.089,70.0,1,83.0,46.29
S8x4x4-LD21-H0.3-F0.6-A4-s42,high,twostage,7,563,13.113,70.0,1,83.0,46.29
S8x4x4-LD21-H0.3-F0.6-A4-s42,high,twostage,7,564,13.135,70.0,1,83.0,46.29
S8x4x4-LD21-H0.3-F0.6-A4-s42,high,twostage,7,565,13.157,70.0,1,83.0,46.29
S8x4x4-LD21-H0.3-F0.6-A4-s42,high,twostage,7,566,13.18,70.0,1,83.0,46.29
S8x4x4-LD21-H0.3-F0.6-A4-s42,high,twostage,7,567,13.203,70.0,1,83.0,46.29
S8x4x4-LD21-H0.3-F0.6-A4-s42,high,twostage,7,568,13.227,70.0,1,83.0,46.29
S8x4x4-LD21-H0.3-F0.6-A4-s42,high,twostage,7,569,13.25,70.0,1,83.0,46.29
S8x4x4-LD21-H0.3-F0.6-A4-s42,high,twostage,7,570,13.272,70.0,1,83.0,46.29
S8x4x4-LD21-H0.3-F0.6-A4-s42,high,twostage,7,571,13.293,70.0,1,83.0,46.29
S8x4x4-LD21-H0.3-F0.6-A4-s42,high,twostage,7,572,13.316,70.0,1,83.0,46.29
S8x4x4-LD21-H0.3-F0.6-A4-s42,high,twostage,7,573,13.343,70.0,1,83.0,46.29
S8x4x4-LD21-H0.3-F0.6-A4-s42,high,twostage,7,574,13.366,70.0,1,83.0,46.29
S8x4x4-LD21-H0.3-F0.6-A4-s42,high,twostage,7,575,13.387,70.0,1,83.0,46.29
S8x4x4-LD21-H0.3-F0.6-A4-s42,high,twostage,7,576,13.41,70.0,1,83.0,46.29
S8x4x4-LD21-H0.3-F0.6-A4-s42,high,twostage,7,577,13.432,70.0,1,83.0,46.29
S8x4x4-LD21-H0.3-F0.6-A4-s42,high,twostage,7,578,13.457,70.0,1,83.0,46.29
S8x4x4-LD21-H0.3-F0.6-A4-s42,high,twostage,7,579,13.478,70.0,1,83.0,46.29
S8x4x4-LD21-H0.3-F0.6-A4-s42,high,twostage,7,580,13.501,70.0,1,83.0,46.29
S8x4x4-LD21-H0.3-F0.6-A4-s42,high,twostage,7,581,13.523,70.0,1,83.0,46.29
S8x4x4-LD21-H0.3-F0.6-A4-s42,high,twostage,7,582,13.544,70.0,1,83.0,46.29
S8x4x4-LD21-H0.3-F0.6-A4-s42,high,twostage,7,583,13.569,70.0,1,83.0,46.29
S8x4x4-LD21-H0.3-F0.6-A4-s42,high,twostage,7,584,13.59,70.0,1,83.0,46.29
S8x4x4-LD21-H0.3-F0.6-A4-s42,high,twostage,7,585,13.612,70.0,1,83.0,46.29
S8x4x4-LD21-H0.3-F0.6-A4-s42,high,twostage,7,586,13.635,70.0,1,83.0,46.29
S8x4x4-LD21-H0.3-F0.6-A4-s42,high,twostage,7,587,13.657,70.0,1,83.0,46.29
S8x4x4-LD21-H0.3-F0.6-A4-s42,high,twostage,7,588,13.681,70.0,1,83.0,46.29
S8x4x4-LD21-H0.3-F0.6-A4-s42,high,twostage,7,589,13.703,70.0,1,83.0,46.29
S8x4x4-LD21-H0.3-F0.6-A4-s42,high,twostage,7,590,13.725,70.0,1,83.0,46.29
S8x4x4-LD21-H0.3-F0.6-A4-s42,high,twostage,7,591,13.748,70.0,1,83.0,46.29
S8x4x4-LD21-H0.3-F0.6-A4-s42,high,twostage,7,592,13.77,70.0,1,83.0,46.29
S8x4x4-LD21-H0.3-F0.6-A4-s42,high,twostage,7,593,13.794,70.0,1,83.0,46.29
S8x4x4-LD21-H0.3-F0.6-A4-s42,high,twostage,7,594,13.817,70.0,1,83.0,46.29
S8x4x4-LD21-H0.3-F0.6-A4-s42,high,twostage,7,595,13.838,70.0,1,83.0,46.29
S8x4x4-LD21-H0.3-F0.6-A4-s42,high,twostage,7,596,13.86,70.0,1,83.0,46.29
S8x4x4-LD21-H0.3-F0.6-A4-s42,high,twostage,7,597,13.886,70.0,1,83.0,46.29
S8x4x4-LD21-H0.3-F0.6-A4-s42,high,twostage,7,598,13.907,70.0,1,83.0,46.29
S8x4x4-LD21-H0.3-F0.6-A4-s42,high,twostage,7,599,13.929,70.0,1,83.0,46.29
S8x4x4-LD21-H0.3-F0.6-A4-s42,high,twostage,7,600,13.952,70.0,1,83.0,46.29
S8x4x4-LD21-H0.3-F0.6-A4-s42,high,twostage,7,601,13.974,70.0,1,83.0,46.29
S8x4x4-LD21-H0.3-F0.6-A4-s42,high,twostage,7,602,14.0,70.0,1,83.0,46.29
S8x4x4-LD21-H0.3-F0.6-A4-s42,high,twostage,7,603,14.021,70.0,1,83.0,46.29
S8x4x4-LD21-H0.3-F0.6-A4-s42,high,twostage,7,604,14.044,70.0,1,83.0,46.29
S8x4x4-LD21-H0.3-F0.6-A4-s42,high,twostage,7,605,14.066,70.0,1,83.0,46.29
S8x4x4-LD21-H0.3-F0.6-A4-s42,high,twostage,7,606,14.088,70.0,1,83.0,46.29
S8x4x4-LD21-H0.3-F0.6-A4-s42,high,twostage,7,607,14.113,70.0,1,83.0,46.29
S8x4x4-LD21-H0.3-F0.6-A4-s42,high,twostage,7,608,14.134,70.0,1,83.0,46.29
S8x4x4-LD21-H0.3-F0.6-A4-s42,high,twostage,7,609,14.157,70.0,1,83.0,46.29
S8x4x4-LD21-H0.3-F0.6-A4-s42,high,twostage,7,610,14.178,70.0,1,83.0,46.29
S8x4x4-LD21-H0.3-F0.6-A4-s42,high,twostage,7,611,14.201,70.0,1,83.0,46.29
S8x4x4-LD21-H0.3-F0.6-A4-s42,high,twostage,7,612,14.225,70.0,1,83.0,46.29
S8x4x4-LD21-H0.3-F0.6-A4-s42,high,twostage,7,613,14.247,70.0,1,83.0,46.29
S8x4x4-LD21-H0.3-F0.6-A4-s42,high,twostage,7,614,14.269,70.0,1,83.0,46.29
S8x4x4-LD21-H0.3-F0.6-A4-s42,high,twostage,7,615,14.292,70.0,1,83.0,46.29
S8x4x4-LD21-H0.3-F0.6-A4-s42,high,twostage,7,616,14.315,70.0,1,83.0,46.29
S8x4x4-LD21-H0.3-F0.6-A4-s42,high,twostage,7,617,14.34,70.0,1,83.0,46.29
S8x4x4-LD21-H0.3-F0.6-A4-s42,high,twostage,7,618,14.363,70.0,1,83.0,46.29
S8x4x4-LD21-H0.3-F0.6-A4-s42,high,twostage,7,619,14.384,70.0,1,83.0,46.29
S8x4x4-LD21-H0.3-F0.6-A4-s42,high,twostage,7,620,14.407,70.0,1,83.0,46.29
S8x4x4-LD21-H0.3-F0.6-A4-s42,high,twostage,7,621,14.43,70.0,1,83.0,46.29
S8x4x4-LD21-H0.3-F0.6-A4-s42,high,twostage,7,622,14.454,70.0,1,83.0,46.29
S8x4x4-LD21-H0.3-F0.6-A4-s42,high,twostage,7,623,14.478,70.0,1,83.0,46.29
S8x4x4-LD21-H0.3-F0.6-A4-s42,high,twostage,7,624,14.501,70.0,1,83.0,46.29
S8x4x4-LD21-H0.3-F0.6-A4-s42,high,twostage,7,625,14.523,70.0,1,83.0,46.29
S8x4x4-LD21-H0.3-F0.6-A4-s42,high,twostage,7,626,14.545,70.0,1,83.0,46.29
S8x4x4-LD21-H0.3-F0.6-A4-s42,high,twostage,7,627,14.572,70.0,1,83.0,46.29
S8x4x4-LD21-H0.3-F0.6-A4-s42,high,twostage,7,628,14.595,70.0,1,83.0,46.29
S8x4x4-LD21-H0.3-F0.6-A4-s42,high,twostage,7,629,14.617,70.0,1,83.0,46.29
S8x4x4-LD21-H0.3-F0.6-A4-s42,high,twostage,7,630,14.639,70.0,1,83.0,46.29
S8x4x4-LD21-H0.3-F0.6-A4-s42,high,twostage,7,631,14.662,70.0,1,83.0,46.29
S8x4x4-LD21-H0.3-F0.6-A4-s42,high,twostage,7,632,14.685,70.0,1,83.0,46.29
S8x4x4-LD21-H0.3-F0.6-A4-s42,high,twostage,7,633,14.708,70.0,1,83.0,46.29
S8x4x4-LD21-H0.3-F0.6-A4-s42,high,twostage,7,634,14.731,70.0,1,83.0,46.29
S8x4x4-LD21-H0.3-F0.6-A4-s42,high,twostage,7,635,14.753,70.0,1,83.0,46.29
S8x4x4-LD21-H0.3-F0.6-A4-s42,high,twostage,7,636,14.775,70.0,1,83.0,46.29
S8x4x4-LD21-H0.3-F0.6-A4-s42,high,twostage,7,637,14.8,70.0,1,83.0,46.29
S8x4x4-LD21-H0.3-F0.6-A4-s42,high,twostage,7,638,14.821,70.0,1,83.0,46.29
S8x4x4-LD21-H0.3-F0.6-A4-s42,high,twostage,7,639,14.844,70.0,1,83.0,46.29
S8x4x4-LD21-H0.3-F0.6-A4-s42,high,twostage,7,640,14.866,70.0,1,83.0,46.29
S8x4x4-LD21-H0.3-F0.6-A4-s42,high,twostage,7,641,14.887,70.0,1,83.0,46.29
S8x4x4-LD21-H0.3-F0.6-A4-s42,high,twostage,7,642,14.912,70.0,1,83.0,46.29
S8x4x4-LD21-H0.3-F0.6-A4-s42,high,twostage,7,643,14.934,70.0,1,83.0,46.29
S8x4x4-LD21-H0.3-F0.6-A4-s42,high,twostage,7,644,14.956,70.0,1,83.0,46.29
S8x4x4-LD21-H0.3-F0.6-A4-s42,high,twostage,7,645,14.979,70.0,1,83.0,46.29
S8x4x4-LD21-H0.3-F0.6-A4-s42,high,twostage,7,646,15.005,70.0,1,83.0,46.29
S8x4x4-LD21-H0.3-F0.6-A4-s42,high,twostage,7,647,15.027,70.0,1,83.0,46.29
S8x4x4-LD21-H0.3-F0.6-A4-s42,high,twostage,7,648,15.049,70.0,1,83.0,46.29
S8x4x4-LD21-H0.3-F0.6-A4-s42,high,twostage,7,649,15.072,70.0,1,83.0,46.29
S8x4x4-LD21-H0.3-F0.6-A4-s42,high,twostage,7,650,15.094,70.0,1,83.0,46.29
S8x4x4-LD21-H0.3-F0.6-A4-s42,high,twostage,7,651,15.12,70.0,1,83.0,46.29
S8x4x4-LD21-H0.3-F0.6-A4-s42,high,twostage,7,652,15.142,70.0,1,83.0,46.29
S8x4x4-LD21-H0.3-F0.6-A4-s42,high,twostage,7,653,15.166,70.0,1,83.0,46.29
S8x4x4-LD21-H0.3-F0.6-A4-s42,high,twostage,7,654,15.188,70.0,1,83.0,46.29
S8x4x4-LD21-H0.3-F0.6-A4-s42,high,twostage,7,655,15.21,70.0,1,83.0,46.29
S8x4x4-LD21-H0.3-F0.6-A4-s42,high,twostage,7,656,15.235,70.0,1,83.0,46.29
S8x4x4-LD21-H0.3-F0.6-A4-s42,high,twostage,7,657,15.257,70.0,1,83.0,46.29
S8x4x4-LD21-H0.3-F0.6-A4-s42,high,twostage,7,658,15.28,70.0,1,83.0,46.29
S8x4x4-LD21-H0.3-F0.6-A4-s42,high,twostage,7,659,15.302,70.0,1,83.0,46.29
S8x4x4-LD21-H0.3-F0.6-A4-s42,high,twostage,7,660,15.326,70.0,1,83.0,46.29
S8x4x4-LD21-H0.3-F0.6-A4-s42,high,twostage,7,661,15.352,70.0,1,83.0,46.29
S8x4x4-LD21-H0.3-F0.6-A4-s42,high,twostage,7,662,15.375,70.0,1,83.0,46.29
S8x4x4-LD21-H0.3-F0.6-A4-s42,high,twostage,7,663,15.397,70.0,1,83.0,46.29
S8x4x4-LD21-H0.3-F0.6-A4-s42,high,twostage,7,664,15.419,70.0,1,83.0,46.29
S8x4x4-LD21-H0.3-F0.6-A4-s42,high,twostage,7,665,15.441,70.0,1,83.0,46.29
S8x4x4-LD21-H0.3-F0.6-A4-s42,high,twostage,7,666,15.465,70.0,1,83.0,46.29
S8x4x4-LD21-H0.3-F0.6-A4-s42,high,twostage,7,667,15.489,70.0,1,83.0,46.29
S8x4x4-LD21-H0.3-F0.6-A4-s42,high,twostage,7,668,15.511,70.0,1,83.0,46.29
S8x4x4-LD21-H0.3-F0.6-A4-s42,high,twostage,7,669,15.533,70.0,1,83.0,46.29
S8x4x4-LD21-H0.3-F0.6-A4-s42,high,twostage,7,670,15.556,70.0,1,83.0,46.29
S8x4x4-LD21-H0.3-F0.6-A4-s42,high,twostage,7,671,15.579,70.0,1,83.0,46.29
S8x4x4-LD21-H0.3-F0.6-A4-s42,high,twostage,7,672,15.601,70.0,1,83.0,46.29
S8x4x4-LD21-H0.3-F0.6-A4-s42,high,twostage,7,673,15.624,70.0,1,83.0,46.29
S8x4x4-LD21-H0.3-F0.6-A4-s42,high,twostage,7,674,15.646,70.0,1,83.0,46.29
S8x4x4-LD21-H0.3-F0.6-A4-s42,high,twostage,7,675,15.668,70.0,1,83.0,46.29
S8x4x4-LD21-H0.3-F0.6-A4-s42,high,twostage,7,676,15.694,70.0,1,83.0,46.29
S8x4x4-LD21-H0.3-F0.6-A4-s42,high,twostage,7,677,15.716,70.0,1,83.0,46.29
S8x4x4-LD21-H0.3-F0.6-A4-s42,high,twostage,7,678,15.739,70.0,1,83.0,46.29
S8x4x4-LD21-H0.3-F0.6-A4-s42,high,twostage,7,679,15.761,70.0,1,83.0,46.29
S8x4x4-LD21-H0.3-F0.6-A4-s42,high,twostage,7,680,15.783,70.0,1,83.0,46.29
S8x4x4-LD21-H0.3-F0.6-A4-s42,high,twostage,7,681,15.807,70.0,1,83.0,46.29
S8x4x4-LD21-H0.3-F0.6-A4-s42,high,twostage,7,682,15.829,70.0,1,83.0,46.29
S8x4x4-LD21-H0.3-F0.6-A4-s42,high,twostage,7,683,15.851,70.0,1,83.0,46.29
S8x4x4-LD21-H0.3-F0.6-A4-s42,high,twostage,7,684,15.872,70.0,1,83.0,46.29
S8x4x4-LD21-H0.3-F0.6-A4-s42,high,twostage,7,685,15.894,70.0,1,83.0,46.29
S8x4x4-LD21-H0.3-F0.6-A4-s42,high,twostage,7,686,15.919,70.0,1,83.0,46.29
S8x4x4-LD21-H0.3-F0.6-A4-s42,high,twostage,7,687,15.94,70.0,1,83.0,46.29
S8x4x4-LD21-H0.3-F0.6-A4-s42,high,twostage,7,688,15.962,70.0,1,83.0,46.29
S8x4x4-LD21-H0.3-F0.6-A4-s42,high,twostage,7,689,15.985,70.0,1,83.0,46.29
S8x4x4-LD21-H0.3-F0.6-A4-s42,high,twostage,7,690,16.007,70.0,1,83.0,46.29
S8x4x4-LD21-H0.3-F0.6-A4-s42,high,twostage,7,691,16.032,70.0,1,83.0,46.29
S8x4x4-LD21-H0.3-F0.6-A4-s42,high,twostage,7,692,16.054,70.0,1,83.0,46.29
S8x4x4-LD21-H0.3-F0.6-A4-s42,high,twostage,7,693,16.075,70.0,1,83.0,46.29
S8x4x4-LD21-H0.3-F0.6-A4-s42,high,twostage,7,694,16.097,70.0,1,83.0,46.29
S8x4x4-LD21-H0.3-F0.6-A4-s42,high,twostage,7,695,16.119,70.0,1,83.0,46.29
S8x4x4-LD21-H0.3-F0.6-A4-s42,high,twostage,7,696,16.143,70.0,1,83.0,46.29
S8x4x4-LD21-H0.3-F0.6-A4-s42,high,twostage,7,697,16.165,70.0,1,83.0,46.29
S8x4x4-LD21-H0.3-F0.6-A4-s42,high,twostage,7,698,16.188,70.0,1,83.0,46.29
S8x4x4-LD21-H0.3-F0.6-A4-s42,high,twostage,7,699,16.21,70.0,1,83.0,46.29
S8x4x4-LD21-H0.3-F0.6-A4-s42,high,twostage,7,700,16.236,70.0,1,83.0,46.29
S8x4x4-LD21-H0.3-F0.6-A4-s42,high,twostage,7,701,16.258,70.0,1,83.0,46.29
S8x4x4-LD21-H0.3-F0.6-A4-s42,high,twostage,7,702,16.279,70.0,1,83.0,46.29
S8x4x4-LD21-H0.3-F0.6-A4-s42,high,twostage,7,703,16.301,70.0,1,83.0,46.29
S8x4x4-LD21-H0.3-F0.6-A4-s42,high,twostage,7,704,16.324,70.0,1,83.0,46.29
S8x4x4-LD21-H0.3-F0.6-A4-s42,high,twostage,7,705,16.349,70.0,1,83.0,46.29
S8x4x4-LD21-H0.3-F0.6-A4-s42,high,twostage,7,706,16.371,70.0,1,83.0,46.29
S8x4x4-LD21-H0.3-F0.6-A4-s42,high,twostage,7,707,16.394,70.0,1,83.0,46.29
S8x4x4-LD21-H0.3-F0.6-A4-s42,high,twostage,7,708,16.415,70.0,1,83.0,46.29
S8x4x4-LD21-H0.3-F0.6-A4-s42,high,twostage,7,709,16.438,70.0,1,83.0,46.29
S8x4x4-LD21-H0.3-F0.6-A4-s42,high,twostage,7,710,16.463,70.0,1,83.0,46.29
S8x4x4-LD21-H0.3-F0.6-A4-s42,high,twostage,7,711,16.485,70.0,1,83.0,46.29
S8x4x4-LD21-H0.3-F0.6-A4-s42,high,twostage,7,712,16.508,70.0,1,83.0,46.29
S8x4x4-LD21-H0.3-F0.6-A4-s42,high,twostage,7,713,16.53,70.0,1,83.0,46.29
S8x4x4-LD21-H0.3-F0.6-A4-s42,high,twostage,7,714,16.551,70.0,1,83.0,46.29
S8x4x4-LD21-H0.3-F0.6-A4-s42,high,twostage,7,715,16.576,70.0,1,83.0,46.29
S8x4x4-LD21-H0.3-F0.6-A4-s42,high,twostage,7,716,16.598,70.0,1,83.0,46.29
S8x4x4-LD21-H0.3-F0.6-A4-s42,high,twostage,7,717,16.621,70.0,1,83.0,46.29
S8x4x4-LD21-H0.3-F0.6-A4-s42,high,twostage,7,718,16.643,70.0,1,83.0,46.29
S8x4x4-LD21-H0.3-F0.6-A4-s42,high,twostage,7,719,16.665,70.0,1,83.0,46.29
S8x4x4-LD21-H0.3-F0.6-A4-s42,high,twostage,7,720,16.691,70.0,1,83.0,46.29
S8x4x4-LD21-H0.3-F0.6-A4-s42,high,twostage,7,721,16.713,70.0,1,83.0,46.29
S8x4x4-LD21-H0.3-F0.6-A4-s42,high,twostage,7,722,16.736,70.0,1,83.0,46.29
S8x4x4-LD21-H0.3-F0.6-A4-s42,high,twostage,7,723,16.758,70.0,1,83.0,46.29
S8x4x4-LD21-H0.3-F0.6-A4-s42,high,twostage,7,724,16.78,70.0,1,83.0,46.29
S8x4x4-LD21-H0.3-F0.6-A4-s42,high,twostage,7,725,16.806,70.0,1,83.0,46.29
S8x4x4-LD21-H0.3-F0.6-A4-s42,high,twostage,7,726,16.827,70.0,1,83.0,46.29
S8x4x4-LD21-H0.3-F0.6-A4-s42,high,twostage,7,727,16.849,70.0,1,83.0,46.29
S8x4x4-LD21-H0.3-F0.6-A4-s42,high,twostage,7,728,16.871,70.0,1,83.0,46.29
S8x4x4-LD21-H0.3-F0.6-A4-s42,high,twostage,7,729,16.894,70.0,1,83.0,46.29
S8x4x4-LD21-H0.3-F0.6-A4-s42,high,twostage,7,730,16.918,70.0,1,83.0,46.29
S8x4x4-LD21-H0.3-F0.6-A4-s42,high,twostage,7,731,16.94,70.0,1,83.0,46.29
S8x4x4-LD21-H0.3-F0.6-A4-s42,high,twostage,7,732,16.962,70.0,1,83.0,46.29
S8x4x4-LD21-H0.3-F0.6-A4-s42,high,twostage,7,733,16.984,70.0,1,83.0,46.29
S8x4x4-LD21-H0.3-F0.6-A4-s42,high,twostage,7,734,17.007,70.0,1,83.0,46.29
S8x4x4-LD21-H0.3-F0.6-A4-s42,high,twostage,7,735,17.032,70.0,1,83.0,46.29
S8x4x4-LD21-H0.3-F0.6-A4-s42,high,twostage,7,736,17.054,70.0,1,83.0,46.29
S8x4x4-LD21-H0.3-F0.6-A4-s42,high,twostage,7,737,17.076,70.0,1,83.0,46.29
S8x4x4-LD21-H0.3-F0.6-A4-s42,high,twostage,7,738,17.098,70.0,1,83.0,46.29
S8x4x4-LD21-H0.3-F0.6-A4-s42,high,twostage,7,739,17.12,70.0,1,83.0,46.29
S8x4x4-LD21-H0.3-F0.6-A4-s42,high,twostage,7,740,17.144,70.0,1,83.0,46.29
S8x4x4-LD21-H0.3-F0.6-A4-s42,high,twostage,7,741,17.166,70.0,1,83.0,46.29
S8x4x4-LD21-H0.3-F0.6-A4-s42,high,twostage,7,742,17.189,70.0,1,83.0,46.29
S8x4x4-LD21-H0.3-F0.6-A4-s42,high,twostage,7,743,17.21,70.0,1,83.0,46.29
S8x4x4-LD21-H0.3-F0.6-A4-s42,high,twostage,7,744,17.233,70.0,1,83.0,46.29
S8x4x4-LD21-H0.3-F0.6-A4-s42,high,twostage,7,745,17.258,70.0,1,83.0,46.29
S8x4x4-LD21-H0.3-F0.6-A4-s42,high,twostage,7,746,17.28,70.0,1,83.0,46.29
S8x4x4-LD21-H0.3-F0.6-A4-s42,high,twostage,7,747,17.302,70.0,1,83.0,46.29
S8x4x4-LD21-H0.3-F0.6-A4-s42,high,twostage,7,748,17.326,70.0,1,83.0,46.29
S8x4x4-LD21-H0.3-F0.6-A4-s42,high,twostage,7,749,17.352,70.0,1,83.0,46.29
S8x4x4-LD21-H0.3-F0.6-A4-s42,high,twostage,7,750,17.374,70.0,1,83.0,46.29
S8x4x4-LD21-H0.3-F0.6-A4-s42,high,twostage,7,751,17.396,70.0,1,83.0,46.29
S8x4x4-LD21-H0.3-F0.6-A4-s42,high,twostage,7,752,17.418,70.0,1,83.0,46.29
S8x4x4-LD21-H0.3-F0.6-A4-s42,high,twostage,7,753,17.44,70.0,1,83.0,46.29
S8x4x4-LD21-H0.3-F0.6-A4-s42,high,twostage,7,754,17.465,70.0,1,83.0,46.29
S8x4x4-LD21-H0.3-F0.6-A4-s42,high,twostage,7,755,17.486,70.0,1,83.0,46.29
S8x4x4-LD21-H0.3-F0.6-A4-s42,high,twostage,7,756,17.51,70.0,1,83.0,46.29
S8x4x4-LD21-H0.3-F0.6-A4-s42,high,twostage,7,757,17.532,70.0,1,83.0,46.29
S8x4x4-LD21-H0.3-F0.6-A4-s42,high,twostage,7,758,17.553,70.0,1,83.0,46.29
S8x4x4-LD21-H0.3-F0.6-A4-s42,high,twostage,7,759,17.578,70.0,1,83.0,46.29
S8x4x4-LD21-H0.3-F0.6-A4-s42,high,twostage,7,760,17.6,70.0,1,83.0,46.29
S8x4x4-LD21-H0.3-F0.6-A4-s42,high,twostage,7,761,17.623,70.0,1,83.0,46.29
S8x4x4-LD21-H0.3-F0.6-A4-s42,high,twostage,7,762,17.646,70.0,1,83.0,46.29
S8x4x4-LD21-H0.3-F0.6-A4-s42,high,twostage,7,763,17.668,70.0,1,83.0,46.29
S8x4x4-LD21-H0.3-F0.6-A4-s42,high,twostage,7,764,17.693,70.0,1,83.0,46.29
S8x4x4-LD21-H0.3-F0.6-A4-s42,high,twostage,7,765,17.716,70.0,1,83.0,46.29
S8x4x4-LD21-H0.3-F0.6-A4-s42,high,twostage,7,766,17.738,70.0,1,83.0,46.29
S8x4x4-LD21-H0.3-F0.6-A4-s42,high,twostage,7,767,17.76,70.0,1,83.0,46.29
S8x4x4-LD21-H0.3-F0.6-A4-s42,high,twostage,7,768,17.782,70.0,1,83.0,46.29
S8x4x4-LD21-H0.3-F0.6-A4-s42,high,twostage,7,769,17.808,70.0,1,83.0,46.29
S8x4x4-LD21-H0.3-F0.6-A4-s42,high,twostage,7,770,17.831,70.0,1,83.0,46.29
S8x4x4-LD21-H0.3-F0.6-A4-s42,high,twostage,7,771,17.853,70.0,1,83.0,46.29
S8x4x4-LD21-H0.3-F0.6-A4-s42,high,twostage,7,772,17.875,70.0,1,83.0,46.29
S8x4x4-LD21-H0.3-F0.6-A4-s42,high,twostage,7,773,17.898,70.0,1,83.0,46.29
S8x4x4-LD21-H0.3-F0.6-A4-s42,high,twostage,7,774,17.922,70.0,1,83.0,46.29
S8x4x4-LD21-H0.3-F0.6-A4-s42,high,twostage,7,775,17.944,70.0,1,83.0,46.29
S8x4x4-LD21-H0.3-F0.6-A4-s42,high,twostage,7,776,17.966,70.0,1,83.0,46.29
S8x4x4-LD21-H0.3-F0.6-A4-s42,high,twostage,7,777,17.989,70.0,1,83.0,46.29
S8x4x4-LD21-H0.3-F0.6-A4-s42,high,twostage,7,778,18.012,70.0,1,83.0,46.29
S8x4x4-LD21-H0.3-F0.6-A4-s42,high,twostage,7,779,18.037,70.0,1,83.0,46.29
S8x4x4-LD21-H0.3-F0.6-A4-s42,high,twostage,7,780,18.06,70.0,1,83.0,46.29
S8x4x4-LD21-H0.3-F0.6-A4-s42,high,twostage,7,781,18.082,70.0,1,83.0,46.29
S8x4x4-LD21-H0.3-F0.6-A4-s42,high,twostage,7,782,18.104,70.0,1,83.0,46.29
S8x4x4-LD21-H0.3-F0.6-A4-s42,high,twostage,7,783,18.126,70.0,1,83.0,46.29
S8x4x4-LD21-H0.3-F0.6-A4-s42,high,twostage,7,784,18.15,70.0,1,83.0,46.29
S8x4x4-LD21-H0.3-F0.6-A4-s42,high,twostage,7,785,18.172,70.0,1,83.0,46.29
S8x4x4-LD21-H0.3-F0.6-A4-s42,high,twostage,7,786,18.194,70.0,1,83.0,46.29
S8x4x4-LD21-H0.3-F0.6-A4-s42,high,twostage,7,787,18.216,70.0,1,83.0,46.29
S8x4x4-LD21-H0.3-F0.6-A4-s42,high,twostage,7,788,18.24,70.0,1,83.0,46.29
S8x4x4-LD21-H0.3-F0.6-A4-s42,high,twostage,7,789,18.264,70.0,1,83.0,46.29
S8x4x4-LD21-H0.3-F0.6-A4-s42,high,twostage,7,790,18.287,70.0,1,83.0,46.29
S8x4x4-LD21-H0.3-F0.6-A4-s42,high,twostage,7,791,18.31,70.0,1,83.0,46.29
S8x4x4-LD21-H0.3-F0.6-A4-s42,high,twostage,7,792,18.333,70.0,1,83.0,46.29
S8x4x4-LD21-H0.3-F0.6-A4-s42,high,twostage,7,793,18.356,70.0,1,83.0,46.29
S8x4x4-LD21-H0.3-F0.6-A4-s42,high,twostage,7,794,18.381,70.0,1,83.0,46.29
S8x4x4-LD21-H0.3-F0.6-A4-s42,high,twostage,7,795,18.403,70.0,1,83.0,46.29
S8x4x4-LD21-H0.3-F0.6-A4-s42,high,twostage,7,796,18.426,70.0,1,83.0,46.29
S8x4x4-LD21-H0.3-F0.6-A4-s42,high,twostage,7,797,18.448,70.0,1,83.0,46.29
S8x4x4-LD21-H0.3-F0.6-A4-s42,high,twostage,7,798,18.473,70.0,1,83.0,46.29
S8x4x4-LD21-H0.3-F0.6-A4-s42,high,twostage,7,799,18.496,70.0,1,83.0,46.29
S8x4x4-LD21-H0.3-F0.6-A4-s42,high,twostage,7,800,18.517,70.0,1,83.0,46.29
S8x4x4-LD21-H0.3-F0.6-A4-s42,high,twostage,7,801,18.54,70.0,1,83.0,46.29
S8x4x4-LD21-H0.3-F0.6-A4-s42,high,twostage,7,802,18.563,70.0,1,83.0,46.29
S8x4x4-LD21-H0.3-F0.6-A4-s42,high,twostage,7,803,18.588,70.0,1,83.0,46.29
S8x4x4-LD21-H0.3-F0.6-A4-s42,high,twostage,7,804,18.609,70.0,1,83.0,46.29
S8x4x4-LD21-H0.3-F0.6-A4-s42,high,twostage,7,805,18.631,70.0,1,83.0,46.29
S8x4x4-LD21-H0.3-F0.6-A4-s42,high,twostage,7,806,18.654,70.0,1,83.0,46.29
S8x4x4-LD21-H0.3-F0.6-A4-s42,high,twostage,7,807,18.675,70.0,1,83.0,46.29
S8x4x4-LD21-H0.3-F0.6-A4-s42,high,twostage,7,808,18.701,70.0,1,83.0,46.29
S8x4x4-LD21-H0.3-F0.6-A4-s42,high,twostage,7,809,18.723,70.0,1,83.0,46.29
S8x4x4-LD21-H0.3-F0.6-A4-s42,high,twostage,7,810,18.747,70.0,1,83.0,46.29
S8x4x4-LD21-H0.3-F0.6-A4-s42,high,twostage,7,811,18.769,70.0,1,83.0,46.29
S8x4x4-LD21-H0.3-F0.6-A4-s42,high,twostage,7,812,18.79,70.0,1,83.0,46.29
S8x4x4-LD21-H0.3-F0.6-A4-s42,high,twostage,7,813,18.816,70.0,1,83.0,46.29
S8x4x4-LD21-H0.3-F0.6-A4-s42,high,twostage,7,814,18.838,70.0,1,83.0,46.29
S8x4x4-LD21-H0.3-F0.6-A4-s42,high,twostage,7,815,18.861,70.0,1,83.0,46.29
S8x4x4-LD21-H0.3-F0.6-A4-s42,high,twostage,7,816,18.884,70.0,1,83.0,46.29
S8x4x4-LD21-H0.3-F0.6-A4-s42,high,twostage,7,817,18.906,70.0,1,83.0,46.29
S8x4x4-LD21-H0.3-F0.6-A4-s42,high,twostage,7,818,18.931,70.0,1,83.0,46.29
S8x4x4-LD21-H0.3-F0.6-A4-s42,high,twostage,7,819,18.954,70.0,1,83.0,46.29
S8x4x4-LD21-H0.3-F0.6-A4-s42,high,twostage,7,820,18.977,70.0,1,83.0,46.29
S8x4x4-LD21-H0.3-F0.6-A4-s42,high,twostage,7,821,18.999,70.0,1,83.0,46.29
S8x4x4-LD21-H0.3-F0.6-A4-s42,high,twostage,7,822,19.021,70.0,1,83.0,46.29
S8x4x4-LD21-H0.3-F0.6-A4-s42,high,twostage,7,823,19.047,70.0,1,83.0,46.29
S8x4x4-LD21-H0.3-F0.6-A4-s42,high,twostage,7,824,19.071,70.0,1,83.0,46.29
S8x4x4-LD21-H0.3-F0.6-A4-s42,high,twostage,7,825,19.093,70.0,1,83.0,46.29
S8x4x4-LD21-H0.3-F0.6-A4-s42,high,twostage,7,826,19.116,70.0,1,83.0,46.29
S8x4x4-LD21-H0.3-F0.6-A4-s42,high,twostage,7,827,19.139,70.0,1,83.0,46.29
S8x4x4-LD21-H0.3-F0.6-A4-s42,high,twostage,7,828,19.163,70.0,1,83.0,46.29
S8x4x4-LD21-H0.3-F0.6-A4-s42,high,twostage,7,829,19.185,70.0,1,83.0,46.29
S8x4x4-LD21-H0.3-F0.6-A4-s42,high,twostage,7,830,19.207,70.0,1,83.0,46.29
S8x4x4-LD21-H0.3-F0.6-A4-s42,high,twostage,7,831,19.229,70.0,1,83.0,46.29
S8x4x4-LD21-H0.3-F0.6-A4-s42,high,twostage,7,832,19.252,70.0,1,83.0,46.29
S8x4x4-LD21-H0.3-F0.6-A4-s42,high,twostage,7,833,19.277,70.0,1,83.0,46.29
S8x4x4-LD21-H0.3-F0.6-A4-s42,high,twostage,7,834,19.299,70.0,1,83.0,46.29
S8x4x4-LD21-H0.3-F0.6-A4-s42,high,twostage,7,835,19.32,70.0,1,83.0,46.29
S8x4x4-LD21-H0.3-F0.6-A4-s42,high,twostage,7,836,19.344,70.0,1,83.0,46.29
S8x4x4-LD21-H0.3-F0.6-A4-s42,high,twostage,7,837,19.367,70.0,1,83.0,46.29
S8x4x4-LD21-H0.3-F0.6-A4-s42,high,twostage,7,838,19.391,70.0,1,83.0,46.29
S8x4x4-LD21-H0.3-F0.6-A4-s42,high,twostage,7,839,19.413,70.0,1,83.0,46.29
S8x4x4-LD21-H0.3-F0.6-A4-s42,high,twostage,7,840,19.435,70.0,1,83.0,46.29
S8x4x4-LD21-H0.3-F0.6-A4-s42,high,twostage,7,841,19.457,70.0,1,83.0,46.29
S8x4x4-LD21-H0.3-F0.6-A4-s42,high,twostage,7,842,19.479,70.0,1,83.0,46.29
S8x4x4-LD21-H0.3-F0.6-A4-s42,high,twostage,7,843,19.503,70.0,1,83.0,46.29
S8x4x4-LD21-H0.3-F0.6-A4-s42,high,twostage,7,844,19.526,70.0,1,83.0,46.29
S8x4x4-LD21-H0.3-F0.6-A4-s42,high,twostage,7,845,19.549,70.0,1,83.0,46.29
S8x4x4-LD21-H0.3-F0.6-A4-s42,high,twostage,7,846,19.572,70.0,1,83.0,46.29
S8x4x4-LD21-H0.3-F0.6-A4-s42,high,twostage,7,847,19.595,70.0,1,83.0,46.29
S8x4x4-LD21-H0.3-F0.6-A4-s42,high,twostage,7,848,19.619,70.0,1,83.0,46.29
S8x4x4-LD21-H0.3-F0.6-A4-s42,high,twostage,7,849,19.641,70.0,1,83.0,46.29
S8x4x4-LD21-H0.3-F0.6-A4-s42,high,twostage,7,850,19.663,70.0,1,83.0,46.29
S8x4x4-LD21-H0.3-F0.6-A4-s42,high,twostage,7,851,19.686,70.0,1,83.0,46.29
S8x4x4-LD21-H0.3-F0.6-A4-s42,high,twostage,7,852,19.711,70.0,1,83.0,46.29
S8x4x4-LD21-H0.3-F0.6-A4-s42,high,twostage,7,853,19.734,70.0,1,83.0,46.29
S8x4x4-LD21-H0.3-F0.6-A4-s42,high,twostage,7,854,19.756,70.0,1,83.0,46.29
S8x4x4-LD21-H0.3-F0.6-A4-s42,high,twostage,7,855,19.779,70.0,1,83.0,46.29
S8x4x4-LD21-H0.3-F0.6-A4-s42,high,twostage,7,856,19.801,70.0,1,83.0,46.29
S8x4x4-LD21-H0.3-F0.6-A4-s42,high,twostage,7,857,19.826,70.0,1,83.0,46.29
S8x4x4-LD21-H0.3-F0.6-A4-s42,high,twostage,7,858,19.848,70.0,1,83.0,46.29
S8x4x4-LD21-H0.3-F0.6-A4-s42,high,twostage,7,859,19.871,70.0,1,83.0,46.29
S8x4x4-LD21-H0.3-F0.6-A4-s42,high,twostage,7,860,19.893,70.0,1,83.0,46.29
S8x4x4-LD21-H0.3-F0.6-A4-s42,high,twostage,7,861,19.915,70.0,1,83.0,46.29
S8x4x4-LD21-H0.3-F0.6-A4-s42,high,twostage,7,862,19.94,70.0,1,83.0,46.29
S8x4x4-LD21-H0.3-F0.6-A4-s42,high,twostage,7,863,19.962,70.0,1,83.0,46.29
S8x4x4-LD21-H0.3-F0.6-A4-s42,high,twostage,7,864,19.985,70.0,1,83.0,46.29
S8x4x4-LD21-H0.3-F0.6-A4-s42,high,twostage,7,865,20.007,70.0,1,83.0,46.29
S8x4x4-LD21-H0.3-F0.6-A4-s42,high,twostage,7,866,20.029,70.0,1,83.0,46.29
S8x4x4-LD21-H0.3-F0.6-A4-s42,high,twostage,7,867,20.054,70.0,1,83.0,46.29
S8x4x4-LD21-H0.3-F0.6-A4-s42,high,twostage,7,868,20.077,70.0,1,83.0,46.29
S8x4x4-LD21-H0.3-F0.6-A4-s42,high,twostage,7,869,20.1,70.0,1,83.0,46.29
S8x4x4-LD21-H0.3-F0.6-A4-s42,high,twostage,7,870,20.121,70.0,1,83.0,46.29
S8x4x4-LD21-H0.3-F0.6-A4-s42,high,twostage,7,871,20.143,70.0,1,83.0,46.29
S8x4x4-LD21-H0.3-F0.6-A4-s42,high,twostage,7,872,20.169,70.0,1,83.0,46.29
S8x4x4-LD21-H0.3-F0.6-A4-s42,high,twostage,7,873,20.19,70.0,1,83.0,46.29
S8x4x4-LD21-H0.3-F0.6-A4-s42,high,twostage,7,874,20.212,70.0,1,83.0,46.29
S8x4x4-LD21-H0.3-F0.6-A4-s42,high,twostage,7,875,20.235,70.0,1,83.0,46.29
S8x4x4-LD21-H0.3-F0.6-A4-s42,high,twostage,7,876,20.258,70.0,1,83.0,46.29
S8x4x4-LD21-H0.3-F0.6-A4-s42,high,twostage,7,877,20.282,70.0,1,83.0,46.29
S8x4x4-LD21-H0.3-F0.6-A4-s42,high,twostage,7,878,20.305,70.0,1,83.0,46.29
S8x4x4-LD21-H0.3-F0.6-A4-s42,high,twostage,7,879,20.328,70.0,1,83.0,46.29
S8x4x4-LD21-H0.3-F0.6-A4-s42,high,twostage,7,880,20.351,70.0,1,83.0,46.29
S8x4x4-LD21-H0.3-F0.6-A4-s42,high,twostage,7,881,20.374,70.0,1,83.0,46.29
S8x4x4-LD21-H0.3-F0.6-A4-s42,high,twostage,7,882,20.401,70.0,1,83.0,46.29
S8x4x4-LD21-H0.3-F0.6-A4-s42,high,twostage,7,883,20.424,70.0,1,83.0,46.29
S8x4x4-LD21-H0.3-F0.6-A4-s42,high,twostage,7,884,20.445,70.0,1,83.0,46.29
S8x4x4-LD21-H0.3-F0.6-A4-s42,high,twostage,7,885,20.469,70.0,1,83.0,46.29
S8x4x4-LD21-H0.3-F0.6-A4-s42,high,twostage,7,886,20.492,70.0,1,83.0,46.29
S8x4x4-LD21-H0.3-F0.6-A4-s42,high,twostage,7,887,20.521,70.0,1,83.0,46.29
S8x4x4-LD21-H0.3-F0.6-A4-s42,high,twostage,7,888,20.547,70.0,1,83.0,46.29
S8x4x4-LD21-H0.3-F0.6-A4-s42,high,twostage,7,889,20.569,70.0,1,83.0,46.29
S8x4x4-LD21-H0.3-F0.6-A4-s42,high,twostage,7,890,20.593,70.0,1,83.0,46.29
S8x4x4-LD21-H0.3-F0.6-A4-s42,high,twostage,7,891,20.615,70.0,1,83.0,46.29
S8x4x4-LD21-H0.3-F0.6-A4-s42,high,twostage,7,892,20.64,70.0,1,83.0,46.29
S8x4x4-LD21-H0.3-F0.6-A4-s42,high,twostage,7,893,20.662,70.0,1,83.0,46.29
S8x4x4-LD21-H0.3-F0.6-A4-s42,high,twostage,7,894,20.685,70.0,1,83.0,46.29
S8x4x4-LD21-H0.3-F0.6-A4-s42,high,twostage,7,895,20.707,70.0,1,83.0,46.29
S8x4x4-LD21-H0.3-F0.6-A4-s42,high,twostage,7,896,20.729,70.0,1,83.0,46.29
S8x4x4-LD21-H0.3-F0.6-A4-s42,high,twostage,7,897,20.753,70.0,1,83.0,46.29
S8x4x4-LD21-H0.3-F0.6-A4-s42,high,twostage,7,898,20.776,70.0,1,83.0,46.29
S8x4x4-LD21-H0.3-F0.6-A4-s42,high,twostage,7,899,20.798,70.0,1,83.0,46.29
S8x4x4-LD21-H0.3-F0.6-A4-s42,high,twostage,7,900,20.821,70.0,1,83.0,46.29
S8x4x4-LD21-H0.3-F0.6-A4-s42,high,twostage,7,901,20.845,70.0,1,83.0,46.29
S8x4x4-LD21-H0.3-F0.6-A4-s42,high,twostage,7,902,20.868,70.0,1,83.0,46.29
S8x4x4-LD21-H0.3-F0.6-A4-s42,high,twostage,7,903,20.89,70.0,1,83.0,46.29
S8x4x4-LD21-H0.3-F0.6-A4-s42,high,twostage,7,904,20.912,70.0,1,83.0,46.29
S8x4x4-LD21-H0.3-F0.6-A4-s42,high,twostage,7,905,20.934,70.0,1,83.0,46.29
S8x4x4-LD21-H0.3-F0.6-A4-s42,high,twostage,7,906,20.959,70.0,1,83.0,46.29
S8x4x4-LD21-H0.3-F0.6-A4-s42,high,twostage,7,907,20.981,70.0,1,83.0,46.29
S8x4x4-LD21-H0.3-F0.6-A4-s42,high,twostage,7,908,21.004,70.0,1,83.0,46.29
S8x4x4-LD21-H0.3-F0.6-A4-s42,high,twostage,7,909,21.026,70.0,1,83.0,46.29
S8x4x4-LD21-H0.3-F0.6-A4-s42,high,twostage,7,910,21.048,70.0,1,83.0,46.29
S8x4x4-LD21-H0.3-F0.6-A4-s42,high,twostage,7,911,21.075,70.0,1,83.0,46.29
S8x4x4-LD21-H0.3-F0.6-A4-s42,high,twostage,7,912,21.098,70.0,1,83.0,46.29
S8x4x4-LD21-H0.3-F0.6-A4-s42,high,twostage,7,913,21.121,70.0,1,83.0,46.29
S8x4x4-LD21-H0.3-F0.6-A4-s42,high,twostage,7,914,21.143,70.0,1,83.0,46.29
S8x4x4-LD21-H0.3-F0.6-A4-s42,high,twostage,7,915,21.166,70.0,1,83.0,46.29
S8x4x4-LD21-H0.3-F0.6-A4-s42,high,twostage,7,916,21.191,70.0,1,83.0,46.29
S8x4x4-LD21-H0.3-F0.6-A4-s42,high,twostage,7,917,21.213,70.0,1,83.0,46.29
S8x4x4-LD21-H0.3-F0.6-A4-s42,high,twostage,7,918,21.236,70.0,1,83.0,46.29
S8x4x4-LD21-H0.3-F0.6-A4-s42,high,twostage,7,919,21.258,70.0,1,83.0,46.29
S8x4x4-LD21-H0.3-F0.6-A4-s42,high,twostage,7,920,21.28,70.0,1,83.0,46.29
S8x4x4-LD21-H0.3-F0.6-A4-s42,high,twostage,7,921,21.307,70.0,1,83.0,46.29
S8x4x4-LD21-H0.3-F0.6-A4-s42,high,twostage,7,922,21.329,70.0,1,83.0,46.29
S8x4x4-LD21-H0.3-F0.6-A4-s42,high,twostage,7,923,21.351,70.0,1,83.0,46.29
S8x4x4-LD21-H0.3-F0.6-A4-s42,high,twostage,7,924,21.373,70.0,1,83.0,46.29
S8x4x4-LD21-H0.3-F0.6-A4-s42,high,twostage,7,925,21.397,70.0,1,83.0,46.29
S8x4x4-LD21-H0.3-F0.6-A4-s42,high,twostage,7,926,21.421,70.0,1,83.0,46.29
S8x4x4-LD21-H0.3-F0.6-A4-s42,high,twostage,7,927,21.445,70.0,1,83.0,46.29
S8x4x4-LD21-H0.3-F0.6-A4-s42,high,twostage,7,928,21.467,70.0,1,83.0,46.29
S8x4x4-LD21-H0.3-F0.6-A4-s42,high,twostage,7,929,21.49,70.0,1,83.0,46.29
S8x4x4-LD21-H0.3-F0.6-A4-s42,high,twostage,7,930,21.512,70.0,1,83.0,46.29
S8x4x4-LD21-H0.3-F0.6-A4-s42,high,twostage,7,931,21.538,70.0,1,83.0,46.29
S8x4x4-LD21-H0.3-F0.6-A4-s42,high,twostage,7,932,21.56,70.0,1,83.0,46.29
S8x4x4-LD21-H0.3-F0.6-A4-s42,high,twostage,7,933,21.583,70.0,1,83.0,46.29
S8x4x4-LD21-H0.3-F0.6-A4-s42,high,twostage,7,934,21.606,70.0,1,83.0,46.29
S8x4x4-LD21-H0.3-F0.6-A4-s42,high,twostage,7,935,21.627,70.0,1,83.0,46.29
S8x4x4-LD21-H0.3-F0.6-A4-s42,high,twostage,7,936,21.652,70.0,1,83.0,46.29
S8x4x4-LD21-H0.3-F0.6-A4-s42,high,twostage,7,937,21.673,70.0,1,83.0,46.29
S8x4x4-LD21-H0.3-F0.6-A4-s42,high,twostage,7,938,21.696,70.0,1,83.0,46.29
S8x4x4-LD21-H0.3-F0.6-A4-s42,high,twostage,7,939,21.717,70.0,1,83.0,46.29
S8x4x4-LD21-H0.3-F0.6-A4-s42,high,twostage,7,940,21.74,70.0,1,83.0,46.29
S8x4x4-LD21-H0.3-F0.6-A4-s42,high,twostage,7,941,21.765,70.0,1,83.0,46.29
S8x4x4-LD21-H0.3-F0.6-A4-s42,high,twostage,7,942,21.787,70.0,1,83.0,46.29
S8x4x4-LD21-H0.3-F0.6-A4-s42,high,twostage,7,943,21.81,70.0,1,83.0,46.29
S8x4x4-LD21-H0.3-F0.6-A4-s42,high,twostage,7,944,21.833,70.0,1,83.0,46.29
S8x4x4-LD21-H0.3-F0.6-A4-s42,high,twostage,7,945,21.854,70.0,1,83.0,46.29
S8x4x4-LD21-H0.3-F0.6-A4-s42,high,twostage,7,946,21.879,70.0,1,83.0,46.29
S8x4x4-LD21-H0.3-F0.6-A4-s42,high,twostage,7,947,21.902,70.0,1,83.0,46.29
S8x4x4-LD21-H0.3-F0.6-A4-s42,high,twostage,7,948,21.925,70.0,1,83.0,46.29
S8x4x4-LD21-H0.3-F0.6-A4-s42,high,twostage,7,949,21.947,70.0,1,83.0,46.29
S8x4x4-LD21-H0.3-F0.6-A4-s42,high,twostage,7,950,21.971,70.0,1,83.0,46.29
S8x4x4-LD21-H0.3-F0.6-A4-s42,high,twostage,7,951,21.993,70.0,1,83.0,46.29
S8x4x4-LD21-H0.3-F0.6-A4-s42,high,twostage,7,952,22.014,70.0,1,83.0,46.29
S8x4x4-LD21-H0.3-F0.6-A4-s42,high,twostage,7,953,22.036,70.0,1,83.0,46.29
S8x4x4-LD21-H0.3-F0.6-A4-s42,high,twostage,7,954,22.058,70.0,1,83.0,46.29
S8x4x4-LD21-H0.3-F0.6-A4-s42,high,twostage,7,955,22.083,70.0,1,83.0,46.29
S8x4x4-LD21-H0.3-F0.6-A4-s42,high,twostage,7,956,22.105,70.0,1,83.0,46.29
S8x4x4-LD21-H0.3-F0.6-A4-s42,high,twostage,7,957,22.129,70.0,1,83.0,46.29
S8x4x4-LD21-H0.3-F0.6-A4-s42,high,twostage,7,958,22.151,70.0,1,83.0,46.29
S8x4x4-LD21-H0.3-F0.6-A4-s42,high,twostage,7,959,22.174,70.0,1,83.0,46.29
S8x4x4-LD21-H0.3-F0.6-A4-s42,high,twostage,7,960,22.198,70.0,1,83.0,46.29
S8x4x4-LD21-H0.3-F0.6-A4-s42,high,twostage,7,961,22.219,70.0,1,83.0,46.29
S8x4x4-LD21-H0.3-F0.6-A4-s42,high,twostage,7,962,22.242,70.0,1,83.0,46.29
S8x4x4-LD21-H0.3-F0.6-A4-s42,high,twostage,7,963,22.264,70.0,1,83.0,46.29
S8x4x4-LD21-H0.3-F0.6-A4-s42,high,twostage,7,964,22.286,70.0,1,83.0,46.29
S8x4x4-LD21-H0.3-F0.6-A4-s42,high,twostage,7,965,22.313,70.0,1,83.0,46.29
S8x4x4-LD21-H0.3-F0.6-A4-s42,high,twostage,7,966,22.337,70.0,1,83.0,46.29
S8x4x4-LD21-H0.3-F0.6-A4-s42,high,twostage,7,967,22.36,70.0,1,83.0,46.29
S8x4x4-LD21-H0.3-F0.6-A4-s42,high,twostage,7,968,22.382,70.0,1,83.0,46.29
S8x4x4-LD21-H0.3-F0.6-A4-s42,high,twostage,7,969,22.406,70.0,1,83.0,46.29
S8x4x4-LD21-H0.3-F0.6-A4-s42,high,twostage,7,970,22.431,70.0,1,83.0,46.29
S8x4x4-LD21-H0.3-F0.6-A4-s42,high,twostage,7,971,22.453,70.0,1,83.0,46.29
S8x4x4-LD21-H0.3-F0.6-A4-s42,high,twostage,7,972,22.475,70.0,1,83.0,46.29
S8x4x4-LD21-H0.3-F0.6-A4-s42,high,twostage,7,973,22.497,70.0,1,83.0,46.29
S8x4x4-LD21-H0.3-F0.6-A4-s42,high,twostage,7,974,22.519,70.0,1,83.0,46.29
S8x4x4-LD21-H0.3-F0.6-A4-s42,high,twostage,7,975,22.544,70.0,1,83.0,46.29
S8x4x4-LD21-H0.3-F0.6-A4-s42,high,twostage,7,976,22.565,70.0,1,83.0,46.29
S8x4x4-LD21-H0.3-F0.6-A4-s42,high,twostage,7,977,22.587,70.0,1,83.0,46.29
S8x4x4-LD21-H0.3-F0.6-A4-s42,high,twostage,7,978,22.61,70.0,1,83.0,46.29
S8x4x4-LD21-H0.3-F0.6-A4-s42,high,twostage,7,979,22.632,70.0,1,83.0,46.29
S8x4x4-LD21-H0.3-F0.6-A4-s42,high,twostage,7,980,22.656,70.0,1,83.0,46.29
S8x4x4-LD21-H0.3-F0.6-A4-s42,high,twostage,7,981,22.678,70.0,1,83.0,46.29
S8x4x4-LD21-H0.3-F0.6-A4-s42,high,twostage,7,982,22.7,70.0,1,83.0,46.29
S8x4x4-LD21-H0.3-F0.6-A4-s42,high,twostage,7,983,22.723,70.0,1,83.0,46.29
S8x4x4-LD21-H0.3-F0.6-A4-s42,high,twostage,7,984,22.747,70.0,1,83.0,46.29
S8x4x4-LD21-H0.3-F0.6-A4-s42,high,twostage,7,985,22.773,70.0,1,83.0,46.29
S8x4x4-LD21-H0.3-F0.6-A4-s42,high,twostage,7,986,22.797,70.0,1,83.0,46.29
S8x4x4-LD21-H0.3-F0.6-A4-s42,high,twostage,7,987,22.82,70.0,1,83.0,46.29
S8x4x4-LD21-H0.3-F0.6-A4-s42,high,twostage,7,988,22.843,70.0,1,83.0,46.29
S8x4x4-LD21-H0.3-F0.6-A4-s42,high,twostage,7,989,22.865,70.0,1,83.0,46.29
S8x4x4-LD21-H0.3-F0.6-A4-s42,high,twostage,7,990,22.889,70.0,1,83.0,46.29
S8x4x4-LD21-H0.3-F0.6-A4-s42,high,twostage,7,991,22.911,70.0,1,83.0,46.29
S8x4x4-LD21-H0.3-F0.6-A4-s42,high,twostage,7,992,22.934,70.0,1,83.0,46.29
S8x4x4-LD21-H0.3-F0.6-A4-s42,high,twostage,7,993,22.957,70.0,1,83.0,46.29
S8x4x4-LD21-H0.3-F0.6-A4-s42,high,twostage,7,994,22.979,70.0,1,83.0,46.29
S8x4x4-LD21-H0.3-F0.6-A4-s42,high,twostage,7,995,23.004,70.0,1,83.0,46.29
S8x4x4-LD21-H0.3-F0.6-A4-s42,high,twostage,7,996,23.026,70.0,1,83.0,46.29
S8x4x4-LD21-H0.3-F0.6-A4-s42,high,twostage,7,997,23.048,70.0,1,83.0,46.29
S8x4x4-LD21-H0.3-F0.6-A4-s42,high,twostage,7,998,23.071,70.0,1,83.0,46.29
S8x4x4-LD21-H0.3-F0.6-A4-s42,high,twostage,7,999,23.096,70.0,1,83.0,46.29
S8x4x4-LD21-H0.3-F0.6-A4-s42,high,twostage,7,1000,23.119,70.0,1,83.0,46.29
S8x4x4-LD21-H0.3-F0.6-A4-s42,high,twostage,7,1001,23.143,70.0,1,83.0,46.29
S8x4x4-LD21-H0.3-F0.6-A4-s42,high,twostage,7,1002,23.165,70.0,1,83.0,46.29
S8x4x4-LD21-H0.3-F0.6-A4-s42,high,twostage,7,1003,23.187,70.0,1,83.0,46.29
S8x4x4-LD21-H0.3-F0.6-A4-s42,high,twostage,7,1004,23.212,70.0,1,83.0,46.29
S8x4x4-LD21-H0.3-F0.6-A4-s42,high,twostage,7,1005,23.234,70.0,1,83.0,46.29
S8x4x4-LD21-H0.3-F0.6-A4-s42,high,twostage,7,1006,23.256,70.0,1,83.0,46.29
S8x4x4-LD21-H0.3-F0.6-A4-s42,high,twostage,7,1007,23.279,70.0,1,83.0,46.29
S8x4x4-LD21-H0.3-F0.6-A4-s42,high,twostage,7,1008,23.301,70.0,1,83.0,46.29
S8x4x4-LD21-H0.3-F0.6-A4-s42,high,twostage,7,1009,23.327,70.0,1,83.0,46.29
S8x4x4-LD21-H0.3-F0.6-A4-s42,high,twostage,7,1010,23.35,70.0,1,83.0,46.29
S8x4x4-LD21-H0.3-F0.6-A4-s42,high,twostage,7,1011,23.372,70.0,1,83.0,46.29
S8x4x4-LD21-H0.3-F0.6-A4-s42,high,twostage,7,1012,23.395,70.0,1,83.0,46.29
S8x4x4-LD21-H0.3-F0.6-A4-s42,high,twostage,7,1013,23.417,70.0,1,83.0,46.29
S8x4x4-LD21-H0.3-F0.6-A4-s42,high,twostage,7,1014,23.442,70.0,1,83.0,46.29
S8x4x4-LD21-H0.3-F0.6-A4-s42,high,twostage,7,1015,23.463,70.0,1,83.0,46.29
S8x4x4-LD21-H0.3-F0.6-A4-s42,high,twostage,7,1016,23.488,70.0,1,83.0,46.29
S8x4x4-LD21-H0.3-F0.6-A4-s42,high,twostage,7,1017,23.509,70.0,1,83.0,46.29
S8x4x4-LD21-H0.3-F0.6-A4-s42,high,twostage,7,1018,23.531,70.0,1,83.0,46.29
S8x4x4-LD21-H0.3-F0.6-A4-s42,high,twostage,7,1019,23.555,70.0,1,83.0,46.29
S8x4x4-LD21-H0.3-F0.6-A4-s42,high,twostage,7,1020,23.578,70.0,1,83.0,46.29
S8x4x4-LD21-H0.3-F0.6-A4-s42,high,twostage,7,1021,23.599,70.0,1,83.0,46.29
S8x4x4-LD21-H0.3-F0.6-A4-s42,high,twostage,7,1022,23.621,70.0,1,83.0,46.29
S8x4x4-LD21-H0.3-F0.6-A4-s42,high,twostage,7,1023,23.645,70.0,1,83.0,46.29
S8x4x4-LD21-H0.3-F0.6-A4-s42,high,twostage,7,1024,23.67,70.0,1,83.0,46.29
S8x4x4-LD21-H0.3-F0.6-A4-s42,high,twostage,7,1025,23.692,70.0,1,83.0,46.29
S8x4x4-LD21-H0.3-F0.6-A4-s42,high,twostage,7,1026,23.715,70.0,1,83.0,46.29
S8x4x4-LD21-H0.3-F0.6-A4-s42,high,twostage,7,1027,23.737,70.0,1,83.0,46.29
S8x4x4-LD21-H0.3-F0.6-A4-s42,high,twostage,7,1028,23.758,70.0,1,83.0,46.29
S8x4x4-LD21-H0.3-F0.6-A4-s42,high,twostage,7,1029,23.783,70.0,1,83.0,46.29
S8x4x4-LD21-H0.3-F0.6-A4-s42,high,twostage,7,1030,23.807,70.0,1,83.0,46.29
S8x4x4-LD21-H0.3-F0.6-A4-s42,high,twostage,7,1031,23.83,70.0,1,83.0,46.29
S8x4x4-LD21-H0.3-F0.6-A4-s42,high,twostage,7,1032,23.852,70.0,1,83.0,46.29
S8x4x4-LD21-H0.3-F0.6-A4-s42,high,twostage,7,1033,23.875,70.0,1,83.0,46.29
S8x4x4-LD21-H0.3-F0.6-A4-s42,high,twostage,7,1034,23.899,70.0,1,83.0,46.29
S8x4x4-LD21-H0.3-F0.6-A4-s42,high,twostage,7,1035,23.922,70.0,1,83.0,46.29
S8x4x4-LD21-H0.3-F0.6-A4-s42,high,twostage,7,1036,23.945,70.0,1,83.0,46.29
S8x4x4-LD21-H0.3-F0.6-A4-s42,high,twostage,7,1037,23.967,70.0,1,83.0,46.29
S8x4x4-LD21-H0.3-F0.6-A4-s42,high,twostage,7,1038,23.988,70.0,1,83.0,46.29
S8x4x4-LD21-H0.3-F0.6-A4-s42,high,twostage,7,1039,24.013,70.0,1,83.0,46.29
S8x4x4-LD21-H0.3-F0.6-A4-s42,high,twostage,7,1040,24.036,70.0,1,83.0,46.29
S8x4x4-LD21-H0.3-F0.6-A4-s42,high,twostage,7,1041,24.059,70.0,1,83.0,46.29
S8x4x4-LD21-H0.3-F0.6-A4-s42,high,twostage,7,1042,24.081,70.0,1,83.0,46.29
S8x4x4-LD21-H0.3-F0.6-A4-s42,high,twostage,7,1043,24.103,70.0,1,83.0,46.29
S8x4x4-LD21-H0.3-F0.6-A4-s42,high,twostage,7,1044,24.129,70.0,1,83.0,46.29
S8x4x4-LD21-H0.3-F0.6-A4-s42,high,twostage,7,1045,24.151,70.0,1,83.0,46.29
S8x4x4-LD21-H0.3-F0.6-A4-s42,high,twostage,7,1046,24.174,70.0,1,83.0,46.29
S8x4x4-LD21-H0.3-F0.6-A4-s42,high,twostage,7,1047,24.196,70.0,1,83.0,46.29
S8x4x4-LD21-H0.3-F0.6-A4-s42,high,twostage,7,1048,24.219,70.0,1,83.0,46.29
S8x4x4-LD21-H0.3-F0.6-A4-s42,high,twostage,7,1049,24.243,70.0,1,83.0,46.29
S8x4x4-LD21-H0.3-F0.6-A4-s42,high,twostage,7,1050,24.265,70.0,1,83.0,46.29
S8x4x4-LD21-H0.3-F0.6-A4-s42,high,twostage,7,1051,24.287,70.0,1,83.0,46.29
S8x4x4-LD21-H0.3-F0.6-A4-s42,high,twostage,7,1052,24.311,70.0,1,83.0,46.29
S8x4x4-LD21-H0.3-F0.6-A4-s42,high,twostage,7,1053,24.338,70.0,1,83.0,46.29
S8x4x4-LD21-H0.3-F0.6-A4-s42,high,twostage,7,1054,24.361,70.0,1,83.0,46.29
S8x4x4-LD21-H0.3-F0.6-A4-s42,high,twostage,7,1055,24.383,70.0,1,83.0,46.29
S8x4x4-LD21-H0.3-F0.6-A4-s42,high,twostage,7,1056,24.407,70.0,1,83.0,46.29
S8x4x4-LD21-H0.3-F0.6-A4-s42,high,twostage,7,1057,24.43,70.0,1,83.0,46.29
S8x4x4-LD21-H0.3-F0.6-A4-s42,high,twostage,7,1058,24.454,70.0,1,83.0,46.29
S8x4x4-LD21-H0.3-F0.6-A4-s42,high,twostage,7,1059,24.476,70.0,1,83.0,46.29
S8x4x4-LD21-H0.3-F0.6-A4-s42,high,twostage,7,1060,24.499,70.0,1,83.0,46.29
S8x4x4-LD21-H0.3-F0.6-A4-s42,high,twostage,7,1061,24.521,70.0,1,83.0,46.29
S8x4x4-LD21-H0.3-F0.6-A4-s42,high,twostage,7,1062,24.544,70.0,1,83.0,46.29
S8x4x4-LD21-H0.3-F0.6-A4-s42,high,twostage,7,1063,24.569,70.0,1,83.0,46.29
S8x4x4-LD21-H0.3-F0.6-A4-s42,high,twostage,7,1064,24.591,70.0,1,83.0,46.29
S8x4x4-LD21-H0.3-F0.6-A4-s42,high,twostage,7,1065,24.613,70.0,1,83.0,46.29
S8x4x4-LD21-H0.3-F0.6-A4-s42,high,twostage,7,1066,24.638,70.0,1,83.0,46.29
S8x4x4-LD21-H0.3-F0.6-A4-s42,high,twostage,7,1067,24.662,70.0,1,83.0,46.29
S8x4x4-LD21-H0.3-F0.6-A4-s42,high,twostage,7,1068,24.689,70.0,1,83.0,46.29
S8x4x4-LD21-H0.3-F0.6-A4-s42,high,twostage,7,1069,24.712,70.0,1,83.0,46.29
S8x4x4-LD21-H0.3-F0.6-A4-s42,high,twostage,7,1070,24.735,70.0,1,83.0,46.29
S8x4x4-LD21-H0.3-F0.6-A4-s42,high,twostage,7,1071,24.757,70.0,1,83.0,46.29
S8x4x4-LD21-H0.3-F0.6-A4-s42,high,twostage,7,1072,24.779,70.0,1,83.0,46.29
S8x4x4-LD21-H0.3-F0.6-A4-s42,high,twostage,7,1073,24.804,70.0,1,83.0,46.29
S8x4x4-LD21-H0.3-F0.6-A4-s42,high,twostage,7,1074,24.828,70.0,1,83.0,46.29
S8x4x4-LD21-H0.3-F0.6-A4-s42,high,twostage,7,1075,24.85,70.0,1,83.0,46.29
S8x4x4-LD21-H0.3-F0.6-A4-s42,high,twostage,7,1076,24.873,70.0,1,83.0,46.29
S8x4x4-LD21-H0.3-F0.6-A4-s42,high,twostage,7,1077,24.896,70.0,1,83.0,46.29
S8x4x4-LD21-H0.3-F0.6-A4-s42,high,twostage,7,1078,24.921,70.0,1,83.0,46.29
S8x4x4-LD21-H0.3-F0.6-A4-s42,high,twostage,7,1079,24.944,70.0,1,83.0,46.29
S8x4x4-LD21-H0.3-F0.6-A4-s42,high,twostage,7,1080,24.965,70.0,1,83.0,46.29
S8x4x4-LD21-H0.3-F0.6-A4-s42,high,twostage,7,1081,24.987,70.0,1,83.0,46.29
S8x4x4-LD21-H0.3-F0.6-A4-s42,high,twostage,7,1082,25.01,70.0,1,83.0,46.29
S8x4x4-LD21-H0.3-F0.6-A4-s42,high,twostage,7,1083,25.034,70.0,1,83.0,46.29
S8x4x4-LD21-H0.3-F0.6-A4-s42,high,twostage,7,1084,25.056,70.0,1,83.0,46.29
S8x4x4-LD21-H0.3-F0.6-A4-s42,high,twostage,7,1085,25.078,70.0,1,83.0,46.29
S8x4x4-LD21-H0.3-F0.6-A4-s42,high,twostage,7,1086,25.102,70.0,1,83.0,46.29
S8x4x4-LD21-H0.3-F0.6-A4-s42,high,twostage,7,1087,25.123,70.0,1,83.0,46.29
S8x4x4-LD21-H0.3-F0.6-A4-s42,high,twostage,7,1088,25.149,70.0,1,83.0,46.29
S8x4x4-LD21-H0.3-F0.6-A4-s42,high,twostage,7,1089,25.171,70.0,1,83.0,46.29
S8x4x4-LD21-H0.3-F0.6-A4-s42,high,twostage,7,1090,25.194,70.0,1,83.0,46.29
S8x4x4-LD21-H0.3-F0.6-A4-s42,high,twostage,7,1091,25.218,70.0,1,83.0,46.29
S8x4x4-LD21-H0.3-F0.6-A4-s42,high,twostage,7,1092,25.241,70.0,1,83.0,46.29
S8x4x4-LD21-H0.3-F0.6-A4-s42,high,twostage,7,1093,25.267,70.0,1,83.0,46.29
S8x4x4-LD21-H0.3-F0.6-A4-s42,high,twostage,7,1094,25.289,70.0,1,83.0,46.29
S8x4x4-LD21-H0.3-F0.6-A4-s42,high,twostage,7,1095,25.311,70.0,1,83.0,46.29
S8x4x4-LD21-H0.3-F0.6-A4-s42,high,twostage,7,1096,25.334,70.0,1,83.0,46.29
S8x4x4-LD21-H0.3-F0.6-A4-s42,high,twostage,7,1097,25.357,70.0,1,83.0,46.29
S8x4x4-LD21-H0.3-F0.6-A4-s42,high,twostage,7,1098,25.383,70.0,1,83.0,46.29
S8x4x4-LD21-H0.3-F0.6-A4-s42,high,twostage,7,1099,25.405,70.0,1,83.0,46.29
S8x4x4-LD21-H0.3-F0.6-A4-s42,high,twostage,7,1100,25.427,70.0,1,83.0,46.29
S8x4x4-LD21-H0.3-F0.6-A4-s42,high,twostage,7,1101,25.451,70.0,1,83.0,46.29
S8x4x4-LD21-H0.3-F0.6-A4-s42,high,twostage,7,1102,25.476,70.0,1,83.0,46.29
S8x4x4-LD21-H0.3-F0.6-A4-s42,high,twostage,7,1103,25.498,70.0,1,83.0,46.29
S8x4x4-LD21-H0.3-F0.6-A4-s42,high,twostage,7,1104,25.521,70.0,1,83.0,46.29
S8x4x4-LD21-H0.3-F0.6-A4-s42,high,twostage,7,1105,25.543,70.0,1,83.0,46.29
S8x4x4-LD21-H0.3-F0.6-A4-s42,high,twostage,7,1106,25.565,70.0,1,83.0,46.29
S8x4x4-LD21-H0.3-F0.6-A4-s42,high,twostage,7,1107,25.591,70.0,1,83.0,46.29
S8x4x4-LD21-H0.3-F0.6-A4-s42,high,twostage,7,1108,25.611,70.0,1,83.0,46.29
S8x4x4-LD21-H0.3-F0.6-A4-s42,high,twostage,7,1109,25.635,70.0,1,83.0,46.29
S8x4x4-LD21-H0.3-F0.6-A4-s42,high,twostage,7,1110,25.66,70.0,1,83.0,46.29
S8x4x4-LD21-H0.3-F0.6-A4-s42,high,twostage,7,1111,25.683,70.0,1,83.0,46.29
S8x4x4-LD21-H0.3-F0.6-A4-s42,high,twostage,7,1112,25.707,70.0,1,83.0,46.29
S8x4x4-LD21-H0.3-F0.6-A4-s42,high,twostage,7,1113,25.729,70.0,1,83.0,46.29
S8x4x4-LD21-H0.3-F0.6-A4-s42,high,twostage,7,1114,25.751,70.0,1,83.0,46.29
S8x4x4-LD21-H0.3-F0.6-A4-s42,high,twostage,7,1115,25.774,70.0,1,83.0,46.29
S8x4x4-LD21-H0.3-F0.6-A4-s42,high,twostage,7,1116,25.796,70.0,1,83.0,46.29
S8x4x4-LD21-H0.3-F0.6-A4-s42,high,twostage,7,1117,25.821,70.0,1,83.0,46.29
S8x4x4-LD21-H0.3-F0.6-A4-s42,high,twostage,7,1118,25.843,70.0,1,83.0,46.29
S8x4x4-LD21-H0.3-F0.6-A4-s42,high,twostage,7,1119,25.865,70.0,1,83.0,46.29
S8x4x4-LD21-H0.3-F0.6-A4-s42,high,twostage,7,1120,25.886,70.0,1,83.0,46.29
S8x4x4-LD21-H0.3-F0.6-A4-s42,high,twostage,7,1121,25.91,70.0,1,83.0,46.29
S8x4x4-LD21-H0.3-F0.6-A4-s42,high,twostage,7,1122,25.934,70.0,1,83.0,46.29
S8x4x4-LD21-H0.3-F0.6-A4-s42,high,twostage,7,1123,25.956,70.0,1,83.0,46.29
S8x4x4-LD21-H0.3-F0.6-A4-s42,high,twostage,7,1124,25.978,70.0,1,83.0,46.29
S8x4x4-LD21-H0.3-F0.6-A4-s42,high,twostage,7,1125,26.0,70.0,1,83.0,46.29
S8x4x4-LD21-H0.3-F0.6-A4-s42,high,twostage,7,1126,26.022,70.0,1,83.0,46.29
S8x4x4-LD21-H0.3-F0.6-A4-s42,high,twostage,7,1127,26.047,70.0,1,83.0,46.29
S8x4x4-LD21-H0.3-F0.6-A4-s42,high,twostage,7,1128,26.069,70.0,1,83.0,46.29
S8x4x4-LD21-H0.3-F0.6-A4-s42,high,twostage,7,1129,26.092,70.0,1,83.0,46.29
S8x4x4-LD21-H0.3-F0.6-A4-s42,high,twostage,7,1130,26.114,70.0,1,83.0,46.29
S8x4x4-LD21-H0.3-F0.6-A4-s42,high,twostage,7,1131,26.136,70.0,1,83.0,46.29
S8x4x4-LD21-H0.3-F0.6-A4-s42,high,twostage,7,1132,26.16,70.0,1,83.0,46.29
S8x4x4-LD21-H0.3-F0.6-A4-s42,high,twostage,7,1133,26.183,70.0,1,83.0,46.29
S8x4x4-LD21-H0.3-F0.6-A4-s42,high,twostage,7,1134,26.205,70.0,1,83.0,46.29
S8x4x4-LD21-H0.3-F0.6-A4-s42,high,twostage,7,1135,26.227,70.0,1,83.0,46.29
S8x4x4-LD21-H0.3-F0.6-A4-s42,high,twostage,7,1136,26.251,70.0,1,83.0,46.29
S8x4x4-LD21-H0.3-F0.6-A4-s42,high,twostage,7,1137,26.274,70.0,1,83.0,46.29
S8x4x4-LD21-H0.3-F0.6-A4-s42,high,twostage,7,1138,26.297,70.0,1,83.0,46.29
S8x4x4-LD21-H0.3-F0.6-A4-s42,high,twostage,7,1139,26.318,70.0,1,83.0,46.29
S8x4x4-LD21-H0.3-F0.6-A4-s42,high,twostage,7,1140,26.342,70.0,1,83.0,46.29
S8x4x4-LD21-H0.3-F0.6-A4-s42,high,twostage,7,1141,26.366,70.0,1,83.0,46.29
S8x4x4-LD21-H0.3-F0.6-A4-s42,high,twostage,7,1142,26.39,70.0,1,83.0,46.29
S8x4x4-LD21-H0.3-F0.6-A4-s42,high,twostage,7,1143,26.413,70.0,1,83.0,46.29
S8x4x4-LD21-H0.3-F0.6-A4-s42,high,twostage,7,1144,26.435,70.0,1,83.0,46.29
S8x4x4-LD21-H0.3-F0.6-A4-s42,high,twostage,7,1145,26.458,70.0,1,83.0,46.29
S8x4x4-LD21-H0.3-F0.6-A4-s42,high,twostage,7,1146,26.479,70.0,1,83.0,46.29
S8x4x4-LD21-H0.3-F0.6-A4-s42,high,twostage,7,1147,26.503,70.0,1,83.0,46.29
S8x4x4-LD21-H0.3-F0.6-A4-s42,high,twostage,7,1148,26.526,70.0,1,83.0,46.29
S8x4x4-LD21-H0.3-F0.6-A4-s42,high,twostage,7,1149,26.549,70.0,1,83.0,46.29
S8x4x4-LD21-H0.3-F0.6-A4-s42,high,twostage,7,1150,26.571,70.0,1,83.0,46.29
S8x4x4-LD21-H0.3-F0.6-A4-s42,high,twostage,7,1151,26.594,70.0,1,83.0,46.29
S8x4x4-LD21-H0.3-F0.6-A4-s42,high,twostage,7,1152,26.618,70.0,1,83.0,46.29
S8x4x4-LD21-H0.3-F0.6-A4-s42,high,twostage,7,1153,26.64,70.0,1,83.0,46.29
S8x4x4-LD21-H0.3-F0.6-A4-s42,high,twostage,7,1154,26.662,70.0,1,83.0,46.29
S8x4x4-LD21-H0.3-F0.6-A4-s42,high,twostage,7,1155,26.685,70.0,1,83.0,46.29
S8x4x4-LD21-H0.3-F0.6-A4-s42,high,twostage,7,1156,26.71,70.0,1,83.0,46.29
S8x4x4-LD21-H0.3-F0.6-A4-s42,high,twostage,7,1157,26.74,70.0,1,83.0,46.29
S8x4x4-LD21-H0.3-F0.6-A4-s42,high,twostage,7,1158,26.766,70.0,1,83.0,46.29
S8x4x4-LD21-H0.3-F0.6-A4-s42,high,twostage,7,1159,26.791,70.0,1,83.0,46.29
S8x4x4-LD21-H0.3-F0.6-A4-s42,high,twostage,7,1160,26.817,70.0,1,83.0,46.29
S8x4x4-LD21-H0.3-F0.6-A4-s42,high,twostage,7,1161,26.844,70.0,1,83.0,46.29
S8x4x4-LD21-H0.3-F0.6-A4-s42,high,twostage,7,1162,26.869,70.0,1,83.0,46.29
S8x4x4-LD21-H0.3-F0.6-A4-s42,high,twostage,7,1163,26.892,70.0,1,83.0,46.29
S8x4x4-LD21-H0.3-F0.6-A4-s42,high,twostage,7,1164,26.916,70.0,1,83.0,46.29
S8x4x4-LD21-H0.3-F0.6-A4-s42,high,twostage,7,1165,26.939,70.0,1,83.0,46.29
S8x4x4-LD21-H0.3-F0.6-A4-s42,high,twostage,7,1166,26.965,70.0,1,83.0,46.29
S8x4x4-LD21-H0.3-F0.6-A4-s42,high,twostage,7,1167,26.988,70.0,1,83.0,46.29
S8x4x4-LD21-H0.3-F0.6-A4-s42,high,twostage,7,1168,27.012,70.0,1,83.0,46.29
S8x4x4-LD21-H0.3-F0.6-A4-s42,high,twostage,7,1169,27.035,70.0,1,83.0,46.29
S8x4x4-LD21-H0.3-F0.6-A4-s42,high,twostage,7,1170,27.06,70.0,1,83.0,46.29
S8x4x4-LD21-H0.3-F0.6-A4-s42,high,twostage,7,1171,27.086,70.0,1,83.0,46.29
S8x4x4-LD21-H0.3-F0.6-A4-s42,high,twostage,7,1172,27.111,70.0,1,83.0,46.29
S8x4x4-LD21-H0.3-F0.6-A4-s42,high,twostage,7,1173,27.136,70.0,1,83.0,46.29
S8x4x4-LD21-H0.3-F0.6-A4-s42,high,twostage,7,1174,27.162,70.0,1,83.0,46.29
S8x4x4-LD21-H0.3-F0.6-A4-s42,high,twostage,7,1175,27.186,70.0,1,83.0,46.29
S8x4x4-LD21-H0.3-F0.6-A4-s42,high,twostage,7,1176,27.213,70.0,1,83.0,46.29
S8x4x4-LD21-H0.3-F0.6-A4-s42,high,twostage,7,1177,27.237,70.0,1,83.0,46.29
S8x4x4-LD21-H0.3-F0.6-A4-s42,high,twostage,7,1178,27.264,70.0,1,83.0,46.29
S8x4x4-LD21-H0.3-F0.6-A4-s42,high,twostage,7,1179,27.296,70.0,1,83.0,46.29
S8x4x4-LD21-H0.3-F0.6-A4-s42,high,twostage,7,1180,27.319,70.0,1,83.0,46.29
S8x4x4-LD21-H0.3-F0.6-A4-s42,high,twostage,7,1181,27.358,70.0,1,83.0,46.29
S8x4x4-LD21-H0.3-F0.6-A4-s42,high,twostage,7,1182,27.391,70.0,1,83.0,46.29
S8x4x4-LD21-H0.3-F0.6-A4-s42,high,twostage,7,1183,27.422,70.0,1,83.0,46.29
S8x4x4-LD21-H0.3-F0.6-A4-s42,high,twostage,7,1184,27.452,70.0,1,83.0,46.29
S8x4x4-LD21-H0.3-F0.6-A4-s42,high,twostage,7,1185,27.475,70.0,1,83.0,46.29
S8x4x4-LD21-H0.3-F0.6-A4-s42,high,twostage,7,1186,27.501,70.0,1,83.0,46.29
S8x4x4-LD21-H0.3-F0.6-A4-s42,high,twostage,7,1187,27.525,70.0,1,83.0,46.29
S8x4x4-LD21-H0.3-F0.6-A4-s42,high,twostage,7,1188,27.549,70.0,1,83.0,46.29
S8x4x4-LD21-H0.3-F0.6-A4-s42,high,twostage,7,1189,27.572,70.0,1,83.0,46.29
S8x4x4-LD21-H0.3-F0.6-A4-s42,high,twostage,7,1190,27.595,70.0,1,83.0,46.29
S8x4x4-LD21-H0.3-F0.6-A4-s42,high,twostage,7,1191,27.627,70.0,1,83.0,46.29
S8x4x4-LD21-H0.3-F0.6-A4-s42,high,twostage,7,1192,27.65,70.0,1,83.0,46.29
S8x4x4-LD21-H0.3-F0.6-A4-s42,high,twostage,7,1193,27.673,70.0,1,83.0,46.29
S8x4x4-LD21-H0.3-F0.6-A4-s42,high,twostage,7,1194,27.698,70.0,1,83.0,46.29
S8x4x4-LD21-H0.3-F0.6-A4-s42,high,twostage,7,1195,27.722,70.0,1,83.0,46.29
S8x4x4-LD21-H0.3-F0.6-A4-s42,high,twostage,7,1196,27.748,70.0,1,83.0,46.29
S8x4x4-LD21-H0.3-F0.6-A4-s42,high,twostage,7,1197,27.771,70.0,1,83.0,46.29
S8x4x4-LD21-H0.3-F0.6-A4-s42,high,twostage,7,1198,27.794,70.0,1,83.0,46.29
S8x4x4-LD21-H0.3-F0.6-A4-s42,high,twostage,7,1199,27.817,70.0,1,83.0,46.29
S8x4x4-LD21-H0.3-F0.6-A4-s42,high,twostage,7,1200,27.839,70.0,1,83.0,46.29
S8x4x4-LD21-H0.3-F0.6-A4-s42,high,twostage,7,1201,27.864,70.0,1,83.0,46.29
S8x4x4-LD21-H0.3-F0.6-A4-s42,high,twostage,7,1202,27.888,70.0,1,83.0,46.29
S8x4x4-LD21-H0.3-F0.6-A4-s42,high,twostage,7,1203,27.909,70.0,1,83.0,46.29
S8x4x4-LD21-H0.3-F0.6-A4-s42,high,twostage,7,1204,27.932,70.0,1,83.0,46.29
S8x4x4-LD21-H0.3-F0.6-A4-s42,high,twostage,7,1205,27.958,70.0,1,83.0,46.29
S8x4x4-LD21-H0.3-F0.6-A4-s42,high,twostage,7,1206,27.98,70.0,1,83.0,46.29
S8x4x4-LD21-H0.3-F0.6-A4-s42,high,twostage,7,1207,28.003,70.0,1,83.0,46.29
S8x4x4-LD21-H0.3-F0.6-A4-s42,high,twostage,7,1208,28.026,70.0,1,83.0,46.29
S8x4x4-LD21-H0.3-F0.6-A4-s42,high,twostage,7,1209,28.048,70.0,1,83.0,46.29
S8x4x4-LD21-H0.3-F0.6-A4-s42,high,twostage,7,1210,28.073,70.0,1,83.0,46.29
S8x4x4-LD21-H0.3-F0.6-A4-s42,high,twostage,7,1211,28.096,70.0,1,83.0,46.29
S8x4x4-LD21-H0.3-F0.6-A4-s42,high,twostage,7,1212,28.118,70.0,1,83.0,46.29
S8x4x4-LD21-H0.3-F0.6-A4-s42,high,twostage,7,1213,28.141,70.0,1,83.0,46.29
S8x4x4-LD21-H0.3-F0.6-A4-s42,high,twostage,7,1214,28.164,70.0,1,83.0,46.29
S8x4x4-LD21-H0.3-F0.6-A4-s42,high,twostage,7,1215,28.188,70.0,1,83.0,46.29
S8x4x4-LD21-H0.3-F0.6-A4-s42,high,twostage,7,1216,28.212,70.0,1,83.0,46.29
S8x4x4-LD21-H0.3-F0.6-A4-s42,high,twostage,7,1217,28.235,70.0,1,83.0,46.29
S8x4x4-LD21-H0.3-F0.6-A4-s42,high,twostage,7,1218,28.257,70.0,1,83.0,46.29
S8x4x4-LD21-H0.3-F0.6-A4-s42,high,twostage,7,1219,28.28,70.0,1,83.0,46.29
S8x4x4-LD21-H0.3-F0.6-A4-s42,high,twostage,7,1220,28.306,70.0,1,83.0,46.29
S8x4x4-LD21-H0.3-F0.6-A4-s42,high,twostage,7,1221,28.328,70.0,1,83.0,46.29
S8x4x4-LD21-H0.3-F0.6-A4-s42,high,twostage,7,1222,28.352,70.0,1,83.0,46.29
S8x4x4-LD21-H0.3-F0.6-A4-s42,high,twostage,7,1223,28.374,70.0,1,83.0,46.29
S8x4x4-LD21-H0.3-F0.6-A4-s42,high,twostage,7,1224,28.397,70.0,1,83.0,46.29
S8x4x4-LD21-H0.3-F0.6-A4-s42,high,twostage,7,1225,28.423,70.0,1,83.0,46.29
S8x4x4-LD21-H0.3-F0.6-A4-s42,high,twostage,7,1226,28.445,70.0,1,83.0,46.29
S8x4x4-LD21-H0.3-F0.6-A4-s42,high,twostage,7,1227,28.467,70.0,1,83.0,46.29
S8x4x4-LD21-H0.3-F0.6-A4-s42,high,twostage,7,1228,28.489,70.0,1,83.0,46.29
S8x4x4-LD21-H0.3-F0.6-A4-s42,high,twostage,7,1229,28.511,70.0,1,83.0,46.29
S8x4x4-LD21-H0.3-F0.6-A4-s42,high,twostage,7,1230,28.536,70.0,1,83.0,46.29
S8x4x4-LD21-H0.3-F0.6-A4-s42,high,twostage,7,1231,28.559,70.0,1,83.0,46.29
S8x4x4-LD21-H0.3-F0.6-A4-s42,high,twostage,7,1232,28.582,70.0,1,83.0,46.29
S8x4x4-LD21-H0.3-F0.6-A4-s42,high,twostage,7,1233,28.604,70.0,1,83.0,46.29
S8x4x4-LD21-H0.3-F0.6-A4-s42,high,twostage,7,1234,28.626,70.0,1,83.0,46.29
S8x4x4-LD21-H0.3-F0.6-A4-s42,high,twostage,7,1235,28.653,70.0,1,83.0,46.29
S8x4x4-LD21-H0.3-F0.6-A4-s42,high,twostage,7,1236,28.674,70.0,1,83.0,46.29
S8x4x4-LD21-H0.3-F0.6-A4-s42,high,twostage,7,1237,28.697,70.0,1,83.0,46.29
S8x4x4-LD21-H0.3-F0.6-A4-s42,high,twostage,7,1238,28.72,70.0,1,83.0,46.29
S8x4x4-LD21-H0.3-F0.6-A4-s42,high,twostage,7,1239,28.742,70.0,1,83.0,46.29
S8x4x4-LD21-H0.3-F0.6-A4-s42,high,twostage,7,1240,28.767,70.0,1,83.0,46.29
S8x4x4-LD21-H0.3-F0.6-A4-s42,high,twostage,7,1241,28.789,70.0,1,83.0,46.29
S8x4x4-LD21-H0.3-F0.6-A4-s42,high,twostage,7,1242,28.811,70.0,1,83.0,46.29
S8x4x4-LD21-H0.3-F0.6-A4-s42,high,twostage,7,1243,28.834,70.0,1,83.0,46.29
S8x4x4-LD21-H0.3-F0.6-A4-s42,high,twostage,7,1244,28.857,70.0,1,83.0,46.29
S8x4x4-LD21-H0.3-F0.6-A4-s42,high,twostage,7,1245,28.881,70.0,1,83.0,46.29
S8x4x4-LD21-H0.3-F0.6-A4-s42,high,twostage,7,1246,28.903,70.0,1,83.0,46.29
S8x4x4-LD21-H0.3-F0.6-A4-s42,high,twostage,7,1247,28.927,70.0,1,83.0,46.29
S8x4x4-LD21-H0.3-F0.6-A4-s42,high,twostage,7,1248,28.949,70.0,1,83.0,46.29
S8x4x4-LD21-H0.3-F0.6-A4-s42,high,twostage,7,1249,28.972,70.0,1,83.0,46.29
S8x4x4-LD21-H0.3-F0.6-A4-s42,high,twostage,7,1250,28.997,70.0,1,83.0,46.29
S8x4x4-LD21-H0.3-F0.6-A4-s42,high,twostage,7,1251,29.018,70.0,1,83.0,46.29
S8x4x4-LD21-H0.3-F0.6-A4-s42,high,twostage,7,1252,29.041,70.0,1,83.0,46.29
S8x4x4-LD21-H0.3-F0.6-A4-s42,high,twostage,7,1253,29.063,70.0,1,83.0,46.29
S8x4x4-LD21-H0.3-F0.6-A4-s42,high,twostage,7,1254,29.086,70.0,1,83.0,46.29
S8x4x4-LD21-H0.3-F0.6-A4-s42,high,twostage,7,1255,29.111,70.0,1,83.0,46.29
S8x4x4-LD21-H0.3-F0.6-A4-s42,high,twostage,7,1256,29.134,70.0,1,83.0,46.29
S8x4x4-LD21-H0.3-F0.6-A4-s42,high,twostage,7,1257,29.156,70.0,1,83.0,46.29
S8x4x4-LD21-H0.3-F0.6-A4-s42,high,twostage,7,1258,29.178,70.0,1,83.0,46.29
S8x4x4-LD21-H0.3-F0.6-A4-s42,high,twostage,7,1259,29.202,70.0,1,83.0,46.29
S8x4x4-LD21-H0.3-F0.6-A4-s42,high,twostage,7,1260,29.226,70.0,1,83.0,46.29
S8x4x4-LD21-H0.3-F0.6-A4-s42,high,twostage,7,1261,29.248,70.0,1,83.0,46.29
S8x4x4-LD21-H0.3-F0.6-A4-s42,high,twostage,7,1262,29.27,70.0,1,83.0,46.29
S8x4x4-LD21-H0.3-F0.6-A4-s42,high,twostage,7,1263,29.293,70.0,1,83.0,46.29
S8x4x4-LD21-H0.3-F0.6-A4-s42,high,twostage,7,1264,29.318,70.0,1,83.0,46.29
S8x4x4-LD21-H0.3-F0.6-A4-s42,high,twostage,7,1265,29.34,70.0,1,83.0,46.29
S8x4x4-LD21-H0.3-F0.6-A4-s42,high,twostage,7,1266,29.363,70.0,1,83.0,46.29
S8x4x4-LD21-H0.3-F0.6-A4-s42,high,twostage,7,1267,29.386,70.0,1,83.0,46.29
S8x4x4-LD21-H0.3-F0.6-A4-s42,high,twostage,7,1268,29.409,70.0,1,83.0,46.29
S8x4x4-LD21-H0.3-F0.6-A4-s42,high,twostage,7,1269,29.435,70.0,1,83.0,46.29
S8x4x4-LD21-H0.3-F0.6-A4-s42,high,twostage,7,1270,29.457,70.0,1,83.0,46.29
S8x4x4-LD21-H0.3-F0.6-A4-s42,high,twostage,7,1271,29.48,70.0,1,83.0,46.29
S8x4x4-LD21-H0.3-F0.6-A4-s42,high,twostage,7,1272,29.502,70.0,1,83.0,46.29
S8x4x4-LD21-H0.3-F0.6-A4-s42,high,twostage,7,1273,29.526,70.0,1,83.0,46.29
S8x4x4-LD21-H0.3-F0.6-A4-s42,high,twostage,7,1274,29.551,70.0,1,83.0,46.29
S8x4x4-LD21-H0.3-F0.6-A4-s42,high,twostage,7,1275,29.575,70.0,1,83.0,46.29
S8x4x4-LD21-H0.3-F0.6-A4-s42,high,twostage,7,1276,29.6,70.0,1,83.0,46.29
S8x4x4-LD21-H0.3-F0.6-A4-s42,high,twostage,7,1277,29.623,70.0,1,83.0,46.29
S8x4x4-LD21-H0.3-F0.6-A4-s42,high,twostage,7,1278,29.645,70.0,1,83.0,46.29
S8x4x4-LD21-H0.3-F0.6-A4-s42,high,twostage,7,1279,29.669,70.0,1,83.0,46.29
S8x4x4-LD21-H0.3-F0.6-A4-s42,high,twostage,7,1280,29.692,70.0,1,83.0,46.29
S8x4x4-LD21-H0.3-F0.6-A4-s42,high,twostage,7,1281,29.715,70.0,1,83.0,46.29
S8x4x4-LD21-H0.3-F0.6-A4-s42,high,twostage,7,1282,29.739,70.0,1,83.0,46.29
S8x4x4-LD21-H0.3-F0.6-A4-s42,high,twostage,7,1283,29.761,70.0,1,83.0,46.29
S8x4x4-LD21-H0.3-F0.6-A4-s42,high,twostage,7,1284,29.786,70.0,1,83.0,46.29
S8x4x4-LD21-H0.3-F0.6-A4-s42,high,twostage,7,1285,29.809,70.0,1,83.0,46.29
S8x4x4-LD21-H0.3-F0.6-A4-s42,high,twostage,7,1286,29.831,70.0,1,83.0,46.29
S8x4x4-LD21-H0.3-F0.6-A4-s42,high,twostage,7,1287,29.854,70.0,1,83.0,46.29
S8x4x4-LD21-H0.3-F0.6-A4-s42,high,twostage,7,1288,29.876,70.0,1,83.0,46.29
S8x4x4-LD21-H0.3-F0.6-A4-s42,high,twostage,7,1289,29.901,70.0,1,83.0,46.29
S8x4x4-LD21-H0.3-F0.6-A4-s42,high,twostage,7,1290,29.925,70.0,1,83.0,46.29
S8x4x4-LD21-H0.3-F0.6-A4-s42,high,twostage,7,1291,29.947,70.0,1,83.0,46.29
S8x4x4-LD21-H0.3-F0.6-A4-s42,high,twostage,7,1292,29.969,70.0,1,83.0,46.29
S8x4x4-LD21-H0.3-F0.6-A4-s42,high,twostage,7,1293,29.992,70.0,1,83.0,46.29
S8x4x4-LD21-H0.3-F0.6-A4-s42,high,twostage,7,1294,30.017,70.0,1,83.0,46.29
S8x4x4-LD21-H0.3-F0.6-A4-s42,high,twostage,7,1295,30.039,70.0,1,83.0,46.29
S8x4x4-LD21-H0.3-F0.6-A4-s42,high,twostage,7,1296,30.062,70.0,1,83.0,46.29
S8x4x4-LD21-H0.3-F0.6-A4-s42,high,twostage,7,1297,30.084,70.0,1,83.0,46.29
S8x4x4-LD21-H0.3-F0.6-A4-s42,high,twostage,7,1298,30.106,70.0,1,83.0,46.29
S8x4x4-LD21-H0.3-F0.6-A4-s42,high,twostage,7,1299,30.131,70.0,1,83.0,46.29
S8x4x4-LD21-H0.3-F0.6-A4-s42,high,twostage,7,1300,30.152,70.0,1,83.0,46.29
S8x4x4-LD21-H0.3-F0.6-A4-s42,high,twostage,7,1301,30.174,70.0,1,83.0,46.29
S8x4x4-LD21-H0.3-F0.6-A4-s42,high,twostage,7,1302,30.196,70.0,1,83.0,46.29
S8x4x4-LD21-H0.3-F0.6-A4-s42,high,twostage,7,1303,30.218,70.0,1,83.0,46.29
S8x4x4-LD21-H0.3-F0.6-A4-s42,high,twostage,7,1304,30.243,70.0,1,83.0,46.29
S8x4x4-LD21-H0.3-F0.6-A4-s42,high,twostage,7,1305,30.265,70.0,1,83.0,46.29
S8x4x4-LD21-H0.3-F0.6-A4-s42,high,twostage,7,1306,30.288,70.0,1,83.0,46.29
S8x4x4-LD21-H0.3-F0.6-A4-s42,high,twostage,7,1307,30.311,70.0,1,83.0,46.29
S8x4x4-LD21-H0.3-F0.6-A4-s42,high,twostage,7,1308,30.334,70.0,1,83.0,46.29
S8x4x4-LD21-H0.3-F0.6-A4-s42,high,twostage,7,1309,30.359,70.0,1,83.0,46.29
S8x4x4-LD21-H0.3-F0.6-A4-s42,high,twostage,7,1310,30.382,70.0,1,83.0,46.29
S8x4x4-LD21-H0.3-F0.6-A4-s42,high,twostage,7,1311,30.403,70.0,1,83.0,46.29
S8x4x4-LD21-H0.3-F0.6-A4-s42,high,twostage,7,1312,30.426,70.0,1,83.0,46.29
S8x4x4-LD21-H0.3-F0.6-A4-s42,high,twostage,7,1313,30.452,70.0,1,83.0,46.29
S8x4x4-LD21-H0.3-F0.6-A4-s42,high,twostage,7,1314,30.475,70.0,1,83.0,46.29
S8x4x4-LD21-H0.3-F0.6-A4-s42,high,twostage,7,1315,30.497,70.0,1,83.0,46.29
S8x4x4-LD21-H0.3-F0.6-A4-s42,high,twostage,7,1316,30.519,70.0,1,83.0,46.29
S8x4x4-LD21-H0.3-F0.6-A4-s42,high,twostage,7,1317,30.542,70.0,1,83.0,46.29
S8x4x4-LD21-H0.3-F0.6-A4-s42,high,twostage,7,1318,30.567,70.0,1,83.0,46.29
S8x4x4-LD21-H0.3-F0.6-A4-s42,high,twostage,7,1319,30.59,70.0,1,83.0,46.29
S8x4x4-LD21-H0.3-F0.6-A4-s42,high,twostage,7,1320,30.614,70.0,1,83.0,46.29
S8x4x4-LD21-H0.3-F0.6-A4-s42,high,twostage,7,1321,30.636,70.0,1,83.0,46.29
S8x4x4-LD21-H0.3-F0.6-A4-s42,high,twostage,7,1322,30.658,70.0,1,83.0,46.29
S8x4x4-LD21-H0.3-F0.6-A4-s42,high,twostage,7,1323,30.683,70.0,1,83.0,46.29
S8x4x4-LD21-H0.3-F0.6-A4-s42,high,twostage,7,1324,30.705,70.0,1,83.0,46.29
S8x4x4-LD21-H0.3-F0.6-A4-s42,high,twostage,7,1325,30.728,70.0,1,83.0,46.29
S8x4x4-LD21-H0.3-F0.6-A4-s42,high,twostage,7,1326,30.751,70.0,1,83.0,46.29
S8x4x4-LD21-H0.3-F0.6-A4-s42,high,twostage,7,1327,30.773,70.0,1,83.0,46.29
S8x4x4-LD21-H0.3-F0.6-A4-s42,high,twostage,7,1328,30.798,70.0,1,83.0,46.29
S8x4x4-LD21-H0.3-F0.6-A4-s42,high,twostage,7,1329,30.82,70.0,1,83.0,46.29
S8x4x4-LD21-H0.3-F0.6-A4-s42,high,twostage,7,1330,30.843,70.0,1,83.0,46.29
S8x4x4-LD21-H0.3-F0.6-A4-s42,high,twostage,7,1331,30.865,70.0,1,83.0,46.29
S8x4x4-LD21-H0.3-F0.6-A4-s42,high,twostage,7,1332,30.887,70.0,1,83.0,46.29
S8x4x4-LD21-H0.3-F0.6-A4-s42,high,twostage,7,1333,30.913,70.0,1,83.0,46.29
S8x4x4-LD21-H0.3-F0.6-A4-s42,high,twostage,7,1334,30.936,70.0,1,83.0,46.29
S8x4x4-LD21-H0.3-F0.6-A4-s42,high,twostage,7,1335,30.958,70.0,1,83.0,46.29
S8x4x4-LD21-H0.3-F0.6-A4-s42,high,twostage,7,1336,30.981,70.0,1,83.0,46.29
S8x4x4-LD21-H0.3-F0.6-A4-s42,high,twostage,7,1337,31.003,70.0,1,83.0,46.29
S8x4x4-LD21-H0.3-F0.6-A4-s42,high,twostage,7,1338,31.028,70.0,1,83.0,46.29
S8x4x4-LD21-H0.3-F0.6-A4-s42,high,twostage,7,1339,31.051,70.0,1,83.0,46.29
S8x4x4-LD21-H0.3-F0.6-A4-s42,high,twostage,7,1340,31.074,70.0,1,83.0,46.29
S8x4x4-LD21-H0.3-F0.6-A4-s42,high,twostage,7,1341,31.096,70.0,1,83.0,46.29
S8x4x4-LD21-H0.3-F0.6-A4-s42,high,twostage,7,1342,31.119,70.0,1,83.0,46.29
S8x4x4-LD21-H0.3-F0.6-A4-s42,high,twostage,7,1343,31.142,70.0,1,83.0,46.29
S8x4x4-LD21-H0.3-F0.6-A4-s42,high,twostage,7,1344,31.165,70.0,1,83.0,46.29
S8x4x4-LD21-H0.3-F0.6-A4-s42,high,twostage,7,1345,31.187,70.0,1,83.0,46.29
S8x4x4-LD21-H0.3-F0.6-A4-s42,high,twostage,7,1346,31.21,70.0,1,83.0,46.29
S8x4x4-LD21-H0.3-F0.6-A4-s42,high,twostage,7,1347,31.236,70.0,1,83.0,46.29
S8x4x4-LD21-H0.3-F0.6-A4-s42,high,twostage,7,1348,31.262,70.0,1,83.0,46.29
S8x4x4-LD21-H0.3-F0.6-A4-s42,high,twostage,7,1349,31.284,70.0,1,83.0,46.29
S8x4x4-LD21-H0.3-F0.6-A4-s42,high,twostage,7,1350,31.307,70.0,1,83.0,46.29
S8x4x4-LD21-H0.3-F0.6-A4-s42,high,twostage,7,1351,31.331,70.0,1,83.0,46.29
S8x4x4-LD21-H0.3-F0.6-A4-s42,high,twostage,7,1352,31.353,70.0,1,83.0,46.29
S8x4x4-LD21-H0.3-F0.6-A4-s42,high,twostage,7,1353,31.378,70.0,1,83.0,46.29
S8x4x4-LD21-H0.3-F0.6-A4-s42,high,twostage,7,1354,31.4,70.0,1,83.0,46.29
S8x4x4-LD21-H0.3-F0.6-A4-s42,high,twostage,7,1355,31.423,70.0,1,83.0,46.29
S8x4x4-LD21-H0.3-F0.6-A4-s42,high,twostage,7,1356,31.446,70.0,1,83.0,46.29
S8x4x4-LD21-H0.3-F0.6-A4-s42,high,twostage,7,1357,31.469,70.0,1,83.0,46.29
S8x4x4-LD21-H0.3-F0.6-A4-s42,high,twostage,7,1358,31.495,70.0,1,83.0,46.29
S8x4x4-LD21-H0.3-F0.6-A4-s42,high,twostage,7,1359,31.517,70.0,1,83.0,46.29
S8x4x4-LD21-H0.3-F0.6-A4-s42,high,twostage,7,1360,31.539,70.0,1,83.0,46.29
S8x4x4-LD21-H0.3-F0.6-A4-s42,high,twostage,7,1361,31.561,70.0,1,83.0,46.29
S8x4x4-LD21-H0.3-F0.6-A4-s42,high,twostage,7,1362,31.586,70.0,1,83.0,46.29
S8x4x4-LD21-H0.3-F0.6-A4-s42,high,twostage,7,1363,31.609,70.0,1,83.0,46.29
S8x4x4-LD21-H0.3-F0.6-A4-s42,high,twostage,7,1364,31.632,70.0,1,83.0,46.29
S8x4x4-LD21-H0.3-F0.6-A4-s42,high,twostage,7,1365,31.654,70.0,1,83.0,46.29
S8x4x4-LD21-H0.3-F0.6-A4-s42,high,twostage,7,1366,31.677,70.0,1,83.0,46.29
S8x4x4-LD21-H0.3-F0.6-A4-s42,high,twostage,7,1367,31.701,70.0,1,83.0,46.29
S8x4x4-LD21-H0.3-F0.6-A4-s42,high,twostage,7,1368,31.724,70.0,1,83.0,46.29
S8x4x4-LD21-H0.3-F0.6-A4-s42,high,twostage,7,1369,31.746,70.0,1,83.0,46.29
S8x4x4-LD21-H0.3-F0.6-A4-s42,high,twostage,7,1370,31.769,70.0,1,83.0,46.29
S8x4x4-LD21-H0.3-F0.6-A4-s42,high,twostage,7,1371,31.791,70.0,1,83.0,46.29
S8x4x4-LD21-H0.3-F0.6-A4-s42,high,twostage,7,1372,31.816,70.0,1,83.0,46.29
S8x4x4-LD21-H0.3-F0.6-A4-s42,high,twostage,7,1373,31.839,70.0,1,83.0,46.29
S8x4x4-LD21-H0.3-F0.6-A4-s42,high,twostage,7,1374,31.862,70.0,1,83.0,46.29
S8x4x4-LD21-H0.3-F0.6-A4-s42,high,twostage,7,1375,31.885,70.0,1,83.0,46.29
S8x4x4-LD21-H0.3-F0.6-A4-s42,high,twostage,7,1376,31.907,70.0,1,83.0,46.29
S8x4x4-LD21-H0.3-F0.6-A4-s42,high,twostage,7,1377,31.934,70.0,1,83.0,46.29
S8x4x4-LD21-H0.3-F0.6-A4-s42,high,twostage,7,1378,31.957,70.0,1,83.0,46.29
S8x4x4-LD21-H0.3-F0.6-A4-s42,high,twostage,7,1379,31.979,70.0,1,83.0,46.29
S8x4x4-LD21-H0.3-F0.6-A4-s42,high,twostage,7,1380,32.0,70.0,1,83.0,46.29
S8x4x4-LD21-H0.3-F0.6-A4-s42,high,twostage,7,1381,32.023,70.0,1,83.0,46.29
S8x4x4-LD21-H0.3-F0.6-A4-s42,high,twostage,7,1382,32.049,70.0,1,83.0,46.29
S8x4x4-LD21-H0.3-F0.6-A4-s42,high,twostage,7,1383,32.071,70.0,1,83.0,46.29
S8x4x4-LD21-H0.3-F0.6-A4-s42,high,twostage,7,1384,32.094,70.0,1,83.0,46.29
S8x4x4-LD21-H0.3-F0.6-A4-s42,high,twostage,7,1385,32.116,70.0,1,83.0,46.29
S8x4x4-LD21-H0.3-F0.6-A4-s42,high,twostage,7,1386,32.139,70.0,1,83.0,46.29
S8x4x4-LD21-H0.3-F0.6-A4-s42,high,twostage,7,1387,32.164,70.0,1,83.0,46.29
S8x4x4-LD21-H0.3-F0.6-A4-s42,high,twostage,7,1388,32.187,70.0,1,83.0,46.29
S8x4x4-LD21-H0.3-F0.6-A4-s42,high,twostage,7,1389,32.209,70.0,1,83.0,46.29
S8x4x4-LD21-H0.3-F0.6-A4-s42,high,twostage,7,1390,32.232,70.0,1,83.0,46.29
S8x4x4-LD21-H0.3-F0.6-A4-s42,high,twostage,7,1391,32.255,70.0,1,83.0,46.29
S8x4x4-LD21-H0.3-F0.6-A4-s42,high,twostage,7,1392,32.28,70.0,1,83.0,46.29
S8x4x4-LD21-H0.3-F0.6-A4-s42,high,twostage,7,1393,32.302,70.0,1,83.0,46.29
S8x4x4-LD21-H0.3-F0.6-A4-s42,high,twostage,7,1394,32.325,70.0,1,83.0,46.29
S8x4x4-LD21-H0.3-F0.6-A4-s42,high,twostage,7,1395,32.348,70.0,1,83.0,46.29
S8x4x4-LD21-H0.3-F0.6-A4-s42,high,twostage,7,1396,32.372,70.0,1,83.0,46.29
S8x4x4-LD21-H0.3-F0.6-A4-s42,high,twostage,7,1397,32.397,70.0,1,83.0,46.29
S8x4x4-LD21-H0.3-F0.6-A4-s42,high,twostage,7,1398,32.418,70.0,1,83.0,46.29
S8x4x4-LD21-H0.3-F0.6-A4-s42,high,twostage,7,1399,32.442,70.0,1,83.0,46.29
S8x4x4-LD21-H0.3-F0.6-A4-s42,high,twostage,7,1400,32.465,70.0,1,83.0,46.29
S8x4x4-LD21-H0.3-F0.6-A4-s42,high,twostage,7,1401,32.487,70.0,1,83.0,46.29
S8x4x4-LD21-H0.3-F0.6-A4-s42,high,twostage,7,1402,32.511,70.0,1,83.0,46.29
S8x4x4-LD21-H0.3-F0.6-A4-s42,high,twostage,7,1403,32.534,70.0,1,83.0,46.29
S8x4x4-LD21-H0.3-F0.6-A4-s42,high,twostage,7,1404,32.559,70.0,1,83.0,46.29
S8x4x4-LD21-H0.3-F0.6-A4-s42,high,twostage,7,1405,32.581,70.0,1,83.0,46.29
S8x4x4-LD21-H0.3-F0.6-A4-s42,high,twostage,7,1406,32.604,70.0,1,83.0,46.29
S8x4x4-LD21-H0.3-F0.6-A4-s42,high,twostage,7,1407,32.628,70.0,1,83.0,46.29
S8x4x4-LD21-H0.3-F0.6-A4-s42,high,twostage,7,1408,32.65,70.0,1,83.0,46.29
S8x4x4-LD21-H0.3-F0.6-A4-s42,high,twostage,7,1409,32.672,70.0,1,83.0,46.29
S8x4x4-LD21-H0.3-F0.6-A4-s42,high,twostage,7,1410,32.695,70.0,1,83.0,46.29
S8x4x4-LD21-H0.3-F0.6-A4-s42,high,twostage,7,1411,32.718,70.0,1,83.0,46.29
S8x4x4-LD21-H0.3-F0.6-A4-s42,high,twostage,7,1412,32.741,70.0,1,83.0,46.29
S8x4x4-LD21-H0.3-F0.6-A4-s42,high,twostage,7,1413,32.771,70.0,1,83.0,46.29
S8x4x4-LD21-H0.3-F0.6-A4-s42,high,twostage,7,1414,32.798,70.0,1,83.0,46.29
S8x4x4-LD21-H0.3-F0.6-A4-s42,high,twostage,7,1415,32.82,70.0,1,83.0,46.29
S8x4x4-LD21-H0.3-F0.6-A4-s42,high,twostage,7,1416,32.844,70.0,1,83.0,46.29
S8x4x4-LD21-H0.3-F0.6-A4-s42,high,twostage,7,1417,32.867,70.0,1,83.0,46.29
S8x4x4-LD21-H0.3-F0.6-A4-s42,high,twostage,7,1418,32.889,70.0,1,83.0,46.29
S8x4x4-LD21-H0.3-F0.6-A4-s42,high,twostage,7,1419,32.911,70.0,1,83.0,46.29
S8x4x4-LD21-H0.3-F0.6-A4-s42,high,twostage,7,1420,32.933,70.0,1,83.0,46.29
S8x4x4-LD21-H0.3-F0.6-A4-s42,high,twostage,7,1421,32.959,70.0,1,83.0,46.29
S8x4x4-LD21-H0.3-F0.6-A4-s42,high,twostage,7,1422,32.981,70.0,1,83.0,46.29
S8x4x4-LD21-H0.3-F0.6-A4-s42,high,twostage,7,1423,33.004,70.0,1,83.0,46.29
S8x4x4-LD21-H0.3-F0.6-A4-s42,high,twostage,7,1424,33.027,70.0,1,83.0,46.29
S8x4x4-LD21-H0.3-F0.6-A4-s42,high,twostage,7,1425,33.049,70.0,1,83.0,46.29
S8x4x4-LD21-H0.3-F0.6-A4-s42,high,twostage,7,1426,33.073,70.0,1,83.0,46.29
S8x4x4-LD21-H0.3-F0.6-A4-s42,high,twostage,7,1427,33.095,70.0,1,83.0,46.29
S8x4x4-LD21-H0.3-F0.6-A4-s42,high,twostage,7,1428,33.118,70.0,1,83.0,46.29
S8x4x4-LD21-H0.3-F0.6-A4-s42,high,twostage,7,1429,33.14,70.0,1,83.0,46.29
S8x4x4-LD21-H0.3-F0.6-A4-s42,high,twostage,7,1430,33.163,70.0,1,83.0,46.29
S8x4x4-LD21-H0.3-F0.6-A4-s42,high,twostage,7,1431,33.188,70.0,1,83.0,46.29
S8x4x4-LD21-H0.3-F0.6-A4-s42,high,twostage,7,1432,33.21,70.0,1,83.0,46.29
S8x4x4-LD21-H0.3-F0.6-A4-s42,high,twostage,7,1433,33.232,70.0,1,83.0,46.29
S8x4x4-LD21-H0.3-F0.6-A4-s42,high,twostage,7,1434,33.254,70.0,1,83.0,46.29
S8x4x4-LD21-H0.3-F0.6-A4-s42,high,twostage,7,1435,33.276,70.0,1,83.0,46.29
S8x4x4-LD21-H0.3-F0.6-A4-s42,high,twostage,7,1436,33.302,70.0,1,83.0,46.29
S8x4x4-LD21-H0.3-F0.6-A4-s42,high,twostage,7,1437,33.325,70.0,1,83.0,46.29
S8x4x4-LD21-H0.3-F0.6-A4-s42,high,twostage,7,1438,33.348,70.0,1,83.0,46.29
S8x4x4-LD21-H0.3-F0.6-A4-s42,high,twostage,7,1439,33.37,70.0,1,83.0,46.29
S8x4x4-LD21-H0.3-F0.6-A4-s42,high,twostage,7,1440,33.393,70.0,1,83.0,46.29
S8x4x4-LD21-H0.3-F0.6-A4-s42,high,twostage,7,1441,33.417,70.0,1,83.0,46.29
S8x4x4-LD21-H0.3-F0.6-A4-s42,high,twostage,7,1442,33.44,70.0,1,83.0,46.29
S8x4x4-LD21-H0.3-F0.6-A4-s42,high,twostage,7,1443,33.462,70.0,1,83.0,46.29
S8x4x4-LD21-H0.3-F0.6-A4-s42,high,twostage,7,1444,33.483,70.0,1,83.0,46.29
S8x4x4-LD21-H0.3-F0.6-A4-s42,high,twostage,7,1445,33.507,70.0,1,83.0,46.29
S8x4x4-LD21-H0.3-F0.6-A4-s42,high,twostage,7,1446,33.531,70.0,1,83.0,46.29
S8x4x4-LD21-H0.3-F0.6-A4-s42,high,twostage,7,1447,33.554,70.0,1,83.0,46.29
S8x4x4-LD21-H0.3-F0.6-A4-s42,high,twostage,7,1448,33.576,70.0,1,83.0,46.29
S8x4x4-LD21-H0.3-F0.6-A4-s42,high,twostage,7,1449,33.598,70.0,1,83.0,46.29
S8x4x4-LD21-H0.3-F0.6-A4-s42,high,twostage,7,1450,33.62,70.0,1,83.0,46.29
S8x4x4-LD21-H0.3-F0.6-A4-s42,high,twostage,7,1451,33.645,70.0,1,83.0,46.29
S8x4x4-LD21-H0.3-F0.6-A4-s42,high,twostage,7,1452,33.668,70.0,1,83.0,46.29
S8x4x4-LD21-H0.3-F0.6-A4-s42,high,twostage,7,1453,33.691,70.0,1,83.0,46.29
S8x4x4-LD21-H0.3-F0.6-A4-s42,high,twostage,7,1454,33.713,70.0,1,83.0,46.29
S8x4x4-LD21-H0.3-F0.6-A4-s42,high,twostage,7,1455,33.735,70.0,1,83.0,46.29
S8x4x4-LD21-H0.3-F0.6-A4-s42,high,twostage,7,1456,33.759,70.0,1,83.0,46.29
S8x4x4-LD21-H0.3-F0.6-A4-s42,high,twostage,7,1457,33.783,70.0,1,83.0,46.29
S8x4x4-LD21-H0.3-F0.6-A4-s42,high,twostage,7,1458,33.805,70.0,1,83.0,46.29
S8x4x4-LD21-H0.3-F0.6-A4-s42,high,twostage,7,1459,33.828,70.0,1,83.0,46.29
S8x4x4-LD21-H0.3-F0.6-A4-s42,high,twostage,7,1460,33.851,70.0,1,83.0,46.29
S8x4x4-LD21-H0.3-F0.6-A4-s42,high,twostage,7,1461,33.874,70.0,1,83.0,46.29
S8x4x4-LD21-H0.3-F0.6-A4-s42,high,twostage,7,1462,33.897,70.0,1,83.0,46.29
S8x4x4-LD21-H0.3-F0.6-A4-s42,high,twostage,7,1463,33.92,70.0,1,83.0,46.29
S8x4x4-LD21-H0.3-F0.6-A4-s42,high,twostage,7,1464,33.942,70.0,1,83.0,46.29
S8x4x4-LD21-H0.3-F0.6-A4-s42,high,twostage,7,1465,33.967,70.0,1,83.0,46.29
S8x4x4-LD21-H0.3-F0.6-A4-s42,high,twostage,7,1466,33.99,70.0,1,83.0,46.29
S8x4x4-LD21-H0.3-F0.6-A4-s42,high,twostage,7,1467,34.012,70.0,1,83.0,46.29
S8x4x4-LD21-H0.3-F0.6-A4-s42,high,twostage,7,1468,34.035,70.0,1,83.0,46.29
S8x4x4-LD21-H0.3-F0.6-A4-s42,high,twostage,7,1469,34.058,70.0,1,83.0,46.29
S8x4x4-LD21-H0.3-F0.6-A4-s42,high,twostage,7,1470,34.083,70.0,1,83.0,46.29
S8x4x4-LD21-H0.3-F0.6-A4-s42,high,twostage,7,1471,34.105,70.0,1,83.0,46.29
S8x4x4-LD21-H0.3-F0.6-A4-s42,high,twostage,7,1472,34.127,70.0,1,83.0,46.29
S8x4x4-LD21-H0.3-F0.6-A4-s42,high,twostage,7,1473,34.149,70.0,1,83.0,46.29
S8x4x4-LD21-H0.3-F0.6-A4-s42,high,twostage,7,1474,34.172,70.0,1,83.0,46.29
S8x4x4-LD21-H0.3-F0.6-A4-s42,high,twostage,7,1475,34.197,70.0,1,83.0,46.29
S8x4x4-LD21-H0.3-F0.6-A4-s42,high,twostage,7,1476,34.219,70.0,1,83.0,46.29
S8x4x4-LD21-H0.3-F0.6-A4-s42,high,twostage,7,1477,34.242,70.0,1,83.0,46.29
S8x4x4-LD21-H0.3-F0.6-A4-s42,high,twostage,7,1478,34.264,70.0,1,83.0,46.29
S8x4x4-LD21-H0.3-F0.6-A4-s42,high,twostage,7,1479,34.285,70.0,1,83.0,46.29
S8x4x4-LD21-H0.3-F0.6-A4-s42,high,twostage,7,1480,34.312,70.0,1,83.0,46.29
S8x4x4-LD21-H0.3-F0.6-A4-s42,high,twostage,7,1481,34.338,70.0,1,83.0,46.29
S8x4x4-LD21-H0.3-F0.6-A4-s42,high,twostage,7,1482,34.36,70.0,1,83.0,46.29
S8x4x4-LD21-H0.3-F0.6-A4-s42,high,twostage,7,1483,34.382,70.0,1,83.0,46.29
S8x4x4-LD21-H0.3-F0.6-A4-s42,high,twostage,7,1484,34.404,70.0,1,83.0,46.29
S8x4x4-LD21-H0.3-F0.6-A4-s42,high,twostage,7,1485,34.429,70.0,1,83.0,46.29
S8x4x4-LD21-H0.3-F0.6-A4-s42,high,twostage,7,1486,34.452,70.0,1,83.0,46.29
S8x4x4-LD21-H0.3-F0.6-A4-s42,high,twostage,7,1487,34.474,70.0,1,83.0,46.29
S8x4x4-LD21-H0.3-F0.6-A4-s42,high,twostage,7,1488,34.496,70.0,1,83.0,46.29
S8x4x4-LD21-H0.3-F0.6-A4-s42,high,twostage,7,1489,34.518,70.0,1,83.0,46.29
S8x4x4-LD21-H0.3-F0.6-A4-s42,high,twostage,7,1490,34.544,70.0,1,83.0,46.29
S8x4x4-LD21-H0.3-F0.6-A4-s42,high,twostage,7,1491,34.565,70.0,1,83.0,46.29
S8x4x4-LD21-H0.3-F0.6-A4-s42,high,twostage,7,1492,34.588,70.0,1,83.0,46.29
S8x4x4-LD21-H0.3-F0.6-A4-s42,high,twostage,7,1493,34.611,70.0,1,83.0,46.29
S8x4x4-LD21-H0.3-F0.6-A4-s42,high,twostage,7,1494,34.633,70.0,1,83.0,46.29
S8x4x4-LD21-H0.3-F0.6-A4-s42,high,twostage,7,1495,34.659,70.0,1,83.0,46.29
S8x4x4-LD21-H0.3-F0.6-A4-s42,high,twostage,7,1496,34.682,70.0,1,83.0,46.29
S8x4x4-LD21-H0.3-F0.6-A4-s42,high,twostage,7,1497,34.705,70.0,1,83.0,46.29
S8x4x4-LD21-H0.3-F0.6-A4-s42,high,twostage,7,1498,34.729,70.0,1,83.0,46.29
S8x4x4-LD21-H0.3-F0.6-A4-s42,high,twostage,7,1499,34.752,70.0,1,83.0,46.29
S8x4x4-LD21-H0.3-F0.6-A4-s42,high,twostage,7,1500,34.779,70.0,1,83.0,46.29
S8x4x4-LD21-H0.3-F0.6-A4-s42,high,twostage,7,1501,34.801,70.0,1,83.0,46.29
S8x4x4-LD21-H0.3-F0.6-A4-s42,high,twostage,7,1502,34.825,70.0,1,83.0,46.29
S8x4x4-LD21-H0.3-F0.6-A4-s42,high,twostage,7,1503,34.848,70.0,1,83.0,46.29
S8x4x4-LD21-H0.3-F0.6-A4-s42,high,twostage,7,1504,34.87,70.0,1,83.0,46.29
S8x4x4-LD21-H0.3-F0.6-A4-s42,high,twostage,7,1505,34.895,70.0,1,83.0,46.29
S8x4x4-LD21-H0.3-F0.6-A4-s42,high,twostage,7,1506,34.917,70.0,1,83.0,46.29
S8x4x4-LD21-H0.3-F0.6-A4-s42,high,twostage,7,1507,34.939,70.0,1,83.0,46.29
S8x4x4-LD21-H0.3-F0.6-A4-s42,high,twostage,7,1508,34.962,70.0,1,83.0,46.29
S8x4x4-LD21-H0.3-F0.6-A4-s42,high,twostage,7,1509,34.985,70.0,1,83.0,46.29
S8x4x4-LD21-H0.3-F0.6-A4-s42,high,twostage,7,1510,35.009,70.0,1,83.0,46.29
S8x4x4-LD21-H0.3-F0.6-A4-s42,high,twostage,7,1511,35.031,70.0,1,83.0,46.29
S8x4x4-LD21-H0.3-F0.6-A4-s42,high,twostage,7,1512,35.053,70.0,1,83.0,46.29
S8x4x4-LD21-H0.3-F0.6-A4-s42,high,twostage,7,1513,35.076,70.0,1,83.0,46.29
S8x4x4-LD21-H0.3-F0.6-A4-s42,high,twostage,7,1514,35.101,70.0,1,83.0,46.29
S8x4x4-LD21-H0.3-F0.6-A4-s42,high,twostage,7,1515,35.124,70.0,1,83.0,46.29
S8x4x4-LD21-H0.3-F0.6-A4-s42,high,twostage,7,1516,35.146,70.0,1,83.0,46.29
S8x4x4-LD21-H0.3-F0.6-A4-s42,high,twostage,7,1517,35.168,70.0,1,83.0,46.29
S8x4x4-LD21-H0.3-F0.6-A4-s42,high,twostage,7,1518,35.191,70.0,1,83.0,46.29
S8x4x4-LD21-H0.3-F0.6-A4-s42,high,twostage,7,1519,35.216,70.0,1,83.0,46.29
S8x4x4-LD21-H0.3-F0.6-A4-s42,high,twostage,7,1520,35.238,70.0,1,83.0,46.29
S8x4x4-LD21-H0.3-F0.6-A4-s42,high,twostage,7,1521,35.261,70.0,1,83.0,46.29
S8x4x4-LD21-H0.3-F0.6-A4-s42,high,twostage,7,1522,35.284,70.0,1,83.0,46.29
S8x4x4-LD21-H0.3-F0.6-A4-s42,high,twostage,7,1523,35.308,70.0,1,83.0,46.29
S8x4x4-LD21-H0.3-F0.6-A4-s42,high,twostage,7,1524,35.339,70.0,1,83.0,46.29
S8x4x4-LD21-H0.3-F0.6-A4-s42,high,twostage,7,1525,35.364,70.0,1,83.0,46.29
S8x4x4-LD21-H0.3-F0.6-A4-s42,high,twostage,7,1526,35.386,70.0,1,83.0,46.29
S8x4x4-LD21-H0.3-F0.6-A4-s42,high,twostage,7,1527,35.409,70.0,1,83.0,46.29
S8x4x4-LD21-H0.3-F0.6-A4-s42,high,twostage,7,1528,35.431,70.0,1,83.0,46.29
S8x4x4-LD21-H0.3-F0.6-A4-s42,high,twostage,7,1529,35.456,70.0,1,83.0,46.29
S8x4x4-LD21-H0.3-F0.6-A4-s42,high,twostage,7,1530,35.479,70.0,1,83.0,46.29
S8x4x4-LD21-H0.3-F0.6-A4-s42,high,twostage,7,1531,35.502,70.0,1,83.0,46.29
S8x4x4-LD21-H0.3-F0.6-A4-s42,high,twostage,7,1532,35.524,70.0,1,83.0,46.29
S8x4x4-LD21-H0.3-F0.6-A4-s42,high,twostage,7,1533,35.547,70.0,1,83.0,46.29
S8x4x4-LD21-H0.3-F0.6-A4-s42,high,twostage,7,1534,35.573,70.0,1,83.0,46.29
S8x4x4-LD21-H0.3-F0.6-A4-s42,high,twostage,7,1535,35.597,70.0,1,83.0,46.29
S8x4x4-LD21-H0.3-F0.6-A4-s42,high,twostage,7,1536,35.619,70.0,1,83.0,46.29
S8x4x4-LD21-H0.3-F0.6-A4-s42,high,twostage,7,1537,35.641,70.0,1,83.0,46.29
S8x4x4-LD21-H0.3-F0.6-A4-s42,high,twostage,7,1538,35.663,70.0,1,83.0,46.29
S8x4x4-LD21-H0.3-F0.6-A4-s42,high,twostage,7,1539,35.688,70.0,1,83.0,46.29
S8x4x4-LD21-H0.3-F0.6-A4-s42,high,twostage,7,1540,35.71,70.0,1,83.0,46.29
S8x4x4-LD21-H0.3-F0.6-A4-s42,high,twostage,7,1541,35.733,70.0,1,83.0,46.29
S8x4x4-LD21-H0.3-F0.6-A4-s42,high,twostage,7,1542,35.755,70.0,1,83.0,46.29
S8x4x4-LD21-H0.3-F0.6-A4-s42,high,twostage,7,1543,35.777,70.0,1,83.0,46.29
S8x4x4-LD21-H0.3-F0.6-A4-s42,high,twostage,7,1544,35.802,70.0,1,83.0,46.29
S8x4x4-LD21-H0.3-F0.6-A4-s42,high,twostage,7,1545,35.825,70.0,1,83.0,46.29
S8x4x4-LD21-H0.3-F0.6-A4-s42,high,twostage,7,1546,35.847,70.0,1,83.0,46.29
S8x4x4-LD21-H0.3-F0.6-A4-s42,high,twostage,7,1547,35.87,70.0,1,83.0,46.29
S8x4x4-LD21-H0.3-F0.6-A4-s42,high,twostage,7,1548,35.892,70.0,1,83.0,46.29
S8x4x4-LD21-H0.3-F0.6-A4-s42,high,twostage,7,1549,35.916,70.0,1,83.0,46.29
S8x4x4-LD21-H0.3-F0.6-A4-s42,high,twostage,7,1550,35.938,70.0,1,83.0,46.29
S8x4x4-LD21-H0.3-F0.6-A4-s42,high,twostage,7,1551,35.959,70.0,1,83.0,46.29
S8x4x4-LD21-H0.3-F0.6-A4-s42,high,twostage,7,1552,35.983,70.0,1,83.0,46.29
S8x4x4-LD21-H0.3-F0.6-A4-s42,high,twostage,7,1553,36.004,70.0,1,83.0,46.29
S8x4x4-LD21-H0.3-F0.6-A4-s42,high,twostage,7,1554,36.029,70.0,1,83.0,46.29
S8x4x4-LD21-H0.3-F0.6-A4-s42,high,twostage,7,1555,36.052,70.0,1,83.0,46.29
S8x4x4-LD21-H0.3-F0.6-A4-s42,high,twostage,7,1556,36.074,70.0,1,83.0,46.29
S8x4x4-LD21-H0.3-F0.6-A4-s42,high,twostage,7,1557,36.096,70.0,1,83.0,46.29
S8x4x4-LD21-H0.3-F0.6-A4-s42,high,twostage,7,1558,36.119,70.0,1,83.0,46.29
S8x4x4-LD21-H0.3-F0.6-A4-s42,high,twostage,7,1559,36.145,70.0,1,83.0,46.29
S8x4x4-LD21-H0.3-F0.6-A4-s42,high,twostage,7,1560,36.167,70.0,1,83.0,46.29
S8x4x4-LD21-H0.3-F0.6-A4-s42,high,twostage,7,1561,36.19,70.0,1,83.0,46.29
S8x4x4-LD21-H0.3-F0.6-A4-s42,high,twostage,7,1562,36.212,70.0,1,83.0,46.29
S8x4x4-LD21-H0.3-F0.6-A4-s42,high,twostage,7,1563,36.234,70.0,1,83.0,46.29
S8x4x4-LD21-H0.3-F0.6-A4-s42,high,twostage,7,1564,36.258,70.0,1,83.0,46.29
S8x4x4-LD21-H0.3-F0.6-A4-s42,high,twostage,7,1565,36.281,70.0,1,83.0,46.29
S8x4x4-LD21-H0.3-F0.6-A4-s42,high,twostage,7,1566,36.302,70.0,1,83.0,46.29
S8x4x4-LD21-H0.3-F0.6-A4-s42,high,twostage,7,1567,36.325,70.0,1,83.0,46.29
S8x4x4-LD21-H0.3-F0.6-A4-s42,high,twostage,7,1568,36.351,70.0,1,83.0,46.29
S8x4x4-LD21-H0.3-F0.6-A4-s42,high,twostage,7,1569,36.374,70.0,1,83.0,46.29
S8x4x4-LD21-H0.3-F0.6-A4-s42,high,twostage,7,1570,36.396,70.0,1,83.0,46.29
S8x4x4-LD21-H0.3-F0.6-A4-s42,high,twostage,7,1571,36.419,70.0,1,83.0,46.29
S8x4x4-LD21-H0.3-F0.6-A4-s42,high,twostage,7,1572,36.441,70.0,1,83.0,46.29
S8x4x4-LD21-H0.3-F0.6-A4-s42,high,twostage,7,1573,36.466,70.0,1,83.0,46.29
S8x4x4-LD21-H0.3-F0.6-A4-s42,high,twostage,7,1574,36.488,70.0,1,83.0,46.29
S8x4x4-LD21-H0.3-F0.6-A4-s42,high,twostage,7,1575,36.51,70.0,1,83.0,46.29
S8x4x4-LD21-H0.3-F0.6-A4-s42,high,twostage,7,1576,36.533,70.0,1,83.0,46.29
S8x4x4-LD21-H0.3-F0.6-A4-s42,high,twostage,7,1577,36.554,70.0,1,83.0,46.29
S8x4x4-LD21-H0.3-F0.6-A4-s42,high,twostage,7,1578,36.579,70.0,1,83.0,46.29
S8x4x4-LD21-H0.3-F0.6-A4-s42,high,twostage,7,1579,36.602,70.0,1,83.0,46.29
S8x4x4-LD21-H0.3-F0.6-A4-s42,high,twostage,7,1580,36.624,70.0,1,83.0,46.29
S8x4x4-LD21-H0.3-F0.6-A4-s42,high,twostage,7,1581,36.646,70.0,1,83.0,46.29
S8x4x4-LD21-H0.3-F0.6-A4-s42,high,twostage,7,1582,36.668,70.0,1,83.0,46.29
S8x4x4-LD21-H0.3-F0.6-A4-s42,high,twostage,7,1583,36.692,70.0,1,83.0,46.29
S8x4x4-LD21-H0.3-F0.6-A4-s42,high,twostage,7,1584,36.714,70.0,1,83.0,46.29
S8x4x4-LD21-H0.3-F0.6-A4-s42,high,twostage,7,1585,36.737,70.0,1,83.0,46.29
S8x4x4-LD21-H0.3-F0.6-A4-s42,high,twostage,7,1586,36.759,70.0,1,83.0,46.29
S8x4x4-LD21-H0.3-F0.6-A4-s42,high,twostage,7,1587,36.782,70.0,1,83.0,46.29
S8x4x4-LD21-H0.3-F0.6-A4-s42,high,twostage,7,1588,36.807,70.0,1,83.0,46.29
S8x4x4-LD21-H0.3-F0.6-A4-s42,high,twostage,7,1589,36.83,70.0,1,83.0,46.29
S8x4x4-LD21-H0.3-F0.6-A4-s42,high,twostage,7,1590,36.853,70.0,1,83.0,46.29
S8x4x4-LD21-H0.3-F0.6-A4-s42,high,twostage,7,1591,36.875,70.0,1,83.0,46.29
S8x4x4-LD21-H0.3-F0.6-A4-s42,high,twostage,7,1592,36.898,70.0,1,83.0,46.29
S8x4x4-LD21-H0.3-F0.6-A4-s42,high,twostage,7,1593,36.923,70.0,1,83.0,46.29
S8x4x4-LD21-H0.3-F0.6-A4-s42,high,twostage,7,1594,36.946,70.0,1,83.0,46.29
S8x4x4-LD21-H0.3-F0.6-A4-s42,high,twostage,7,1595,36.969,70.0,1,83.0,46.29
S8x4x4-LD21-H0.3-F0.6-A4-s42,high,twostage,7,1596,36.991,70.0,1,83.0,46.29
S8x4x4-LD21-H0.3-F0.6-A4-s42,high,twostage,7,1597,37.014,70.0,1,83.0,46.29
S8x4x4-LD21-H0.3-F0.6-A4-s42,high,twostage,7,1598,37.039,70.0,1,83.0,46.29
S8x4x4-LD21-H0.3-F0.6-A4-s42,high,twostage,7,1599,37.061,70.0,1,83.0,46.29
S8x4x4-LD21-H0.3-F0.6-A4-s42,high,twostage,7,1600,37.085,70.0,1,83.0,46.29
S8x4x4-LD21-H0.3-F0.6-A4-s42,high,twostage,7,1601,37.112,70.0,1,83.0,46.29
S8x4x4-LD21-H0.3-F0.6-A4-s42,high,twostage,7,1602,37.135,70.0,1,83.0,46.29
S8x4x4-LD21-H0.3-F0.6-A4-s42,high,twostage,7,1603,37.16,70.0,1,83.0,46.29
S8x4x4-LD21-H0.3-F0.6-A4-s42,high,twostage,7,1604,37.183,70.0,1,83.0,46.29
S8x4x4-LD21-H0.3-F0.6-A4-s42,high,twostage,7,1605,37.206,70.0,1,83.0,46.29
S8x4x4-LD21-H0.3-F0.6-A4-s42,high,twostage,7,1606,37.228,70.0,1,83.0,46.29
S8x4x4-LD21-H0.3-F0.6-A4-s42,high,twostage,7,1607,37.249,70.0,1,83.0,46.29
S8x4x4-LD21-H0.3-F0.6-A4-s42,high,twostage,7,1608,37.274,70.0,1,83.0,46.29
S8x4x4-LD21-H0.3-F0.6-A4-s42,high,twostage,7,1609,37.296,70.0,1,83.0,46.29
S8x4x4-LD21-H0.3-F0.6-A4-s42,high,twostage,7,1610,37.319,70.0,1,83.0,46.29
S8x4x4-LD21-H0.3-F0.6-A4-s42,high,twostage,7,1611,37.343,70.0,1,83.0,46.29
S8x4x4-LD21-H0.3-F0.6-A4-s42,high,twostage,7,1612,37.366,70.0,1,83.0,46.29
S8x4x4-LD21-H0.3-F0.6-A4-s42,high,twostage,7,1613,37.391,70.0,1,83.0,46.29
S8x4x4-LD21-H0.3-F0.6-A4-s42,high,twostage,7,1614,37.414,70.0,1,83.0,46.29
S8x4x4-LD21-H0.3-F0.6-A4-s42,high,twostage,7,1615,37.438,70.0,1,83.0,46.29
S8x4x4-LD21-H0.3-F0.6-A4-s42,high,twostage,7,1616,37.46,70.0,1,83.0,46.29
S8x4x4-LD21-H0.3-F0.6-A4-s42,high,twostage,7,1617,37.485,70.0,1,83.0,46.29
S8x4x4-LD21-H0.3-F0.6-A4-s42,high,twostage,7,1618,37.508,70.0,1,83.0,46.29
S8x4x4-LD21-H0.3-F0.6-A4-s42,high,twostage,7,1619,37.53,70.0,1,83.0,46.29
S8x4x4-LD21-H0.3-F0.6-A4-s42,high,twostage,7,1620,37.553,70.0,1,83.0,46.29
S8x4x4-LD21-H0.3-F0.6-A4-s42,high,twostage,7,1621,37.576,70.0,1,83.0,46.29
S8x4x4-LD21-H0.3-F0.6-A4-s42,high,twostage,7,1622,37.601,70.0,1,83.0,46.29
S8x4x4-LD21-H0.3-F0.6-A4-s42,high,twostage,7,1623,37.624,70.0,1,83.0,46.29
S8x4x4-LD21-H0.3-F0.6-A4-s42,high,twostage,7,1624,37.646,70.0,1,83.0,46.29
S8x4x4-LD21-H0.3-F0.6-A4-s42,high,twostage,7,1625,37.669,70.0,1,83.0,46.29
S8x4x4-LD21-H0.3-F0.6-A4-s42,high,twostage,7,1626,37.692,70.0,1,83.0,46.29
S8x4x4-LD21-H0.3-F0.6-A4-s42,high,twostage,7,1627,37.716,70.0,1,83.0,46.29
S8x4x4-LD21-H0.3-F0.6-A4-s42,high,twostage,7,1628,37.739,70.0,1,83.0,46.29
S8x4x4-LD21-H0.3-F0.6-A4-s42,high,twostage,7,1629,37.762,70.0,1,83.0,46.29
S8x4x4-LD21-H0.3-F0.6-A4-s42,high,twostage,7,1630,37.784,70.0,1,83.0,46.29
S8x4x4-LD21-H0.3-F0.6-A4-s42,high,twostage,7,1631,37.809,70.0,1,83.0,46.29
S8x4x4-LD21-H0.3-F0.6-A4-s42,high,twostage,7,1632,37.841,70.0,1,83.0,46.29
S8x4x4-LD21-H0.3-F0.6-A4-s42,high,twostage,7,1633,37.873,70.0,1,83.0,46.29
S8x4x4-LD21-H0.3-F0.6-A4-s42,high,twostage,7,1634,37.898,70.0,1,83.0,46.29
S8x4x4-LD21-H0.3-F0.6-A4-s42,high,twostage,7,1635,37.93,70.0,1,83.0,46.29
S8x4x4-LD21-H0.3-F0.6-A4-s42,high,twostage,7,1636,37.962,70.0,1,83.0,46.29
S8x4x4-LD21-H0.3-F0.6-A4-s42,high,twostage,7,1637,37.993,70.0,1,83.0,46.29
S8x4x4-LD21-H0.3-F0.6-A4-s42,high,twostage,7,1638,38.016,70.0,1,83.0,46.29
S8x4x4-LD21-H0.3-F0.6-A4-s42,high,twostage,7,1639,38.039,70.0,1,83.0,46.29
S8x4x4-LD21-H0.3-F0.6-A4-s42,high,twostage,7,1640,38.062,70.0,1,83.0,46.29
S8x4x4-LD21-H0.3-F0.6-A4-s42,high,twostage,7,1641,38.085,70.0,1,83.0,46.29
S8x4x4-LD21-H0.3-F0.6-A4-s42,high,twostage,7,1642,38.111,70.0,1,83.0,46.29
S8x4x4-LD21-H0.3-F0.6-A4-s42,high,twostage,7,1643,38.133,70.0,1,83.0,46.29
S8x4x4-LD21-H0.3-F0.6-A4-s42,high,twostage,7,1644,38.155,70.0,1,83.0,46.29
S8x4x4-LD21-H0.3-F0.6-A4-s42,high,twostage,7,1645,38.177,70.0,1,83.0,46.29
S8x4x4-LD21-H0.3-F0.6-A4-s42,high,twostage,7,1646,38.198,70.0,1,83.0,46.29
S8x4x4-LD21-H0.3-F0.6-A4-s42,high,twostage,7,1647,38.223,70.0,1,83.0,46.29
S8x4x4-LD21-H0.3-F0.6-A4-s42,high,twostage,7,1648,38.245,70.0,1,83.0,46.29
S8x4x4-LD21-H0.3-F0.6-A4-s42,high,twostage,7,1649,38.267,70.0,1,83.0,46.29
S8x4x4-LD21-H0.3-F0.6-A4-s42,high,twostage,7,1650,38.289,70.0,1,83.0,46.29
S8x4x4-LD21-H0.3-F0.6-A4-s42,high,twostage,7,1651,38.312,70.0,1,83.0,46.29
S8x4x4-LD21-H0.3-F0.6-A4-s42,high,twostage,7,1652,38.338,70.0,1,83.0,46.29
S8x4x4-LD21-H0.3-F0.6-A4-s42,high,twostage,7,1653,38.361,70.0,1,83.0,46.29
S8x4x4-LD21-H0.3-F0.6-A4-s42,high,twostage,7,1654,38.383,70.0,1,83.0,46.29
S8x4x4-LD21-H0.3-F0.6-A4-s42,high,twostage,7,1655,38.405,70.0,1,83.0,46.29
S8x4x4-LD21-H0.3-F0.6-A4-s42,high,twostage,7,1656,38.428,70.0,1,83.0,46.29
S8x4x4-LD21-H0.3-F0.6-A4-s42,high,twostage,7,1657,38.453,70.0,1,83.0,46.29
S8x4x4-LD21-H0.3-F0.6-A4-s42,high,twostage,7,1658,38.474,70.0,1,83.0,46.29
S8x4x4-LD21-H0.3-F0.6-A4-s42,high,twostage,7,1659,38.497,70.0,1,83.0,46.29
S8x4x4-LD21-H0.3-F0.6-A4-s42,high,twostage,7,1660,38.518,70.0,1,83.0,46.29
S8x4x4-LD21-H0.3-F0.6-A4-s42,high,twostage,7,1661,38.54,70.0,1,83.0,46.29
S8x4x4-LD21-H0.3-F0.6-A4-s42,high,twostage,7,1662,38.565,70.0,1,83.0,46.29
S8x4x4-LD21-H0.3-F0.6-A4-s42,high,twostage,7,1663,38.589,70.0,1,83.0,46.29
S8x4x4-LD21-H0.3-F0.6-A4-s42,high,twostage,7,1664,38.611,70.0,1,83.0,46.29
S8x4x4-LD21-H0.3-F0.6-A4-s42,high,twostage,7,1665,38.633,70.0,1,83.0,46.29
S8x4x4-LD21-H0.3-F0.6-A4-s42,high,twostage,7,1666,38.655,70.0,1,83.0,46.29
S8x4x4-LD21-H0.3-F0.6-A4-s42,high,twostage,7,1667,38.679,70.0,1,83.0,46.29
S8x4x4-LD21-H0.3-F0.6-A4-s42,high,twostage,7,1668,38.702,70.0,1,83.0,46.29
S8x4x4-LD21-H0.3-F0.6-A4-s42,high,twostage,7,1669,38.723,70.0,1,83.0,46.29
S8x4x4-LD21-H0.3-F0.6-A4-s42,high,twostage,7,1670,38.746,70.0,1,83.0,46.29
S8x4x4-LD21-H0.3-F0.6-A4-s42,high,twostage,7,1671,38.771,70.0,1,83.0,46.29
S8x4x4-LD21-H0.3-F0.6-A4-s42,high,twostage,7,1672,38.793,70.0,1,83.0,46.29
S8x4x4-LD21-H0.3-F0.6-A4-s42,high,twostage,7,1673,38.816,70.0,1,83.0,46.29
S8x4x4-LD21-H0.3-F0.6-A4-s42,high,twostage,7,1674,38.837,70.0,1,83.0,46.29
S8x4x4-LD21-H0.3-F0.6-A4-s42,high,twostage,7,1675,38.859,70.0,1,83.0,46.29
S8x4x4-LD21-H0.3-F0.6-A4-s42,high,twostage,7,1676,38.884,70.0,1,83.0,46.29
S8x4x4-LD21-H0.3-F0.6-A4-s42,high,twostage,7,1677,38.906,70.0,1,83.0,46.29
S8x4x4-LD21-H0.3-F0.6-A4-s42,high,twostage,7,1678,38.93,70.0,1,83.0,46.29
S8x4x4-LD21-H0.3-F0.6-A4-s42,high,twostage,7,1679,38.952,70.0,1,83.0,46.29
S8x4x4-LD21-H0.3-F0.6-A4-s42,high,twostage,7,1680,38.973,70.0,1,83.0,46.29
S8x4x4-LD21-H0.3-F0.6-A4-s42,high,twostage,7,1681,38.997,70.0,1,83.0,46.29
S8x4x4-LD21-H0.3-F0.6-A4-s42,high,twostage,7,1682,39.019,70.0,1,83.0,46.29
S8x4x4-LD21-H0.3-F0.6-A4-s42,high,twostage,7,1683,39.042,70.0,1,83.0,46.29
S8x4x4-LD21-H0.3-F0.6-A4-s42,high,twostage,7,1684,39.064,70.0,1,83.0,46.29
S8x4x4-LD21-H0.3-F0.6-A4-s42,high,twostage,7,1685,39.086,70.0,1,83.0,46.29
S8x4x4-LD21-H0.3-F0.6-A4-s42,high,twostage,7,1686,39.11,70.0,1,83.0,46.29
S8x4x4-LD21-H0.3-F0.6-A4-s42,high,twostage,7,1687,39.132,70.0,1,83.0,46.29
S8x4x4-LD21-H0.3-F0.6-A4-s42,high,twostage,7,1688,39.155,70.0,1,83.0,46.29
S8x4x4-LD21-H0.3-F0.6-A4-s42,high,twostage,7,1689,39.176,70.0,1,83.0,46.29
S8x4x4-LD21-H0.3-F0.6-A4-s42,high,twostage,7,1690,39.198,70.0,1,83.0,46.29
S8x4x4-LD21-H0.3-F0.6-A4-s42,high,twostage,7,1691,39.223,70.0,1,83.0,46.29
S8x4x4-LD21-H0.3-F0.6-A4-s42,high,twostage,7,1692,39.245,70.0,1,83.0,46.29
S8x4x4-LD21-H0.3-F0.6-A4-s42,high,twostage,7,1693,39.267,70.0,1,83.0,46.29
S8x4x4-LD21-H0.3-F0.6-A4-s42,high,twostage,7,1694,39.288,70.0,1,83.0,46.29
S8x4x4-LD21-H0.3-F0.6-A4-s42,high,twostage,7,1695,39.311,70.0,1,83.0,46.29
S8x4x4-LD21-H0.3-F0.6-A4-s42,high,twostage,7,1696,39.337,70.0,1,83.0,46.29
S8x4x4-LD21-H0.3-F0.6-A4-s42,high,twostage,7,1697,39.359,70.0,1,83.0,46.29
S8x4x4-LD21-H0.3-F0.6-A4-s42,high,twostage,7,1698,39.381,70.0,1,83.0,46.29
S8x4x4-LD21-H0.3-F0.6-A4-s42,high,twostage,7,1699,39.403,70.0,1,83.0,46.29
S8x4x4-LD21-H0.3-F0.6-A4-s42,high,twostage,7,1700,39.425,70.0,1,83.0,46.29
S8x4x4-LD21-H0.3-F0.6-A4-s42,high,twostage,7,1701,39.45,70.0,1,83.0,46.29
S8x4x4-LD21-H0.3-F0.6-A4-s42,high,twostage,7,1702,39.473,70.0,1,83.0,46.29
S8x4x4-LD21-H0.3-F0.6-A4-s42,high,twostage,7,1703,39.495,70.0,1,83.0,46.29
S8x4x4-LD21-H0.3-F0.6-A4-s42,high,twostage,7,1704,39.517,70.0,1,83.0,46.29
S8x4x4-LD21-H0.3-F0.6-A4-s42,high,twostage,7,1705,39.539,70.0,1,83.0,46.29
S8x4x4-LD21-H0.3-F0.6-A4-s42,high,twostage,7,1706,39.563,70.0,1,83.0,46.29
S8x4x4-LD21-H0.3-F0.6-A4-s42,high,twostage,7,1707,39.587,70.0,1,83.0,46.29
S8x4x4-LD21-H0.3-F0.6-A4-s42,high,twostage,7,1708,39.609,70.0,1,83.0,46.29
S8x4x4-LD21-H0.3-F0.6-A4-s42,high,twostage,7,1709,39.632,70.0,1,83.0,46.29
S8x4x4-LD21-H0.3-F0.6-A4-s42,high,twostage,7,1710,39.654,70.0,1,83.0,46.29
S8x4x4-LD21-H0.3-F0.6-A4-s42,high,twostage,7,1711,39.677,70.0,1,83.0,46.29
S8x4x4-LD21-H0.3-F0.6-A4-s42,high,twostage,7,1712,39.7,70.0,1,83.0,46.29
S8x4x4-LD21-H0.3-F0.6-A4-s42,high,twostage,7,1713,39.722,70.0,1,83.0,46.29
S8x4x4-LD21-H0.3-F0.6-A4-s42,high,twostage,7,1714,39.743,70.0,1,83.0,46.29
S8x4x4-LD21-H0.3-F0.6-A4-s42,high,twostage,7,1715,39.765,70.0,1,83.0,46.29
S8x4x4-LD21-H0.3-F0.6-A4-s42,high,twostage,7,1716,39.79,70.0,1,83.0,46.29
S8x4x4-LD21-H0.3-F0.6-A4-s42,high,twostage,7,1717,39.813,70.0,1,83.0,46.29
S8x4x4-LD21-H0.3-F0.6-A4-s42,high,twostage,7,1718,39.835,70.0,1,83.0,46.29
S8x4x4-LD21-H0.3-F0.6-A4-s42,high,twostage,7,1719,39.856,70.0,1,83.0,46.29
S8x4x4-LD21-H0.3-F0.6-A4-s42,high,twostage,7,1720,39.879,70.0,1,83.0,46.29
S8x4x4-LD21-H0.3-F0.6-A4-s42,high,twostage,7,1721,39.904,70.0,1,83.0,46.29
S8x4x4-LD21-H0.3-F0.6-A4-s42,high,twostage,7,1722,39.926,70.0,1,83.0,46.29
S8x4x4-LD21-H0.3-F0.6-A4-s42,high,twostage,7,1723,39.948,70.0,1,83.0,46.29
S8x4x4-LD21-H0.3-F0.6-A4-s42,high,twostage,7,1724,39.971,70.0,1,83.0,46.29
S8x4x4-LD21-H0.3-F0.6-A4-s42,high,twostage,7,1725,39.996,70.0,1,83.0,46.29
S8x4x4-LD21-H0.3-F0.6-A4-s42,high,twostage,7,1726,40.019,70.0,1,83.0,46.29
S8x4x4-LD21-H0.3-F0.6-A4-s42,high,twostage,7,1727,40.04,70.0,1,83.0,46.29
S8x4x4-LD21-H0.3-F0.6-A4-s42,high,twostage,7,1728,40.063,70.0,1,83.0,46.29
S8x4x4-LD21-H0.3-F0.6-A4-s42,high,twostage,7,1729,40.085,70.0,1,83.0,46.29
S8x4x4-LD21-H0.3-F0.6-A4-s42,high,twostage,7,1730,40.11,70.0,1,83.0,46.29
S8x4x4-LD21-H0.3-F0.6-A4-s42,high,twostage,7,1731,40.132,70.0,1,83.0,46.29
S8x4x4-LD21-H0.3-F0.6-A4-s42,high,twostage,7,1732,40.154,70.0,1,83.0,46.29
S8x4x4-LD21-H0.3-F0.6-A4-s42,high,twostage,7,1733,40.176,70.0,1,83.0,46.29
S8x4x4-LD21-H0.3-F0.6-A4-s42,high,twostage,7,1734,40.197,70.0,1,83.0,46.29
S8x4x4-LD21-H0.3-F0.6-A4-s42,high,twostage,7,1735,40.222,70.0,1,83.0,46.29
S8x4x4-LD21-H0.3-F0.6-A4-s42,high,twostage,7,1736,40.244,70.0,1,83.0,46.29
S8x4x4-LD21-H0.3-F0.6-A4-s42,high,twostage,7,1737,40.266,70.0,1,83.0,46.29
S8x4x4-LD21-H0.3-F0.6-A4-s42,high,twostage,7,1738,40.289,70.0,1,83.0,46.29
S8x4x4-LD21-H0.3-F0.6-A4-s42,high,twostage,7,1739,40.311,70.0,1,83.0,46.29
S8x4x4-LD21-H0.3-F0.6-A4-s42,high,twostage,7,1740,40.337,70.0,1,83.0,46.29
S8x4x4-LD21-H0.3-F0.6-A4-s42,high,twostage,7,1741,40.36,70.0,1,83.0,46.29
S8x4x4-LD21-H0.3-F0.6-A4-s42,high,twostage,7,1742,40.382,70.0,1,83.0,46.29
S8x4x4-LD21-H0.3-F0.6-A4-s42,high,twostage,7,1743,40.405,70.0,1,83.0,46.29
S8x4x4-LD21-H0.3-F0.6-A4-s42,high,twostage,7,1744,40.426,70.0,1,83.0,46.29
S8x4x4-LD21-H0.3-F0.6-A4-s42,high,twostage,7,1745,40.451,70.0,1,83.0,46.29
S8x4x4-LD21-H0.3-F0.6-A4-s42,high,twostage,7,1746,40.474,70.0,1,83.0,46.29
S8x4x4-LD21-H0.3-F0.6-A4-s42,high,twostage,7,1747,40.496,70.0,1,83.0,46.29
S8x4x4-LD21-H0.3-F0.6-A4-s42,high,twostage,7,1748,40.518,70.0,1,83.0,46.29
S8x4x4-LD21-H0.3-F0.6-A4-s42,high,twostage,7,1749,40.541,70.0,1,83.0,46.29
S8x4x4-LD21-H0.3-F0.6-A4-s42,high,twostage,7,1750,40.566,70.0,1,83.0,46.29
S8x4x4-LD21-H0.3-F0.6-A4-s42,high,twostage,7,1751,40.588,70.0,1,83.0,46.29
S8x4x4-LD21-H0.3-F0.6-A4-s42,high,twostage,7,1752,40.61,70.0,1,83.0,46.29
S8x4x4-LD21-H0.3-F0.6-A4-s42,high,twostage,7,1753,40.633,70.0,1,83.0,46.29
S8x4x4-LD21-H0.3-F0.6-A4-s42,high,twostage,7,1754,40.655,70.0,1,83.0,46.29
S8x4x4-LD21-H0.3-F0.6-A4-s42,high,twostage,7,1755,40.68,70.0,1,83.0,46.29
S8x4x4-LD21-H0.3-F0.6-A4-s42,high,twostage,7,1756,40.702,70.0,1,83.0,46.29
S8x4x4-LD21-H0.3-F0.6-A4-s42,high,twostage,7,1757,40.724,70.0,1,83.0,46.29
S8x4x4-LD21-H0.3-F0.6-A4-s42,high,twostage,7,1758,40.747,70.0,1,83.0,46.29
S8x4x4-LD21-H0.3-F0.6-A4-s42,high,twostage,7,1759,40.77,70.0,1,83.0,46.29
S8x4x4-LD21-H0.3-F0.6-A4-s42,high,twostage,7,1760,40.794,70.0,1,83.0,46.29
S8x4x4-LD21-H0.3-F0.6-A4-s42,high,twostage,7,1761,40.816,70.0,1,83.0,46.29
S8x4x4-LD21-H0.3-F0.6-A4-s42,high,twostage,7,1762,40.839,70.0,1,83.0,46.29
S8x4x4-LD21-H0.3-F0.6-A4-s42,high,twostage,7,1763,40.86,70.0,1,83.0,46.29
S8x4x4-LD21-H0.3-F0.6-A4-s42,high,twostage,7,1764,40.882,70.0,1,83.0,46.29
S8x4x4-LD21-H0.3-F0.6-A4-s42,high,twostage,7,1765,40.907,70.0,1,83.0,46.29
S8x4x4-LD21-H0.3-F0.6-A4-s42,high,twostage,7,1766,40.929,70.0,1,83.0,46.29
S8x4x4-LD21-H0.3-F0.6-A4-s42,high,twostage,7,1767,40.952,70.0,1,83.0,46.29
S8x4x4-LD21-H0.3-F0.6-A4-s42,high,twostage,7,1768,40.974,70.0,1,83.0,46.29
S8x4x4-LD21-H0.3-F0.6-A4-s42,high,twostage,7,1769,40.996,70.0,1,83.0,46.29
S8x4x4-LD21-H0.3-F0.6-A4-s42,high,twostage,7,1770,41.021,70.0,1,83.0,46.29
S8x4x4-LD21-H0.3-F0.6-A4-s42,high,twostage,7,1771,41.043,70.0,1,83.0,46.29
S8x4x4-LD21-H0.3-F0.6-A4-s42,high,twostage,7,1772,41.064,70.0,1,83.0,46.29
S8x4x4-LD21-H0.3-F0.6-A4-s42,high,twostage,7,1773,41.086,70.0,1,83.0,46.29
S8x4x4-LD21-H0.3-F0.6-A4-s42,high,twostage,7,1774,41.108,70.0,1,83.0,46.29
S8x4x4-LD21-H0.3-F0.6-A4-s42,high,twostage,7,1775,41.133,70.0,1,83.0,46.29
S8x4x4-LD21-H0.3-F0.6-A4-s42,high,twostage,7,1776,41.155,70.0,1,83.0,46.29
S8x4x4-LD21-H0.3-F0.6-A4-s42,high,twostage,7,1777,41.177,70.0,1,83.0,46.29
S8x4x4-LD21-H0.3-F0.6-A4-s42,high,twostage,7,1778,41.2,70.0,1,83.0,46.29
S8x4x4-LD21-H0.3-F0.6-A4-s42,high,twostage,7,1779,41.225,70.0,1,83.0,46.29
S8x4x4-LD21-H0.3-F0.6-A4-s42,high,twostage,7,1780,41.248,70.0,1,83.0,46.29
S8x4x4-LD21-H0.3-F0.6-A4-s42,high,twostage,7,1781,41.27,70.0,1,83.0,46.29
S8x4x4-LD21-H0.3-F0.6-A4-s42,high,twostage,7,1782,41.292,70.0,1,83.0,46.29
S8x4x4-LD21-H0.3-F0.6-A4-s42,high,twostage,7,1783,41.315,70.0,1,83.0,46.29
S8x4x4-LD21-H0.3-F0.6-A4-s42,high,twostage,7,1784,41.341,70.0,1,83.0,46.29
S8x4x4-LD21-H0.3-F0.6-A4-s42,high,twostage,7,1785,41.363,70.0,1,83.0,46.29
S8x4x4-LD21-H0.3-F0.6-A4-s42,high,twostage,7,1786,41.385,70.0,1,83.0,46.29
S8x4x4-LD21-H0.3-F0.6-A4-s42,high,twostage,7,1787,41.408,70.0,1,83.0,46.29
S8x4x4-LD21-H0.3-F0.6-A4-s42,high,twostage,7,1788,41.431,70.0,1,83.0,46.29
S8x4x4-LD21-H0.3-F0.6-A4-s42,high,twostage,7,1789,41.456,70.0,1,83.0,46.29
S8x4x4-LD21-H0.3-F0.6-A4-s42,high,twostage,7,1790,41.478,70.0,1,83.0,46.29
S8x4x4-LD21-H0.3-F0.6-A4-s42,high,twostage,7,1791,41.5,70.0,1,83.0,46.29
S8x4x4-LD21-H0.3-F0.6-A4-s42,high,twostage,7,1792,41.521,70.0,1,83.0,46.29
S8x4x4-LD21-H0.3-F0.6-A4-s42,high,twostage,7,1793,41.543,70.0,1,83.0,46.29
S8x4x4-LD21-H0.3-F0.6-A4-s42,high,twostage,7,1794,41.568,70.0,1,83.0,46.29
S8x4x4-LD21-H0.3-F0.6-A4-s42,high,twostage,7,1795,41.591,70.0,1,83.0,46.29
S8x4x4-LD21-H0.3-F0.6-A4-s42,high,twostage,7,1796,41.613,70.0,1,83.0,46.29
S8x4x4-LD21-H0.3-F0.6-A4-s42,high,twostage,7,1797,41.636,70.0,1,83.0,46.29
S8x4x4-LD21-H0.3-F0.6-A4-s42,high,twostage,7,1798,41.659,70.0,1,83.0,46.29
S8x4x4-LD21-H0.3-F0.6-A4-s42,high,twostage,7,1799,41.682,70.0,1,83.0,46.29
S8x4x4-LD21-H0.3-F0.6-A4-s42,high,twostage,7,1800,41.704,70.0,1,83.0,46.29
S8x4x4-LD21-H0.3-F0.6-A4-s42,high,twostage,7,1801,41.727,70.0,1,83.0,46.29
S8x4x4-LD21-H0.3-F0.6-A4-s42,high,twostage,7,1802,41.749,70.0,1,83.0,46.29
S8x4x4-LD21-H0.3-F0.6-A4-s42,high,twostage,7,1803,41.771,70.0,1,83.0,46.29
S8x4x4-LD21-H0.3-F0.6-A4-s42,high,twostage,7,1804,41.795,70.0,1,83.0,46.29
S8x4x4-LD21-H0.3-F0.6-A4-s42,high,twostage,7,1805,41.818,70.0,1,83.0,46.29
S8x4x4-LD21-H0.3-F0.6-A4-s42,high,twostage,7,1806,41.839,70.0,1,83.0,46.29
S8x4x4-LD21-H0.3-F0.6-A4-s42,high,twostage,7,1807,41.862,70.0,1,83.0,46.29
S8x4x4-LD21-H0.3-F0.6-A4-s42,high,twostage,7,1808,41.885,70.0,1,83.0,46.29
S8x4x4-LD21-H0.3-F0.6-A4-s42,high,twostage,7,1809,41.909,70.0,1,83.0,46.29
S8x4x4-LD21-H0.3-F0.6-A4-s42,high,twostage,7,1810,41.931,70.0,1,83.0,46.29
S8x4x4-LD21-H0.3-F0.6-A4-s42,high,twostage,7,1811,41.954,70.0,1,83.0,46.29
S8x4x4-LD21-H0.3-F0.6-A4-s42,high,twostage,7,1812,41.976,70.0,1,83.0,46.29
S8x4x4-LD21-H0.3-F0.6-A4-s42,high,twostage,7,1813,41.999,70.0,1,83.0,46.29
S8x4x4-LD21-H0.3-F0.6-A4-s42,high,twostage,7,1814,42.022,70.0,1,83.0,46.29
S8x4x4-LD21-H0.3-F0.6-A4-s42,high,twostage,7,1815,42.045,70.0,1,83.0,46.29
S8x4x4-LD21-H0.3-F0.6-A4-s42,high,twostage,7,1816,42.068,70.0,1,83.0,46.29
S8x4x4-LD21-H0.3-F0.6-A4-s42,high,twostage,7,1817,42.091,70.0,1,83.0,46.29
S8x4x4-LD21-H0.3-F0.6-A4-s42,high,twostage,7,1818,42.112,70.0,1,83.0,46.29
S8x4x4-LD21-H0.3-F0.6-A4-s42,high,twostage,7,1819,42.137,70.0,1,83.0,46.29
S8x4x4-LD21-H0.3-F0.6-A4-s42,high,twostage,7,1820,42.159,70.0,1,83.0,46.29
S8x4x4-LD21-H0.3-F0.6-A4-s42,high,twostage,7,1821,42.181,70.0,1,83.0,46.29
S8x4x4-LD21-H0.3-F0.6-A4-s42,high,twostage,7,1822,42.203,70.0,1,83.0,46.29
S8x4x4-LD21-H0.3-F0.6-A4-s42,high,twostage,7,1823,42.225,70.0,1,83.0,46.29
S8x4x4-LD21-H0.3-F0.6-A4-s42,high,twostage,7,1824,42.25,70.0,1,83.0,46.29
S8x4x4-LD21-H0.3-F0.6-A4-s42,high,twostage,7,1825,42.271,70.0,1,83.0,46.29
S8x4x4-LD21-H0.3-F0.6-A4-s42,high,twostage,7,1826,42.294,70.0,1,83.0,46.29
S8x4x4-LD21-H0.3-F0.6-A4-s42,high,twostage,7,1827,42.316,70.0,1,83.0,46.29
S8x4x4-LD21-H0.3-F0.6-A4-s42,high,twostage,7,1828,42.342,70.0,1,83.0,46.29
S8x4x4-LD21-H0.3-F0.6-A4-s42,high,twostage,7,1829,42.364,70.0,1,83.0,46.29
S8x4x4-LD21-H0.3-F0.6-A4-s42,high,twostage,7,1830,42.386,70.0,1,83.0,46.29
S8x4x4-LD21-H0.3-F0.6-A4-s42,high,twostage,7,1831,42.408,70.0,1,83.0,46.29
S8x4x4-LD21-H0.3-F0.6-A4-s42,high,twostage,7,1832,42.432,70.0,1,83.0,46.29
S8x4x4-LD21-H0.3-F0.6-A4-s42,high,twostage,7,1833,42.458,70.0,1,83.0,46.29
S8x4x4-LD21-H0.3-F0.6-A4-s42,high,twostage,7,1834,42.479,70.0,1,83.0,46.29
S8x4x4-LD21-H0.3-F0.6-A4-s42,high,twostage,7,1835,42.501,70.0,1,83.0,46.29
S8x4x4-LD21-H0.3-F0.6-A4-s42,high,twostage,7,1836,42.524,70.0,1,83.0,46.29
S8x4x4-LD21-H0.3-F0.6-A4-s42,high,twostage,7,1837,42.545,70.0,1,83.0,46.29
S8x4x4-LD21-H0.3-F0.6-A4-s42,high,twostage,7,1838,42.569,70.0,1,83.0,46.29
S8x4x4-LD21-H0.3-F0.6-A4-s42,high,twostage,7,1839,42.591,70.0,1,83.0,46.29
S8x4x4-LD21-H0.3-F0.6-A4-s42,high,twostage,7,1840,42.613,70.0,1,83.0,46.29
S8x4x4-LD21-H0.3-F0.6-A4-s42,high,twostage,7,1841,42.636,70.0,1,83.0,46.29
S8x4x4-LD21-H0.3-F0.6-A4-s42,high,twostage,7,1842,42.658,70.0,1,83.0,46.29
S8x4x4-LD21-H0.3-F0.6-A4-s42,high,twostage,7,1843,42.682,70.0,1,83.0,46.29
S8x4x4-LD21-H0.3-F0.6-A4-s42,high,twostage,7,1844,42.704,70.0,1,83.0,46.29
S8x4x4-LD21-H0.3-F0.6-A4-s42,high,twostage,7,1845,42.726,70.0,1,83.0,46.29
S8x4x4-LD21-H0.3-F0.6-A4-s42,high,twostage,7,1846,42.749,70.0,1,83.0,46.29
S8x4x4-LD21-H0.3-F0.6-A4-s42,high,twostage,7,1847,42.772,70.0,1,83.0,46.29
S8x4x4-LD21-H0.3-F0.6-A4-s42,high,twostage,7,1848,42.797,70.0,1,83.0,46.29
S8x4x4-LD21-H0.3-F0.6-A4-s42,high,twostage,7,1849,42.82,70.0,1,83.0,46.29
S8x4x4-LD21-H0.3-F0.6-A4-s42,high,twostage,7,1850,42.842,70.0,1,83.0,46.29
S8x4x4-LD21-H0.3-F0.6-A4-s42,high,twostage,7,1851,42.865,70.0,1,83.0,46.29
S8x4x4-LD21-H0.3-F0.6-A4-s42,high,twostage,7,1852,42.886,70.0,1,83.0,46.29
S8x4x4-LD21-H0.3-F0.6-A4-s42,high,twostage,7,1853,42.911,70.0,1,83.0,46.29
S8x4x4-LD21-H0.3-F0.6-A4-s42,high,twostage,7,1854,42.934,70.0,1,83.0,46.29
S8x4x4-LD21-H0.3-F0.6-A4-s42,high,twostage,7,1855,42.956,70.0,1,83.0,46.29
S8x4x4-LD21-H0.3-F0.6-A4-s42,high,twostage,7,1856,42.978,70.0,1,83.0,46.29
S8x4x4-LD21-H0.3-F0.6-A4-s42,high,twostage,7,1857,43.0,70.0,1,83.0,46.29
S8x4x4-LD21-H0.3-F0.6-A4-s42,high,twostage,7,1858,43.024,70.0,1,83.0,46.29
S8x4x4-LD21-H0.3-F0.6-A4-s42,high,twostage,7,1859,43.046,70.0,1,83.0,46.29
S8x4x4-LD21-H0.3-F0.6-A4-s42,high,twostage,7,1860,43.068,70.0,1,83.0,46.29
S8x4x4-LD21-H0.3-F0.6-A4-s42,high,twostage,7,1861,43.09,70.0,1,83.0,46.29
S8x4x4-LD21-H0.3-F0.6-A4-s42,high,twostage,7,1862,43.112,70.0,1,83.0,46.29
S8x4x4-LD21-H0.3-F0.6-A4-s42,high,twostage,7,1863,43.137,70.0,1,83.0,46.29
S8x4x4-LD21-H0.3-F0.6-A4-s42,high,twostage,7,1864,43.159,70.0,1,83.0,46.29
S8x4x4-LD21-H0.3-F0.6-A4-s42,high,twostage,7,1865,43.181,70.0,1,83.0,46.29
S8x4x4-LD21-H0.3-F0.6-A4-s42,high,twostage,7,1866,43.203,70.0,1,83.0,46.29
S8x4x4-LD21-H0.3-F0.6-A4-s42,high,twostage,7,1867,43.225,70.0,1,83.0,46.29
S8x4x4-LD21-H0.3-F0.6-A4-s42,high,twostage,7,1868,43.249,70.0,1,83.0,46.29
S8x4x4-LD21-H0.3-F0.6-A4-s42,high,twostage,7,1869,43.271,70.0,1,83.0,46.29
S8x4x4-LD21-H0.3-F0.6-A4-s42,high,twostage,7,1870,43.294,70.0,1,83.0,46.29
S8x4x4-LD21-H0.3-F0.6-A4-s42,high,twostage,7,1871,43.315,70.0,1,83.0,46.29
S8x4x4-LD21-H0.3-F0.6-A4-s42,high,twostage,7,1872,43.338,70.0,1,83.0,46.29
S8x4x4-LD21-H0.3-F0.6-A4-s42,high,twostage,7,1873,43.364,70.0,1,83.0,46.29
S8x4x4-LD21-H0.3-F0.6-A4-s42,high,twostage,7,1874,43.385,70.0,1,83.0,46.29
S8x4x4-LD21-H0.3-F0.6-A4-s42,high,twostage,7,1875,43.407,70.0,1,83.0,46.29
S8x4x4-LD21-H0.3-F0.6-A4-s42,high,twostage,7,1876,43.43,70.0,1,83.0,46.29
S8x4x4-LD21-H0.3-F0.6-A4-s42,high,twostage,7,1877,43.452,70.0,1,83.0,46.29
S8x4x4-LD21-H0.3-F0.6-A4-s42,high,twostage,7,1878,43.476,70.0,1,83.0,46.29
S8x4x4-LD21-H0.3-F0.6-A4-s42,high,twostage,7,1879,43.498,70.0,1,83.0,46.29
S8x4x4-LD21-H0.3-F0.6-A4-s42,high,twostage,7,1880,43.521,70.0,1,83.0,46.29
S8x4x4-LD21-H0.3-F0.6-A4-s42,high,twostage,7,1881,43.542,70.0,1,83.0,46.29
S8x4x4-LD21-H0.3-F0.6-A4-s42,high,twostage,7,1882,43.567,70.0,1,83.0,46.29
S8x4x4-LD21-H0.3-F0.6-A4-s42,high,twostage,7,1883,43.589,70.0,1,83.0,46.29
S8x4x4-LD21-H0.3-F0.6-A4-s42,high,twostage,7,1884,43.611,70.0,1,83.0,46.29
S8x4x4-LD21-H0.3-F0.6-A4-s42,high,twostage,7,1885,43.633,70.0,1,83.0,46.29
S8x4x4-LD21-H0.3-F0.6-A4-s42,high,twostage,7,1886,43.656,70.0,1,83.0,46.29
S8x4x4-LD21-H0.3-F0.6-A4-s42,high,twostage,7,1887,43.68,70.0,1,83.0,46.29
S8x4x4-LD21-H0.3-F0.6-A4-s42,high,twostage,7,1888,43.703,70.0,1,83.0,46.29
S8x4x4-LD21-H0.3-F0.6-A4-s42,high,twostage,7,1889,43.725,70.0,1,83.0,46.29
S8x4x4-LD21-H0.3-F0.6-A4-s42,high,twostage,7,1890,43.747,70.0,1,83.0,46.29
S8x4x4-LD21-H0.3-F0.6-A4-s42,high,twostage,7,1891,43.769,70.0,1,83.0,46.29
S8x4x4-LD21-H0.3-F0.6-A4-s42,high,twostage,7,1892,43.793,70.0,1,83.0,46.29
S8x4x4-LD21-H0.3-F0.6-A4-s42,high,twostage,7,1893,43.816,70.0,1,83.0,46.29
S8x4x4-LD21-H0.3-F0.6-A4-s42,high,twostage,7,1894,43.838,70.0,1,83.0,46.29
S8x4x4-LD21-H0.3-F0.6-A4-s42,high,twostage,7,1895,43.86,70.0,1,83.0,46.29
S8x4x4-LD21-H0.3-F0.6-A4-s42,high,twostage,7,1896,43.881,70.0,1,83.0,46.29
S8x4x4-LD21-H0.3-F0.6-A4-s42,high,twostage,7,1897,43.906,70.0,1,83.0,46.29
S8x4x4-LD21-H0.3-F0.6-A4-s42,high,twostage,7,1898,43.929,70.0,1,83.0,46.29
S8x4x4-LD21-H0.3-F0.6-A4-s42,high,twostage,7,1899,43.951,70.0,1,83.0,46.29
S8x4x4-LD21-H0.3-F0.6-A4-s42,high,twostage,7,1900,43.972,70.0,1,83.0,46.29
S8x4x4-LD21-H0.3-F0.6-A4-s42,high,twostage,7,1901,43.995,70.0,1,83.0,46.29
S8x4x4-LD21-H0.3-F0.6-A4-s42,high,twostage,7,1902,44.02,70.0,1,83.0,46.29
S8x4x4-LD21-H0.3-F0.6-A4-s42,high,twostage,7,1903,44.042,70.0,1,83.0,46.29
S8x4x4-LD21-H0.3-F0.6-A4-s42,high,twostage,7,1904,44.064,70.0,1,83.0,46.29
S8x4x4-LD21-H0.3-F0.6-A4-s42,high,twostage,7,1905,44.086,70.0,1,83.0,46.29
S8x4x4-LD21-H0.3-F0.6-A4-s42,high,twostage,7,1906,44.108,70.0,1,83.0,46.29
S8x4x4-LD21-H0.3-F0.6-A4-s42,high,twostage,7,1907,44.133,70.0,1,83.0,46.29
S8x4x4-LD21-H0.3-F0.6-A4-s42,high,twostage,7,1908,44.155,70.0,1,83.0,46.29
S8x4x4-LD21-H0.3-F0.6-A4-s42,high,twostage,7,1909,44.177,70.0,1,83.0,46.29
S8x4x4-LD21-H0.3-F0.6-A4-s42,high,twostage,7,1910,44.2,70.0,1,83.0,46.29
S8x4x4-LD21-H0.3-F0.6-A4-s42,high,twostage,7,1911,44.221,70.0,1,83.0,46.29
S8x4x4-LD21-H0.3-F0.6-A4-s42,high,twostage,7,1912,44.246,70.0,1,83.0,46.29
S8x4x4-LD21-H0.3-F0.6-A4-s42,high,twostage,7,1913,44.268,70.0,1,83.0,46.29
S8x4x4-LD21-H0.3-F0.6-A4-s42,high,twostage,7,1914,44.291,70.0,1,83.0,46.29
S8x4x4-LD21-H0.3-F0.6-A4-s42,high,twostage,7,1915,44.312,70.0,1,83.0,46.29
S8x4x4-LD21-H0.3-F0.6-A4-s42,high,twostage,7,1916,44.336,70.0,1,83.0,46.29
S8x4x4-LD21-H0.3-F0.6-A4-s42,high,twostage,7,1917,44.361,70.0,1,83.0,46.29
S8x4x4-LD21-H0.3-F0.6-A4-s42,high,twostage,7,1918,44.382,70.0,1,83.0,46.29
S8x4x4-LD21-H0.3-F0.6-A4-s42,high,twostage,7,1919,44.405,70.0,1,83.0,46.29
S8x4x4-LD21-H0.3-F0.6-A4-s42,high,twostage,7,1920,44.428,70.0,1,83.0,46.29
S8x4x4-LD21-H0.3-F0.6-A4-s42,high,twostage,7,1921,44.45,70.0,1,83.0,46.29
S8x4x4-LD21-H0.3-F0.6-A4-s42,high,twostage,7,1922,44.475,70.0,1,83.0,46.29
S8x4x4-LD21-H0.3-F0.6-A4-s42,high,twostage,7,1923,44.498,70.0,1,83.0,46.29
S8x4x4-LD21-H0.3-F0.6-A4-s42,high,twostage,7,1924,44.521,70.0,1,83.0,46.29
S8x4x4-LD21-H0.3-F0.6-A4-s42,high,twostage,7,1925,44.543,70.0,1,83.0,46.29
S8x4x4-LD21-H0.3-F0.6-A4-s42,high,twostage,7,1926,44.567,70.0,1,83.0,46.29
S8x4x4-LD21-H0.3-F0.6-A4-s42,high,twostage,7,1927,44.588,70.0,1,83.0,46.29
S8x4x4-LD21-H0.3-F0.6-A4-s42,high,twostage,7,1928,44.611,70.0,1,83.0,46.29
S8x4x4-LD21-H0.3-F0.6-A4-s42,high,twostage,7,1929,44.633,70.0,1,83.0,46.29
S8x4x4-LD21-H0.3-F0.6-A4-s42,high,twostage,7,1930,44.659,70.0,1,83.0,46.29
S8x4x4-LD21-H0.3-F0.6-A4-s42,high,twostage,7,1931,44.685,70.0,1,83.0,46.29
S8x4x4-LD21-H0.3-F0.6-A4-s42,high,twostage,7,1932,44.707,70.0,1,83.0,46.29
S8x4x4-LD21-H0.3-F0.6-A4-s42,high,twostage,7,1933,44.729,70.0,1,83.0,46.29
S8x4x4-LD21-H0.3-F0.6-A4-s42,high,twostage,7,1934,44.751,70.0,1,83.0,46.29
S8x4x4-LD21-H0.3-F0.6-A4-s42,high,twostage,7,1935,44.772,70.0,1,83.0,46.29
S8x4x4-LD21-H0.3-F0.6-A4-s42,high,twostage,7,1936,44.798,70.0,1,83.0,46.29
S8x4x4-LD21-H0.3-F0.6-A4-s42,high,twostage,7,1937,44.821,70.0,1,83.0,46.29
S8x4x4-LD21-H0.3-F0.6-A4-s42,high,twostage,7,1938,44.847,70.0,1,83.0,46.29
S8x4x4-LD21-H0.3-F0.6-A4-s42,high,twostage,7,1939,44.87,70.0,1,83.0,46.29
S8x4x4-LD21-H0.3-F0.6-A4-s42,high,twostage,7,1940,44.892,70.0,1,83.0,46.29
S8x4x4-LD21-H0.3-F0.6-A4-s42,high,twostage,7,1941,44.917,70.0,1,83.0,46.29
S8x4x4-LD21-H0.3-F0.6-A4-s42,high,twostage,7,1942,44.939,70.0,1,83.0,46.29
S8x4x4-LD21-H0.3-F0.6-A4-s42,high,twostage,7,1943,44.961,70.0,1,83.0,46.29
S8x4x4-LD21-H0.3-F0.6-A4-s42,high,twostage,7,1944,44.984,70.0,1,83.0,46.29
S8x4x4-LD21-H0.3-F0.6-A4-s42,high,twostage,7,1945,45.006,70.0,1,83.0,46.29
S8x4x4-LD21-H0.3-F0.6-A4-s42,high,twostage,7,1946,45.031,70.0,1,83.0,46.29
S8x4x4-LD21-H0.3-F0.6-A4-s42,high,twostage,7,1947,45.053,70.0,1,83.0,46.29
S8x4x4-LD21-H0.3-F0.6-A4-s42,high,twostage,7,1948,45.075,70.0,1,83.0,46.29
S8x4x4-LD21-H0.3-F0.6-A4-s42,high,twostage,7,1949,45.097,70.0,1,83.0,46.29
S8x4x4-LD21-H0.3-F0.6-A4-s42,high,twostage,7,1950,45.119,70.0,1,83.0,46.29
S8x4x4-LD21-H0.3-F0.6-A4-s42,high,twostage,7,1951,45.143,70.0,1,83.0,46.29
S8x4x4-LD21-H0.3-F0.6-A4-s42,high,twostage,7,1952,45.165,70.0,1,83.0,46.29
S8x4x4-LD21-H0.3-F0.6-A4-s42,high,twostage,7,1953,45.188,70.0,1,83.0,46.29
S8x4x4-LD21-H0.3-F0.6-A4-s42,high,twostage,7,1954,45.21,70.0,1,83.0,46.29
S8x4x4-LD21-H0.3-F0.6-A4-s42,high,twostage,7,1955,45.232,70.0,1,83.0,46.29
S8x4x4-LD21-H0.3-F0.6-A4-s42,high,twostage,7,1956,45.256,70.0,1,83.0,46.29
S8x4x4-LD21-H0.3-F0.6-A4-s42,high,twostage,7,1957,45.279,70.0,1,83.0,46.29
S8x4x4-LD21-H0.3-F0.6-A4-s42,high,twostage,7,1958,45.301,70.0,1,83.0,46.29
S8x4x4-LD21-H0.3-F0.6-A4-s42,high,twostage,7,1959,45.323,70.0,1,83.0,46.29
S8x4x4-LD21-H0.3-F0.6-A4-s42,high,twostage,7,1960,45.346,70.0,1,83.0,46.29
S8x4x4-LD21-H0.3-F0.6-A4-s42,high,twostage,7,1961,45.372,70.0,1,83.0,46.29
S8x4x4-LD21-H0.3-F0.6-A4-s42,high,twostage,7,1962,45.394,70.0,1,83.0,46.29
S8x4x4-LD21-H0.3-F0.6-A4-s42,high,twostage,7,1963,45.417,70.0,1,83.0,46.29
S8x4x4-LD21-H0.3-F0.6-A4-s42,high,twostage,7,1964,45.439,70.0,1,83.0,46.29
S8x4x4-LD21-H0.3-F0.6-A4-s42,high,twostage,7,1965,45.463,70.0,1,83.0,46.29
S8x4x4-LD21-H0.3-F0.6-A4-s42,high,twostage,7,1966,45.487,70.0,1,83.0,46.29
S8x4x4-LD21-H0.3-F0.6-A4-s42,high,twostage,7,1967,45.51,70.0,1,83.0,46.29
S8x4x4-LD21-H0.3-F0.6-A4-s42,high,twostage,7,1968,45.532,70.0,1,83.0,46.29
S8x4x4-LD21-H0.3-F0.6-A4-s42,high,twostage,7,1969,45.554,70.0,1,83.0,46.29
S8x4x4-LD21-H0.3-F0.6-A4-s42,high,twostage,7,1970,45.577,70.0,1,83.0,46.29
S8x4x4-LD21-H0.3-F0.6-A4-s42,high,twostage,7,1971,45.601,70.0,1,83.0,46.29
S8x4x4-LD21-H0.3-F0.6-A4-s42,high,twostage,7,1972,45.623,70.0,1,83.0,46.29
S8x4x4-LD21-H0.3-F0.6-A4-s42,high,twostage,7,1973,45.646,70.0,1,83.0,46.29
S8x4x4-LD21-H0.3-F0.6-A4-s42,high,twostage,7,1974,45.668,70.0,1,83.0,46.29
S8x4x4-LD21-H0.3-F0.6-A4-s42,high,twostage,7,1975,45.69,70.0,1,83.0,46.29
S8x4x4-LD21-H0.3-F0.6-A4-s42,high,twostage,7,1976,45.715,70.0,1,83.0,46.29
S8x4x4-LD21-H0.3-F0.6-A4-s42,high,twostage,7,1977,45.737,70.0,1,83.0,46.29
S8x4x4-LD21-H0.3-F0.6-A4-s42,high,twostage,7,1978,45.758,70.0,1,83.0,46.29
S8x4x4-LD21-H0.3-F0.6-A4-s42,high,twostage,7,1979,45.78,70.0,1,83.0,46.29
S8x4x4-LD21-H0.3-F0.6-A4-s42,high,twostage,7,1980,45.802,70.0,1,83.0,46.29
S8x4x4-LD21-H0.3-F0.6-A4-s42,high,twostage,7,1981,45.827,70.0,1,83.0,46.29
S8x4x4-LD21-H0.3-F0.6-A4-s42,high,twostage,7,1982,45.849,70.0,1,83.0,46.29
S8x4x4-LD21-H0.3-F0.6-A4-s42,high,twostage,7,1983,45.871,70.0,1,83.0,46.29
S8x4x4-LD21-H0.3-F0.6-A4-s42,high,twostage,7,1984,45.893,70.0,1,83.0,46.29
S8x4x4-LD21-H0.3-F0.6-A4-s42,high,twostage,7,1985,45.917,70.0,1,83.0,46.29
S8x4x4-LD21-H0.3-F0.6-A4-s42,high,twostage,7,1986,45.939,70.0,1,83.0,46.29
S8x4x4-LD21-H0.3-F0.6-A4-s42,high,twostage,7,1987,45.961,70.0,1,83.0,46.29
S8x4x4-LD21-H0.3-F0.6-A4-s42,high,twostage,7,1988,45.983,70.0,1,83.0,46.29
S8x4x4-LD21-H0.3-F0.6-A4-s42,high,twostage,7,1989,46.006,70.0,1,83.0,46.29
S8x4x4-LD21-H0.3-F0.6-A4-s42,high,twostage,7,1990,46.031,70.0,1,83.0,46.29
S8x4x4-LD21-H0.3-F0.6-A4-s42,high,twostage,7,1991,46.053,70.0,1,83.0,46.29
S8x4x4-LD21-H0.3-F0.6-A4-s42,high,twostage,7,1992,46.075,70.0,1,83.0,46.29
S8x4x4-LD21-H0.3-F0.6-A4-s42,high,twostage,7,1993,46.096,70.0,1,83.0,46.29
S8x4x4-LD21-H0.3-F0.6-A4-s42,high,twostage,7,1994,46.118,70.0,1,83.0,46.29
S8x4x4-LD21-H0.3-F0.6-A4-s42,high,twostage,7,1995,46.144,70.0,1,83.0,46.29
S8x4x4-LD21-H0.3-F0.6-A4-s42,high,twostage,7,1996,46.166,70.0,1,83.0,46.29
S8x4x4-LD21-H0.3-F0.6-A4-s42,high,twostage,7,1997,46.188,70.0,1,83.0,46.29
S8x4x4-LD21-H0.3-F0.6-A4-s42,high,twostage,7,1998,46.21,70.0,1,83.0,46.29
S8x4x4-LD21-H0.3-F0.6-A4-s42,high,twostage,7,1999,46.233,70.0,1,83.0,46.29
S8x4x4-LD21-H0.3-F0.6-A4-s42,high,twostage,7,2000,46.257,70.0,1,83.0,46.29
S8x4x4-LD21-H0.3-F0.6-A4-s42,high,twostage,7,2001,46.279,70.0,1,83.0,46.29
S8x4x4-LD21-H0.3-F0.6-A4-s42,high,twostage,7,2002,46.301,70.0,1,83.0,46.29
S8x4x4-LD21-H0.3-F0.6-A4-s42,high,twostage,2024,1,0.032,88.0,1,86.0,46.29
S8x4x4-LD21-H0.3-F0.6-A4-s42,high,twostage,2024,2,0.06,88.0,1,86.0,46.29
S8x4x4-LD21-H0.3-F0.6-A4-s42,high,twostage,2024,3,0.086,87.0,1,86.0,46.29
S8x4x4-LD21-H0.3-F0.6-A4-s42,high,twostage,2024,4,0.111,86.0,1,86.0,46.29
S8x4x4-LD21-H0.3-F0.6-A4-s42,high,twostage,2024,5,0.137,86.0,1,86.0,46.29
S8x4x4-LD21-H0.3-F0.6-A4-s42,high,twostage,2024,6,0.161,86.0,1,86.0,46.29
S8x4x4-LD21-H0.3-F0.6-A4-s42,high,twostage,2024,7,0.189,86.0,1,86.0,46.29
S8x4x4-LD21-H0.3-F0.6-A4-s42,high,twostage,2024,8,0.212,86.0,1,86.0,46.29
S8x4x4-LD21-H0.3-F0.6-A4-s42,high,twostage,2024,9,0.237,78.0,1,86.0,46.29
S8x4x4-LD21-H0.3-F0.6-A4-s42,high,twostage,2024,10,0.262,75.0,1,86.0,46.29
S8x4x4-LD21-H0.3-F0.6-A4-s42,high,twostage,2024,11,0.291,75.0,1,86.0,46.29
S8x4x4-LD21-H0.3-F0.6-A4-s42,high,twostage,2024,12,0.315,75.0,1,86.0,46.29
S8x4x4-LD21-H0.3-F0.6-A4-s42,high,twostage,2024,13,0.338,75.0,1,86.0,46.29
S8x4x4-LD21-H0.3-F0.6-A4-s42,high,twostage,2024,14,0.36,75.0,1,86.0,46.29
S8x4x4-LD21-H0.3-F0.6-A4-s42,high,twostage,2024,15,0.383,75.0,1,86.0,46.29
S8x4x4-LD21-H0.3-F0.6-A4-s42,high,twostage,2024,16,0.409,75.0,1,86.0,46.29
S8x4x4-LD21-H0.3-F0.6-A4-s42,high,twostage,2024,17,0.432,75.0,1,86.0,46.29
S8x4x4-LD21-H0.3-F0.6-A4-s42,high,twostage,2024,18,0.454,75.0,1,86.0,46.29
S8x4x4-LD21-H0.3-F0.6-A4-s42,high,twostage,2024,19,0.479,73.0,1,86.0,46.29
S8x4x4-LD21-H0.3-F0.6-A4-s42,high,twostage,2024,20,0.504,73.0,1,86.0,46.29
S8x4x4-LD21-H0.3-F0.6-A4-s42,high,twostage,2024,21,0.527,73.0,1,86.0,46.29
S8x4x4-LD21-H0.3-F0.6-A4-s42,high,twostage,2024,22,0.55,73.0,1,86.0,46.29
S8x4x4-LD21-H0.3-F0.6-A4-s42,high,twostage,2024,23,0.574,73.0,1,86.0,46.29
S8x4x4-LD21-H0.3-F0.6-A4-s42,high,twostage,2024,24,0.597,73.0,1,86.0,46.29
S8x4x4-LD21-H0.3-F0.6-A4-s42,high,twostage,2024,25,0.623,73.0,1,86.0,46.29
S8x4x4-LD21-H0.3-F0.6-A4-s42,high,twostage,2024,26,0.646,73.0,1,86.0,46.29
S8x4x4-LD21-H0.3-F0.6-A4-s42,high,twostage,2024,27,0.67,73.0,1,86.0,46.29
S8x4x4-LD21-H0.3-F0.6-A4-s42,high,twostage,2024,28,0.694,73.0,1,86.0,46.29
S8x4x4-LD21-H0.3-F0.6-A4-s42,high,twostage,2024,29,0.717,73.0,1,86.0,46.29
S8x4x4-LD21-H0.3-F0.6-A4-s42,high,twostage,2024,30,0.743,73.0,1,86.0,46.29
S8x4x4-LD21-H0.3-F0.6-A4-s42,high,twostage,2024,31,0.766,73.0,1,86.0,46.29
S8x4x4-LD21-H0.3-F0.6-A4-s42,high,twostage,2024,32,0.789,73.0,1,86.0,46.29
S8x4x4-LD21-H0.3-F0.6-A4-s42,high,twostage,2024,33,0.812,73.0,1,86.0,46.29
S8x4x4-LD21-H0.3-F0.6-A4-s42,high,twostage,2024,34,0.838,73.0,1,86.0,46.29
S8x4x4-LD21-H0.3-F0.6-A4-s42,high,twostage,2024,35,0.861,73.0,1,86.0,46.29
S8x4x4-LD21-H0.3-F0.6-A4-s42,high,twostage,2024,36,0.884,73.0,1,86.0,46.29
S8x4x4-LD21-H0.3-F0.6-A4-s42,high,twostage,2024,37,0.907,73.0,1,86.0,46.29
S8x4x4-LD21-H0.3-F0.6-A4-s42,high,twostage,2024,38,0.931,73.0,1,86.0,46.29
S8x4x4-LD21-H0.3-F0.6-A4-s42,high,twostage,2024,39,0.957,73.0,1,86.0,46.29
S8x4x4-LD21-H0.3-F0.6-A4-s42,high,twostage,2024,40,0.98,73.0,1,86.0,46.29
S8x4x4-LD21-H0.3-F0.6-A4-s42,high,twostage,2024,41,1.003,73.0,1,86.0,46.29
S8x4x4-LD21-H0.3-F0.6-A4-s42,high,twostage,2024,42,1.027,73.0,1,86.0,46.29
S8x4x4-LD21-H0.3-F0.6-A4-s42,high,twostage,2024,43,1.052,73.0,1,86.0,46.29
S8x4x4-LD21-H0.3-F0.6-A4-s42,high,twostage,2024,44,1.076,73.0,1,86.0,46.29
S8x4x4-LD21-H0.3-F0.6-A4-s42,high,twostage,2024,45,1.1,73.0,1,86.0,46.29
S8x4x4-LD21-H0.3-F0.6-A4-s42,high,twostage,2024,46,1.123,73.0,1,86.0,46.29
S8x4x4-LD21-H0.3-F0.6-A4-s42,high,twostage,2024,47,1.148,73.0,1,86.0,46.29
S8x4x4-LD21-H0.3-F0.6-A4-s42,high,twostage,2024,48,1.174,73.0,1,86.0,46.29
S8x4x4-LD21-H0.3-F0.6-A4-s42,high,twostage,2024,49,1.197,73.0,1,86.0,46.29
S8x4x4-LD21-H0.3-F0.6-A4-s42,high,twostage,2024,50,1.221,73.0,1,86.0,46.29
S8x4x4-LD21-H0.3-F0.6-A4-s42,high,twostage,2024,51,1.245,73.0,1,86.0,46.29
S8x4x4-LD21-H0.3-F0.6-A4-s42,high,twostage,2024,52,1.269,73.0,1,86.0,46.29
S8x4x4-LD21-H0.3-F0.6-A4-s42,high,twostage,2024,53,1.294,73.0,1,86.0,46.29
S8x4x4-LD21-H0.3-F0.6-A4-s42,high,twostage,2024,54,1.318,73.0,1,86.0,46.29
S8x4x4-LD21-H0.3-F0.6-A4-s42,high,twostage,2024,55,1.341,73.0,1,86.0,46.29
S8x4x4-LD21-H0.3-F0.6-A4-s42,high,twostage,2024,56,1.364,73.0,1,86.0,46.29
S8x4x4-LD21-H0.3-F0.6-A4-s42,high,twostage,2024,57,1.388,73.0,1,86.0,46.29
S8x4x4-LD21-H0.3-F0.6-A4-s42,high,twostage,2024,58,1.414,73.0,1,86.0,46.29
S8x4x4-LD21-H0.3-F0.6-A4-s42,high,twostage,2024,59,1.438,73.0,1,86.0,46.29
S8x4x4-LD21-H0.3-F0.6-A4-s42,high,twostage,2024,60,1.461,73.0,1,86.0,46.29
S8x4x4-LD21-H0.3-F0.6-A4-s42,high,twostage,2024,61,1.485,73.0,1,86.0,46.29
S8x4x4-LD21-H0.3-F0.6-A4-s42,high,twostage,2024,62,1.507,73.0,1,86.0,46.29
S8x4x4-LD21-H0.3-F0.6-A4-s42,high,twostage,2024,63,1.534,73.0,1,86.0,46.29
S8x4x4-LD21-H0.3-F0.6-A4-s42,high,twostage,2024,64,1.558,73.0,1,86.0,46.29
S8x4x4-LD21-H0.3-F0.6-A4-s42,high,twostage,2024,65,1.582,73.0,1,86.0,46.29
S8x4x4-LD21-H0.3-F0.6-A4-s42,high,twostage,2024,66,1.606,73.0,1,86.0,46.29
S8x4x4-LD21-H0.3-F0.6-A4-s42,high,twostage,2024,67,1.632,73.0,1,86.0,46.29
S8x4x4-LD21-H0.3-F0.6-A4-s42,high,twostage,2024,68,1.656,73.0,1,86.0,46.29
S8x4x4-LD21-H0.3-F0.6-A4-s42,high,twostage,2024,69,1.679,73.0,1,86.0,46.29
S8x4x4-LD21-H0.3-F0.6-A4-s42,high,twostage,2024,70,1.704,73.0,1,86.0,46.29
S8x4x4-LD21-H0.3-F0.6-A4-s42,high,twostage,2024,71,1.728,73.0,1,86.0,46.29
S8x4x4-LD21-H0.3-F0.6-A4-s42,high,twostage,2024,72,1.755,73.0,1,86.0,46.29
S8x4x4-LD21-H0.3-F0.6-A4-s42,high,twostage,2024,73,1.779,73.0,1,86.0,46.29
S8x4x4-LD21-H0.3-F0.6-A4-s42,high,twostage,2024,74,1.802,73.0,1,86.0,46.29
S8x4x4-LD21-H0.3-F0.6-A4-s42,high,twostage,2024,75,1.826,73.0,1,86.0,46.29
S8x4x4-LD21-H0.3-F0.6-A4-s42,high,twostage,2024,76,1.849,73.0,1,86.0,46.29
S8x4x4-LD21-H0.3-F0.6-A4-s42,high,twostage,2024,77,1.875,73.0,1,86.0,46.29
S8x4x4-LD21-H0.3-F0.6-A4-s42,high,twostage,2024,78,1.898,73.0,1,86.0,46.29
S8x4x4-LD21-H0.3-F0.6-A4-s42,high,twostage,2024,79,1.922,73.0,1,86.0,46.29
S8x4x4-LD21-H0.3-F0.6-A4-s42,high,twostage,2024,80,1.944,73.0,1,86.0,46.29
S8x4x4-LD21-H0.3-F0.6-A4-s42,high,twostage,2024,81,1.97,73.0,1,86.0,46.29
S8x4x4-LD21-H0.3-F0.6-A4-s42,high,twostage,2024,82,1.994,73.0,1,86.0,46.29
S8x4x4-LD21-H0.3-F0.6-A4-s42,high,twostage,2024,83,2.018,73.0,1,86.0,46.29
S8x4x4-LD21-H0.3-F0.6-A4-s42,high,twostage,2024,84,2.042,73.0,1,86.0,46.29
S8x4x4-LD21-H0.3-F0.6-A4-s42,high,twostage,2024,85,2.066,73.0,1,86.0,46.29
S8x4x4-LD21-H0.3-F0.6-A4-s42,high,twostage,2024,86,2.093,73.0,1,86.0,46.29
S8x4x4-LD21-H0.3-F0.6-A4-s42,high,twostage,2024,87,2.116,73.0,1,86.0,46.29
S8x4x4-LD21-H0.3-F0.6-A4-s42,high,twostage,2024,88,2.14,73.0,1,86.0,46.29
S8x4x4-LD21-H0.3-F0.6-A4-s42,high,twostage,2024,89,2.162,73.0,1,86.0,46.29
S8x4x4-LD21-H0.3-F0.6-A4-s42,high,twostage,2024,90,2.189,73.0,1,86.0,46.29
S8x4x4-LD21-H0.3-F0.6-A4-s42,high,twostage,2024,91,2.213,73.0,1,86.0,46.29
S8x4x4-LD21-H0.3-F0.6-A4-s42,high,twostage,2024,92,2.238,73.0,1,86.0,46.29
S8x4x4-LD21-H0.3-F0.6-A4-s42,high,twostage,2024,93,2.262,73.0,1,86.0,46.29
S8x4x4-LD21-H0.3-F0.6-A4-s42,high,twostage,2024,94,2.285,73.0,1,86.0,46.29
S8x4x4-LD21-H0.3-F0.6-A4-s42,high,twostage,2024,95,2.312,73.0,1,86.0,46.29
S8x4x4-LD21-H0.3-F0.6-A4-s42,high,twostage,2024,96,2.335,73.0,1,86.0,46.29
S8x4x4-LD21-H0.3-F0.6-A4-s42,high,twostage,2024,97,2.358,73.0,1,86.0,46.29
S8x4x4-LD21-H0.3-F0.6-A4-s42,high,twostage,2024,98,2.381,73.0,1,86.0,46.29
S8x4x4-LD21-H0.3-F0.6-A4-s42,high,twostage,2024,99,2.405,73.0,1,86.0,46.29
S8x4x4-LD21-H0.3-F0.6-A4-s42,high,twostage,2024,100,2.431,73.0,1,86.0,46.29
S8x4x4-LD21-H0.3-F0.6-A4-s42,high,twostage,2024,101,2.455,73.0,1,86.0,46.29
S8x4x4-LD21-H0.3-F0.6-A4-s42,high,twostage,2024,102,2.479,73.0,1,86.0,46.29
S8x4x4-LD21-H0.3-F0.6-A4-s42,high,twostage,2024,103,2.502,73.0,1,86.0,46.29
S8x4x4-LD21-H0.3-F0.6-A4-s42,high,twostage,2024,104,2.528,73.0,1,86.0,46.29
S8x4x4-LD21-H0.3-F0.6-A4-s42,high,twostage,2024,105,2.552,73.0,1,86.0,46.29
S8x4x4-LD21-H0.3-F0.6-A4-s42,high,twostage,2024,106,2.576,73.0,1,86.0,46.29
S8x4x4-LD21-H0.3-F0.6-A4-s42,high,twostage,2024,107,2.599,73.0,1,86.0,46.29
S8x4x4-LD21-H0.3-F0.6-A4-s42,high,twostage,2024,108,2.622,73.0,1,86.0,46.29
S8x4x4-LD21-H0.3-F0.6-A4-s42,high,twostage,2024,109,2.648,73.0,1,86.0,46.29
S8x4x4-LD21-H0.3-F0.6-A4-s42,high,twostage,2024,110,2.671,73.0,1,86.0,46.29
S8x4x4-LD21-H0.3-F0.6-A4-s42,high,twostage,2024,111,2.695,73.0,1,86.0,46.29
S8x4x4-LD21-H0.3-F0.6-A4-s42,high,twostage,2024,112,2.718,73.0,1,86.0,46.29
S8x4x4-LD21-H0.3-F0.6-A4-s42,high,twostage,2024,113,2.742,73.0,1,86.0,46.29
S8x4x4-LD21-H0.3-F0.6-A4-s42,high,twostage,2024,114,2.769,73.0,1,86.0,46.29
S8x4x4-LD21-H0.3-F0.6-A4-s42,high,twostage,2024,115,2.793,72.0,1,86.0,46.29
S8x4x4-LD21-H0.3-F0.6-A4-s42,high,twostage,2024,116,2.817,72.0,1,86.0,46.29
S8x4x4-LD21-H0.3-F0.6-A4-s42,high,twostage,2024,117,2.84,72.0,1,86.0,46.29
S8x4x4-LD21-H0.3-F0.6-A4-s42,high,twostage,2024,118,2.864,72.0,1,86.0,46.29
S8x4x4-LD21-H0.3-F0.6-A4-s42,high,twostage,2024,119,2.89,72.0,1,86.0,46.29
S8x4x4-LD21-H0.3-F0.6-A4-s42,high,twostage,2024,120,2.913,72.0,1,86.0,46.29
S8x4x4-LD21-H0.3-F0.6-A4-s42,high,twostage,2024,121,2.938,72.0,1,86.0,46.29
S8x4x4-LD21-H0.3-F0.6-A4-s42,high,twostage,2024,122,2.96,72.0,1,86.0,46.29
S8x4x4-LD21-H0.3-F0.6-A4-s42,high,twostage,2024,123,2.986,72.0,1,86.0,46.29
S8x4x4-LD21-H0.3-F0.6-A4-s42,high,twostage,2024,124,3.008,72.0,1,86.0,46.29
S8x4x4-LD21-H0.3-F0.6-A4-s42,high,twostage,2024,125,3.033,72.0,1,86.0,46.29
S8x4x4-LD21-H0.3-F0.6-A4-s42,high,twostage,2024,126,3.056,72.0,1,86.0,46.29
S8x4x4-LD21-H0.3-F0.6-A4-s42,high,twostage,2024,127,3.079,72.0,1,86.0,46.29
S8x4x4-LD21-H0.3-F0.6-A4-s42,high,twostage,2024,128,3.104,72.0,1,86.0,46.29
S8x4x4-LD21-H0.3-F0.6-A4-s42,high,twostage,2024,129,3.129,71.0,1,86.0,46.29
S8x4x4-LD21-H0.3-F0.6-A4-s42,high,twostage,2024,130,3.151,71.0,1,86.0,46.29
S8x4x4-LD21-H0.3-F0.6-A4-s42,high,twostage,2024,131,3.174,71.0,1,86.0,46.29
S8x4x4-LD21-H0.3-F0.6-A4-s42,high,twostage,2024,132,3.197,71.0,1,86.0,46.29
S8x4x4-LD21-H0.3-F0.6-A4-s42,high,twostage,2024,133,3.222,71.0,1,86.0,46.29
S8x4x4-LD21-H0.3-F0.6-A4-s42,high,twostage,2024,134,3.246,71.0,1,86.0,46.29
S8x4x4-LD21-H0.3-F0.6-A4-s42,high,twostage,2024,135,3.269,71.0,1,86.0,46.29
S8x4x4-LD21-H0.3-F0.6-A4-s42,high,twostage,2024,136,3.291,71.0,1,86.0,46.29
S8x4x4-LD21-H0.3-F0.6-A4-s42,high,twostage,2024,137,3.315,71.0,1,86.0,46.29
S8x4x4-LD21-H0.3-F0.6-A4-s42,high,twostage,2024,138,3.339,71.0,1,86.0,46.29
S8x4x4-LD21-H0.3-F0.6-A4-s42,high,twostage,2024,139,3.361,71.0,1,86.0,46.29
S8x4x4-LD21-H0.3-F0.6-A4-s42,high,twostage,2024,140,3.384,71.0,1,86.0,46.29
S8x4x4-LD21-H0.3-F0.6-A4-s42,high,twostage,2024,141,3.407,71.0,1,86.0,46.29
S8x4x4-LD21-H0.3-F0.6-A4-s42,high,twostage,2024,142,3.432,71.0,1,86.0,46.29
S8x4x4-LD21-H0.3-F0.6-A4-s42,high,twostage,2024,143,3.456,71.0,1,86.0,46.29
S8x4x4-LD21-H0.3-F0.6-A4-s42,high,twostage,2024,144,3.478,71.0,1,86.0,46.29
S8x4x4-LD21-H0.3-F0.6-A4-s42,high,twostage,2024,145,3.5,70.0,1,86.0,46.29
S8x4x4-LD21-H0.3-F0.6-A4-s42,high,twostage,2024,146,3.523,70.0,1,86.0,46.29
S8x4x4-LD21-H0.3-F0.6-A4-s42,high,twostage,2024,147,3.548,70.0,1,86.0,46.29
S8x4x4-LD21-H0.3-F0.6-A4-s42,high,twostage,2024,148,3.57,70.0,1,86.0,46.29
S8x4x4-LD21-H0.3-F0.6-A4-s42,high,twostage,2024,149,3.592,70.0,1,86.0,46.29
S8x4x4-LD21-H0.3-F0.6-A4-s42,high,twostage,2024,150,3.614,70.0,1,86.0,46.29
S8x4x4-LD21-H0.3-F0.6-A4-s42,high,twostage,2024,151,3.637,70.0,1,86.0,46.29
S8x4x4-LD21-H0.3-F0.6-A4-s42,high,twostage,2024,152,3.66,70.0,1,86.0,46.29
S8x4x4-LD21-H0.3-F0.6-A4-s42,high,twostage,2024,153,3.683,70.0,1,86.0,46.29
S8x4x4-LD21-H0.3-F0.6-A4-s42,high,twostage,2024,154,3.706,70.0,1,86.0,46.29
S8x4x4-LD21-H0.3-F0.6-A4-s42,high,twostage,2024,155,3.728,70.0,1,86.0,46.29
S8x4x4-LD21-H0.3-F0.6-A4-s42,high,twostage,2024,156,3.751,70.0,1,86.0,46.29
S8x4x4-LD21-H0.3-F0.6-A4-s42,high,twostage,2024,157,3.778,70.0,1,86.0,46.29
S8x4x4-LD21-H0.3-F0.6-A4-s42,high,twostage,2024,158,3.801,70.0,1,86.0,46.29
S8x4x4-LD21-H0.3-F0.6-A4-s42,high,twostage,2024,159,3.822,70.0,1,86.0,46.29
S8x4x4-LD21-H0.3-F0.6-A4-s42,high,twostage,2024,160,3.845,70.0,1,86.0,46.29
S8x4x4-LD21-H0.3-F0.6-A4-s42,high,twostage,2024,161,3.868,70.0,1,86.0,46.29
S8x4x4-LD21-H0.3-F0.6-A4-s42,high,twostage,2024,162,3.893,70.0,1,86.0,46.29
S8x4x4-LD21-H0.3-F0.6-A4-s42,high,twostage,2024,163,3.916,70.0,1,86.0,46.29
S8x4x4-LD21-H0.3-F0.6-A4-s42,high,twostage,2024,164,3.939,70.0,1,86.0,46.29
S8x4x4-LD21-H0.3-F0.6-A4-s42,high,twostage,2024,165,3.961,70.0,1,86.0,46.29
S8x4x4-LD21-H0.3-F0.6-A4-s42,high,twostage,2024,166,3.984,70.0,1,86.0,46.29
S8x4x4-LD21-H0.3-F0.6-A4-s42,high,twostage,2024,167,4.009,70.0,1,86.0,46.29
S8x4x4-LD21-H0.3-F0.6-A4-s42,high,twostage,2024,168,4.032,70.0,1,86.0,46.29
S8x4x4-LD21-H0.3-F0.6-A4-s42,high,twostage,2024,169,4.055,70.0,1,86.0,46.29
S8x4x4-LD21-H0.3-F0.6-A4-s42,high,twostage,2024,170,4.077,70.0,1,86.0,46.29
S8x4x4-LD21-H0.3-F0.6-A4-s42,high,twostage,2024,171,4.1,70.0,1,86.0,46.29
S8x4x4-LD21-H0.3-F0.6-A4-s42,high,twostage,2024,172,4.125,70.0,1,86.0,46.29
S8x4x4-LD21-H0.3-F0.6-A4-s42,high,twostage,2024,173,4.146,70.0,1,86.0,46.29
S8x4x4-LD21-H0.3-F0.6-A4-s42,high,twostage,2024,174,4.168,70.0,1,86.0,46.29
S8x4x4-LD21-H0.3-F0.6-A4-s42,high,twostage,2024,175,4.191,70.0,1,86.0,46.29
S8x4x4-LD21-H0.3-F0.6-A4-s42,high,twostage,2024,176,4.214,70.0,1,86.0,46.29
S8x4x4-LD21-H0.3-F0.6-A4-s42,high,twostage,2024,177,4.238,70.0,1,86.0,46.29
S8x4x4-LD21-H0.3-F0.6-A4-s42,high,twostage,2024,178,4.261,70.0,1,86.0,46.29
S8x4x4-LD21-H0.3-F0.6-A4-s42,high,twostage,2024,179,4.284,70.0,1,86.0,46.29
S8x4x4-LD21-H0.3-F0.6-A4-s42,high,twostage,2024,180,4.306,70.0,1,86.0,46.29
S8x4x4-LD21-H0.3-F0.6-A4-s42,high,twostage,2024,181,4.328,70.0,1,86.0,46.29
S8x4x4-LD21-H0.3-F0.6-A4-s42,high,twostage,2024,182,4.352,70.0,1,86.0,46.29
S8x4x4-LD21-H0.3-F0.6-A4-s42,high,twostage,2024,183,4.374,70.0,1,86.0,46.29
S8x4x4-LD21-H0.3-F0.6-A4-s42,high,twostage,2024,184,4.397,70.0,1,86.0,46.29
S8x4x4-LD21-H0.3-F0.6-A4-s42,high,twostage,2024,185,4.418,70.0,1,86.0,46.29
S8x4x4-LD21-H0.3-F0.6-A4-s42,high,twostage,2024,186,4.442,70.0,1,86.0,46.29
S8x4x4-LD21-H0.3-F0.6-A4-s42,high,twostage,2024,187,4.466,70.0,1,86.0,46.29
S8x4x4-LD21-H0.3-F0.6-A4-s42,high,twostage,2024,188,4.489,70.0,1,86.0,46.29
S8x4x4-LD21-H0.3-F0.6-A4-s42,high,twostage,2024,189,4.51,70.0,1,86.0,46.29
S8x4x4-LD21-H0.3-F0.6-A4-s42,high,twostage,2024,190,4.533,70.0,1,86.0,46.29
S8x4x4-LD21-H0.3-F0.6-A4-s42,high,twostage,2024,191,4.557,70.0,1,86.0,46.29
S8x4x4-LD21-H0.3-F0.6-A4-s42,high,twostage,2024,192,4.58,70.0,1,86.0,46.29
S8x4x4-LD21-H0.3-F0.6-A4-s42,high,twostage,2024,193,4.602,70.0,1,86.0,46.29
S8x4x4-LD21-H0.3-F0.6-A4-s42,high,twostage,2024,194,4.624,70.0,1,86.0,46.29
S8x4x4-LD21-H0.3-F0.6-A4-s42,high,twostage,2024,195,4.646,70.0,1,86.0,46.29
S8x4x4-LD21-H0.3-F0.6-A4-s42,high,twostage,2024,196,4.671,70.0,1,86.0,46.29
S8x4x4-LD21-H0.3-F0.6-A4-s42,high,twostage,2024,197,4.693,70.0,1,86.0,46.29
S8x4x4-LD21-H0.3-F0.6-A4-s42,high,twostage,2024,198,4.715,70.0,1,86.0,46.29
S8x4x4-LD21-H0.3-F0.6-A4-s42,high,twostage,2024,199,4.737,70.0,1,86.0,46.29
S8x4x4-LD21-H0.3-F0.6-A4-s42,high,twostage,2024,200,4.759,70.0,1,86.0,46.29
S8x4x4-LD21-H0.3-F0.6-A4-s42,high,twostage,2024,201,4.783,70.0,1,86.0,46.29
S8x4x4-LD21-H0.3-F0.6-A4-s42,high,twostage,2024,202,4.806,70.0,1,86.0,46.29
S8x4x4-LD21-H0.3-F0.6-A4-s42,high,twostage,2024,203,4.828,70.0,1,86.0,46.29
S8x4x4-LD21-H0.3-F0.6-A4-s42,high,twostage,2024,204,4.85,70.0,1,86.0,46.29
S8x4x4-LD21-H0.3-F0.6-A4-s42,high,twostage,2024,205,4.871,70.0,1,86.0,46.29
S8x4x4-LD21-H0.3-F0.6-A4-s42,high,twostage,2024,206,4.896,70.0,1,86.0,46.29
S8x4x4-LD21-H0.3-F0.6-A4-s42,high,twostage,2024,207,4.917,70.0,1,86.0,46.29
S8x4x4-LD21-H0.3-F0.6-A4-s42,high,twostage,2024,208,4.94,70.0,1,86.0,46.29
S8x4x4-LD21-H0.3-F0.6-A4-s42,high,twostage,2024,209,4.963,70.0,1,86.0,46.29
S8x4x4-LD21-H0.3-F0.6-A4-s42,high,twostage,2024,210,4.986,70.0,1,86.0,46.29
S8x4x4-LD21-H0.3-F0.6-A4-s42,high,twostage,2024,211,5.01,70.0,1,86.0,46.29
S8x4x4-LD21-H0.3-F0.6-A4-s42,high,twostage,2024,212,5.033,70.0,1,86.0,46.29
S8x4x4-LD21-H0.3-F0.6-A4-s42,high,twostage,2024,213,5.055,70.0,1,86.0,46.29
S8x4x4-LD21-H0.3-F0.6-A4-s42,high,twostage,2024,214,5.078,70.0,1,86.0,46.29
S8x4x4-LD21-H0.3-F0.6-A4-s42,high,twostage,2024,215,5.1,70.0,1,86.0,46.29
S8x4x4-LD21-H0.3-F0.6-A4-s42,high,twostage,2024,216,5.125,70.0,1,86.0,46.29
S8x4x4-LD21-H0.3-F0.6-A4-s42,high,twostage,2024,217,5.147,70.0,1,86.0,46.29
S8x4x4-LD21-H0.3-F0.6-A4-s42,high,twostage,2024,218,5.17,70.0,1,86.0,46.29
S8x4x4-LD21-H0.3-F0.6-A4-s42,high,twostage,2024,219,5.192,70.0,1,86.0,46.29
S8x4x4-LD21-H0.3-F0.6-A4-s42,high,twostage,2024,220,5.215,70.0,1,86.0,46.29
S8x4x4-LD21-H0.3-F0.6-A4-s42,high,twostage,2024,221,5.239,70.0,1,86.0,46.29
S8x4x4-LD21-H0.3-F0.6-A4-s42,high,twostage,2024,222,5.261,70.0,1,86.0,46.29
S8x4x4-LD21-H0.3-F0.6-A4-s42,high,twostage,2024,223,5.283,70.0,1,86.0,46.29
S8x4x4-LD21-H0.3-F0.6-A4-s42,high,twostage,2024,224,5.307,70.0,1,86.0,46.29
S8x4x4-LD21-H0.3-F0.6-A4-s42,high,twostage,2024,225,5.328,70.0,1,86.0,46.29
S8x4x4-LD21-H0.3-F0.6-A4-s42,high,twostage,2024,226,5.353,70.0,1,86.0,46.29
S8x4x4-LD21-H0.3-F0.6-A4-s42,high,twostage,2024,227,5.375,70.0,1,86.0,46.29
S8x4x4-LD21-H0.3-F0.6-A4-s42,high,twostage,2024,228,5.397,70.0,1,86.0,46.29
S8x4x4-LD21-H0.3-F0.6-A4-s42,high,twostage,2024,229,5.419,70.0,1,86.0,46.29
S8x4x4-LD21-H0.3-F0.6-A4-s42,high,twostage,2024,230,5.441,70.0,1,86.0,46.29
S8x4x4-LD21-H0.3-F0.6-A4-s42,high,twostage,2024,231,5.466,70.0,1,86.0,46.29
S8x4x4-LD21-H0.3-F0.6-A4-s42,high,twostage,2024,232,5.488,70.0,1,86.0,46.29
S8x4x4-LD21-H0.3-F0.6-A4-s42,high,twostage,2024,233,5.511,70.0,1,86.0,46.29
S8x4x4-LD21-H0.3-F0.6-A4-s42,high,twostage,2024,234,5.533,70.0,1,86.0,46.29
S8x4x4-LD21-H0.3-F0.6-A4-s42,high,twostage,2024,235,5.556,70.0,1,86.0,46.29
S8x4x4-LD21-H0.3-F0.6-A4-s42,high,twostage,2024,236,5.58,70.0,1,86.0,46.29
S8x4x4-LD21-H0.3-F0.6-A4-s42,high,twostage,2024,237,5.601,70.0,1,86.0,46.29
S8x4x4-LD21-H0.3-F0.6-A4-s42,high,twostage,2024,238,5.623,70.0,1,86.0,46.29
S8x4x4-LD21-H0.3-F0.6-A4-s42,high,twostage,2024,239,5.645,70.0,1,86.0,46.29
S8x4x4-LD21-H0.3-F0.6-A4-s42,high,twostage,2024,240,5.67,70.0,1,86.0,46.29
S8x4x4-LD21-H0.3-F0.6-A4-s42,high,twostage,2024,241,5.692,70.0,1,86.0,46.29
S8x4x4-LD21-H0.3-F0.6-A4-s42,high,twostage,2024,242,5.715,70.0,1,86.0,46.29
S8x4x4-LD21-H0.3-F0.6-A4-s42,high,twostage,2024,243,5.737,70.0,1,86.0,46.29
S8x4x4-LD21-H0.3-F0.6-A4-s42,high,twostage,2024,244,5.76,70.0,1,86.0,46.29
S8x4x4-LD21-H0.3-F0.6-A4-s42,high,twostage,2024,245,5.786,70.0,1,86.0,46.29
S8x4x4-LD21-H0.3-F0.6-A4-s42,high,twostage,2024,246,5.808,70.0,1,86.0,46.29
S8x4x4-LD21-H0.3-F0.6-A4-s42,high,twostage,2024,247,5.831,70.0,1,86.0,46.29
S8x4x4-LD21-H0.3-F0.6-A4-s42,high,twostage,2024,248,5.853,70.0,1,86.0,46.29
S8x4x4-LD21-H0.3-F0.6-A4-s42,high,twostage,2024,249,5.876,70.0,1,86.0,46.29
S8x4x4-LD21-H0.3-F0.6-A4-s42,high,twostage,2024,250,5.901,70.0,1,86.0,46.29
S8x4x4-LD21-H0.3-F0.6-A4-s42,high,twostage,2024,251,5.922,70.0,1,86.0,46.29
S8x4x4-LD21-H0.3-F0.6-A4-s42,high,twostage,2024,252,5.946,70.0,1,86.0,46.29
S8x4x4-LD21-H0.3-F0.6-A4-s42,high,twostage,2024,253,5.968,70.0,1,86.0,46.29
S8x4x4-LD21-H0.3-F0.6-A4-s42,high,twostage,2024,254,5.992,70.0,1,86.0,46.29
S8x4x4-LD21-H0.3-F0.6-A4-s42,high,twostage,2024,255,6.016,70.0,1,86.0,46.29
S8x4x4-LD21-H0.3-F0.6-A4-s42,high,twostage,2024,256,6.04,70.0,1,86.0,46.29
S8x4x4-LD21-H0.3-F0.6-A4-s42,high,twostage,2024,257,6.063,70.0,1,86.0,46.29
S8x4x4-LD21-H0.3-F0.6-A4-s42,high,twostage,2024,258,6.086,70.0,1,86.0,46.29
S8x4x4-LD21-H0.3-F0.6-A4-s42,high,twostage,2024,259,6.108,70.0,1,86.0,46.29
S8x4x4-LD21-H0.3-F0.6-A4-s42,high,twostage,2024,260,6.132,70.0,1,86.0,46.29
S8x4x4-LD21-H0.3-F0.6-A4-s42,high,twostage,2024,261,6.154,70.0,1,86.0,46.29
S8x4x4-LD21-H0.3-F0.6-A4-s42,high,twostage,2024,262,6.177,70.0,1,86.0,46.29
S8x4x4-LD21-H0.3-F0.6-A4-s42,high,twostage,2024,263,6.199,70.0,1,86.0,46.29
S8x4x4-LD21-H0.3-F0.6-A4-s42,high,twostage,2024,264,6.221,70.0,1,86.0,46.29
S8x4x4-LD21-H0.3-F0.6-A4-s42,high,twostage,2024,265,6.246,70.0,1,86.0,46.29
S8x4x4-LD21-H0.3-F0.6-A4-s42,high,twostage,2024,266,6.268,70.0,1,86.0,46.29
S8x4x4-LD21-H0.3-F0.6-A4-s42,high,twostage,2024,267,6.291,70.0,1,86.0,46.29
S8x4x4-LD21-H0.3-F0.6-A4-s42,high,twostage,2024,268,6.314,70.0,1,86.0,46.29
S8x4x4-LD21-H0.3-F0.6-A4-s42,high,twostage,2024,269,6.336,70.0,1,86.0,46.29
S8x4x4-LD21-H0.3-F0.6-A4-s42,high,twostage,2024,270,6.361,70.0,1,86.0,46.29
S8x4x4-LD21-H0.3-F0.6-A4-s42,high,twostage,2024,271,6.383,70.0,1,86.0,46.29
S8x4x4-LD21-H0.3-F0.6-A4-s42,high,twostage,2024,272,6.405,70.0,1,86.0,46.29
S8x4x4-LD21-H0.3-F0.6-A4-s42,high,twostage,2024,273,6.427,70.0,1,86.0,46.29
S8x4x4-LD21-H0.3-F0.6-A4-s42,high,twostage,2024,274,6.449,70.0,1,86.0,46.29
S8x4x4-LD21-H0.3-F0.6-A4-s42,high,twostage,2024,275,6.474,70.0,1,86.0,46.29
S8x4x4-LD21-H0.3-F0.6-A4-s42,high,twostage,2024,276,6.497,70.0,1,86.0,46.29
S8x4x4-LD21-H0.3-F0.6-A4-s42,high,twostage,2024,277,6.519,70.0,1,86.0,46.29
S8x4x4-LD21-H0.3-F0.6-A4-s42,high,twostage,2024,278,6.541,70.0,1,86.0,46.29
S8x4x4-LD21-H0.3-F0.6-A4-s42,high,twostage,2024,279,6.564,70.0,1,86.0,46.29
S8x4x4-LD21-H0.3-F0.6-A4-s42,high,twostage,2024,280,6.588,70.0,1,86.0,46.29
S8x4x4-LD21-H0.3-F0.6-A4-s42,high,twostage,2024,281,6.61,70.0,1,86.0,46.29
S8x4x4-LD21-H0.3-F0.6-A4-s42,high,twostage,2024,282,6.632,70.0,1,86.0,46.29
S8x4x4-LD21-H0.3-F0.6-A4-s42,high,twostage,2024,283,6.653,70.0,1,86.0,46.29
S8x4x4-LD21-H0.3-F0.6-A4-s42,high,twostage,2024,284,6.675,70.0,1,86.0,46.29
S8x4x4-LD21-H0.3-F0.6-A4-s42,high,twostage,2024,285,6.7,70.0,1,86.0,46.29
S8x4x4-LD21-H0.3-F0.6-A4-s42,high,twostage,2024,286,6.724,70.0,1,86.0,46.29
S8x4x4-LD21-H0.3-F0.6-A4-s42,high,twostage,2024,287,6.746,70.0,1,86.0,46.29
S8x4x4-LD21-H0.3-F0.6-A4-s42,high,twostage,2024,288,6.768,70.0,1,86.0,46.29
S8x4x4-LD21-H0.3-F0.6-A4-s42,high,twostage,2024,289,6.79,70.0,1,86.0,46.29
S8x4x4-LD21-H0.3-F0.6-A4-s42,high,twostage,2024,290,6.815,70.0,1,86.0,46.29
S8x4x4-LD21-H0.3-F0.6-A4-s42,high,twostage,2024,291,6.837,70.0,1,86.0,46.29
S8x4x4-LD21-H0.3-F0.6-A4-s42,high,twostage,2024,292,6.859,70.0,1,86.0,46.29
S8x4x4-LD21-H0.3-F0.6-A4-s42,high,twostage,2024,293,6.88,70.0,1,86.0,46.29
S8x4x4-LD21-H0.3-F0.6-A4-s42,high,twostage,2024,294,6.905,70.0,1,86.0,46.29
S8x4x4-LD21-H0.3-F0.6-A4-s42,high,twostage,2024,295,6.928,70.0,1,86.0,46.29
S8x4x4-LD21-H0.3-F0.6-A4-s42,high,twostage,2024,296,6.949,70.0,1,86.0,46.29
S8x4x4-LD21-H0.3-F0.6-A4-s42,high,twostage,2024,297,6.972,70.0,1,86.0,46.29
S8x4x4-LD21-H0.3-F0.6-A4-s42,high,twostage,2024,298,6.993,70.0,1,86.0,46.29
S8x4x4-LD21-H0.3-F0.6-A4-s42,high,twostage,2024,299,7.02,70.0,1,86.0,46.29
S8x4x4-LD21-H0.3-F0.6-A4-s42,high,twostage,2024,300,7.043,70.0,1,86.0,46.29
S8x4x4-LD21-H0.3-F0.6-A4-s42,high,twostage,2024,301,7.066,70.0,1,86.0,46.29
S8x4x4-LD21-H0.3-F0.6-A4-s42,high,twostage,2024,302,7.088,70.0,1,86.0,46.29
S8x4x4-LD21-H0.3-F0.6-A4-s42,high,twostage,2024,303,7.11,70.0,1,86.0,46.29
S8x4x4-LD21-H0.3-F0.6-A4-s42,high,twostage,2024,304,7.134,70.0,1,86.0,46.29
S8x4x4-LD21-H0.3-F0.6-A4-s42,high,twostage,2024,305,7.156,70.0,1,86.0,46.29
S8x4x4-LD21-H0.3-F0.6-A4-s42,high,twostage,2024,306,7.179,70.0,1,86.0,46.29
S8x4x4-LD21-H0.3-F0.6-A4-s42,high,twostage,2024,307,7.201,70.0,1,86.0,46.29
S8x4x4-LD21-H0.3-F0.6-A4-s42,high,twostage,2024,308,7.224,70.0,1,86.0,46.29
S8x4x4-LD21-H0.3-F0.6-A4-s42,high,twostage,2024,309,7.249,70.0,1,86.0,46.29
S8x4x4-LD21-H0.3-F0.6-A4-s42,high,twostage,2024,310,7.27,70.0,1,86.0,46.29
S8x4x4-LD21-H0.3-F0.6-A4-s42,high,twostage,2024,311,7.293,70.0,1,86.0,46.29
S8x4x4-LD21-H0.3-F0.6-A4-s42,high,twostage,2024,312,7.315,70.0,1,86.0,46.29
S8x4x4-LD21-H0.3-F0.6-A4-s42,high,twostage,2024,313,7.338,70.0,1,86.0,46.29
S8x4x4-LD21-H0.3-F0.6-A4-s42,high,twostage,2024,314,7.362,70.0,1,86.0,46.29
S8x4x4-LD21-H0.3-F0.6-A4-s42,high,twostage,2024,315,7.384,70.0,1,86.0,46.29
S8x4x4-LD21-H0.3-F0.6-A4-s42,high,twostage,2024,316,7.406,70.0,1,86.0,46.29
S8x4x4-LD21-H0.3-F0.6-A4-s42,high,twostage,2024,317,7.43,70.0,1,86.0,46.29
S8x4x4-LD21-H0.3-F0.6-A4-s42,high,twostage,2024,318,7.453,70.0,1,86.0,46.29
S8x4x4-LD21-H0.3-F0.6-A4-s42,high,twostage,2024,319,7.477,70.0,1,86.0,46.29
S8x4x4-LD21-H0.3-F0.6-A4-s42,high,twostage,2024,320,7.5,70.0,1,86.0,46.29
S8x4x4-LD21-H0.3-F0.6-A4-s42,high,twostage,2024,321,7.522,70.0,1,86.0,46.29
S8x4x4-LD21-H0.3-F0.6-A4-s42,high,twostage,2024,322,7.544,70.0,1,86.0,46.29
S8x4x4-LD21-H0.3-F0.6-A4-s42,high,twostage,2024,323,7.567,70.0,1,86.0,46.29
S8x4x4-LD21-H0.3-F0.6-A4-s42,high,twostage,2024,324,7.592,70.0,1,86.0,46.29
S8x4x4-LD21-H0.3-F0.6-A4-s42,high,twostage,2024,325,7.613,70.0,1,86.0,46.29
S8x4x4-LD21-H0.3-F0.6-A4-s42,high,twostage,2024,326,7.635,70.0,1,86.0,46.29
S8x4x4-LD21-H0.3-F0.6-A4-s42,high,twostage,2024,327,7.657,70.0,1,86.0,46.29
S8x4x4-LD21-H0.3-F0.6-A4-s42,high,twostage,2024,328,7.68,70.0,1,86.0,46.29
S8x4x4-LD21-H0.3-F0.6-A4-s42,high,twostage,2024,329,7.703,70.0,1,86.0,46.29
S8x4x4-LD21-H0.3-F0.6-A4-s42,high,twostage,2024,330,7.726,70.0,1,86.0,46.29
S8x4x4-LD21-H0.3-F0.6-A4-s42,high,twostage,2024,331,7.748,70.0,1,86.0,46.29
S8x4x4-LD21-H0.3-F0.6-A4-s42,high,twostage,2024,332,7.77,70.0,1,86.0,46.29
S8x4x4-LD21-H0.3-F0.6-A4-s42,high,twostage,2024,333,7.792,70.0,1,86.0,46.29
S8x4x4-LD21-H0.3-F0.6-A4-s42,high,twostage,2024,334,7.817,70.0,1,86.0,46.29
S8x4x4-LD21-H0.3-F0.6-A4-s42,high,twostage,2024,335,7.839,70.0,1,86.0,46.29
S8x4x4-LD21-H0.3-F0.6-A4-s42,high,twostage,2024,336,7.862,70.0,1,86.0,46.29
S8x4x4-LD21-H0.3-F0.6-A4-s42,high,twostage,2024,337,7.883,70.0,1,86.0,46.29
S8x4x4-LD21-H0.3-F0.6-A4-s42,high,twostage,2024,338,7.905,70.0,1,86.0,46.29
S8x4x4-LD21-H0.3-F0.6-A4-s42,high,twostage,2024,339,7.931,70.0,1,86.0,46.29
S8x4x4-LD21-H0.3-F0.6-A4-s42,high,twostage,2024,340,7.953,70.0,1,86.0,46.29
S8x4x4-LD21-H0.3-F0.6-A4-s42,high,twostage,2024,341,7.974,70.0,1,86.0,46.29
S8x4x4-LD21-H0.3-F0.6-A4-s42,high,twostage,2024,342,7.997,70.0,1,86.0,46.29
S8x4x4-LD21-H0.3-F0.6-A4-s42,high,twostage,2024,343,8.023,70.0,1,86.0,46.29
S8x4x4-LD21-H0.3-F0.6-A4-s42,high,twostage,2024,344,8.046,70.0,1,86.0,46.29
S8x4x4-LD21-H0.3-F0.6-A4-s42,high,twostage,2024,345,8.067,70.0,1,86.0,46.29
S8x4x4-LD21-H0.3-F0.6-A4-s42,high,twostage,2024,346,8.09,70.0,1,86.0,46.29
S8x4x4-LD21-H0.3-F0.6-A4-s42,high,twostage,2024,347,8.113,70.0,1,86.0,46.29
S8x4x4-LD21-H0.3-F0.6-A4-s42,high,twostage,2024,348,8.137,70.0,1,86.0,46.29
S8x4x4-LD21-H0.3-F0.6-A4-s42,high,twostage,2024,349,8.159,70.0,1,86.0,46.29
S8x4x4-LD21-H0.3-F0.6-A4-s42,high,twostage,2024,350,8.181,70.0,1,86.0,46.29
S8x4x4-LD21-H0.3-F0.6-A4-s42,high,twostage,2024,351,8.204,70.0,1,86.0,46.29
S8x4x4-LD21-H0.3-F0.6-A4-s42,high,twostage,2024,352,8.226,70.0,1,86.0,46.29
S8x4x4-LD21-H0.3-F0.6-A4-s42,high,twostage,2024,353,8.25,70.0,1,86.0,46.29
S8x4x4-LD21-H0.3-F0.6-A4-s42,high,twostage,2024,354,8.272,70.0,1,86.0,46.29
S8x4x4-LD21-H0.3-F0.6-A4-s42,high,twostage,2024,355,8.294,70.0,1,86.0,46.29
S8x4x4-LD21-H0.3-F0.6-A4-s42,high,twostage,2024,356,8.316,70.0,1,86.0,46.29
S8x4x4-LD21-H0.3-F0.6-A4-s42,high,twostage,2024,357,8.339,70.0,1,86.0,46.29
S8x4x4-LD21-H0.3-F0.6-A4-s42,high,twostage,2024,358,8.365,70.0,1,86.0,46.29
S8x4x4-LD21-H0.3-F0.6-A4-s42,high,twostage,2024,359,8.387,70.0,1,86.0,46.29
S8x4x4-LD21-H0.3-F0.6-A4-s42,high,twostage,2024,360,8.41,70.0,1,86.0,46.29
S8x4x4-LD21-H0.3-F0.6-A4-s42,high,twostage,2024,361,8.431,70.0,1,86.0,46.29
S8x4x4-LD21-H0.3-F0.6-A4-s42,high,twostage,2024,362,8.454,70.0,1,86.0,46.29
S8x4x4-LD21-H0.3-F0.6-A4-s42,high,twostage,2024,363,8.478,70.0,1,86.0,46.29
S8x4x4-LD21-H0.3-F0.6-A4-s42,high,twostage,2024,364,8.502,70.0,1,86.0,46.29
S8x4x4-LD21-H0.3-F0.6-A4-s42,high,twostage,2024,365,8.524,70.0,1,86.0,46.29
S8x4x4-LD21-H0.3-F0.6-A4-s42,high,twostage,2024,366,8.547,70.0,1,86.0,46.29
S8x4x4-LD21-H0.3-F0.6-A4-s42,high,twostage,2024,367,8.569,70.0,1,86.0,46.29
S8x4x4-LD21-H0.3-F0.6-A4-s42,high,twostage,2024,368,8.595,70.0,1,86.0,46.29
S8x4x4-LD21-H0.3-F0.6-A4-s42,high,twostage,2024,369,8.618,70.0,1,86.0,46.29
S8x4x4-LD21-H0.3-F0.6-A4-s42,high,twostage,2024,370,8.645,70.0,1,86.0,46.29
S8x4x4-LD21-H0.3-F0.6-A4-s42,high,twostage,2024,371,8.667,70.0,1,86.0,46.29
S8x4x4-LD21-H0.3-F0.6-A4-s42,high,twostage,2024,372,8.69,70.0,1,86.0,46.29
S8x4x4-LD21-H0.3-F0.6-A4-s42,high,twostage,2024,373,8.715,70.0,1,86.0,46.29
S8x4x4-LD21-H0.3-F0.6-A4-s42,high,twostage,2024,374,8.737,70.0,1,86.0,46.29
S8x4x4-LD21-H0.3-F0.6-A4-s42,high,twostage,2024,375,8.76,70.0,1,86.0,46.29
S8x4x4-LD21-H0.3-F0.6-A4-s42,high,twostage,2024,376,8.782,70.0,1,86.0,46.29
S8x4x4-LD21-H0.3-F0.6-A4-s42,high,twostage,2024,377,8.805,70.0,1,86.0,46.29
S8x4x4-LD21-H0.3-F0.6-A4-s42,high,twostage,2024,378,8.829,70.0,1,86.0,46.29
S8x4x4-LD21-H0.3-F0.6-A4-s42,high,twostage,2024,379,8.852,70.0,1,86.0,46.29
S8x4x4-LD21-H0.3-F0.6-A4-s42,high,twostage,2024,380,8.874,70.0,1,86.0,46.29
S8x4x4-LD21-H0.3-F0.6-A4-s42,high,twostage,2024,381,8.895,70.0,1,86.0,46.29
S8x4x4-LD21-H0.3-F0.6-A4-s42,high,twostage,2024,382,8.919,70.0,1,86.0,46.29
S8x4x4-LD21-H0.3-F0.6-A4-s42,high,twostage,2024,383,8.943,70.0,1,86.0,46.29
S8x4x4-LD21-H0.3-F0.6-A4-s42,high,twostage,2024,384,8.966,70.0,1,86.0,46.29
S8x4x4-LD21-H0.3-F0.6-A4-s42,high,twostage,2024,385,8.988,70.0,1,86.0,46.29
S8x4x4-LD21-H0.3-F0.6-A4-s42,high,twostage,2024,386,9.009,70.0,1,86.0,46.29
S8x4x4-LD21-H0.3-F0.6-A4-s42,high,twostage,2024,387,9.032,70.0,1,86.0,46.29
S8x4x4-LD21-H0.3-F0.6-A4-s42,high,twostage,2024,388,9.059,70.0,1,86.0,46.29
S8x4x4-LD21-H0.3-F0.6-A4-s42,high,twostage,2024,389,9.081,70.0,1,86.0,46.29
S8x4x4-LD21-H0.3-F0.6-A4-s42,high,twostage,2024,390,9.102,70.0,1,86.0,46.29
S8x4x4-LD21-H0.3-F0.6-A4-s42,high,twostage,2024,391,9.124,70.0,1,86.0,46.29
S8x4x4-LD21-H0.3-F0.6-A4-s42,high,twostage,2024,392,9.15,70.0,1,86.0,46.29
S8x4x4-LD21-H0.3-F0.6-A4-s42,high,twostage,2024,393,9.172,70.0,1,86.0,46.29
S8x4x4-LD21-H0.3-F0.6-A4-s42,high,twostage,2024,394,9.195,70.0,1,86.0,46.29
S8x4x4-LD21-H0.3-F0.6-A4-s42,high,twostage,2024,395,9.218,70.0,1,86.0,46.29
S8x4x4-LD21-H0.3-F0.6-A4-s42,high,twostage,2024,396,9.242,70.0,1,86.0,46.29
S8x4x4-LD21-H0.3-F0.6-A4-s42,high,twostage,2024,397,9.266,70.0,1,86.0,46.29
S8x4x4-LD21-H0.3-F0.6-A4-s42,high,twostage,2024,398,9.288,70.0,1,86.0,46.29
S8x4x4-LD21-H0.3-F0.6-A4-s42,high,twostage,2024,399,9.311,70.0,1,86.0,46.29
S8x4x4-LD21-H0.3-F0.6-A4-s42,high,twostage,2024,400,9.332,70.0,1,86.0,46.29
S8x4x4-LD21-H0.3-F0.6-A4-s42,high,twostage,2024,401,9.356,70.0,1,86.0,46.29
S8x4x4-LD21-H0.3-F0.6-A4-s42,high,twostage,2024,402,9.381,70.0,1,86.0,46.29
S8x4x4-LD21-H0.3-F0.6-A4-s42,high,twostage,2024,403,9.403,70.0,1,86.0,46.29
S8x4x4-LD21-H0.3-F0.6-A4-s42,high,twostage,2024,404,9.425,70.0,1,86.0,46.29
S8x4x4-LD21-H0.3-F0.6-A4-s42,high,twostage,2024,405,9.447,70.0,1,86.0,46.29
S8x4x4-LD21-H0.3-F0.6-A4-s42,high,twostage,2024,406,9.468,70.0,1,86.0,46.29
S8x4x4-LD21-H0.3-F0.6-A4-s42,high,twostage,2024,407,9.494,70.0,1,86.0,46.29
S8x4x4-LD21-H0.3-F0.6-A4-s42,high,twostage,2024,408,9.517,70.0,1,86.0,46.29
S8x4x4-LD21-H0.3-F0.6-A4-s42,high,twostage,2024,409,9.539,70.0,1,86.0,46.29
S8x4x4-LD21-H0.3-F0.6-A4-s42,high,twostage,2024,410,9.562,70.0,1,86.0,46.29
S8x4x4-LD21-H0.3-F0.6-A4-s42,high,twostage,2024,411,9.584,70.0,1,86.0,46.29
S8x4x4-LD21-H0.3-F0.6-A4-s42,high,twostage,2024,412,9.609,70.0,1,86.0,46.29
S8x4x4-LD21-H0.3-F0.6-A4-s42,high,twostage,2024,413,9.63,70.0,1,86.0,46.29
S8x4x4-LD21-H0.3-F0.6-A4-s42,high,twostage,2024,414,9.652,70.0,1,86.0,46.29
S8x4x4-LD21-H0.3-F0.6-A4-s42,high,twostage,2024,415,9.674,70.0,1,86.0,46.29
S8x4x4-LD21-H0.3-F0.6-A4-s42,high,twostage,2024,416,9.696,70.0,1,86.0,46.29
S8x4x4-LD21-H0.3-F0.6-A4-s42,high,twostage,2024,417,9.72,70.0,1,86.0,46.29
S8x4x4-LD21-H0.3-F0.6-A4-s42,high,twostage,2024,418,9.743,70.0,1,86.0,46.29
S8x4x4-LD21-H0.3-F0.6-A4-s42,high,twostage,2024,419,9.765,70.0,1,86.0,46.29
S8x4x4-LD21-H0.3-F0.6-A4-s42,high,twostage,2024,420,9.788,70.0,1,86.0,46.29
S8x4x4-LD21-H0.3-F0.6-A4-s42,high,twostage,2024,421,9.81,70.0,1,86.0,46.29
S8x4x4-LD21-H0.3-F0.6-A4-s42,high,twostage,2024,422,9.834,70.0,1,86.0,46.29
S8x4x4-LD21-H0.3-F0.6-A4-s42,high,twostage,2024,423,9.857,70.0,1,86.0,46.29
S8x4x4-LD21-H0.3-F0.6-A4-s42,high,twostage,2024,424,9.88,70.0,1,86.0,46.29
S8x4x4-LD21-H0.3-F0.6-A4-s42,high,twostage,2024,425,9.902,70.0,1,86.0,46.29
S8x4x4-LD21-H0.3-F0.6-A4-s42,high,twostage,2024,426,9.925,70.0,1,86.0,46.29
S8x4x4-LD21-H0.3-F0.6-A4-s42,high,twostage,2024,427,9.949,70.0,1,86.0,46.29
S8x4x4-LD21-H0.3-F0.6-A4-s42,high,twostage,2024,428,9.971,70.0,1,86.0,46.29
S8x4x4-LD21-H0.3-F0.6-A4-s42,high,twostage,2024,429,9.993,70.0,1,86.0,46.29
S8x4x4-LD21-H0.3-F0.6-A4-s42,high,twostage,2024,430,10.016,70.0,1,86.0,46.29
S8x4x4-LD21-H0.3-F0.6-A4-s42,high,twostage,2024,431,10.04,70.0,1,86.0,46.29
S8x4x4-LD21-H0.3-F0.6-A4-s42,high,twostage,2024,432,10.065,70.0,1,86.0,46.29
S8x4x4-LD21-H0.3-F0.6-A4-s42,high,twostage,2024,433,10.087,70.0,1,86.0,46.29
S8x4x4-LD21-H0.3-F0.6-A4-s42,high,twostage,2024,434,10.108,70.0,1,86.0,46.29
S8x4x4-LD21-H0.3-F0.6-A4-s42,high,twostage,2024,435,10.131,70.0,1,86.0,46.29
S8x4x4-LD21-H0.3-F0.6-A4-s42,high,twostage,2024,436,10.153,70.0,1,86.0,46.29
S8x4x4-LD21-H0.3-F0.6-A4-s42,high,twostage,2024,437,10.177,70.0,1,86.0,46.29
S8x4x4-LD21-H0.3-F0.6-A4-s42,high,twostage,2024,438,10.198,70.0,1,86.0,46.29
S8x4x4-LD21-H0.3-F0.6-A4-s42,high,twostage,2024,439,10.22,70.0,1,86.0,46.29
S8x4x4-LD21-H0.3-F0.6-A4-s42,high,twostage,2024,440,10.243,70.0,1,86.0,46.29
S8x4x4-LD21-H0.3-F0.6-A4-s42,high,twostage,2024,441,10.268,70.0,1,86.0,46.29
S8x4x4-LD21-H0.3-F0.6-A4-s42,high,twostage,2024,442,10.29,70.0,1,86.0,46.29
S8x4x4-LD21-H0.3-F0.6-A4-s42,high,twostage,2024,443,10.313,70.0,1,86.0,46.29
S8x4x4-LD21-H0.3-F0.6-A4-s42,high,twostage,2024,444,10.335,70.0,1,86.0,46.29
S8x4x4-LD21-H0.3-F0.6-A4-s42,high,twostage,2024,445,10.358,70.0,1,86.0,46.29
S8x4x4-LD21-H0.3-F0.6-A4-s42,high,twostage,2024,446,10.383,70.0,1,86.0,46.29
S8x4x4-LD21-H0.3-F0.6-A4-s42,high,twostage,2024,447,10.405,70.0,1,86.0,46.29
S8x4x4-LD21-H0.3-F0.6-A4-s42,high,twostage,2024,448,10.428,70.0,1,86.0,46.29
S8x4x4-LD21-H0.3-F0.6-A4-s42,high,twostage,2024,449,10.451,70.0,1,86.0,46.29
S8x4x4-LD21-H0.3-F0.6-A4-s42,high,twostage,2024,450,10.473,70.0,1,86.0,46.29
S8x4x4-LD21-H0.3-F0.6-A4-s42,high,twostage,2024,451,10.497,70.0,1,86.0,46.29
S8x4x4-LD21-H0.3-F0.6-A4-s42,high,twostage,2024,452,10.52,70.0,1,86.0,46.29
S8x4x4-LD21-H0.3-F0.6-A4-s42,high,twostage,2024,453,10.542,70.0,1,86.0,46.29
S8x4x4-LD21-H0.3-F0.6-A4-s42,high,twostage,2024,454,10.564,70.0,1,86.0,46.29
S8x4x4-LD21-H0.3-F0.6-A4-s42,high,twostage,2024,455,10.586,70.0,1,86.0,46.29
S8x4x4-LD21-H0.3-F0.6-A4-s42,high,twostage,2024,456,10.611,70.0,1,86.0,46.29
S8x4x4-LD21-H0.3-F0.6-A4-s42,high,twostage,2024,457,10.635,70.0,1,86.0,46.29
S8x4x4-LD21-H0.3-F0.6-A4-s42,high,twostage,2024,458,10.656,70.0,1,86.0,46.29
S8x4x4-LD21-H0.3-F0.6-A4-s42,high,twostage,2024,459,10.678,70.0,1,86.0,46.29
S8x4x4-LD21-H0.3-F0.6-A4-s42,high,twostage,2024,460,10.7,70.0,1,86.0,46.29
S8x4x4-LD21-H0.3-F0.6-A4-s42,high,twostage,2024,461,10.726,70.0,1,86.0,46.29
S8x4x4-LD21-H0.3-F0.6-A4-s42,high,twostage,2024,462,10.749,70.0,1,86.0,46.29
S8x4x4-LD21-H0.3-F0.6-A4-s42,high,twostage,2024,463,10.771,70.0,1,86.0,46.29
S8x4x4-LD21-H0.3-F0.6-A4-s42,high,twostage,2024,464,10.792,70.0,1,86.0,46.29
S8x4x4-LD21-H0.3-F0.6-A4-s42,high,twostage,2024,465,10.814,70.0,1,86.0,46.29
S8x4x4-LD21-H0.3-F0.6-A4-s42,high,twostage,2024,466,10.839,70.0,1,86.0,46.29
S8x4x4-LD21-H0.3-F0.6-A4-s42,high,twostage,2024,467,10.861,70.0,1,86.0,46.29
S8x4x4-LD21-H0.3-F0.6-A4-s42,high,twostage,2024,468,10.884,70.0,1,86.0,46.29
S8x4x4-LD21-H0.3-F0.6-A4-s42,high,twostage,2024,469,10.906,70.0,1,86.0,46.29
S8x4x4-LD21-H0.3-F0.6-A4-s42,high,twostage,2024,470,10.928,70.0,1,86.0,46.29
S8x4x4-LD21-H0.3-F0.6-A4-s42,high,twostage,2024,471,10.953,70.0,1,86.0,46.29
S8x4x4-LD21-H0.3-F0.6-A4-s42,high,twostage,2024,472,10.975,70.0,1,86.0,46.29
S8x4x4-LD21-H0.3-F0.6-A4-s42,high,twostage,2024,473,10.997,70.0,1,86.0,46.29
S8x4x4-LD21-H0.3-F0.6-A4-s42,high,twostage,2024,474,11.02,70.0,1,86.0,46.29
S8x4x4-LD21-H0.3-F0.6-A4-s42,high,twostage,2024,475,11.044,70.0,1,86.0,46.29
S8x4x4-LD21-H0.3-F0.6-A4-s42,high,twostage,2024,476,11.069,70.0,1,86.0,46.29
S8x4x4-LD21-H0.3-F0.6-A4-s42,high,twostage,2024,477,11.091,70.0,1,86.0,46.29
S8x4x4-LD21-H0.3-F0.6-A4-s42,high,twostage,2024,478,11.113,70.0,1,86.0,46.29
S8x4x4-LD21-H0.3-F0.6-A4-s42,high,twostage,2024,479,11.135,70.0,1,86.0,46.29
S8x4x4-LD21-H0.3-F0.6-A4-s42,high,twostage,2024,480,11.157,70.0,1,86.0,46.29
S8x4x4-LD21-H0.3-F0.6-A4-s42,high,twostage,2024,481,11.182,70.0,1,86.0,46.29
S8x4x4-LD21-H0.3-F0.6-A4-s42,high,twostage,2024,482,11.204,70.0,1,86.0,46.29
S8x4x4-LD21-H0.3-F0.6-A4-s42,high,twostage,2024,483,11.225,70.0,1,86.0,46.29
S8x4x4-LD21-H0.3-F0.6-A4-s42,high,twostage,2024,484,11.247,70.0,1,86.0,46.29
S8x4x4-LD21-H0.3-F0.6-A4-s42,high,twostage,2024,485,11.272,70.0,1,86.0,46.29
S8x4x4-LD21-H0.3-F0.6-A4-s42,high,twostage,2024,486,11.294,70.0,1,86.0,46.29
S8x4x4-LD21-H0.3-F0.6-A4-s42,high,twostage,2024,487,11.316,70.0,1,86.0,46.29
S8x4x4-LD21-H0.3-F0.6-A4-s42,high,twostage,2024,488,11.338,70.0,1,86.0,46.29
S8x4x4-LD21-H0.3-F0.6-A4-s42,high,twostage,2024,489,11.36,70.0,1,86.0,46.29
S8x4x4-LD21-H0.3-F0.6-A4-s42,high,twostage,2024,490,11.386,70.0,1,86.0,46.29
S8x4x4-LD21-H0.3-F0.6-A4-s42,high,twostage,2024,491,11.408,70.0,1,86.0,46.29
S8x4x4-LD21-H0.3-F0.6-A4-s42,high,twostage,2024,492,11.43,70.0,1,86.0,46.29
S8x4x4-LD21-H0.3-F0.6-A4-s42,high,twostage,2024,493,11.452,70.0,1,86.0,46.29
S8x4x4-LD21-H0.3-F0.6-A4-s42,high,twostage,2024,494,11.475,70.0,1,86.0,46.29
S8x4x4-LD21-H0.3-F0.6-A4-s42,high,twostage,2024,495,11.5,70.0,1,86.0,46.29
S8x4x4-LD21-H0.3-F0.6-A4-s42,high,twostage,2024,496,11.521,70.0,1,86.0,46.29
S8x4x4-LD21-H0.3-F0.6-A4-s42,high,twostage,2024,497,11.544,70.0,1,86.0,46.29
S8x4x4-LD21-H0.3-F0.6-A4-s42,high,twostage,2024,498,11.567,70.0,1,86.0,46.29
S8x4x4-LD21-H0.3-F0.6-A4-s42,high,twostage,2024,499,11.589,70.0,1,86.0,46.29
S8x4x4-LD21-H0.3-F0.6-A4-s42,high,twostage,2024,500,11.615,70.0,1,86.0,46.29
S8x4x4-LD21-H0.3-F0.6-A4-s42,high,twostage,2024,501,11.637,70.0,1,86.0,46.29
S8x4x4-LD21-H0.3-F0.6-A4-s42,high,twostage,2024,502,11.661,70.0,1,86.0,46.29
S8x4x4-LD21-H0.3-F0.6-A4-s42,high,twostage,2024,503,11.682,70.0,1,86.0,46.29
S8x4x4-LD21-H0.3-F0.6-A4-s42,high,twostage,2024,504,11.704,70.0,1,86.0,46.29
S8x4x4-LD21-H0.3-F0.6-A4-s42,high,twostage,2024,505,11.729,70.0,1,86.0,46.29
S8x4x4-LD21-H0.3-F0.6-A4-s42,high,twostage,2024,506,11.751,70.0,1,86.0,46.29
S8x4x4-LD21-H0.3-F0.6-A4-s42,high,twostage,2024,507,11.774,70.0,1,86.0,46.29
S8x4x4-LD21-H0.3-F0.6-A4-s42,high,twostage,2024,508,11.796,70.0,1,86.0,46.29
S8x4x4-LD21-H0.3-F0.6-A4-s42,high,twostage,2024,509,11.819,70.0,1,86.0,46.29
S8x4x4-LD21-H0.3-F0.6-A4-s42,high,twostage,2024,510,11.844,70.0,1,86.0,46.29
S8x4x4-LD21-H0.3-F0.6-A4-s42,high,twostage,2024,511,11.866,70.0,1,86.0,46.29
S8x4x4-LD21-H0.3-F0.6-A4-s42,high,twostage,2024,512,11.888,70.0,1,86.0,46.29
S8x4x4-LD21-H0.3-F0.6-A4-s42,high,twostage,2024,513,11.911,70.0,1,86.0,46.29
S8x4x4-LD21-H0.3-F0.6-A4-s42,high,twostage,2024,514,11.935,70.0,1,86.0,46.29
S8x4x4-LD21-H0.3-F0.6-A4-s42,high,twostage,2024,515,11.96,70.0,1,86.0,46.29
S8x4x4-LD21-H0.3-F0.6-A4-s42,high,twostage,2024,516,11.982,70.0,1,86.0,46.29
S8x4x4-LD21-H0.3-F0.6-A4-s42,high,twostage,2024,517,12.005,70.0,1,86.0,46.29
S8x4x4-LD21-H0.3-F0.6-A4-s42,high,twostage,2024,518,12.027,70.0,1,86.0,46.29
S8x4x4-LD21-H0.3-F0.6-A4-s42,high,twostage,2024,519,12.052,70.0,1,86.0,46.29
S8x4x4-LD21-H0.3-F0.6-A4-s42,high,twostage,2024,520,12.077,70.0,1,86.0,46.29
S8x4x4-LD21-H0.3-F0.6-A4-s42,high,twostage,2024,521,12.098,70.0,1,86.0,46.29
S8x4x4-LD21-H0.3-F0.6-A4-s42,high,twostage,2024,522,12.12,70.0,1,86.0,46.29
S8x4x4-LD21-H0.3-F0.6-A4-s42,high,twostage,2024,523,12.143,70.0,1,86.0,46.29
S8x4x4-LD21-H0.3-F0.6-A4-s42,high,twostage,2024,524,12.166,70.0,1,86.0,46.29
S8x4x4-LD21-H0.3-F0.6-A4-s42,high,twostage,2024,525,12.191,70.0,1,86.0,46.29
S8x4x4-LD21-H0.3-F0.6-A4-s42,high,twostage,2024,526,12.214,70.0,1,86.0,46.29
S8x4x4-LD21-H0.3-F0.6-A4-s42,high,twostage,2024,527,12.236,70.0,1,86.0,46.29
S8x4x4-LD21-H0.3-F0.6-A4-s42,high,twostage,2024,528,12.258,70.0,1,86.0,46.29
S8x4x4-LD21-H0.3-F0.6-A4-s42,high,twostage,2024,529,12.28,70.0,1,86.0,46.29
S8x4x4-LD21-H0.3-F0.6-A4-s42,high,twostage,2024,530,12.305,70.0,1,86.0,46.29
S8x4x4-LD21-H0.3-F0.6-A4-s42,high,twostage,2024,531,12.328,70.0,1,86.0,46.29
S8x4x4-LD21-H0.3-F0.6-A4-s42,high,twostage,2024,532,12.351,70.0,1,86.0,46.29
S8x4x4-LD21-H0.3-F0.6-A4-s42,high,twostage,2024,533,12.373,70.0,1,86.0,46.29
S8x4x4-LD21-H0.3-F0.6-A4-s42,high,twostage,2024,534,12.397,70.0,1,86.0,46.29
S8x4x4-LD21-H0.3-F0.6-A4-s42,high,twostage,2024,535,12.422,70.0,1,86.0,46.29
S8x4x4-LD21-H0.3-F0.6-A4-s42,high,twostage,2024,536,12.444,70.0,1,86.0,46.29
S8x4x4-LD21-H0.3-F0.6-A4-s42,high,twostage,2024,537,12.467,70.0,1,86.0,46.29
S8x4x4-LD21-H0.3-F0.6-A4-s42,high,twostage,2024,538,12.489,70.0,1,86.0,46.29
S8x4x4-LD21-H0.3-F0.6-A4-s42,high,twostage,2024,539,12.512,70.0,1,86.0,46.29
S8x4x4-LD21-H0.3-F0.6-A4-s42,high,twostage,2024,540,12.536,70.0,1,86.0,46.29
S8x4x4-LD21-H0.3-F0.6-A4-s42,high,twostage,2024,541,12.557,70.0,1,86.0,46.29
S8x4x4-LD21-H0.3-F0.6-A4-s42,high,twostage,2024,542,12.58,70.0,1,86.0,46.29
S8x4x4-LD21-H0.3-F0.6-A4-s42,high,twostage,2024,543,12.602,70.0,1,86.0,46.29
S8x4x4-LD21-H0.3-F0.6-A4-s42,high,twostage,2024,544,12.628,70.0,1,86.0,46.29
S8x4x4-LD21-H0.3-F0.6-A4-s42,high,twostage,2024,545,12.649,70.0,1,86.0,46.29
S8x4x4-LD21-H0.3-F0.6-A4-s42,high,twostage,2024,546,12.672,70.0,1,86.0,46.29
S8x4x4-LD21-H0.3-F0.6-A4-s42,high,twostage,2024,547,12.694,70.0,1,86.0,46.29
S8x4x4-LD21-H0.3-F0.6-A4-s42,high,twostage,2024,548,12.716,70.0,1,86.0,46.29
S8x4x4-LD21-H0.3-F0.6-A4-s42,high,twostage,2024,549,12.741,70.0,1,86.0,46.29
S8x4x4-LD21-H0.3-F0.6-A4-s42,high,twostage,2024,550,12.763,70.0,1,86.0,46.29
S8x4x4-LD21-H0.3-F0.6-A4-s42,high,twostage,2024,551,12.785,70.0,1,86.0,46.29
S8x4x4-LD21-H0.3-F0.6-A4-s42,high,twostage,2024,552,12.807,70.0,1,86.0,46.29
S8x4x4-LD21-H0.3-F0.6-A4-s42,high,twostage,2024,553,12.83,70.0,1,86.0,46.29
S8x4x4-LD21-H0.3-F0.6-A4-s42,high,twostage,2024,554,12.855,70.0,1,86.0,46.29
S8x4x4-LD21-H0.3-F0.6-A4-s42,high,twostage,2024,555,12.878,70.0,1,86.0,46.29
S8x4x4-LD21-H0.3-F0.6-A4-s42,high,twostage,2024,556,12.9,70.0,1,86.0,46.29
S8x4x4-LD21-H0.3-F0.6-A4-s42,high,twostage,2024,557,12.923,70.0,1,86.0,46.29
S8x4x4-LD21-H0.3-F0.6-A4-s42,high,twostage,2024,558,12.945,70.0,1,86.0,46.29
S8x4x4-LD21-H0.3-F0.6-A4-s42,high,twostage,2024,559,12.97,70.0,1,86.0,46.29
S8x4x4-LD21-H0.3-F0.6-A4-s42,high,twostage,2024,560,12.992,70.0,1,86.0,46.29
S8x4x4-LD21-H0.3-F0.6-A4-s42,high,twostage,2024,561,13.015,70.0,1,86.0,46.29
S8x4x4-LD21-H0.3-F0.6-A4-s42,high,twostage,2024,562,13.038,70.0,1,86.0,46.29
S8x4x4-LD21-H0.3-F0.6-A4-s42,high,twostage,2024,563,13.061,70.0,1,86.0,46.29
S8x4x4-LD21-H0.3-F0.6-A4-s42,high,twostage,2024,564,13.086,70.0,1,86.0,46.29
S8x4x4-LD21-H0.3-F0.6-A4-s42,high,twostage,2024,565,13.108,70.0,1,86.0,46.29
S8x4x4-LD21-H0.3-F0.6-A4-s42,high,twostage,2024,566,13.13,70.0,1,86.0,46.29
S8x4x4-LD21-H0.3-F0.6-A4-s42,high,twostage,2024,567,13.153,70.0,1,86.0,46.29
S8x4x4-LD21-H0.3-F0.6-A4-s42,high,twostage,2024,568,13.175,70.0,1,86.0,46.29
S8x4x4-LD21-H0.3-F0.6-A4-s42,high,twostage,2024,569,13.2,70.0,1,86.0,46.29
S8x4x4-LD21-H0.3-F0.6-A4-s42,high,twostage,2024,570,13.222,70.0,1,86.0,46.29
S8x4x4-LD21-H0.3-F0.6-A4-s42,high,twostage,2024,571,13.244,70.0,1,86.0,46.29
S8x4x4-LD21-H0.3-F0.6-A4-s42,high,twostage,2024,572,13.265,70.0,1,86.0,46.29
S8x4x4-LD21-H0.3-F0.6-A4-s42,high,twostage,2024,573,13.288,70.0,1,86.0,46.29
S8x4x4-LD21-H0.3-F0.6-A4-s42,high,twostage,2024,574,13.312,70.0,1,86.0,46.29
S8x4x4-LD21-H0.3-F0.6-A4-s42,high,twostage,2024,575,13.335,70.0,1,86.0,46.29
S8x4x4-LD21-H0.3-F0.6-A4-s42,high,twostage,2024,576,13.358,70.0,1,86.0,46.29
S8x4x4-LD21-H0.3-F0.6-A4-s42,high,twostage,2024,577,13.38,70.0,1,86.0,46.29
S8x4x4-LD21-H0.3-F0.6-A4-s42,high,twostage,2024,578,13.402,70.0,1,86.0,46.29
S8x4x4-LD21-H0.3-F0.6-A4-s42,high,twostage,2024,579,13.427,70.0,1,86.0,46.29
S8x4x4-LD21-H0.3-F0.6-A4-s42,high,twostage,2024,580,13.449,70.0,1,86.0,46.29
S8x4x4-LD21-H0.3-F0.6-A4-s42,high,twostage,2024,581,13.473,70.0,1,86.0,46.29
S8x4x4-LD21-H0.3-F0.6-A4-s42,high,twostage,2024,582,13.496,70.0,1,86.0,46.29
S8x4x4-LD21-H0.3-F0.6-A4-s42,high,twostage,2024,583,13.519,70.0,1,86.0,46.29
S8x4x4-LD21-H0.3-F0.6-A4-s42,high,twostage,2024,584,13.544,70.0,1,86.0,46.29
S8x4x4-LD21-H0.3-F0.6-A4-s42,high,twostage,2024,585,13.565,70.0,1,86.0,46.29
S8x4x4-LD21-H0.3-F0.6-A4-s42,high,twostage,2024,586,13.588,70.0,1,86.0,46.29
S8x4x4-LD21-H0.3-F0.6-A4-s42,high,twostage,2024,587,13.611,70.0,1,86.0,46.29
S8x4x4-LD21-H0.3-F0.6-A4-s42,high,twostage,2024,588,13.634,70.0,1,86.0,46.29
S8x4x4-LD21-H0.3-F0.6-A4-s42,high,twostage,2024,589,13.659,70.0,1,86.0,46.29
S8x4x4-LD21-H0.3-F0.6-A4-s42,high,twostage,2024,590,13.68,70.0,1,86.0,46.29
S8x4x4-LD21-H0.3-F0.6-A4-s42,high,twostage,2024,591,13.702,70.0,1,86.0,46.29
S8x4x4-LD21-H0.3-F0.6-A4-s42,high,twostage,2024,592,13.726,70.0,1,86.0,46.29
S8x4x4-LD21-H0.3-F0.6-A4-s42,high,twostage,2024,593,13.75,70.0,1,86.0,46.29
S8x4x4-LD21-H0.3-F0.6-A4-s42,high,twostage,2024,594,13.773,70.0,1,86.0,46.29
S8x4x4-LD21-H0.3-F0.6-A4-s42,high,twostage,2024,595,13.795,70.0,1,86.0,46.29
S8x4x4-LD21-H0.3-F0.6-A4-s42,high,twostage,2024,596,13.818,70.0,1,86.0,46.29
S8x4x4-LD21-H0.3-F0.6-A4-s42,high,twostage,2024,597,13.841,70.0,1,86.0,46.29
S8x4x4-LD21-H0.3-F0.6-A4-s42,high,twostage,2024,598,13.865,70.0,1,86.0,46.29
S8x4x4-LD21-H0.3-F0.6-A4-s42,high,twostage,2024,599,13.888,70.0,1,86.0,46.29
S8x4x4-LD21-H0.3-F0.6-A4-s42,high,twostage,2024,600,13.911,69.0,1,86.0,46.29
S8x4x4-LD21-H0.3-F0.6-A4-s42,high,twostage,2024,601,13.933,69.0,1,86.0,46.29
S8x4x4-LD21-H0.3-F0.6-A4-s42,high,twostage,2024,602,13.955,69.0,1,86.0,46.29
S8x4x4-LD21-H0.3-F0.6-A4-s42,high,twostage,2024,603,13.979,69.0,1,86.0,46.29
S8x4x4-LD21-H0.3-F0.6-A4-s42,high,twostage,2024,604,14.0,69.0,1,86.0,46.29
S8x4x4-LD21-H0.3-F0.6-A4-s42,high,twostage,2024,605,14.022,69.0,1,86.0,46.29
S8x4x4-LD21-H0.3-F0.6-A4-s42,high,twostage,2024,606,14.044,69.0,1,86.0,46.29
S8x4x4-LD21-H0.3-F0.6-A4-s42,high,twostage,2024,607,14.065,69.0,1,86.0,46.29
S8x4x4-LD21-H0.3-F0.6-A4-s42,high,twostage,2024,608,14.089,69.0,1,86.0,46.29
S8x4x4-LD21-H0.3-F0.6-A4-s42,high,twostage,2024,609,14.11,69.0,1,86.0,46.29
S8x4x4-LD21-H0.3-F0.6-A4-s42,high,twostage,2024,610,14.131,69.0,1,86.0,46.29
S8x4x4-LD21-H0.3-F0.6-A4-s42,high,twostage,2024,611,14.152,69.0,1,86.0,46.29
S8x4x4-LD21-H0.3-F0.6-A4-s42,high,twostage,2024,612,14.173,69.0,1,86.0,46.29
S8x4x4-LD21-H0.3-F0.6-A4-s42,high,twostage,2024,613,14.199,69.0,1,86.0,46.29
S8x4x4-LD21-H0.3-F0.6-A4-s42,high,twostage,2024,614,14.223,69.0,1,86.0,46.29
S8x4x4-LD21-H0.3-F0.6-A4-s42,high,twostage,2024,615,14.245,69.0,1,86.0,46.29
S8x4x4-LD21-H0.3-F0.6-A4-s42,high,twostage,2024,616,14.269,69.0,1,86.0,46.29
S8x4x4-LD21-H0.3-F0.6-A4-s42,high,twostage,2024,617,14.29,69.0,1,86.0,46.29
S8x4x4-LD21-H0.3-F0.6-A4-s42,high,twostage,2024,618,14.314,69.0,1,86.0,46.29
S8x4x4-LD21-H0.3-F0.6-A4-s42,high,twostage,2024,619,14.335,69.0,1,86.0,46.29
S8x4x4-LD21-H0.3-F0.6-A4-s42,high,twostage,2024,620,14.357,69.0,1,86.0,46.29
S8x4x4-LD21-H0.3-F0.6-A4-s42,high,twostage,2024,621,14.379,69.0,1,86.0,46.29
S8x4x4-LD21-H0.3-F0.6-A4-s42,high,twostage,2024,622,14.4,69.0,1,86.0,46.29
S8x4x4-LD21-H0.3-F0.6-A4-s42,high,twostage,2024,623,14.424,69.0,1,86.0,46.29
S8x4x4-LD21-H0.3-F0.6-A4-s42,high,twostage,2024,624,14.445,69.0,1,86.0,46.29
S8x4x4-LD21-H0.3-F0.6-A4-s42,high,twostage,2024,625,14.468,69.0,1,86.0,46.29
S8x4x4-LD21-H0.3-F0.6-A4-s42,high,twostage,2024,626,14.492,69.0,1,86.0,46.29
S8x4x4-LD21-H0.3-F0.6-A4-s42,high,twostage,2024,627,14.513,68.0,1,86.0,46.29
S8x4x4-LD21-H0.3-F0.6-A4-s42,high,twostage,2024,628,14.537,68.0,1,86.0,46.29
S8x4x4-LD21-H0.3-F0.6-A4-s42,high,twostage,2024,629,14.56,68.0,1,86.0,46.29
S8x4x4-LD21-H0.3-F0.6-A4-s42,high,twostage,2024,630,14.583,68.0,1,86.0,46.29
S8x4x4-LD21-H0.3-F0.6-A4-s42,high,twostage,2024,631,14.607,68.0,1,86.0,46.29
S8x4x4-LD21-H0.3-F0.6-A4-s42,high,twostage,2024,632,14.629,68.0,1,86.0,46.29
S8x4x4-LD21-H0.3-F0.6-A4-s42,high,twostage,2024,633,14.655,68.0,1,86.0,46.29
S8x4x4-LD21-H0.3-F0.6-A4-s42,high,twostage,2024,634,14.678,68.0,1,86.0,46.29
S8x4x4-LD21-H0.3-F0.6-A4-s42,high,twostage,2024,635,14.7,68.0,1,86.0,46.29
S8x4x4-LD21-H0.3-F0.6-A4-s42,high,twostage,2024,636,14.724,68.0,1,86.0,46.29
S8x4x4-LD21-H0.3-F0.6-A4-s42,high,twostage,2024,637,14.746,68.0,1,86.0,46.29
S8x4x4-LD21-H0.3-F0.6-A4-s42,high,twostage,2024,638,14.771,68.0,1,86.0,46.29
S8x4x4-LD21-H0.3-F0.6-A4-s42,high,twostage,2024,639,14.794,68.0,1,86.0,46.29
S8x4x4-LD21-H0.3-F0.6-A4-s42,high,twostage,2024,640,14.818,68.0,1,86.0,46.29
S8x4x4-LD21-H0.3-F0.6-A4-s42,high,twostage,2024,641,14.841,68.0,1,86.0,46.29
S8x4x4-LD21-H0.3-F0.6-A4-s42,high,twostage,2024,642,14.867,68.0,1,86.0,46.29
S8x4x4-LD21-H0.3-F0.6-A4-s42,high,twostage,2024,643,14.89,68.0,1,86.0,46.29
S8x4x4-LD21-H0.3-F0.6-A4-s42,high,twostage,2024,644,14.913,68.0,1,86.0,46.29
S8x4x4-LD21-H0.3-F0.6-A4-s42,high,twostage,2024,645,14.936,68.0,1,86.0,46.29
S8x4x4-LD21-H0.3-F0.6-A4-s42,high,twostage,2024,646,14.96,68.0,1,86.0,46.29
S8x4x4-LD21-H0.3-F0.6-A4-s42,high,twostage,2024,647,14.986,68.0,1,86.0,46.29
S8x4x4-LD21-H0.3-F0.6-A4-s42,high,twostage,2024,648,15.015,68.0,1,86.0,46.29
S8x4x4-LD21-H0.3-F0.6-A4-s42,high,twostage,2024,649,15.041,68.0,1,86.0,46.29
S8x4x4-LD21-H0.3-F0.6-A4-s42,high,twostage,2024,650,15.064,68.0,1,86.0,46.29
S8x4x4-LD21-H0.3-F0.6-A4-s42,high,twostage,2024,651,15.087,68.0,1,86.0,46.29
S8x4x4-LD21-H0.3-F0.6-A4-s42,high,twostage,2024,652,15.116,68.0,1,86.0,46.29
S8x4x4-LD21-H0.3-F0.6-A4-s42,high,twostage,2024,653,15.16,68.0,1,86.0,46.29
S8x4x4-LD21-H0.3-F0.6-A4-s42,high,twostage,2024,654,15.196,68.0,1,86.0,46.29
S8x4x4-LD21-H0.3-F0.6-A4-s42,high,twostage,2024,655,15.221,68.0,1,86.0,46.29
S8x4x4-LD21-H0.3-F0.6-A4-s42,high,twostage,2024,656,15.244,68.0,1,86.0,46.29
S8x4x4-LD21-H0.3-F0.6-A4-s42,high,twostage,2024,657,15.27,68.0,1,86.0,46.29
S8x4x4-LD21-H0.3-F0.6-A4-s42,high,twostage,2024,658,15.292,68.0,1,86.0,46.29
S8x4x4-LD21-H0.3-F0.6-A4-s42,high,twostage,2024,659,15.315,68.0,1,86.0,46.29
S8x4x4-LD21-H0.3-F0.6-A4-s42,high,twostage,2024,660,15.337,68.0,1,86.0,46.29
S8x4x4-LD21-H0.3-F0.6-A4-s42,high,twostage,2024,661,15.36,68.0,1,86.0,46.29
S8x4x4-LD21-H0.3-F0.6-A4-s42,high,twostage,2024,662,15.385,68.0,1,86.0,46.29
S8x4x4-LD21-H0.3-F0.6-A4-s42,high,twostage,2024,663,15.408,68.0,1,86.0,46.29
S8x4x4-LD21-H0.3-F0.6-A4-s42,high,twostage,2024,664,15.43,68.0,1,86.0,46.29
S8x4x4-LD21-H0.3-F0.6-A4-s42,high,twostage,2024,665,15.453,68.0,1,86.0,46.29
S8x4x4-LD21-H0.3-F0.6-A4-s42,high,twostage,2024,666,15.476,68.0,1,86.0,46.29
S8x4x4-LD21-H0.3-F0.6-A4-s42,high,twostage,2024,667,15.503,68.0,1,86.0,46.29
S8x4x4-LD21-H0.3-F0.6-A4-s42,high,twostage,2024,668,15.525,68.0,1,86.0,46.29
S8x4x4-LD21-H0.3-F0.6-A4-s42,high,twostage,2024,669,15.548,68.0,1,86.0,46.29
S8x4x4-LD21-H0.3-F0.6-A4-s42,high,twostage,2024,670,15.571,68.0,1,86.0,46.29
S8x4x4-LD21-H0.3-F0.6-A4-s42,high,twostage,2024,671,15.595,68.0,1,86.0,46.29
S8x4x4-LD21-H0.3-F0.6-A4-s42,high,twostage,2024,672,15.619,68.0,1,86.0,46.29
S8x4x4-LD21-H0.3-F0.6-A4-s42,high,twostage,2024,673,15.642,68.0,1,86.0,46.29
S8x4x4-LD21-H0.3-F0.6-A4-s42,high,twostage,2024,674,15.665,68.0,1,86.0,46.29
S8x4x4-LD21-H0.3-F0.6-A4-s42,high,twostage,2024,675,15.688,68.0,1,86.0,46.29
S8x4x4-LD21-H0.3-F0.6-A4-s42,high,twostage,2024,676,15.71,68.0,1,86.0,46.29
S8x4x4-LD21-H0.3-F0.6-A4-s42,high,twostage,2024,677,15.736,68.0,1,86.0,46.29
S8x4x4-LD21-H0.3-F0.6-A4-s42,high,twostage,2024,678,15.758,68.0,1,86.0,46.29
S8x4x4-LD21-H0.3-F0.6-A4-s42,high,twostage,2024,679,15.78,68.0,1,86.0,46.29
S8x4x4-LD21-H0.3-F0.6-A4-s42,high,twostage,2024,680,15.804,68.0,1,86.0,46.29
S8x4x4-LD21-H0.3-F0.6-A4-s42,high,twostage,2024,681,15.826,68.0,1,86.0,46.29
S8x4x4-LD21-H0.3-F0.6-A4-s42,high,twostage,2024,682,15.851,68.0,1,86.0,46.29
S8x4x4-LD21-H0.3-F0.6-A4-s42,high,twostage,2024,683,15.873,68.0,1,86.0,46.29
S8x4x4-LD21-H0.3-F0.6-A4-s42,high,twostage,2024,684,15.895,68.0,1,86.0,46.29
S8x4x4-LD21-H0.3-F0.6-A4-s42,high,twostage,2024,685,15.918,68.0,1,86.0,46.29
S8x4x4-LD21-H0.3-F0.6-A4-s42,high,twostage,2024,686,15.942,68.0,1,86.0,46.29
S8x4x4-LD21-H0.3-F0.6-A4-s42,high,twostage,2024,687,15.966,68.0,1,86.0,46.29
S8x4x4-LD21-H0.3-F0.6-A4-s42,high,twostage,2024,688,15.99,68.0,1,86.0,46.29
S8x4x4-LD21-H0.3-F0.6-A4-s42,high,twostage,2024,689,16.012,68.0,1,86.0,46.29
S8x4x4-LD21-H0.3-F0.6-A4-s42,high,twostage,2024,690,16.037,68.0,1,86.0,46.29
S8x4x4-LD21-H0.3-F0.6-A4-s42,high,twostage,2024,691,16.061,68.0,1,86.0,46.29
S8x4x4-LD21-H0.3-F0.6-A4-s42,high,twostage,2024,692,16.085,68.0,1,86.0,46.29
S8x4x4-LD21-H0.3-F0.6-A4-s42,high,twostage,2024,693,16.107,68.0,1,86.0,46.29
S8x4x4-LD21-H0.3-F0.6-A4-s42,high,twostage,2024,694,16.13,68.0,1,86.0,46.29
S8x4x4-LD21-H0.3-F0.6-A4-s42,high,twostage,2024,695,16.154,68.0,1,86.0,46.29
S8x4x4-LD21-H0.3-F0.6-A4-s42,high,twostage,2024,696,16.179,68.0,1,86.0,46.29
S8x4x4-LD21-H0.3-F0.6-A4-s42,high,twostage,2024,697,16.202,68.0,1,86.0,46.29
S8x4x4-LD21-H0.3-F0.6-A4-s42,high,twostage,2024,698,16.225,68.0,1,86.0,46.29
S8x4x4-LD21-H0.3-F0.6-A4-s42,high,twostage,2024,699,16.248,68.0,1,86.0,46.29
S8x4x4-LD21-H0.3-F0.6-A4-s42,high,twostage,2024,700,16.27,68.0,1,86.0,46.29
S8x4x4-LD21-H0.3-F0.6-A4-s42,high,twostage,2024,701,16.295,68.0,1,86.0,46.29
S8x4x4-LD21-H0.3-F0.6-A4-s42,high,twostage,2024,702,16.318,68.0,1,86.0,46.29
S8x4x4-LD21-H0.3-F0.6-A4-s42,high,twostage,2024,703,16.34,68.0,1,86.0,46.29
S8x4x4-LD21-H0.3-F0.6-A4-s42,high,twostage,2024,704,16.363,68.0,1,86.0,46.29
S8x4x4-LD21-H0.3-F0.6-A4-s42,high,twostage,2024,705,16.385,68.0,1,86.0,46.29
S8x4x4-LD21-H0.3-F0.6-A4-s42,high,twostage,2024,706,16.409,68.0,1,86.0,46.29
S8x4x4-LD21-H0.3-F0.6-A4-s42,high,twostage,2024,707,16.432,68.0,1,86.0,46.29
S8x4x4-LD21-H0.3-F0.6-A4-s42,high,twostage,2024,708,16.455,68.0,1,86.0,46.29
S8x4x4-LD21-H0.3-F0.6-A4-s42,high,twostage,2024,709,16.478,68.0,1,86.0,46.29
S8x4x4-LD21-H0.3-F0.6-A4-s42,high,twostage,2024,710,16.502,68.0,1,86.0,46.29
S8x4x4-LD21-H0.3-F0.6-A4-s42,high,twostage,2024,711,16.528,68.0,1,86.0,46.29
S8x4x4-LD21-H0.3-F0.6-A4-s42,high,twostage,2024,712,16.55,68.0,1,86.0,46.29
S8x4x4-LD21-H0.3-F0.6-A4-s42,high,twostage,2024,713,16.573,68.0,1,86.0,46.29
S8x4x4-LD21-H0.3-F0.6-A4-s42,high,twostage,2024,714,16.595,68.0,1,86.0,46.29
S8x4x4-LD21-H0.3-F0.6-A4-s42,high,twostage,2024,715,16.618,68.0,1,86.0,46.29
S8x4x4-LD21-H0.3-F0.6-A4-s42,high,twostage,2024,716,16.643,68.0,1,86.0,46.29
S8x4x4-LD21-H0.3-F0.6-A4-s42,high,twostage,2024,717,16.665,68.0,1,86.0,46.29
S8x4x4-LD21-H0.3-F0.6-A4-s42,high,twostage,2024,718,16.689,68.0,1,86.0,46.29
S8x4x4-LD21-H0.3-F0.6-A4-s42,high,twostage,2024,719,16.712,68.0,1,86.0,46.29
S8x4x4-LD21-H0.3-F0.6-A4-s42,high,twostage,2024,720,16.735,68.0,1,86.0,46.29
S8x4x4-LD21-H0.3-F0.6-A4-s42,high,twostage,2024,721,16.76,68.0,1,86.0,46.29
S8x4x4-LD21-H0.3-F0.6-A4-s42,high,twostage,2024,722,16.782,68.0,1,86.0,46.29
S8x4x4-LD21-H0.3-F0.6-A4-s42,high,twostage,2024,723,16.805,68.0,1,86.0,46.29
S8x4x4-LD21-H0.3-F0.6-A4-s42,high,twostage,2024,724,16.827,68.0,1,86.0,46.29
S8x4x4-LD21-H0.3-F0.6-A4-s42,high,twostage,2024,725,16.85,68.0,1,86.0,46.29
S8x4x4-LD21-H0.3-F0.6-A4-s42,high,twostage,2024,726,16.875,68.0,1,86.0,46.29
S8x4x4-LD21-H0.3-F0.6-A4-s42,high,twostage,2024,727,16.898,68.0,1,86.0,46.29
S8x4x4-LD21-H0.3-F0.6-A4-s42,high,twostage,2024,728,16.92,68.0,1,86.0,46.29
S8x4x4-LD21-H0.3-F0.6-A4-s42,high,twostage,2024,729,16.944,68.0,1,86.0,46.29
S8x4x4-LD21-H0.3-F0.6-A4-s42,high,twostage,2024,730,16.966,68.0,1,86.0,46.29
S8x4x4-LD21-H0.3-F0.6-A4-s42,high,twostage,2024,731,16.993,68.0,1,86.0,46.29
S8x4x4-LD21-H0.3-F0.6-A4-s42,high,twostage,2024,732,17.018,68.0,1,86.0,46.29
S8x4x4-LD21-H0.3-F0.6-A4-s42,high,twostage,2024,733,17.041,68.0,1,86.0,46.29
S8x4x4-LD21-H0.3-F0.6-A4-s42,high,twostage,2024,734,17.065,68.0,1,86.0,46.29
S8x4x4-LD21-H0.3-F0.6-A4-s42,high,twostage,2024,735,17.088,68.0,1,86.0,46.29
S8x4x4-LD21-H0.3-F0.6-A4-s42,high,twostage,2024,736,17.112,68.0,1,86.0,46.29
S8x4x4-LD21-H0.3-F0.6-A4-s42,high,twostage,2024,737,17.135,68.0,1,86.0,46.29
S8x4x4-LD21-H0.3-F0.6-A4-s42,high,twostage,2024,738,17.157,68.0,1,86.0,46.29
S8x4x4-LD21-H0.3-F0.6-A4-s42,high,twostage,2024,739,17.179,68.0,1,86.0,46.29
S8x4x4-LD21-H0.3-F0.6-A4-s42,high,twostage,2024,740,17.203,68.0,1,86.0,46.29
S8x4x4-LD21-H0.3-F0.6-A4-s42,high,twostage,2024,741,17.227,68.0,1,86.0,46.29
S8x4x4-LD21-H0.3-F0.6-A4-s42,high,twostage,2024,742,17.25,68.0,1,86.0,46.29
S8x4x4-LD21-H0.3-F0.6-A4-s42,high,twostage,2024,743,17.271,68.0,1,86.0,46.29
S8x4x4-LD21-H0.3-F0.6-A4-s42,high,twostage,2024,744,17.294,68.0,1,86.0,46.29
S8x4x4-LD21-H0.3-F0.6-A4-s42,high,twostage,2024,745,17.319,68.0,1,86.0,46.29
S8x4x4-LD21-H0.3-F0.6-A4-s42,high,twostage,2024,746,17.343,68.0,1,86.0,46.29
S8x4x4-LD21-H0.3-F0.6-A4-s42,high,twostage,2024,747,17.365,68.0,1,86.0,46.29
S8x4x4-LD21-H0.3-F0.6-A4-s42,high,twostage,2024,748,17.388,68.0,1,86.0,46.29
S8x4x4-LD21-H0.3-F0.6-A4-s42,high,twostage,2024,749,17.41,68.0,1,86.0,46.29
S8x4x4-LD21-H0.3-F0.6-A4-s42,high,twostage,2024,750,17.436,68.0,1,86.0,46.29
S8x4x4-LD21-H0.3-F0.6-A4-s42,high,twostage,2024,751,17.459,68.0,1,86.0,46.29
S8x4x4-LD21-H0.3-F0.6-A4-s42,high,twostage,2024,752,17.481,68.0,1,86.0,46.29
S8x4x4-LD21-H0.3-F0.6-A4-s42,high,twostage,2024,753,17.505,68.0,1,86.0,46.29
S8x4x4-LD21-H0.3-F0.6-A4-s42,high,twostage,2024,754,17.529,68.0,1,86.0,46.29
S8x4x4-LD21-H0.3-F0.6-A4-s42,high,twostage,2024,755,17.554,68.0,1,86.0,46.29
S8x4x4-LD21-H0.3-F0.6-A4-s42,high,twostage,2024,756,17.577,68.0,1,86.0,46.29
S8x4x4-LD21-H0.3-F0.6-A4-s42,high,twostage,2024,757,17.6,68.0,1,86.0,46.29
S8x4x4-LD21-H0.3-F0.6-A4-s42,high,twostage,2024,758,17.623,68.0,1,86.0,46.29
S8x4x4-LD21-H0.3-F0.6-A4-s42,high,twostage,2024,759,17.645,68.0,1,86.0,46.29
S8x4x4-LD21-H0.3-F0.6-A4-s42,high,twostage,2024,760,17.671,68.0,1,86.0,46.29
S8x4x4-LD21-H0.3-F0.6-A4-s42,high,twostage,2024,761,17.694,68.0,1,86.0,46.29
S8x4x4-LD21-H0.3-F0.6-A4-s42,high,twostage,2024,762,17.717,68.0,1,86.0,46.29
S8x4x4-LD21-H0.3-F0.6-A4-s42,high,twostage,2024,763,17.74,68.0,1,86.0,46.29
S8x4x4-LD21-H0.3-F0.6-A4-s42,high,twostage,2024,764,17.761,68.0,1,86.0,46.29
S8x4x4-LD21-H0.3-F0.6-A4-s42,high,twostage,2024,765,17.787,68.0,1,86.0,46.29
S8x4x4-LD21-H0.3-F0.6-A4-s42,high,twostage,2024,766,17.809,68.0,1,86.0,46.29
S8x4x4-LD21-H0.3-F0.6-A4-s42,high,twostage,2024,767,17.831,68.0,1,86.0,46.29
S8x4x4-LD21-H0.3-F0.6-A4-s42,high,twostage,2024,768,17.853,68.0,1,86.0,46.29
S8x4x4-LD21-H0.3-F0.6-A4-s42,high,twostage,2024,769,17.876,68.0,1,86.0,46.29
S8x4x4-LD21-H0.3-F0.6-A4-s42,high,twostage,2024,770,17.902,68.0,1,86.0,46.29
S8x4x4-LD21-H0.3-F0.6-A4-s42,high,twostage,2024,771,17.924,68.0,1,86.0,46.29
S8x4x4-LD21-H0.3-F0.6-A4-s42,high,twostage,2024,772,17.947,68.0,1,86.0,46.29
S8x4x4-LD21-H0.3-F0.6-A4-s42,high,twostage,2024,773,17.969,68.0,1,86.0,46.29
S8x4x4-LD21-H0.3-F0.6-A4-s42,high,twostage,2024,774,17.992,68.0,1,86.0,46.29
S8x4x4-LD21-H0.3-F0.6-A4-s42,high,twostage,2024,775,18.018,68.0,1,86.0,46.29
S8x4x4-LD21-H0.3-F0.6-A4-s42,high,twostage,2024,776,18.043,68.0,1,86.0,46.29
S8x4x4-LD21-H0.3-F0.6-A4-s42,high,twostage,2024,777,18.066,68.0,1,86.0,46.29
S8x4x4-LD21-H0.3-F0.6-A4-s42,high,twostage,2024,778,18.088,68.0,1,86.0,46.29
S8x4x4-LD21-H0.3-F0.6-A4-s42,high,twostage,2024,779,18.111,68.0,1,86.0,46.29
S8x4x4-LD21-H0.3-F0.6-A4-s42,high,twostage,2024,780,18.136,68.0,1,86.0,46.29
S8x4x4-LD21-H0.3-F0.6-A4-s42,high,twostage,2024,781,18.158,68.0,1,86.0,46.29
S8x4x4-LD21-H0.3-F0.6-A4-s42,high,twostage,2024,782,18.181,68.0,1,86.0,46.29
S8x4x4-LD21-H0.3-F0.6-A4-s42,high,twostage,2024,783,18.204,68.0,1,86.0,46.29
S8x4x4-LD21-H0.3-F0.6-A4-s42,high,twostage,2024,784,18.227,68.0,1,86.0,46.29
S8x4x4-LD21-H0.3-F0.6-A4-s42,high,twostage,2024,785,18.251,68.0,1,86.0,46.29
S8x4x4-LD21-H0.3-F0.6-A4-s42,high,twostage,2024,786,18.274,68.0,1,86.0,46.29
S8x4x4-LD21-H0.3-F0.6-A4-s42,high,twostage,2024,787,18.297,68.0,1,86.0,46.29
S8x4x4-LD21-H0.3-F0.6-A4-s42,high,twostage,2024,788,18.32,68.0,1,86.0,46.29
S8x4x4-LD21-H0.3-F0.6-A4-s42,high,twostage,2024,789,18.343,68.0,1,86.0,46.29
S8x4x4-LD21-H0.3-F0.6-A4-s42,high,twostage,2024,790,18.367,68.0,1,86.0,46.29
S8x4x4-LD21-H0.3-F0.6-A4-s42,high,twostage,2024,791,18.39,68.0,1,86.0,46.29
S8x4x4-LD21-H0.3-F0.6-A4-s42,high,twostage,2024,792,18.413,68.0,1,86.0,46.29
S8x4x4-LD21-H0.3-F0.6-A4-s42,high,twostage,2024,793,18.436,68.0,1,86.0,46.29
S8x4x4-LD21-H0.3-F0.6-A4-s42,high,twostage,2024,794,18.46,68.0,1,86.0,46.29
S8x4x4-LD21-H0.3-F0.6-A4-s42,high,twostage,2024,795,18.482,68.0,1,86.0,46.29
S8x4x4-LD21-H0.3-F0.6-A4-s42,high,twostage,2024,796,18.504,68.0,1,86.0,46.29
S8x4x4-LD21-H0.3-F0.6-A4-s42,high,twostage,2024,797,18.528,68.0,1,86.0,46.29
S8x4x4-LD21-H0.3-F0.6-A4-s42,high,twostage,2024,798,18.553,68.0,1,86.0,46.29
S8x4x4-LD21-H0.3-F0.6-A4-s42,high,twostage,2024,799,18.577,68.0,1,86.0,46.29
S8x4x4-LD21-H0.3-F0.6-A4-s42,high,twostage,2024,800,18.599,68.0,1,86.0,46.29
S8x4x4-LD21-H0.3-F0.6-A4-s42,high,twostage,2024,801,18.621,68.0,1,86.0,46.29
S8x4x4-LD21-H0.3-F0.6-A4-s42,high,twostage,2024,802,18.643,68.0,1,86.0,46.29
S8x4x4-LD21-H0.3-F0.6-A4-s42,high,twostage,2024,803,18.667,68.0,1,86.0,46.29
S8x4x4-LD21-H0.3-F0.6-A4-s42,high,twostage,2024,804,18.693,68.0,1,86.0,46.29
S8x4x4-LD21-H0.3-F0.6-A4-s42,high,twostage,2024,805,18.716,68.0,1,86.0,46.29
S8x4x4-LD21-H0.3-F0.6-A4-s42,high,twostage,2024,806,18.739,68.0,1,86.0,46.29
S8x4x4-LD21-H0.3-F0.6-A4-s42,high,twostage,2024,807,18.763,68.0,1,86.0,46.29
S8x4x4-LD21-H0.3-F0.6-A4-s42,high,twostage,2024,808,18.785,68.0,1,86.0,46.29
S8x4x4-LD21-H0.3-F0.6-A4-s42,high,twostage,2024,809,18.81,68.0,1,86.0,46.29
S8x4x4-LD21-H0.3-F0.6-A4-s42,high,twostage,2024,810,18.832,68.0,1,86.0,46.29
S8x4x4-LD21-H0.3-F0.6-A4-s42,high,twostage,2024,811,18.854,68.0,1,86.0,46.29
S8x4x4-LD21-H0.3-F0.6-A4-s42,high,twostage,2024,812,18.878,68.0,1,86.0,46.29
S8x4x4-LD21-H0.3-F0.6-A4-s42,high,twostage,2024,813,18.9,68.0,1,86.0,46.29
S8x4x4-LD21-H0.3-F0.6-A4-s42,high,twostage,2024,814,18.925,68.0,1,86.0,46.29
S8x4x4-LD21-H0.3-F0.6-A4-s42,high,twostage,2024,815,18.947,68.0,1,86.0,46.29
S8x4x4-LD21-H0.3-F0.6-A4-s42,high,twostage,2024,816,18.969,68.0,1,86.0,46.29
S8x4x4-LD21-H0.3-F0.6-A4-s42,high,twostage,2024,817,18.992,68.0,1,86.0,46.29
S8x4x4-LD21-H0.3-F0.6-A4-s42,high,twostage,2024,818,19.016,68.0,1,86.0,46.29
S8x4x4-LD21-H0.3-F0.6-A4-s42,high,twostage,2024,819,19.043,68.0,1,86.0,46.29
S8x4x4-LD21-H0.3-F0.6-A4-s42,high,twostage,2024,820,19.066,68.0,1,86.0,46.29
S8x4x4-LD21-H0.3-F0.6-A4-s42,high,twostage,2024,821,19.089,68.0,1,86.0,46.29
S8x4x4-LD21-H0.3-F0.6-A4-s42,high,twostage,2024,822,19.111,68.0,1,86.0,46.29
S8x4x4-LD21-H0.3-F0.6-A4-s42,high,twostage,2024,823,19.134,68.0,1,86.0,46.29
S8x4x4-LD21-H0.3-F0.6-A4-s42,high,twostage,2024,824,19.158,68.0,1,86.0,46.29
S8x4x4-LD21-H0.3-F0.6-A4-s42,high,twostage,2024,825,19.181,68.0,1,86.0,46.29
S8x4x4-LD21-H0.3-F0.6-A4-s42,high,twostage,2024,826,19.204,68.0,1,86.0,46.29
S8x4x4-LD21-H0.3-F0.6-A4-s42,high,twostage,2024,827,19.227,68.0,1,86.0,46.29
S8x4x4-LD21-H0.3-F0.6-A4-s42,high,twostage,2024,828,19.25,68.0,1,86.0,46.29
S8x4x4-LD21-H0.3-F0.6-A4-s42,high,twostage,2024,829,19.276,68.0,1,86.0,46.29
S8x4x4-LD21-H0.3-F0.6-A4-s42,high,twostage,2024,830,19.3,68.0,1,86.0,46.29
S8x4x4-LD21-H0.3-F0.6-A4-s42,high,twostage,2024,831,19.324,68.0,1,86.0,46.29
S8x4x4-LD21-H0.3-F0.6-A4-s42,high,twostage,2024,832,19.347,68.0,1,86.0,46.29
S8x4x4-LD21-H0.3-F0.6-A4-s42,high,twostage,2024,833,19.369,68.0,1,86.0,46.29
S8x4x4-LD21-H0.3-F0.6-A4-s42,high,twostage,2024,834,19.394,68.0,1,86.0,46.29
S8x4x4-LD21-H0.3-F0.6-A4-s42,high,twostage,2024,835,19.417,68.0,1,86.0,46.29
S8x4x4-LD21-H0.3-F0.6-A4-s42,high,twostage,2024,836,19.439,68.0,1,86.0,46.29
S8x4x4-LD21-H0.3-F0.6-A4-s42,high,twostage,2024,837,19.462,68.0,1,86.0,46.29
S8x4x4-LD21-H0.3-F0.6-A4-s42,high,twostage,2024,838,19.486,68.0,1,86.0,46.29
S8x4x4-LD21-H0.3-F0.6-A4-s42,high,twostage,2024,839,19.51,68.0,1,86.0,46.29
S8x4x4-LD21-H0.3-F0.6-A4-s42,high,twostage,2024,840,19.535,68.0,1,86.0,46.29
S8x4x4-LD21-H0.3-F0.6-A4-s42,high,twostage,2024,841,19.558,68.0,1,86.0,46.29
S8x4x4-LD21-H0.3-F0.6-A4-s42,high,twostage,2024,842,19.579,68.0,1,86.0,46.29
S8x4x4-LD21-H0.3-F0.6-A4-s42,high,twostage,2024,843,19.604,68.0,1,86.0,46.29
S8x4x4-LD21-H0.3-F0.6-A4-s42,high,twostage,2024,844,19.628,68.0,1,86.0,46.29
S8x4x4-LD21-H0.3-F0.6-A4-s42,high,twostage,2024,845,19.65,68.0,1,86.0,46.29
S8x4x4-LD21-H0.3-F0.6-A4-s42,high,twostage,2024,846,19.672,68.0,1,86.0,46.29
S8x4x4-LD21-H0.3-F0.6-A4-s42,high,twostage,2024,847,19.694,68.0,1,86.0,46.29
S8x4x4-LD21-H0.3-F0.6-A4-s42,high,twostage,2024,848,19.72,68.0,1,86.0,46.29
S8x4x4-LD21-H0.3-F0.6-A4-s42,high,twostage,2024,849,19.744,68.0,1,86.0,46.29
S8x4x4-LD21-H0.3-F0.6-A4-s42,high,twostage,2024,850,19.766,68.0,1,86.0,46.29
S8x4x4-LD21-H0.3-F0.6-A4-s42,high,twostage,2024,851,19.789,68.0,1,86.0,46.29
S8x4x4-LD21-H0.3-F0.6-A4-s42,high,twostage,2024,852,19.811,68.0,1,86.0,46.29
S8x4x4-LD21-H0.3-F0.6-A4-s42,high,twostage,2024,853,19.836,68.0,1,86.0,46.29
S8x4x4-LD21-H0.3-F0.6-A4-s42,high,twostage,2024,854,19.859,68.0,1,86.0,46.29
S8x4x4-LD21-H0.3-F0.6-A4-s42,high,twostage,2024,855,19.881,68.0,1,86.0,46.29
S8x4x4-LD21-H0.3-F0.6-A4-s42,high,twostage,2024,856,19.904,68.0,1,86.0,46.29
S8x4x4-LD21-H0.3-F0.6-A4-s42,high,twostage,2024,857,19.925,68.0,1,86.0,46.29
S8x4x4-LD21-H0.3-F0.6-A4-s42,high,twostage,2024,858,19.95,68.0,1,86.0,46.29
S8x4x4-LD21-H0.3-F0.6-A4-s42,high,twostage,2024,859,19.974,68.0,1,86.0,46.29
S8x4x4-LD21-H0.3-F0.6-A4-s42,high,twostage,2024,860,19.997,68.0,1,86.0,46.29
S8x4x4-LD21-H0.3-F0.6-A4-s42,high,twostage,2024,861,20.02,68.0,1,86.0,46.29
S8x4x4-LD21-H0.3-F0.6-A4-s42,high,twostage,2024,862,20.044,68.0,1,86.0,46.29
S8x4x4-LD21-H0.3-F0.6-A4-s42,high,twostage,2024,863,20.07,68.0,1,86.0,46.29
S8x4x4-LD21-H0.3-F0.6-A4-s42,high,twostage,2024,864,20.093,68.0,1,86.0,46.29
S8x4x4-LD21-H0.3-F0.6-A4-s42,high,twostage,2024,865,20.115,68.0,1,86.0,46.29
S8x4x4-LD21-H0.3-F0.6-A4-s42,high,twostage,2024,866,20.138,68.0,1,86.0,46.29
S8x4x4-LD21-H0.3-F0.6-A4-s42,high,twostage,2024,867,20.161,68.0,1,86.0,46.29
S8x4x4-LD21-H0.3-F0.6-A4-s42,high,twostage,2024,868,20.187,68.0,1,86.0,46.29
S8x4x4-LD21-H0.3-F0.6-A4-s42,high,twostage,2024,869,20.21,68.0,1,86.0,46.29
S8x4x4-LD21-H0.3-F0.6-A4-s42,high,twostage,2024,870,20.234,68.0,1,86.0,46.29
S8x4x4-LD21-H0.3-F0.6-A4-s42,high,twostage,2024,871,20.257,68.0,1,86.0,46.29
S8x4x4-LD21-H0.3-F0.6-A4-s42,high,twostage,2024,872,20.281,68.0,1,86.0,46.29
S8x4x4-LD21-H0.3-F0.6-A4-s42,high,twostage,2024,873,20.307,68.0,1,86.0,46.29
S8x4x4-LD21-H0.3-F0.6-A4-s42,high,twostage,2024,874,20.33,68.0,1,86.0,46.29
S8x4x4-LD21-H0.3-F0.6-A4-s42,high,twostage,2024,875,20.352,68.0,1,86.0,46.29
S8x4x4-LD21-H0.3-F0.6-A4-s42,high,twostage,2024,876,20.375,68.0,1,86.0,46.29
S8x4x4-LD21-H0.3-F0.6-A4-s42,high,twostage,2024,877,20.397,68.0,1,86.0,46.29
S8x4x4-LD21-H0.3-F0.6-A4-s42,high,twostage,2024,878,20.422,68.0,1,86.0,46.29
S8x4x4-LD21-H0.3-F0.6-A4-s42,high,twostage,2024,879,20.444,68.0,1,86.0,46.29
S8x4x4-LD21-H0.3-F0.6-A4-s42,high,twostage,2024,880,20.467,68.0,1,86.0,46.29
S8x4x4-LD21-H0.3-F0.6-A4-s42,high,twostage,2024,881,20.49,68.0,1,86.0,46.29
S8x4x4-LD21-H0.3-F0.6-A4-s42,high,twostage,2024,882,20.513,68.0,1,86.0,46.29
S8x4x4-LD21-H0.3-F0.6-A4-s42,high,twostage,2024,883,20.539,68.0,1,86.0,46.29
S8x4x4-LD21-H0.3-F0.6-A4-s42,high,twostage,2024,884,20.564,68.0,1,86.0,46.29
S8x4x4-LD21-H0.3-F0.6-A4-s42,high,twostage,2024,885,20.594,68.0,1,86.0,46.29
S8x4x4-LD21-H0.3-F0.6-A4-s42,high,twostage,2024,886,20.617,68.0,1,86.0,46.29
S8x4x4-LD21-H0.3-F0.6-A4-s42,high,twostage,2024,887,20.646,68.0,1,86.0,46.29
S8x4x4-LD21-H0.3-F0.6-A4-s42,high,twostage,2024,888,20.672,68.0,1,86.0,46.29
S8x4x4-LD21-H0.3-F0.6-A4-s42,high,twostage,2024,889,20.695,68.0,1,86.0,46.29
S8x4x4-LD21-H0.3-F0.6-A4-s42,high,twostage,2024,890,20.718,68.0,1,86.0,46.29
S8x4x4-LD21-H0.3-F0.6-A4-s42,high,twostage,2024,891,20.744,68.0,1,86.0,46.29
S8x4x4-LD21-H0.3-F0.6-A4-s42,high,twostage,2024,892,20.781,68.0,1,86.0,46.29
S8x4x4-LD21-H0.3-F0.6-A4-s42,high,twostage,2024,893,20.811,68.0,1,86.0,46.29
S8x4x4-LD21-H0.3-F0.6-A4-s42,high,twostage,2024,894,20.835,68.0,1,86.0,46.29
S8x4x4-LD21-H0.3-F0.6-A4-s42,high,twostage,2024,895,20.858,68.0,1,86.0,46.29
S8x4x4-LD21-H0.3-F0.6-A4-s42,high,twostage,2024,896,20.882,68.0,1,86.0,46.29
S8x4x4-LD21-H0.3-F0.6-A4-s42,high,twostage,2024,897,20.908,68.0,1,86.0,46.29
S8x4x4-LD21-H0.3-F0.6-A4-s42,high,twostage,2024,898,20.93,68.0,1,86.0,46.29
S8x4x4-LD21-H0.3-F0.6-A4-s42,high,twostage,2024,899,20.954,68.0,1,86.0,46.29
S8x4x4-LD21-H0.3-F0.6-A4-s42,high,twostage,2024,900,20.975,68.0,1,86.0,46.29
S8x4x4-LD21-H0.3-F0.6-A4-s42,high,twostage,2024,901,20.998,68.0,1,86.0,46.29
S8x4x4-LD21-H0.3-F0.6-A4-s42,high,twostage,2024,902,21.024,68.0,1,86.0,46.29
S8x4x4-LD21-H0.3-F0.6-A4-s42,high,twostage,2024,903,21.048,68.0,1,86.0,46.29
S8x4x4-LD21-H0.3-F0.6-A4-s42,high,twostage,2024,904,21.073,68.0,1,86.0,46.29
S8x4x4-LD21-H0.3-F0.6-A4-s42,high,twostage,2024,905,21.097,68.0,1,86.0,46.29
S8x4x4-LD21-H0.3-F0.6-A4-s42,high,twostage,2024,906,21.119,68.0,1,86.0,46.29
S8x4x4-LD21-H0.3-F0.6-A4-s42,high,twostage,2024,907,21.144,68.0,1,86.0,46.29
S8x4x4-LD21-H0.3-F0.6-A4-s42,high,twostage,2024,908,21.167,68.0,1,86.0,46.29
S8x4x4-LD21-H0.3-F0.6-A4-s42,high,twostage,2024,909,21.189,68.0,1,86.0,46.29
S8x4x4-LD21-H0.3-F0.6-A4-s42,high,twostage,2024,910,21.211,68.0,1,86.0,46.29
S8x4x4-LD21-H0.3-F0.6-A4-s42,high,twostage,2024,911,21.234,68.0,1,86.0,46.29
S8x4x4-LD21-H0.3-F0.6-A4-s42,high,twostage,2024,912,21.259,68.0,1,86.0,46.29
S8x4x4-LD21-H0.3-F0.6-A4-s42,high,twostage,2024,913,21.282,68.0,1,86.0,46.29
S8x4x4-LD21-H0.3-F0.6-A4-s42,high,twostage,2024,914,21.304,68.0,1,86.0,46.29
S8x4x4-LD21-H0.3-F0.6-A4-s42,high,twostage,2024,915,21.326,68.0,1,86.0,46.29
S8x4x4-LD21-H0.3-F0.6-A4-s42,high,twostage,2024,916,21.349,68.0,1,86.0,46.29
S8x4x4-LD21-H0.3-F0.6-A4-s42,high,twostage,2024,917,21.374,68.0,1,86.0,46.29
S8x4x4-LD21-H0.3-F0.6-A4-s42,high,twostage,2024,918,21.398,68.0,1,86.0,46.29
S8x4x4-LD21-H0.3-F0.6-A4-s42,high,twostage,2024,919,21.42,68.0,1,86.0,46.29
S8x4x4-LD21-H0.3-F0.6-A4-s42,high,twostage,2024,920,21.442,68.0,1,86.0,46.29
S8x4x4-LD21-H0.3-F0.6-A4-s42,high,twostage,2024,921,21.464,68.0,1,86.0,46.29
S8x4x4-LD21-H0.3-F0.6-A4-s42,high,twostage,2024,922,21.49,68.0,1,86.0,46.29
S8x4x4-LD21-H0.3-F0.6-A4-s42,high,twostage,2024,923,21.513,68.0,1,86.0,46.29
S8x4x4-LD21-H0.3-F0.6-A4-s42,high,twostage,2024,924,21.534,68.0,1,86.0,46.29
S8x4x4-LD21-H0.3-F0.6-A4-s42,high,twostage,2024,925,21.558,68.0,1,86.0,46.29
S8x4x4-LD21-H0.3-F0.6-A4-s42,high,twostage,2024,926,21.581,68.0,1,86.0,46.29
S8x4x4-LD21-H0.3-F0.6-A4-s42,high,twostage,2024,927,21.607,68.0,1,86.0,46.29
S8x4x4-LD21-H0.3-F0.6-A4-s42,high,twostage,2024,928,21.629,68.0,1,86.0,46.29
S8x4x4-LD21-H0.3-F0.6-A4-s42,high,twostage,2024,929,21.652,68.0,1,86.0,46.29
S8x4x4-LD21-H0.3-F0.6-A4-s42,high,twostage,2024,930,21.674,68.0,1,86.0,46.29
S8x4x4-LD21-H0.3-F0.6-A4-s42,high,twostage,2024,931,21.696,68.0,1,86.0,46.29
S8x4x4-LD21-H0.3-F0.6-A4-s42,high,twostage,2024,932,21.722,68.0,1,86.0,46.29
S8x4x4-LD21-H0.3-F0.6-A4-s42,high,twostage,2024,933,21.745,68.0,1,86.0,46.29
S8x4x4-LD21-H0.3-F0.6-A4-s42,high,twostage,2024,934,21.767,68.0,1,86.0,46.29
S8x4x4-LD21-H0.3-F0.6-A4-s42,high,twostage,2024,935,21.789,68.0,1,86.0,46.29
S8x4x4-LD21-H0.3-F0.6-A4-s42,high,twostage,2024,936,21.812,68.0,1,86.0,46.29
S8x4x4-LD21-H0.3-F0.6-A4-s42,high,twostage,2024,937,21.836,68.0,1,86.0,46.29
S8x4x4-LD21-H0.3-F0.6-A4-s42,high,twostage,2024,938,21.857,68.0,1,86.0,46.29
S8x4x4-LD21-H0.3-F0.6-A4-s42,high,twostage,2024,939,21.88,68.0,1,86.0,46.29
S8x4x4-LD21-H0.3-F0.6-A4-s42,high,twostage,2024,940,21.902,68.0,1,86.0,46.29
S8x4x4-LD21-H0.3-F0.6-A4-s42,high,twostage,2024,941,21.928,68.0,1,86.0,46.29
S8x4x4-LD21-H0.3-F0.6-A4-s42,high,twostage,2024,942,21.95,68.0,1,86.0,46.29
S8x4x4-LD21-H0.3-F0.6-A4-s42,high,twostage,2024,943,21.973,68.0,1,86.0,46.29
S8x4x4-LD21-H0.3-F0.6-A4-s42,high,twostage,2024,944,21.996,68.0,1,86.0,46.29
S8x4x4-LD21-H0.3-F0.6-A4-s42,high,twostage,2024,945,22.019,68.0,1,86.0,46.29
S8x4x4-LD21-H0.3-F0.6-A4-s42,high,twostage,2024,946,22.048,68.0,1,86.0,46.29
S8x4x4-LD21-H0.3-F0.6-A4-s42,high,twostage,2024,947,22.071,68.0,1,86.0,46.29
S8x4x4-LD21-H0.3-F0.6-A4-s42,high,twostage,2024,948,22.095,68.0,1,86.0,46.29
S8x4x4-LD21-H0.3-F0.6-A4-s42,high,twostage,2024,949,22.119,68.0,1,86.0,46.29
S8x4x4-LD21-H0.3-F0.6-A4-s42,high,twostage,2024,950,22.141,68.0,1,86.0,46.29
S8x4x4-LD21-H0.3-F0.6-A4-s42,high,twostage,2024,951,22.167,68.0,1,86.0,46.29
S8x4x4-LD21-H0.3-F0.6-A4-s42,high,twostage,2024,952,22.19,68.0,1,86.0,46.29
S8x4x4-LD21-H0.3-F0.6-A4-s42,high,twostage,2024,953,22.213,68.0,1,86.0,46.29
S8x4x4-LD21-H0.3-F0.6-A4-s42,high,twostage,2024,954,22.236,68.0,1,86.0,46.29
S8x4x4-LD21-H0.3-F0.6-A4-s42,high,twostage,2024,955,22.258,68.0,1,86.0,46.29
S8x4x4-LD21-H0.3-F0.6-A4-s42,high,twostage,2024,956,22.283,68.0,1,86.0,46.29
S8x4x4-LD21-H0.3-F0.6-A4-s42,high,twostage,2024,957,22.306,68.0,1,86.0,46.29
S8x4x4-LD21-H0.3-F0.6-A4-s42,high,twostage,2024,958,22.33,68.0,1,86.0,46.29
S8x4x4-LD21-H0.3-F0.6-A4-s42,high,twostage,2024,959,22.353,68.0,1,86.0,46.29
S8x4x4-LD21-H0.3-F0.6-A4-s42,high,twostage,2024,960,22.376,68.0,1,86.0,46.29
S8x4x4-LD21-H0.3-F0.6-A4-s42,high,twostage,2024,961,22.401,68.0,1,86.0,46.29
S8x4x4-LD21-H0.3-F0.6-A4-s42,high,twostage,2024,962,22.424,68.0,1,86.0,46.29
S8x4x4-LD21-H0.3-F0.6-A4-s42,high,twostage,2024,963,22.447,68.0,1,86.0,46.29
S8x4x4-LD21-H0.3-F0.6-A4-s42,high,twostage,2024,964,22.47,68.0,1,86.0,46.29
S8x4x4-LD21-H0.3-F0.6-A4-s42,high,twostage,2024,965,22.493,68.0,1,86.0,46.29
S8x4x4-LD21-H0.3-F0.6-A4-s42,high,twostage,2024,966,22.519,68.0,1,86.0,46.29
S8x4x4-LD21-H0.3-F0.6-A4-s42,high,twostage,2024,967,22.543,68.0,1,86.0,46.29
S8x4x4-LD21-H0.3-F0.6-A4-s42,high,twostage,2024,968,22.565,68.0,1,86.0,46.29
S8x4x4-LD21-H0.3-F0.6-A4-s42,high,twostage,2024,969,22.589,68.0,1,86.0,46.29
S8x4x4-LD21-H0.3-F0.6-A4-s42,high,twostage,2024,970,22.611,68.0,1,86.0,46.29
S8x4x4-LD21-H0.3-F0.6-A4-s42,high,twostage,2024,971,22.638,68.0,1,86.0,46.29
S8x4x4-LD21-H0.3-F0.6-A4-s42,high,twostage,2024,972,22.66,68.0,1,86.0,46.29
S8x4x4-LD21-H0.3-F0.6-A4-s42,high,twostage,2024,973,22.69,68.0,1,86.0,46.29
S8x4x4-LD21-H0.3-F0.6-A4-s42,high,twostage,2024,974,22.716,68.0,1,86.0,46.29
S8x4x4-LD21-H0.3-F0.6-A4-s42,high,twostage,2024,975,22.752,68.0,1,86.0,46.29
S8x4x4-LD21-H0.3-F0.6-A4-s42,high,twostage,2024,976,22.779,68.0,1,86.0,46.29
S8x4x4-LD21-H0.3-F0.6-A4-s42,high,twostage,2024,977,22.801,68.0,1,86.0,46.29
S8x4x4-LD21-H0.3-F0.6-A4-s42,high,twostage,2024,978,22.828,68.0,1,86.0,46.29
S8x4x4-LD21-H0.3-F0.6-A4-s42,high,twostage,2024,979,22.85,68.0,1,86.0,46.29
S8x4x4-LD21-H0.3-F0.6-A4-s42,high,twostage,2024,980,22.872,68.0,1,86.0,46.29
S8x4x4-LD21-H0.3-F0.6-A4-s42,high,twostage,2024,981,22.898,68.0,1,86.0,46.29
S8x4x4-LD21-H0.3-F0.6-A4-s42,high,twostage,2024,982,22.928,68.0,1,86.0,46.29
S8x4x4-LD21-H0.3-F0.6-A4-s42,high,twostage,2024,983,22.955,68.0,1,86.0,46.29
S8x4x4-LD21-H0.3-F0.6-A4-s42,high,twostage,2024,984,22.979,68.0,1,86.0,46.29
S8x4x4-LD21-H0.3-F0.6-A4-s42,high,twostage,2024,985,23.0,68.0,1,86.0,46.29
S8x4x4-LD21-H0.3-F0.6-A4-s42,high,twostage,2024,986,23.026,68.0,1,86.0,46.29
S8x4x4-LD21-H0.3-F0.6-A4-s42,high,twostage,2024,987,23.05,68.0,1,86.0,46.29
S8x4x4-LD21-H0.3-F0.6-A4-s42,high,twostage,2024,988,23.073,68.0,1,86.0,46.29
S8x4x4-LD21-H0.3-F0.6-A4-s42,high,twostage,2024,989,23.095,68.0,1,86.0,46.29
S8x4x4-LD21-H0.3-F0.6-A4-s42,high,twostage,2024,990,23.121,68.0,1,86.0,46.29
S8x4x4-LD21-H0.3-F0.6-A4-s42,high,twostage,2024,991,23.144,68.0,1,86.0,46.29
S8x4x4-LD21-H0.3-F0.6-A4-s42,high,twostage,2024,992,23.166,68.0,1,86.0,46.29
S8x4x4-LD21-H0.3-F0.6-A4-s42,high,twostage,2024,993,23.188,68.0,1,86.0,46.29
S8x4x4-LD21-H0.3-F0.6-A4-s42,high,twostage,2024,994,23.21,68.0,1,86.0,46.29
S8x4x4-LD21-H0.3-F0.6-A4-s42,high,twostage,2024,995,23.235,68.0,1,86.0,46.29
S8x4x4-LD21-H0.3-F0.6-A4-s42,high,twostage,2024,996,23.257,68.0,1,86.0,46.29
S8x4x4-LD21-H0.3-F0.6-A4-s42,high,twostage,2024,997,23.279,68.0,1,86.0,46.29
S8x4x4-LD21-H0.3-F0.6-A4-s42,high,twostage,2024,998,23.302,68.0,1,86.0,46.29
S8x4x4-LD21-H0.3-F0.6-A4-s42,high,twostage,2024,999,23.324,68.0,1,86.0,46.29
S8x4x4-LD21-H0.3-F0.6-A4-s42,high,twostage,2024,1000,23.349,68.0,1,86.0,46.29
S8x4x4-LD21-H0.3-F0.6-A4-s42,high,twostage,2024,1001,23.371,68.0,1,86.0,46.29
S8x4x4-LD21-H0.3-F0.6-A4-s42,high,twostage,2024,1002,23.393,68.0,1,86.0,46.29
S8x4x4-LD21-H0.3-F0.6-A4-s42,high,twostage,2024,1003,23.416,68.0,1,86.0,46.29
S8x4x4-LD21-H0.3-F0.6-A4-s42,high,twostage,2024,1004,23.438,68.0,1,86.0,46.29
S8x4x4-LD21-H0.3-F0.6-A4-s42,high,twostage,2024,1005,23.463,68.0,1,86.0,46.29
S8x4x4-LD21-H0.3-F0.6-A4-s42,high,twostage,2024,1006,23.485,68.0,1,86.0,46.29
S8x4x4-LD21-H0.3-F0.6-A4-s42,high,twostage,2024,1007,23.508,68.0,1,86.0,46.29
S8x4x4-LD21-H0.3-F0.6-A4-s42,high,twostage,2024,1008,23.53,68.0,1,86.0,46.29
S8x4x4-LD21-H0.3-F0.6-A4-s42,high,twostage,2024,1009,23.553,68.0,1,86.0,46.29
S8x4x4-LD21-H0.3-F0.6-A4-s42,high,twostage,2024,1010,23.58,68.0,1,86.0,46.29
S8x4x4-LD21-H0.3-F0.6-A4-s42,high,twostage,2024,1011,23.602,68.0,1,86.0,46.29
S8x4x4-LD21-H0.3-F0.6-A4-s42,high,twostage,2024,1012,23.625,68.0,1,86.0,46.29
S8x4x4-LD21-H0.3-F0.6-A4-s42,high,twostage,2024,1013,23.648,68.0,1,86.0,46.29
S8x4x4-LD21-H0.3-F0.6-A4-s42,high,twostage,2024,1014,23.67,68.0,1,86.0,46.29
S8x4x4-LD21-H0.3-F0.6-A4-s42,high,twostage,2024,1015,23.696,68.0,1,86.0,46.29
S8x4x4-LD21-H0.3-F0.6-A4-s42,high,twostage,2024,1016,23.718,68.0,1,86.0,46.29
S8x4x4-LD21-H0.3-F0.6-A4-s42,high,twostage,2024,1017,23.74,68.0,1,86.0,46.29
S8x4x4-LD21-H0.3-F0.6-A4-s42,high,twostage,2024,1018,23.763,68.0,1,86.0,46.29
S8x4x4-LD21-H0.3-F0.6-A4-s42,high,twostage,2024,1019,23.786,68.0,1,86.0,46.29
S8x4x4-LD21-H0.3-F0.6-A4-s42,high,twostage,2024,1020,23.811,68.0,1,86.0,46.29
S8x4x4-LD21-H0.3-F0.6-A4-s42,high,twostage,2024,1021,23.833,68.0,1,86.0,46.29
S8x4x4-LD21-H0.3-F0.6-A4-s42,high,twostage,2024,1022,23.855,68.0,1,86.0,46.29
S8x4x4-LD21-H0.3-F0.6-A4-s42,high,twostage,2024,1023,23.877,68.0,1,86.0,46.29
S8x4x4-LD21-H0.3-F0.6-A4-s42,high,twostage,2024,1024,23.899,68.0,1,86.0,46.29
S8x4x4-LD21-H0.3-F0.6-A4-s42,high,twostage,2024,1025,23.924,68.0,1,86.0,46.29
S8x4x4-LD21-H0.3-F0.6-A4-s42,high,twostage,2024,1026,23.946,68.0,1,86.0,46.29
S8x4x4-LD21-H0.3-F0.6-A4-s42,high,twostage,2024,1027,23.968,68.0,1,86.0,46.29
S8x4x4-LD21-H0.3-F0.6-A4-s42,high,twostage,2024,1028,23.991,68.0,1,86.0,46.29
S8x4x4-LD21-H0.3-F0.6-A4-s42,high,twostage,2024,1029,24.013,68.0,1,86.0,46.29
S8x4x4-LD21-H0.3-F0.6-A4-s42,high,twostage,2024,1030,24.039,68.0,1,86.0,46.29
S8x4x4-LD21-H0.3-F0.6-A4-s42,high,twostage,2024,1031,24.062,68.0,1,86.0,46.29
S8x4x4-LD21-H0.3-F0.6-A4-s42,high,twostage,2024,1032,24.09,68.0,1,86.0,46.29
S8x4x4-LD21-H0.3-F0.6-A4-s42,high,twostage,2024,1033,24.113,68.0,1,86.0,46.29
S8x4x4-LD21-H0.3-F0.6-A4-s42,high,twostage,2024,1034,24.141,68.0,1,86.0,46.29
S8x4x4-LD21-H0.3-F0.6-A4-s42,high,twostage,2024,1035,24.165,68.0,1,86.0,46.29
S8x4x4-LD21-H0.3-F0.6-A4-s42,high,twostage,2024,1036,24.186,68.0,1,86.0,46.29
S8x4x4-LD21-H0.3-F0.6-A4-s42,high,twostage,2024,1037,24.209,68.0,1,86.0,46.29
S8x4x4-LD21-H0.3-F0.6-A4-s42,high,twostage,2024,1038,24.232,68.0,1,86.0,46.29
S8x4x4-LD21-H0.3-F0.6-A4-s42,high,twostage,2024,1039,24.257,68.0,1,86.0,46.29
S8x4x4-LD21-H0.3-F0.6-A4-s42,high,twostage,2024,1040,24.28,68.0,1,86.0,46.29
S8x4x4-LD21-H0.3-F0.6-A4-s42,high,twostage,2024,1041,24.301,68.0,1,86.0,46.29
S8x4x4-LD21-H0.3-F0.6-A4-s42,high,twostage,2024,1042,24.324,68.0,1,86.0,46.29
S8x4x4-LD21-H0.3-F0.6-A4-s42,high,twostage,2024,1043,24.346,68.0,1,86.0,46.29
S8x4x4-LD21-H0.3-F0.6-A4-s42,high,twostage,2024,1044,24.372,68.0,1,86.0,46.29
S8x4x4-LD21-H0.3-F0.6-A4-s42,high,twostage,2024,1045,24.394,68.0,1,86.0,46.29
S8x4x4-LD21-H0.3-F0.6-A4-s42,high,twostage,2024,1046,24.417,68.0,1,86.0,46.29
S8x4x4-LD21-H0.3-F0.6-A4-s42,high,twostage,2024,1047,24.439,68.0,1,86.0,46.29
S8x4x4-LD21-H0.3-F0.6-A4-s42,high,twostage,2024,1048,24.461,68.0,1,86.0,46.29
S8x4x4-LD21-H0.3-F0.6-A4-s42,high,twostage,2024,1049,24.487,68.0,1,86.0,46.29
S8x4x4-LD21-H0.3-F0.6-A4-s42,high,twostage,2024,1050,24.509,68.0,1,86.0,46.29
S8x4x4-LD21-H0.3-F0.6-A4-s42,high,twostage,2024,1051,24.531,68.0,1,86.0,46.29
S8x4x4-LD21-H0.3-F0.6-A4-s42,high,twostage,2024,1052,24.554,68.0,1,86.0,46.29
S8x4x4-LD21-H0.3-F0.6-A4-s42,high,twostage,2024,1053,24.576,68.0,1,86.0,46.29
S8x4x4-LD21-H0.3-F0.6-A4-s42,high,twostage,2024,1054,24.601,68.0,1,86.0,46.29
S8x4x4-LD21-H0.3-F0.6-A4-s42,high,twostage,2024,1055,24.624,68.0,1,86.0,46.29
S8x4x4-LD21-H0.3-F0.6-A4-s42,high,twostage,2024,1056,24.647,68.0,1,86.0,46.29
S8x4x4-LD21-H0.3-F0.6-A4-s42,high,twostage,2024,1057,24.67,68.0,1,86.0,46.29
S8x4x4-LD21-H0.3-F0.6-A4-s42,high,twostage,2024,1058,24.692,68.0,1,86.0,46.29
S8x4x4-LD21-H0.3-F0.6-A4-s42,high,twostage,2024,1059,24.717,68.0,1,86.0,46.29
S8x4x4-LD21-H0.3-F0.6-A4-s42,high,twostage,2024,1060,24.739,68.0,1,86.0,46.29
S8x4x4-LD21-H0.3-F0.6-A4-s42,high,twostage,2024,1061,24.761,68.0,1,86.0,46.29
S8x4x4-LD21-H0.3-F0.6-A4-s42,high,twostage,2024,1062,24.784,68.0,1,86.0,46.29
S8x4x4-LD21-H0.3-F0.6-A4-s42,high,twostage,2024,1063,24.806,68.0,1,86.0,46.29
S8x4x4-LD21-H0.3-F0.6-A4-s42,high,twostage,2024,1064,24.83,68.0,1,86.0,46.29
S8x4x4-LD21-H0.3-F0.6-A4-s42,high,twostage,2024,1065,24.852,68.0,1,86.0,46.29
S8x4x4-LD21-H0.3-F0.6-A4-s42,high,twostage,2024,1066,24.874,68.0,1,86.0,46.29
S8x4x4-LD21-H0.3-F0.6-A4-s42,high,twostage,2024,1067,24.896,68.0,1,86.0,46.29
S8x4x4-LD21-H0.3-F0.6-A4-s42,high,twostage,2024,1068,24.919,68.0,1,86.0,46.29
S8x4x4-LD21-H0.3-F0.6-A4-s42,high,twostage,2024,1069,24.944,68.0,1,86.0,46.29
S8x4x4-LD21-H0.3-F0.6-A4-s42,high,twostage,2024,1070,24.965,68.0,1,86.0,46.29
S8x4x4-LD21-H0.3-F0.6-A4-s42,high,twostage,2024,1071,24.988,68.0,1,86.0,46.29
S8x4x4-LD21-H0.3-F0.6-A4-s42,high,twostage,2024,1072,25.011,68.0,1,86.0,46.29
S8x4x4-LD21-H0.3-F0.6-A4-s42,high,twostage,2024,1073,25.033,68.0,1,86.0,46.29
S8x4x4-LD21-H0.3-F0.6-A4-s42,high,twostage,2024,1074,25.058,68.0,1,86.0,46.29
S8x4x4-LD21-H0.3-F0.6-A4-s42,high,twostage,2024,1075,25.08,68.0,1,86.0,46.29
S8x4x4-LD21-H0.3-F0.6-A4-s42,high,twostage,2024,1076,25.103,68.0,1,86.0,46.29
S8x4x4-LD21-H0.3-F0.6-A4-s42,high,twostage,2024,1077,25.126,68.0,1,86.0,46.29
S8x4x4-LD21-H0.3-F0.6-A4-s42,high,twostage,2024,1078,25.149,68.0,1,86.0,46.29
S8x4x4-LD21-H0.3-F0.6-A4-s42,high,twostage,2024,1079,25.173,68.0,1,86.0,46.29
S8x4x4-LD21-H0.3-F0.6-A4-s42,high,twostage,2024,1080,25.195,68.0,1,86.0,46.29
S8x4x4-LD21-H0.3-F0.6-A4-s42,high,twostage,2024,1081,25.219,68.0,1,86.0,46.29
S8x4x4-LD21-H0.3-F0.6-A4-s42,high,twostage,2024,1082,25.241,68.0,1,86.0,46.29
S8x4x4-LD21-H0.3-F0.6-A4-s42,high,twostage,2024,1083,25.265,68.0,1,86.0,46.29
S8x4x4-LD21-H0.3-F0.6-A4-s42,high,twostage,2024,1084,25.29,68.0,1,86.0,46.29
S8x4x4-LD21-H0.3-F0.6-A4-s42,high,twostage,2024,1085,25.312,68.0,1,86.0,46.29
S8x4x4-LD21-H0.3-F0.6-A4-s42,high,twostage,2024,1086,25.334,68.0,1,86.0,46.29
S8x4x4-LD21-H0.3-F0.6-A4-s42,high,twostage,2024,1087,25.357,68.0,1,86.0,46.29
S8x4x4-LD21-H0.3-F0.6-A4-s42,high,twostage,2024,1088,25.383,68.0,1,86.0,46.29
S8x4x4-LD21-H0.3-F0.6-A4-s42,high,twostage,2024,1089,25.405,68.0,1,86.0,46.29
S8x4x4-LD21-H0.3-F0.6-A4-s42,high,twostage,2024,1090,25.428,68.0,1,86.0,46.29
S8x4x4-LD21-H0.3-F0.6-A4-s42,high,twostage,2024,1091,25.451,68.0,1,86.0,46.29
S8x4x4-LD21-H0.3-F0.6-A4-s42,high,twostage,2024,1092,25.473,68.0,1,86.0,46.29
S8x4x4-LD21-H0.3-F0.6-A4-s42,high,twostage,2024,1093,25.498,68.0,1,86.0,46.29
S8x4x4-LD21-H0.3-F0.6-A4-s42,high,twostage,2024,1094,25.521,68.0,1,86.0,46.29
S8x4x4-LD21-H0.3-F0.6-A4-s42,high,twostage,2024,1095,25.544,68.0,1,86.0,46.29
S8x4x4-LD21-H0.3-F0.6-A4-s42,high,twostage,2024,1096,25.566,68.0,1,86.0,46.29
S8x4x4-LD21-H0.3-F0.6-A4-s42,high,twostage,2024,1097,25.589,68.0,1,86.0,46.29
S8x4x4-LD21-H0.3-F0.6-A4-s42,high,twostage,2024,1098,25.614,68.0,1,86.0,46.29
S8x4x4-LD21-H0.3-F0.6-A4-s42,high,twostage,2024,1099,25.637,68.0,1,86.0,46.29
S8x4x4-LD21-H0.3-F0.6-A4-s42,high,twostage,2024,1100,25.66,68.0,1,86.0,46.29
S8x4x4-LD21-H0.3-F0.6-A4-s42,high,twostage,2024,1101,25.682,68.0,1,86.0,46.29
S8x4x4-LD21-H0.3-F0.6-A4-s42,high,twostage,2024,1102,25.705,68.0,1,86.0,46.29
S8x4x4-LD21-H0.3-F0.6-A4-s42,high,twostage,2024,1103,25.729,68.0,1,86.0,46.29
S8x4x4-LD21-H0.3-F0.6-A4-s42,high,twostage,2024,1104,25.752,68.0,1,86.0,46.29
S8x4x4-LD21-H0.3-F0.6-A4-s42,high,twostage,2024,1105,25.775,68.0,1,86.0,46.29
S8x4x4-LD21-H0.3-F0.6-A4-s42,high,twostage,2024,1106,25.798,68.0,1,86.0,46.29
S8x4x4-LD21-H0.3-F0.6-A4-s42,high,twostage,2024,1107,25.82,68.0,1,86.0,46.29
S8x4x4-LD21-H0.3-F0.6-A4-s42,high,twostage,2024,1108,25.845,68.0,1,86.0,46.29
S8x4x4-LD21-H0.3-F0.6-A4-s42,high,twostage,2024,1109,25.867,68.0,1,86.0,46.29
S8x4x4-LD21-H0.3-F0.6-A4-s42,high,twostage,2024,1110,25.889,68.0,1,86.0,46.29
S8x4x4-LD21-H0.3-F0.6-A4-s42,high,twostage,2024,1111,25.91,68.0,1,86.0,46.29
S8x4x4-LD21-H0.3-F0.6-A4-s42,high,twostage,2024,1112,25.933,68.0,1,86.0,46.29
S8x4x4-LD21-H0.3-F0.6-A4-s42,high,twostage,2024,1113,25.958,68.0,1,86.0,46.29
S8x4x4-LD21-H0.3-F0.6-A4-s42,high,twostage,2024,1114,25.981,68.0,1,86.0,46.29
S8x4x4-LD21-H0.3-F0.6-A4-s42,high,twostage,2024,1115,26.004,68.0,1,86.0,46.29
S8x4x4-LD21-H0.3-F0.6-A4-s42,high,twostage,2024,1116,26.026,68.0,1,86.0,46.29
S8x4x4-LD21-H0.3-F0.6-A4-s42,high,twostage,2024,1117,26.049,68.0,1,86.0,46.29
S8x4x4-LD21-H0.3-F0.6-A4-s42,high,twostage,2024,1118,26.074,68.0,1,86.0,46.29
S8x4x4-LD21-H0.3-F0.6-A4-s42,high,twostage,2024,1119,26.096,68.0,1,86.0,46.29
S8x4x4-LD21-H0.3-F0.6-A4-s42,high,twostage,2024,1120,26.119,68.0,1,86.0,46.29
S8x4x4-LD21-H0.3-F0.6-A4-s42,high,twostage,2024,1121,26.142,68.0,1,86.0,46.29
S8x4x4-LD21-H0.3-F0.6-A4-s42,high,twostage,2024,1122,26.165,68.0,1,86.0,46.29
S8x4x4-LD21-H0.3-F0.6-A4-s42,high,twostage,2024,1123,26.19,68.0,1,86.0,46.29
S8x4x4-LD21-H0.3-F0.6-A4-s42,high,twostage,2024,1124,26.213,68.0,1,86.0,46.29
S8x4x4-LD21-H0.3-F0.6-A4-s42,high,twostage,2024,1125,26.236,68.0,1,86.0,46.29
S8x4x4-LD21-H0.3-F0.6-A4-s42,high,twostage,2024,1126,26.258,68.0,1,86.0,46.29
S8x4x4-LD21-H0.3-F0.6-A4-s42,high,twostage,2024,1127,26.28,68.0,1,86.0,46.29
S8x4x4-LD21-H0.3-F0.6-A4-s42,high,twostage,2024,1128,26.305,68.0,1,86.0,46.29
S8x4x4-LD21-H0.3-F0.6-A4-s42,high,twostage,2024,1129,26.327,68.0,1,86.0,46.29
S8x4x4-LD21-H0.3-F0.6-A4-s42,high,twostage,2024,1130,26.349,68.0,1,86.0,46.29
S8x4x4-LD21-H0.3-F0.6-A4-s42,high,twostage,2024,1131,26.371,68.0,1,86.0,46.29
S8x4x4-LD21-H0.3-F0.6-A4-s42,high,twostage,2024,1132,26.393,68.0,1,86.0,46.29
S8x4x4-LD21-H0.3-F0.6-A4-s42,high,twostage,2024,1133,26.418,68.0,1,86.0,46.29
S8x4x4-LD21-H0.3-F0.6-A4-s42,high,twostage,2024,1134,26.439,68.0,1,86.0,46.29
S8x4x4-LD21-H0.3-F0.6-A4-s42,high,twostage,2024,1135,26.463,68.0,1,86.0,46.29
S8x4x4-LD21-H0.3-F0.6-A4-s42,high,twostage,2024,1136,26.484,68.0,1,86.0,46.29
S8x4x4-LD21-H0.3-F0.6-A4-s42,high,twostage,2024,1137,26.51,68.0,1,86.0,46.29
S8x4x4-LD21-H0.3-F0.6-A4-s42,high,twostage,2024,1138,26.533,68.0,1,86.0,46.29
S8x4x4-LD21-H0.3-F0.6-A4-s42,high,twostage,2024,1139,26.555,68.0,1,86.0,46.29
S8x4x4-LD21-H0.3-F0.6-A4-s42,high,twostage,2024,1140,26.577,68.0,1,86.0,46.29
S8x4x4-LD21-H0.3-F0.6-A4-s42,high,twostage,2024,1141,26.599,68.0,1,86.0,46.29
S8x4x4-LD21-H0.3-F0.6-A4-s42,high,twostage,2024,1142,26.624,68.0,1,86.0,46.29
S8x4x4-LD21-H0.3-F0.6-A4-s42,high,twostage,2024,1143,26.646,68.0,1,86.0,46.29
S8x4x4-LD21-H0.3-F0.6-A4-s42,high,twostage,2024,1144,26.67,68.0,1,86.0,46.29
S8x4x4-LD21-H0.3-F0.6-A4-s42,high,twostage,2024,1145,26.692,68.0,1,86.0,46.29
S8x4x4-LD21-H0.3-F0.6-A4-s42,high,twostage,2024,1146,26.714,68.0,1,86.0,46.29
S8x4x4-LD21-H0.3-F0.6-A4-s42,high,twostage,2024,1147,26.739,68.0,1,86.0,46.29
S8x4x4-LD21-H0.3-F0.6-A4-s42,high,twostage,2024,1148,26.762,68.0,1,86.0,46.29
S8x4x4-LD21-H0.3-F0.6-A4-s42,high,twostage,2024,1149,26.786,68.0,1,86.0,46.29
S8x4x4-LD21-H0.3-F0.6-A4-s42,high,twostage,2024,1150,26.808,68.0,1,86.0,46.29
S8x4x4-LD21-H0.3-F0.6-A4-s42,high,twostage,2024,1151,26.83,68.0,1,86.0,46.29
S8x4x4-LD21-H0.3-F0.6-A4-s42,high,twostage,2024,1152,26.855,68.0,1,86.0,46.29
S8x4x4-LD21-H0.3-F0.6-A4-s42,high,twostage,2024,1153,26.877,68.0,1,86.0,46.29
S8x4x4-LD21-H0.3-F0.6-A4-s42,high,twostage,2024,1154,26.899,68.0,1,86.0,46.29
S8x4x4-LD21-H0.3-F0.6-A4-s42,high,twostage,2024,1155,26.921,68.0,1,86.0,46.29
S8x4x4-LD21-H0.3-F0.6-A4-s42,high,twostage,2024,1156,26.943,68.0,1,86.0,46.29
S8x4x4-LD21-H0.3-F0.6-A4-s42,high,twostage,2024,1157,26.968,68.0,1,86.0,46.29
S8x4x4-LD21-H0.3-F0.6-A4-s42,high,twostage,2024,1158,26.99,68.0,1,86.0,46.29
S8x4x4-LD21-H0.3-F0.6-A4-s42,high,twostage,2024,1159,27.013,68.0,1,86.0,46.29
S8x4x4-LD21-H0.3-F0.6-A4-s42,high,twostage,2024,1160,27.036,68.0,1,86.0,46.29
S8x4x4-LD21-H0.3-F0.6-A4-s42,high,twostage,2024,1161,27.059,68.0,1,86.0,46.29
S8x4x4-LD21-H0.3-F0.6-A4-s42,high,twostage,2024,1162,27.085,68.0,1,86.0,46.29
S8x4x4-LD21-H0.3-F0.6-A4-s42,high,twostage,2024,1163,27.106,68.0,1,86.0,46.29
S8x4x4-LD21-H0.3-F0.6-A4-s42,high,twostage,2024,1164,27.129,68.0,1,86.0,46.29
S8x4x4-LD21-H0.3-F0.6-A4-s42,high,twostage,2024,1165,27.152,68.0,1,86.0,46.29
S8x4x4-LD21-H0.3-F0.6-A4-s42,high,twostage,2024,1166,27.176,68.0,1,86.0,46.29
S8x4x4-LD21-H0.3-F0.6-A4-s42,high,twostage,2024,1167,27.201,68.0,1,86.0,46.29
S8x4x4-LD21-H0.3-F0.6-A4-s42,high,twostage,2024,1168,27.223,68.0,1,86.0,46.29
S8x4x4-LD21-H0.3-F0.6-A4-s42,high,twostage,2024,1169,27.245,68.0,1,86.0,46.29
S8x4x4-LD21-H0.3-F0.6-A4-s42,high,twostage,2024,1170,27.267,68.0,1,86.0,46.29
S8x4x4-LD21-H0.3-F0.6-A4-s42,high,twostage,2024,1171,27.29,68.0,1,86.0,46.29
S8x4x4-LD21-H0.3-F0.6-A4-s42,high,twostage,2024,1172,27.315,68.0,1,86.0,46.29
S8x4x4-LD21-H0.3-F0.6-A4-s42,high,twostage,2024,1173,27.337,68.0,1,86.0,46.29
S8x4x4-LD21-H0.3-F0.6-A4-s42,high,twostage,2024,1174,27.359,68.0,1,86.0,46.29
S8x4x4-LD21-H0.3-F0.6-A4-s42,high,twostage,2024,1175,27.381,68.0,1,86.0,46.29
S8x4x4-LD21-H0.3-F0.6-A4-s42,high,twostage,2024,1176,27.404,68.0,1,86.0,46.29
S8x4x4-LD21-H0.3-F0.6-A4-s42,high,twostage,2024,1177,27.428,68.0,1,86.0,46.29
S8x4x4-LD21-H0.3-F0.6-A4-s42,high,twostage,2024,1178,27.451,68.0,1,86.0,46.29
S8x4x4-LD21-H0.3-F0.6-A4-s42,high,twostage,2024,1179,27.472,68.0,1,86.0,46.29
S8x4x4-LD21-H0.3-F0.6-A4-s42,high,twostage,2024,1180,27.493,68.0,1,86.0,46.29
S8x4x4-LD21-H0.3-F0.6-A4-s42,high,twostage,2024,1181,27.517,68.0,1,86.0,46.29
S8x4x4-LD21-H0.3-F0.6-A4-s42,high,twostage,2024,1182,27.541,68.0,1,86.0,46.29
S8x4x4-LD21-H0.3-F0.6-A4-s42,high,twostage,2024,1183,27.563,68.0,1,86.0,46.29
S8x4x4-LD21-H0.3-F0.6-A4-s42,high,twostage,2024,1184,27.586,68.0,1,86.0,46.29
S8x4x4-LD21-H0.3-F0.6-A4-s42,high,twostage,2024,1185,27.608,68.0,1,86.0,46.29
S8x4x4-LD21-H0.3-F0.6-A4-s42,high,twostage,2024,1186,27.634,68.0,1,86.0,46.29
S8x4x4-LD21-H0.3-F0.6-A4-s42,high,twostage,2024,1187,27.656,68.0,1,86.0,46.29
S8x4x4-LD21-H0.3-F0.6-A4-s42,high,twostage,2024,1188,27.678,68.0,1,86.0,46.29
S8x4x4-LD21-H0.3-F0.6-A4-s42,high,twostage,2024,1189,27.701,68.0,1,86.0,46.29
S8x4x4-LD21-H0.3-F0.6-A4-s42,high,twostage,2024,1190,27.724,68.0,1,86.0,46.29
S8x4x4-LD21-H0.3-F0.6-A4-s42,high,twostage,2024,1191,27.748,68.0,1,86.0,46.29
S8x4x4-LD21-H0.3-F0.6-A4-s42,high,twostage,2024,1192,27.77,68.0,1,86.0,46.29
S8x4x4-LD21-H0.3-F0.6-A4-s42,high,twostage,2024,1193,27.793,68.0,1,86.0,46.29
S8x4x4-LD21-H0.3-F0.6-A4-s42,high,twostage,2024,1194,27.815,68.0,1,86.0,46.29
S8x4x4-LD21-H0.3-F0.6-A4-s42,high,twostage,2024,1195,27.839,68.0,1,86.0,46.29
S8x4x4-LD21-H0.3-F0.6-A4-s42,high,twostage,2024,1196,27.864,68.0,1,86.0,46.29
S8x4x4-LD21-H0.3-F0.6-A4-s42,high,twostage,2024,1197,27.886,68.0,1,86.0,46.29
S8x4x4-LD21-H0.3-F0.6-A4-s42,high,twostage,2024,1198,27.908,68.0,1,86.0,46.29
S8x4x4-LD21-H0.3-F0.6-A4-s42,high,twostage,2024,1199,27.93,68.0,1,86.0,46.29
S8x4x4-LD21-H0.3-F0.6-A4-s42,high,twostage,2024,1200,27.953,68.0,1,86.0,46.29
S8x4x4-LD21-H0.3-F0.6-A4-s42,high,twostage,2024,1201,27.977,68.0,1,86.0,46.29
S8x4x4-LD21-H0.3-F0.6-A4-s42,high,twostage,2024,1202,28.0,68.0,1,86.0,46.29
S8x4x4-LD21-H0.3-F0.6-A4-s42,high,twostage,2024,1203,28.022,68.0,1,86.0,46.29
S8x4x4-LD21-H0.3-F0.6-A4-s42,high,twostage,2024,1204,28.044,68.0,1,86.0,46.29
S8x4x4-LD21-H0.3-F0.6-A4-s42,high,twostage,2024,1205,28.067,68.0,1,86.0,46.29
S8x4x4-LD21-H0.3-F0.6-A4-s42,high,twostage,2024,1206,28.092,68.0,1,86.0,46.29
S8x4x4-LD21-H0.3-F0.6-A4-s42,high,twostage,2024,1207,28.114,68.0,1,86.0,46.29
S8x4x4-LD21-H0.3-F0.6-A4-s42,high,twostage,2024,1208,28.136,68.0,1,86.0,46.29
S8x4x4-LD21-H0.3-F0.6-A4-s42,high,twostage,2024,1209,28.159,68.0,1,86.0,46.29
S8x4x4-LD21-H0.3-F0.6-A4-s42,high,twostage,2024,1210,28.181,68.0,1,86.0,46.29
S8x4x4-LD21-H0.3-F0.6-A4-s42,high,twostage,2024,1211,28.207,68.0,1,86.0,46.29
S8x4x4-LD21-H0.3-F0.6-A4-s42,high,twostage,2024,1212,28.229,68.0,1,86.0,46.29
S8x4x4-LD21-H0.3-F0.6-A4-s42,high,twostage,2024,1213,28.251,68.0,1,86.0,46.29
S8x4x4-LD21-H0.3-F0.6-A4-s42,high,twostage,2024,1214,28.273,68.0,1,86.0,46.29
S8x4x4-LD21-H0.3-F0.6-A4-s42,high,twostage,2024,1215,28.296,68.0,1,86.0,46.29
S8x4x4-LD21-H0.3-F0.6-A4-s42,high,twostage,2024,1216,28.32,68.0,1,86.0,46.29
S8x4x4-LD21-H0.3-F0.6-A4-s42,high,twostage,2024,1217,28.344,68.0,1,86.0,46.29
S8x4x4-LD21-H0.3-F0.6-A4-s42,high,twostage,2024,1218,28.366,68.0,1,86.0,46.29
S8x4x4-LD21-H0.3-F0.6-A4-s42,high,twostage,2024,1219,28.39,68.0,1,86.0,46.29
S8x4x4-LD21-H0.3-F0.6-A4-s42,high,twostage,2024,1220,28.412,68.0,1,86.0,46.29
S8x4x4-LD21-H0.3-F0.6-A4-s42,high,twostage,2024,1221,28.436,68.0,1,86.0,46.29
S8x4x4-LD21-H0.3-F0.6-A4-s42,high,twostage,2024,1222,28.458,68.0,1,86.0,46.29
S8x4x4-LD21-H0.3-F0.6-A4-s42,high,twostage,2024,1223,28.48,68.0,1,86.0,46.29
S8x4x4-LD21-H0.3-F0.6-A4-s42,high,twostage,2024,1224,28.503,68.0,1,86.0,46.29
S8x4x4-LD21-H0.3-F0.6-A4-s42,high,twostage,2024,1225,28.525,68.0,1,86.0,46.29
S8x4x4-LD21-H0.3-F0.6-A4-s42,high,twostage,2024,1226,28.55,68.0,1,86.0,46.29
S8x4x4-LD21-H0.3-F0.6-A4-s42,high,twostage,2024,1227,28.571,68.0,1,86.0,46.29
S8x4x4-LD21-H0.3-F0.6-A4-s42,high,twostage,2024,1228,28.595,68.0,1,86.0,46.29
S8x4x4-LD21-H0.3-F0.6-A4-s42,high,twostage,2024,1229,28.618,68.0,1,86.0,46.29
S8x4x4-LD21-H0.3-F0.6-A4-s42,high,twostage,2024,1230,28.639,68.0,1,86.0,46.29
S8x4x4-LD21-H0.3-F0.6-A4-s42,high,twostage,2024,1231,28.664,68.0,1,86.0,46.29
S8x4x4-LD21-H0.3-F0.6-A4-s42,high,twostage,2024,1232,28.686,68.0,1,86.0,46.29
S8x4x4-LD21-H0.3-F0.6-A4-s42,high,twostage,2024,1233,28.71,68.0,1,86.0,46.29
S8x4x4-LD21-H0.3-F0.6-A4-s42,high,twostage,2024,1234,28.732,68.0,1,86.0,46.29
S8x4x4-LD21-H0.3-F0.6-A4-s42,high,twostage,2024,1235,28.762,68.0,1,86.0,46.29
S8x4x4-LD21-H0.3-F0.6-A4-s42,high,twostage,2024,1236,28.786,68.0,1,86.0,46.29
S8x4x4-LD21-H0.3-F0.6-A4-s42,high,twostage,2024,1237,28.809,68.0,1,86.0,46.29
S8x4x4-LD21-H0.3-F0.6-A4-s42,high,twostage,2024,1238,28.833,68.0,1,86.0,46.29
S8x4x4-LD21-H0.3-F0.6-A4-s42,high,twostage,2024,1239,28.855,68.0,1,86.0,46.29
S8x4x4-LD21-H0.3-F0.6-A4-s42,high,twostage,2024,1240,28.879,68.0,1,86.0,46.29
S8x4x4-LD21-H0.3-F0.6-A4-s42,high,twostage,2024,1241,28.902,68.0,1,86.0,46.29
S8x4x4-LD21-H0.3-F0.6-A4-s42,high,twostage,2024,1242,28.924,68.0,1,86.0,46.29
S8x4x4-LD21-H0.3-F0.6-A4-s42,high,twostage,2024,1243,28.947,68.0,1,86.0,46.29
S8x4x4-LD21-H0.3-F0.6-A4-s42,high,twostage,2024,1244,28.969,68.0,1,86.0,46.29
S8x4x4-LD21-H0.3-F0.6-A4-s42,high,twostage,2024,1245,28.994,68.0,1,86.0,46.29
S8x4x4-LD21-H0.3-F0.6-A4-s42,high,twostage,2024,1246,29.016,68.0,1,86.0,46.29
S8x4x4-LD21-H0.3-F0.6-A4-s42,high,twostage,2024,1247,29.039,68.0,1,86.0,46.29
S8x4x4-LD21-H0.3-F0.6-A4-s42,high,twostage,2024,1248,29.062,68.0,1,86.0,46.29
S8x4x4-LD21-H0.3-F0.6-A4-s42,high,twostage,2024,1249,29.084,68.0,1,86.0,46.29
S8x4x4-LD21-H0.3-F0.6-A4-s42,high,twostage,2024,1250,29.109,68.0,1,86.0,46.29
S8x4x4-LD21-H0.3-F0.6-A4-s42,high,twostage,2024,1251,29.131,68.0,1,86.0,46.29
S8x4x4-LD21-H0.3-F0.6-A4-s42,high,twostage,2024,1252,29.154,68.0,1,86.0,46.29
S8x4x4-LD21-H0.3-F0.6-A4-s42,high,twostage,2024,1253,29.177,68.0,1,86.0,46.29
S8x4x4-LD21-H0.3-F0.6-A4-s42,high,twostage,2024,1254,29.199,68.0,1,86.0,46.29
S8x4x4-LD21-H0.3-F0.6-A4-s42,high,twostage,2024,1255,29.224,68.0,1,86.0,46.29
S8x4x4-LD21-H0.3-F0.6-A4-s42,high,twostage,2024,1256,29.246,68.0,1,86.0,46.29
S8x4x4-LD21-H0.3-F0.6-A4-s42,high,twostage,2024,1257,29.269,68.0,1,86.0,46.29
S8x4x4-LD21-H0.3-F0.6-A4-s42,high,twostage,2024,1258,29.291,68.0,1,86.0,46.29
S8x4x4-LD21-H0.3-F0.6-A4-s42,high,twostage,2024,1259,29.313,68.0,1,86.0,46.29
S8x4x4-LD21-H0.3-F0.6-A4-s42,high,twostage,2024,1260,29.34,68.0,1,86.0,46.29
S8x4x4-LD21-H0.3-F0.6-A4-s42,high,twostage,2024,1261,29.367,68.0,1,86.0,46.29
S8x4x4-LD21-H0.3-F0.6-A4-s42,high,twostage,2024,1262,29.391,68.0,1,86.0,46.29
S8x4x4-LD21-H0.3-F0.6-A4-s42,high,twostage,2024,1263,29.413,68.0,1,86.0,46.29
S8x4x4-LD21-H0.3-F0.6-A4-s42,high,twostage,2024,1264,29.436,68.0,1,86.0,46.29
S8x4x4-LD21-H0.3-F0.6-A4-s42,high,twostage,2024,1265,29.46,68.0,1,86.0,46.29
S8x4x4-LD21-H0.3-F0.6-A4-s42,high,twostage,2024,1266,29.483,68.0,1,86.0,46.29
S8x4x4-LD21-H0.3-F0.6-A4-s42,high,twostage,2024,1267,29.506,68.0,1,86.0,46.29
S8x4x4-LD21-H0.3-F0.6-A4-s42,high,twostage,2024,1268,29.527,68.0,1,86.0,46.29
S8x4x4-LD21-H0.3-F0.6-A4-s42,high,twostage,2024,1269,29.549,68.0,1,86.0,46.29
S8x4x4-LD21-H0.3-F0.6-A4-s42,high,twostage,2024,1270,29.574,68.0,1,86.0,46.29
S8x4x4-LD21-H0.3-F0.6-A4-s42,high,twostage,2024,1271,29.596,68.0,1,86.0,46.29
S8x4x4-LD21-H0.3-F0.6-A4-s42,high,twostage,2024,1272,29.619,68.0,1,86.0,46.29
S8x4x4-LD21-H0.3-F0.6-A4-s42,high,twostage,2024,1273,29.641,68.0,1,86.0,46.29
S8x4x4-LD21-H0.3-F0.6-A4-s42,high,twostage,2024,1274,29.663,68.0,1,86.0,46.29
S8x4x4-LD21-H0.3-F0.6-A4-s42,high,twostage,2024,1275,29.689,68.0,1,86.0,46.29
S8x4x4-LD21-H0.3-F0.6-A4-s42,high,twostage,2024,1276,29.712,68.0,1,86.0,46.29
S8x4x4-LD21-H0.3-F0.6-A4-s42,high,twostage,2024,1277,29.734,68.0,1,86.0,46.29
S8x4x4-LD21-H0.3-F0.6-A4-s42,high,twostage,2024,1278,29.757,68.0,1,86.0,46.29
S8x4x4-LD21-H0.3-F0.6-A4-s42,high,twostage,2024,1279,29.78,68.0,1,86.0,46.29
S8x4x4-LD21-H0.3-F0.6-A4-s42,high,twostage,2024,1280,29.804,68.0,1,86.0,46.29
S8x4x4-LD21-H0.3-F0.6-A4-s42,high,twostage,2024,1281,29.827,68.0,1,86.0,46.29
S8x4x4-LD21-H0.3-F0.6-A4-s42,high,twostage,2024,1282,29.849,68.0,1,86.0,46.29
S8x4x4-LD21-H0.3-F0.6-A4-s42,high,twostage,2024,1283,29.872,68.0,1,86.0,46.29
S8x4x4-LD21-H0.3-F0.6-A4-s42,high,twostage,2024,1284,29.897,68.0,1,86.0,46.29
S8x4x4-LD21-H0.3-F0.6-A4-s42,high,twostage,2024,1285,29.92,68.0,1,86.0,46.29
S8x4x4-LD21-H0.3-F0.6-A4-s42,high,twostage,2024,1286,29.943,68.0,1,86.0,46.29
S8x4x4-LD21-H0.3-F0.6-A4-s42,high,twostage,2024,1287,29.965,68.0,1,86.0,46.29
S8x4x4-LD21-H0.3-F0.6-A4-s42,high,twostage,2024,1288,29.987,68.0,1,86.0,46.29
S8x4x4-LD21-H0.3-F0.6-A4-s42,high,twostage,2024,1289,30.013,68.0,1,86.0,46.29
S8x4x4-LD21-H0.3-F0.6-A4-s42,high,twostage,2024,1290,30.036,68.0,1,86.0,46.29
S8x4x4-LD21-H0.3-F0.6-A4-s42,high,twostage,2024,1291,30.058,68.0,1,86.0,46.29
S8x4x4-LD21-H0.3-F0.6-A4-s42,high,twostage,2024,1292,30.08,68.0,1,86.0,46.29
S8x4x4-LD21-H0.3-F0.6-A4-s42,high,twostage,2024,1293,30.103,68.0,1,86.0,46.29
S8x4x4-LD21-H0.3-F0.6-A4-s42,high,twostage,2024,1294,30.128,68.0,1,86.0,46.29
S8x4x4-LD21-H0.3-F0.6-A4-s42,high,twostage,2024,1295,30.15,68.0,1,86.0,46.29
S8x4x4-LD21-H0.3-F0.6-A4-s42,high,twostage,2024,1296,30.172,68.0,1,86.0,46.29
S8x4x4-LD21-H0.3-F0.6-A4-s42,high,twostage,2024,1297,30.194,68.0,1,86.0,46.29
S8x4x4-LD21-H0.3-F0.6-A4-s42,high,twostage,2024,1298,30.217,68.0,1,86.0,46.29
S8x4x4-LD21-H0.3-F0.6-A4-s42,high,twostage,2024,1299,30.242,68.0,1,86.0,46.29
S8x4x4-LD21-H0.3-F0.6-A4-s42,high,twostage,2024,1300,30.265,68.0,1,86.0,46.29
S8x4x4-LD21-H0.3-F0.6-A4-s42,high,twostage,2024,1301,30.286,68.0,1,86.0,46.29
S8x4x4-LD21-H0.3-F0.6-A4-s42,high,twostage,2024,1302,30.309,68.0,1,86.0,46.29
S8x4x4-LD21-H0.3-F0.6-A4-s42,high,twostage,2024,1303,30.331,68.0,1,86.0,46.29
S8x4x4-LD21-H0.3-F0.6-A4-s42,high,twostage,2024,1304,30.356,68.0,1,86.0,46.29
S8x4x4-LD21-H0.3-F0.6-A4-s42,high,twostage,2024,1305,30.378,68.0,1,86.0,46.29
S8x4x4-LD21-H0.3-F0.6-A4-s42,high,twostage,2024,1306,30.4,68.0,1,86.0,46.29
S8x4x4-LD21-H0.3-F0.6-A4-s42,high,twostage,2024,1307,30.423,68.0,1,86.0,46.29
S8x4x4-LD21-H0.3-F0.6-A4-s42,high,twostage,2024,1308,30.445,68.0,1,86.0,46.29
S8x4x4-LD21-H0.3-F0.6-A4-s42,high,twostage,2024,1309,30.469,68.0,1,86.0,46.29
S8x4x4-LD21-H0.3-F0.6-A4-s42,high,twostage,2024,1310,30.491,68.0,1,86.0,46.29
S8x4x4-LD21-H0.3-F0.6-A4-s42,high,twostage,2024,1311,30.513,68.0,1,86.0,46.29
S8x4x4-LD21-H0.3-F0.6-A4-s42,high,twostage,2024,1312,30.535,68.0,1,86.0,46.29
S8x4x4-LD21-H0.3-F0.6-A4-s42,high,twostage,2024,1313,30.557,68.0,1,86.0,46.29
S8x4x4-LD21-H0.3-F0.6-A4-s42,high,twostage,2024,1314,30.582,68.0,1,86.0,46.29
S8x4x4-LD21-H0.3-F0.6-A4-s42,high,twostage,2024,1315,30.604,68.0,1,86.0,46.29
S8x4x4-LD21-H0.3-F0.6-A4-s42,high,twostage,2024,1316,30.626,68.0,1,86.0,46.29
S8x4x4-LD21-H0.3-F0.6-A4-s42,high,twostage,2024,1317,30.649,68.0,1,86.0,46.29
S8x4x4-LD21-H0.3-F0.6-A4-s42,high,twostage,2024,1318,30.672,68.0,1,86.0,46.29
S8x4x4-LD21-H0.3-F0.6-A4-s42,high,twostage,2024,1319,30.698,68.0,1,86.0,46.29
S8x4x4-LD21-H0.3-F0.6-A4-s42,high,twostage,2024,1320,30.721,68.0,1,86.0,46.29
S8x4x4-LD21-H0.3-F0.6-A4-s42,high,twostage,2024,1321,30.743,68.0,1,86.0,46.29
S8x4x4-LD21-H0.3-F0.6-A4-s42,high,twostage,2024,1322,30.765,68.0,1,86.0,46.29
S8x4x4-LD21-H0.3-F0.6-A4-s42,high,twostage,2024,1323,30.789,68.0,1,86.0,46.29
S8x4x4-LD21-H0.3-F0.6-A4-s42,high,twostage,2024,1324,30.813,68.0,1,86.0,46.29
S8x4x4-LD21-H0.3-F0.6-A4-s42,high,twostage,2024,1325,30.835,68.0,1,86.0,46.29
S8x4x4-LD21-H0.3-F0.6-A4-s42,high,twostage,2024,1326,30.857,68.0,1,86.0,46.29
S8x4x4-LD21-H0.3-F0.6-A4-s42,high,twostage,2024,1327,30.88,68.0,1,86.0,46.29
S8x4x4-LD21-H0.3-F0.6-A4-s42,high,twostage,2024,1328,30.902,68.0,1,86.0,46.29
S8x4x4-LD21-H0.3-F0.6-A4-s42,high,twostage,2024,1329,30.926,68.0,1,86.0,46.29
S8x4x4-LD21-H0.3-F0.6-A4-s42,high,twostage,2024,1330,30.949,68.0,1,86.0,46.29
S8x4x4-LD21-H0.3-F0.6-A4-s42,high,twostage,2024,1331,30.971,68.0,1,86.0,46.29
S8x4x4-LD21-H0.3-F0.6-A4-s42,high,twostage,2024,1332,30.994,68.0,1,86.0,46.29
S8x4x4-LD21-H0.3-F0.6-A4-s42,high,twostage,2024,1333,31.019,68.0,1,86.0,46.29
S8x4x4-LD21-H0.3-F0.6-A4-s42,high,twostage,2024,1334,31.042,68.0,1,86.0,46.29
S8x4x4-LD21-H0.3-F0.6-A4-s42,high,twostage,2024,1335,31.064,68.0,1,86.0,46.29
S8x4x4-LD21-H0.3-F0.6-A4-s42,high,twostage,2024,1336,31.086,68.0,1,86.0,46.29
S8x4x4-LD21-H0.3-F0.6-A4-s42,high,twostage,2024,1337,31.108,68.0,1,86.0,46.29
S8x4x4-LD21-H0.3-F0.6-A4-s42,high,twostage,2024,1338,31.134,68.0,1,86.0,46.29
S8x4x4-LD21-H0.3-F0.6-A4-s42,high,twostage,2024,1339,31.156,68.0,1,86.0,46.29
S8x4x4-LD21-H0.3-F0.6-A4-s42,high,twostage,2024,1340,31.178,68.0,1,86.0,46.29
S8x4x4-LD21-H0.3-F0.6-A4-s42,high,twostage,2024,1341,31.201,68.0,1,86.0,46.29
S8x4x4-LD21-H0.3-F0.6-A4-s42,high,twostage,2024,1342,31.223,68.0,1,86.0,46.29
S8x4x4-LD21-H0.3-F0.6-A4-s42,high,twostage,2024,1343,31.248,68.0,1,86.0,46.29
S8x4x4-LD21-H0.3-F0.6-A4-s42,high,twostage,2024,1344,31.27,68.0,1,86.0,46.29
S8x4x4-LD21-H0.3-F0.6-A4-s42,high,twostage,2024,1345,31.293,68.0,1,86.0,46.29
S8x4x4-LD21-H0.3-F0.6-A4-s42,high,twostage,2024,1346,31.316,68.0,1,86.0,46.29
S8x4x4-LD21-H0.3-F0.6-A4-s42,high,twostage,2024,1347,31.337,68.0,1,86.0,46.29
S8x4x4-LD21-H0.3-F0.6-A4-s42,high,twostage,2024,1348,31.362,68.0,1,86.0,46.29
S8x4x4-LD21-H0.3-F0.6-A4-s42,high,twostage,2024,1349,31.385,68.0,1,86.0,46.29
S8x4x4-LD21-H0.3-F0.6-A4-s42,high,twostage,2024,1350,31.408,68.0,1,86.0,46.29
S8x4x4-LD21-H0.3-F0.6-A4-s42,high,twostage,2024,1351,31.43,68.0,1,86.0,46.29
S8x4x4-LD21-H0.3-F0.6-A4-s42,high,twostage,2024,1352,31.453,68.0,1,86.0,46.29
S8x4x4-LD21-H0.3-F0.6-A4-s42,high,twostage,2024,1353,31.478,68.0,1,86.0,46.29
S8x4x4-LD21-H0.3-F0.6-A4-s42,high,twostage,2024,1354,31.5,68.0,1,86.0,46.29
S8x4x4-LD21-H0.3-F0.6-A4-s42,high,twostage,2024,1355,31.522,68.0,1,86.0,46.29
S8x4x4-LD21-H0.3-F0.6-A4-s42,high,twostage,2024,1356,31.543,68.0,1,86.0,46.29
S8x4x4-LD21-H0.3-F0.6-A4-s42,high,twostage,2024,1357,31.567,68.0,1,86.0,46.29
S8x4x4-LD21-H0.3-F0.6-A4-s42,high,twostage,2024,1358,31.591,68.0,1,86.0,46.29
S8x4x4-LD21-H0.3-F0.6-A4-s42,high,twostage,2024,1359,31.614,68.0,1,86.0,46.29
S8x4x4-LD21-H0.3-F0.6-A4-s42,high,twostage,2024,1360,31.635,68.0,1,86.0,46.29
S8x4x4-LD21-H0.3-F0.6-A4-s42,high,twostage,2024,1361,31.658,68.0,1,86.0,46.29
S8x4x4-LD21-H0.3-F0.6-A4-s42,high,twostage,2024,1362,31.681,68.0,1,86.0,46.29
S8x4x4-LD21-H0.3-F0.6-A4-s42,high,twostage,2024,1363,31.705,68.0,1,86.0,46.29
S8x4x4-LD21-H0.3-F0.6-A4-s42,high,twostage,2024,1364,31.727,68.0,1,86.0,46.29
S8x4x4-LD21-H0.3-F0.6-A4-s42,high,twostage,2024,1365,31.75,68.0,1,86.0,46.29
S8x4x4-LD21-H0.3-F0.6-A4-s42,high,twostage,2024,1366,31.773,68.0,1,86.0,46.29
S8x4x4-LD21-H0.3-F0.6-A4-s42,high,twostage,2024,1367,31.795,68.0,1,86.0,46.29
S8x4x4-LD21-H0.3-F0.6-A4-s42,high,twostage,2024,1368,31.819,68.0,1,86.0,46.29
S8x4x4-LD21-H0.3-F0.6-A4-s42,high,twostage,2024,1369,31.842,68.0,1,86.0,46.29
S8x4x4-LD21-H0.3-F0.6-A4-s42,high,twostage,2024,1370,31.865,68.0,1,86.0,46.29
S8x4x4-LD21-H0.3-F0.6-A4-s42,high,twostage,2024,1371,31.886,68.0,1,86.0,46.29
S8x4x4-LD21-H0.3-F0.6-A4-s42,high,twostage,2024,1372,31.908,68.0,1,86.0,46.29
S8x4x4-LD21-H0.3-F0.6-A4-s42,high,twostage,2024,1373,31.933,68.0,1,86.0,46.29
S8x4x4-LD21-H0.3-F0.6-A4-s42,high,twostage,2024,1374,31.955,68.0,1,86.0,46.29
S8x4x4-LD21-H0.3-F0.6-A4-s42,high,twostage,2024,1375,31.978,68.0,1,86.0,46.29
S8x4x4-LD21-H0.3-F0.6-A4-s42,high,twostage,2024,1376,32.0,68.0,1,86.0,46.29
S8x4x4-LD21-H0.3-F0.6-A4-s42,high,twostage,2024,1377,32.024,68.0,1,86.0,46.29
S8x4x4-LD21-H0.3-F0.6-A4-s42,high,twostage,2024,1378,32.048,68.0,1,86.0,46.29
S8x4x4-LD21-H0.3-F0.6-A4-s42,high,twostage,2024,1379,32.07,68.0,1,86.0,46.29
S8x4x4-LD21-H0.3-F0.6-A4-s42,high,twostage,2024,1380,32.093,68.0,1,86.0,46.29
S8x4x4-LD21-H0.3-F0.6-A4-s42,high,twostage,2024,1381,32.116,68.0,1,86.0,46.29
S8x4x4-LD21-H0.3-F0.6-A4-s42,high,twostage,2024,1382,32.141,68.0,1,86.0,46.29
S8x4x4-LD21-H0.3-F0.6-A4-s42,high,twostage,2024,1383,32.163,68.0,1,86.0,46.29
S8x4x4-LD21-H0.3-F0.6-A4-s42,high,twostage,2024,1384,32.186,68.0,1,86.0,46.29
S8x4x4-LD21-H0.3-F0.6-A4-s42,high,twostage,2024,1385,32.208,68.0,1,86.0,46.29
S8x4x4-LD21-H0.3-F0.6-A4-s42,high,twostage,2024,1386,32.231,68.0,1,86.0,46.29
S8x4x4-LD21-H0.3-F0.6-A4-s42,high,twostage,2024,1387,32.258,68.0,1,86.0,46.29
S8x4x4-LD21-H0.3-F0.6-A4-s42,high,twostage,2024,1388,32.28,68.0,1,86.0,46.29
S8x4x4-LD21-H0.3-F0.6-A4-s42,high,twostage,2024,1389,32.303,68.0,1,86.0,46.29
S8x4x4-LD21-H0.3-F0.6-A4-s42,high,twostage,2024,1390,32.325,68.0,1,86.0,46.29
S8x4x4-LD21-H0.3-F0.6-A4-s42,high,twostage,2024,1391,32.347,67.0,1,86.0,46.29
S8x4x4-LD21-H0.3-F0.6-A4-s42,high,twostage,2024,1392,32.372,67.0,1,86.0,46.29
S8x4x4-LD21-H0.3-F0.6-A4-s42,high,twostage,2024,1393,32.395,67.0,1,86.0,46.29
S8x4x4-LD21-H0.3-F0.6-A4-s42,high,twostage,2024,1394,32.418,67.0,1,86.0,46.29
S8x4x4-LD21-H0.3-F0.6-A4-s42,high,twostage,2024,1395,32.442,67.0,1,86.0,46.29
S8x4x4-LD21-H0.3-F0.6-A4-s42,high,twostage,2024,1396,32.464,67.0,1,86.0,46.29
S8x4x4-LD21-H0.3-F0.6-A4-s42,high,twostage,2024,1397,32.489,67.0,1,86.0,46.29
S8x4x4-LD21-H0.3-F0.6-A4-s42,high,twostage,2024,1398,32.511,67.0,1,86.0,46.29
S8x4x4-LD21-H0.3-F0.6-A4-s42,high,twostage,2024,1399,32.534,67.0,1,86.0,46.29
S8x4x4-LD21-H0.3-F0.6-A4-s42,high,twostage,2024,1400,32.555,67.0,1,86.0,46.29
S8x4x4-LD21-H0.3-F0.6-A4-s42,high,twostage,2024,1401,32.577,67.0,1,86.0,46.29
S8x4x4-LD21-H0.3-F0.6-A4-s42,high,twostage,2024,1402,32.602,67.0,1,86.0,46.29
S8x4x4-LD21-H0.3-F0.6-A4-s42,high,twostage,2024,1403,32.624,67.0,1,86.0,46.29
S8x4x4-LD21-H0.3-F0.6-A4-s42,high,twostage,2024,1404,32.647,67.0,1,86.0,46.29
S8x4x4-LD21-H0.3-F0.6-A4-s42,high,twostage,2024,1405,32.668,67.0,1,86.0,46.29
S8x4x4-LD21-H0.3-F0.6-A4-s42,high,twostage,2024,1406,32.69,67.0,1,86.0,46.29
S8x4x4-LD21-H0.3-F0.6-A4-s42,high,twostage,2024,1407,32.715,67.0,1,86.0,46.29
S8x4x4-LD21-H0.3-F0.6-A4-s42,high,twostage,2024,1408,32.739,67.0,1,86.0,46.29
S8x4x4-LD21-H0.3-F0.6-A4-s42,high,twostage,2024,1409,32.762,67.0,1,86.0,46.29
S8x4x4-LD21-H0.3-F0.6-A4-s42,high,twostage,2024,1410,32.785,67.0,1,86.0,46.29
S8x4x4-LD21-H0.3-F0.6-A4-s42,high,twostage,2024,1411,32.808,67.0,1,86.0,46.29
S8x4x4-LD21-H0.3-F0.6-A4-s42,high,twostage,2024,1412,32.833,67.0,1,86.0,46.29
S8x4x4-LD21-H0.3-F0.6-A4-s42,high,twostage,2024,1413,32.856,67.0,1,86.0,46.29
S8x4x4-LD21-H0.3-F0.6-A4-s42,high,twostage,2024,1414,32.879,67.0,1,86.0,46.29
S8x4x4-LD21-H0.3-F0.6-A4-s42,high,twostage,2024,1415,32.902,67.0,1,86.0,46.29
S8x4x4-LD21-H0.3-F0.6-A4-s42,high,twostage,2024,1416,32.924,67.0,1,86.0,46.29
S8x4x4-LD21-H0.3-F0.6-A4-s42,high,twostage,2024,1417,32.949,67.0,1,86.0,46.29
S8x4x4-LD21-H0.3-F0.6-A4-s42,high,twostage,2024,1418,32.972,67.0,1,86.0,46.29
S8x4x4-LD21-H0.3-F0.6-A4-s42,high,twostage,2024,1419,32.994,67.0,1,86.0,46.29
S8x4x4-LD21-H0.3-F0.6-A4-s42,high,twostage,2024,1420,33.017,67.0,1,86.0,46.29
S8x4x4-LD21-H0.3-F0.6-A4-s42,high,twostage,2024,1421,33.041,67.0,1,86.0,46.29
S8x4x4-LD21-H0.3-F0.6-A4-s42,high,twostage,2024,1422,33.067,67.0,1,86.0,46.29
S8x4x4-LD21-H0.3-F0.6-A4-s42,high,twostage,2024,1423,33.09,67.0,1,86.0,46.29
S8x4x4-LD21-H0.3-F0.6-A4-s42,high,twostage,2024,1424,33.112,67.0,1,86.0,46.29
S8x4x4-LD21-H0.3-F0.6-A4-s42,high,twostage,2024,1425,33.134,67.0,1,86.0,46.29
S8x4x4-LD21-H0.3-F0.6-A4-s42,high,twostage,2024,1426,33.157,67.0,1,86.0,46.29
S8x4x4-LD21-H0.3-F0.6-A4-s42,high,twostage,2024,1427,33.181,67.0,1,86.0,46.29
S8x4x4-LD21-H0.3-F0.6-A4-s42,high,twostage,2024,1428,33.204,67.0,1,86.0,46.29
S8x4x4-LD21-H0.3-F0.6-A4-s42,high,twostage,2024,1429,33.225,67.0,1,86.0,46.29
S8x4x4-LD21-H0.3-F0.6-A4-s42,high,twostage,2024,1430,33.249,67.0,1,86.0,46.29
S8x4x4-LD21-H0.3-F0.6-A4-s42,high,twostage,2024,1431,33.275,67.0,1,86.0,46.29
S8x4x4-LD21-H0.3-F0.6-A4-s42,high,twostage,2024,1432,33.297,67.0,1,86.0,46.29
S8x4x4-LD21-H0.3-F0.6-A4-s42,high,twostage,2024,1433,33.32,67.0,1,86.0,46.29
S8x4x4-LD21-H0.3-F0.6-A4-s42,high,twostage,2024,1434,33.342,67.0,1,86.0,46.29
S8x4x4-LD21-H0.3-F0.6-A4-s42,high,twostage,2024,1435,33.365,67.0,1,86.0,46.29
S8x4x4-LD21-H0.3-F0.6-A4-s42,high,twostage,2024,1436,33.39,67.0,1,86.0,46.29
S8x4x4-LD21-H0.3-F0.6-A4-s42,high,twostage,2024,1437,33.413,67.0,1,86.0,46.29
S8x4x4-LD21-H0.3-F0.6-A4-s42,high,twostage,2024,1438,33.436,67.0,1,86.0,46.29
S8x4x4-LD21-H0.3-F0.6-A4-s42,high,twostage,2024,1439,33.458,67.0,1,86.0,46.29
S8x4x4-LD21-H0.3-F0.6-A4-s42,high,twostage,2024,1440,33.48,67.0,1,86.0,46.29
S8x4x4-LD21-H0.3-F0.6-A4-s42,high,twostage,2024,1441,33.505,67.0,1,86.0,46.29
S8x4x4-LD21-H0.3-F0.6-A4-s42,high,twostage,2024,1442,33.528,67.0,1,86.0,46.29
S8x4x4-LD21-H0.3-F0.6-A4-s42,high,twostage,2024,1443,33.55,67.0,1,86.0,46.29
S8x4x4-LD21-H0.3-F0.6-A4-s42,high,twostage,2024,1444,33.573,67.0,1,86.0,46.29
S8x4x4-LD21-H0.3-F0.6-A4-s42,high,twostage,2024,1445,33.595,67.0,1,86.0,46.29
S8x4x4-LD21-H0.3-F0.6-A4-s42,high,twostage,2024,1446,33.62,67.0,1,86.0,46.29
S8x4x4-LD21-H0.3-F0.6-A4-s42,high,twostage,2024,1447,33.642,67.0,1,86.0,46.29
S8x4x4-LD21-H0.3-F0.6-A4-s42,high,twostage,2024,1448,33.664,67.0,1,86.0,46.29
S8x4x4-LD21-H0.3-F0.6-A4-s42,high,twostage,2024,1449,33.686,67.0,1,86.0,46.29
S8x4x4-LD21-H0.3-F0.6-A4-s42,high,twostage,2024,1450,33.709,67.0,1,86.0,46.29
S8x4x4-LD21-H0.3-F0.6-A4-s42,high,twostage,2024,1451,33.733,67.0,1,86.0,46.29
S8x4x4-LD21-H0.3-F0.6-A4-s42,high,twostage,2024,1452,33.756,67.0,1,86.0,46.29
S8x4x4-LD21-H0.3-F0.6-A4-s42,high,twostage,2024,1453,33.779,67.0,1,86.0,46.29
S8x4x4-LD21-H0.3-F0.6-A4-s42,high,twostage,2024,1454,33.801,67.0,1,86.0,46.29
S8x4x4-LD21-H0.3-F0.6-A4-s42,high,twostage,2024,1455,33.824,67.0,1,86.0,46.29
S8x4x4-LD21-H0.3-F0.6-A4-s42,high,twostage,2024,1456,33.848,67.0,1,86.0,46.29
S8x4x4-LD21-H0.3-F0.6-A4-s42,high,twostage,2024,1457,33.871,67.0,1,86.0,46.29
S8x4x4-LD21-H0.3-F0.6-A4-s42,high,twostage,2024,1458,33.894,67.0,1,86.0,46.29
S8x4x4-LD21-H0.3-F0.6-A4-s42,high,twostage,2024,1459,33.917,67.0,1,86.0,46.29
S8x4x4-LD21-H0.3-F0.6-A4-s42,high,twostage,2024,1460,33.94,67.0,1,86.0,46.29
S8x4x4-LD21-H0.3-F0.6-A4-s42,high,twostage,2024,1461,33.967,67.0,1,86.0,46.29
S8x4x4-LD21-H0.3-F0.6-A4-s42,high,twostage,2024,1462,33.989,67.0,1,86.0,46.29
S8x4x4-LD21-H0.3-F0.6-A4-s42,high,twostage,2024,1463,34.011,67.0,1,86.0,46.29
S8x4x4-LD21-H0.3-F0.6-A4-s42,high,twostage,2024,1464,34.035,67.0,1,86.0,46.29
S8x4x4-LD21-H0.3-F0.6-A4-s42,high,twostage,2024,1465,34.059,67.0,1,86.0,46.29
S8x4x4-LD21-H0.3-F0.6-A4-s42,high,twostage,2024,1466,34.084,67.0,1,86.0,46.29
S8x4x4-LD21-H0.3-F0.6-A4-s42,high,twostage,2024,1467,34.106,67.0,1,86.0,46.29
S8x4x4-LD21-H0.3-F0.6-A4-s42,high,twostage,2024,1468,34.129,67.0,1,86.0,46.29
S8x4x4-LD21-H0.3-F0.6-A4-s42,high,twostage,2024,1469,34.151,67.0,1,86.0,46.29
S8x4x4-LD21-H0.3-F0.6-A4-s42,high,twostage,2024,1470,34.173,67.0,1,86.0,46.29
S8x4x4-LD21-H0.3-F0.6-A4-s42,high,twostage,2024,1471,34.198,67.0,1,86.0,46.29
S8x4x4-LD21-H0.3-F0.6-A4-s42,high,twostage,2024,1472,34.22,67.0,1,86.0,46.29
S8x4x4-LD21-H0.3-F0.6-A4-s42,high,twostage,2024,1473,34.242,67.0,1,86.0,46.29
S8x4x4-LD21-H0.3-F0.6-A4-s42,high,twostage,2024,1474,34.265,67.0,1,86.0,46.29
S8x4x4-LD21-H0.3-F0.6-A4-s42,high,twostage,2024,1475,34.288,67.0,1,86.0,46.29
S8x4x4-LD21-H0.3-F0.6-A4-s42,high,twostage,2024,1476,34.313,67.0,1,86.0,46.29
S8x4x4-LD21-H0.3-F0.6-A4-s42,high,twostage,2024,1477,34.336,67.0,1,86.0,46.29
S8x4x4-LD21-H0.3-F0.6-A4-s42,high,twostage,2024,1478,34.359,67.0,1,86.0,46.29
S8x4x4-LD21-H0.3-F0.6-A4-s42,high,twostage,2024,1479,34.383,67.0,1,86.0,46.29
S8x4x4-LD21-H0.3-F0.6-A4-s42,high,twostage,2024,1480,34.409,67.0,1,86.0,46.29
S8x4x4-LD21-H0.3-F0.6-A4-s42,high,twostage,2024,1481,34.432,67.0,1,86.0,46.29
S8x4x4-LD21-H0.3-F0.6-A4-s42,high,twostage,2024,1482,34.454,67.0,1,86.0,46.29
S8x4x4-LD21-H0.3-F0.6-A4-s42,high,twostage,2024,1483,34.477,67.0,1,86.0,46.29
S8x4x4-LD21-H0.3-F0.6-A4-s42,high,twostage,2024,1484,34.499,67.0,1,86.0,46.29
S8x4x4-LD21-H0.3-F0.6-A4-s42,high,twostage,2024,1485,34.524,67.0,1,86.0,46.29
S8x4x4-LD21-H0.3-F0.6-A4-s42,high,twostage,2024,1486,34.547,67.0,1,86.0,46.29
S8x4x4-LD21-H0.3-F0.6-A4-s42,high,twostage,2024,1487,34.569,67.0,1,86.0,46.29
S8x4x4-LD21-H0.3-F0.6-A4-s42,high,twostage,2024,1488,34.592,67.0,1,86.0,46.29
S8x4x4-LD21-H0.3-F0.6-A4-s42,high,twostage,2024,1489,34.615,67.0,1,86.0,46.29
S8x4x4-LD21-H0.3-F0.6-A4-s42,high,twostage,2024,1490,34.641,67.0,1,86.0,46.29
S8x4x4-LD21-H0.3-F0.6-A4-s42,high,twostage,2024,1491,34.663,67.0,1,86.0,46.29
S8x4x4-LD21-H0.3-F0.6-A4-s42,high,twostage,2024,1492,34.685,67.0,1,86.0,46.29
S8x4x4-LD21-H0.3-F0.6-A4-s42,high,twostage,2024,1493,34.708,67.0,1,86.0,46.29
S8x4x4-LD21-H0.3-F0.6-A4-s42,high,twostage,2024,1494,34.73,67.0,1,86.0,46.29
S8x4x4-LD21-H0.3-F0.6-A4-s42,high,twostage,2024,1495,34.755,67.0,1,86.0,46.29
S8x4x4-LD21-H0.3-F0.6-A4-s42,high,twostage,2024,1496,34.778,67.0,1,86.0,46.29
S8x4x4-LD21-H0.3-F0.6-A4-s42,high,twostage,2024,1497,34.801,67.0,1,86.0,46.29
S8x4x4-LD21-H0.3-F0.6-A4-s42,high,twostage,2024,1498,34.822,67.0,1,86.0,46.29
S8x4x4-LD21-H0.3-F0.6-A4-s42,high,twostage,2024,1499,34.845,67.0,1,86.0,46.29
S8x4x4-LD21-H0.3-F0.6-A4-s42,high,twostage,2024,1500,34.87,67.0,1,86.0,46.29
S8x4x4-LD21-H0.3-F0.6-A4-s42,high,twostage,2024,1501,34.892,67.0,1,86.0,46.29
S8x4x4-LD21-H0.3-F0.6-A4-s42,high,twostage,2024,1502,34.915,67.0,1,86.0,46.29
S8x4x4-LD21-H0.3-F0.6-A4-s42,high,twostage,2024,1503,34.937,67.0,1,86.0,46.29
S8x4x4-LD21-H0.3-F0.6-A4-s42,high,twostage,2024,1504,34.96,67.0,1,86.0,46.29
S8x4x4-LD21-H0.3-F0.6-A4-s42,high,twostage,2024,1505,34.986,67.0,1,86.0,46.29
S8x4x4-LD21-H0.3-F0.6-A4-s42,high,twostage,2024,1506,35.009,67.0,1,86.0,46.29
S8x4x4-LD21-H0.3-F0.6-A4-s42,high,twostage,2024,1507,35.032,67.0,1,86.0,46.29
S8x4x4-LD21-H0.3-F0.6-A4-s42,high,twostage,2024,1508,35.056,67.0,1,86.0,46.29
S8x4x4-LD21-H0.3-F0.6-A4-s42,high,twostage,2024,1509,35.078,67.0,1,86.0,46.29
S8x4x4-LD21-H0.3-F0.6-A4-s42,high,twostage,2024,1510,35.104,67.0,1,86.0,46.29
S8x4x4-LD21-H0.3-F0.6-A4-s42,high,twostage,2024,1511,35.126,67.0,1,86.0,46.29
S8x4x4-LD21-H0.3-F0.6-A4-s42,high,twostage,2024,1512,35.148,67.0,1,86.0,46.29
S8x4x4-LD21-H0.3-F0.6-A4-s42,high,twostage,2024,1513,35.172,67.0,1,86.0,46.29
S8x4x4-LD21-H0.3-F0.6-A4-s42,high,twostage,2024,1514,35.194,67.0,1,86.0,46.29
S8x4x4-LD21-H0.3-F0.6-A4-s42,high,twostage,2024,1515,35.219,67.0,1,86.0,46.29
S8x4x4-LD21-H0.3-F0.6-A4-s42,high,twostage,2024,1516,35.241,67.0,1,86.0,46.29
S8x4x4-LD21-H0.3-F0.6-A4-s42,high,twostage,2024,1517,35.264,67.0,1,86.0,46.29
S8x4x4-LD21-H0.3-F0.6-A4-s42,high,twostage,2024,1518,35.286,67.0,1,86.0,46.29
S8x4x4-LD21-H0.3-F0.6-A4-s42,high,twostage,2024,1519,35.309,67.0,1,86.0,46.29
S8x4x4-LD21-H0.3-F0.6-A4-s42,high,twostage,2024,1520,35.334,67.0,1,86.0,46.29
S8x4x4-LD21-H0.3-F0.6-A4-s42,high,twostage,2024,1521,35.357,67.0,1,86.0,46.29
S8x4x4-LD21-H0.3-F0.6-A4-s42,high,twostage,2024,1522,35.379,67.0,1,86.0,46.29
S8x4x4-LD21-H0.3-F0.6-A4-s42,high,twostage,2024,1523,35.402,67.0,1,86.0,46.29
S8x4x4-LD21-H0.3-F0.6-A4-s42,high,twostage,2024,1524,35.425,67.0,1,86.0,46.29
S8x4x4-LD21-H0.3-F0.6-A4-s42,high,twostage,2024,1525,35.45,67.0,1,86.0,46.29
S8x4x4-LD21-H0.3-F0.6-A4-s42,high,twostage,2024,1526,35.472,67.0,1,86.0,46.29
S8x4x4-LD21-H0.3-F0.6-A4-s42,high,twostage,2024,1527,35.496,67.0,1,86.0,46.29
S8x4x4-LD21-H0.3-F0.6-A4-s42,high,twostage,2024,1528,35.518,67.0,1,86.0,46.29
S8x4x4-LD21-H0.3-F0.6-A4-s42,high,twostage,2024,1529,35.543,67.0,1,86.0,46.29
S8x4x4-LD21-H0.3-F0.6-A4-s42,high,twostage,2024,1530,35.565,67.0,1,86.0,46.29
S8x4x4-LD21-H0.3-F0.6-A4-s42,high,twostage,2024,1531,35.587,67.0,1,86.0,46.29
S8x4x4-LD21-H0.3-F0.6-A4-s42,high,twostage,2024,1532,35.61,67.0,1,86.0,46.29
S8x4x4-LD21-H0.3-F0.6-A4-s42,high,twostage,2024,1533,35.633,67.0,1,86.0,46.29
S8x4x4-LD21-H0.3-F0.6-A4-s42,high,twostage,2024,1534,35.658,67.0,1,86.0,46.29
S8x4x4-LD21-H0.3-F0.6-A4-s42,high,twostage,2024,1535,35.68,67.0,1,86.0,46.29
S8x4x4-LD21-H0.3-F0.6-A4-s42,high,twostage,2024,1536,35.702,67.0,1,86.0,46.29
S8x4x4-LD21-H0.3-F0.6-A4-s42,high,twostage,2024,1537,35.724,67.0,1,86.0,46.29
S8x4x4-LD21-H0.3-F0.6-A4-s42,high,twostage,2024,1538,35.747,67.0,1,86.0,46.29
S8x4x4-LD21-H0.3-F0.6-A4-s42,high,twostage,2024,1539,35.772,67.0,1,86.0,46.29
S8x4x4-LD21-H0.3-F0.6-A4-s42,high,twostage,2024,1540,35.794,67.0,1,86.0,46.29
S8x4x4-LD21-H0.3-F0.6-A4-s42,high,twostage,2024,1541,35.819,67.0,1,86.0,46.29
S8x4x4-LD21-H0.3-F0.6-A4-s42,high,twostage,2024,1542,35.842,67.0,1,86.0,46.29
S8x4x4-LD21-H0.3-F0.6-A4-s42,high,twostage,2024,1543,35.864,67.0,1,86.0,46.29
S8x4x4-LD21-H0.3-F0.6-A4-s42,high,twostage,2024,1544,35.889,67.0,1,86.0,46.29
S8x4x4-LD21-H0.3-F0.6-A4-s42,high,twostage,2024,1545,35.91,67.0,1,86.0,46.29
S8x4x4-LD21-H0.3-F0.6-A4-s42,high,twostage,2024,1546,35.934,67.0,1,86.0,46.29
S8x4x4-LD21-H0.3-F0.6-A4-s42,high,twostage,2024,1547,35.957,67.0,1,86.0,46.29
S8x4x4-LD21-H0.3-F0.6-A4-s42,high,twostage,2024,1548,35.98,67.0,1,86.0,46.29
S8x4x4-LD21-H0.3-F0.6-A4-s42,high,twostage,2024,1549,36.004,67.0,1,86.0,46.29
S8x4x4-LD21-H0.3-F0.6-A4-s42,high,twostage,2024,1550,36.027,67.0,1,86.0,46.29
S8x4x4-LD21-H0.3-F0.6-A4-s42,high,twostage,2024,1551,36.051,67.0,1,86.0,46.29
S8x4x4-LD21-H0.3-F0.6-A4-s42,high,twostage,2024,1552,36.074,67.0,1,86.0,46.29
S8x4x4-LD21-H0.3-F0.6-A4-s42,high,twostage,2024,1553,36.096,67.0,1,86.0,46.29
S8x4x4-LD21-H0.3-F0.6-A4-s42,high,twostage,2024,1554,36.122,67.0,1,86.0,46.29
S8x4x4-LD21-H0.3-F0.6-A4-s42,high,twostage,2024,1555,36.145,67.0,1,86.0,46.29
S8x4x4-LD21-H0.3-F0.6-A4-s42,high,twostage,2024,1556,36.167,67.0,1,86.0,46.29
S8x4x4-LD21-H0.3-F0.6-A4-s42,high,twostage,2024,1557,36.189,67.0,1,86.0,46.29
S8x4x4-LD21-H0.3-F0.6-A4-s42,high,twostage,2024,1558,36.212,67.0,1,86.0,46.29
S8x4x4-LD21-H0.3-F0.6-A4-s42,high,twostage,2024,1559,36.237,67.0,1,86.0,46.29
S8x4x4-LD21-H0.3-F0.6-A4-s42,high,twostage,2024,1560,36.26,67.0,1,86.0,46.29
S8x4x4-LD21-H0.3-F0.6-A4-s42,high,twostage,2024,1561,36.283,67.0,1,86.0,46.29
S8x4x4-LD21-H0.3-F0.6-A4-s42,high,twostage,2024,1562,36.305,67.0,1,86.0,46.29
S8x4x4-LD21-H0.3-F0.6-A4-s42,high,twostage,2024,1563,36.328,67.0,1,86.0,46.29
S8x4x4-LD21-H0.3-F0.6-A4-s42,high,twostage,2024,1564,36.353,67.0,1,86.0,46.29
S8x4x4-LD21-H0.3-F0.6-A4-s42,high,twostage,2024,1565,36.376,67.0,1,86.0,46.29
S8x4x4-LD21-H0.3-F0.6-A4-s42,high,twostage,2024,1566,36.398,67.0,1,86.0,46.29
S8x4x4-LD21-H0.3-F0.6-A4-s42,high,twostage,2024,1567,36.42,67.0,1,86.0,46.29
S8x4x4-LD21-H0.3-F0.6-A4-s42,high,twostage,2024,1568,36.444,67.0,1,86.0,46.29
S8x4x4-LD21-H0.3-F0.6-A4-s42,high,twostage,2024,1569,36.469,67.0,1,86.0,46.29
S8x4x4-LD21-H0.3-F0.6-A4-s42,high,twostage,2024,1570,36.492,67.0,1,86.0,46.29
S8x4x4-LD21-H0.3-F0.6-A4-s42,high,twostage,2024,1571,36.514,67.0,1,86.0,46.29
S8x4x4-LD21-H0.3-F0.6-A4-s42,high,twostage,2024,1572,36.537,67.0,1,86.0,46.29
S8x4x4-LD21-H0.3-F0.6-A4-s42,high,twostage,2024,1573,36.56,67.0,1,86.0,46.29
S8x4x4-LD21-H0.3-F0.6-A4-s42,high,twostage,2024,1574,36.584,67.0,1,86.0,46.29
S8x4x4-LD21-H0.3-F0.6-A4-s42,high,twostage,2024,1575,36.606,67.0,1,86.0,46.29
S8x4x4-LD21-H0.3-F0.6-A4-s42,high,twostage,2024,1576,36.627,67.0,1,86.0,46.29
S8x4x4-LD21-H0.3-F0.6-A4-s42,high,twostage,2024,1577,36.65,67.0,1,86.0,46.29
S8x4x4-LD21-H0.3-F0.6-A4-s42,high,twostage,2024,1578,36.675,67.0,1,86.0,46.29
S8x4x4-LD21-H0.3-F0.6-A4-s42,high,twostage,2024,1579,36.697,67.0,1,86.0,46.29
S8x4x4-LD21-H0.3-F0.6-A4-s42,high,twostage,2024,1580,36.721,67.0,1,86.0,46.29
S8x4x4-LD21-H0.3-F0.6-A4-s42,high,twostage,2024,1581,36.743,67.0,1,86.0,46.29
S8x4x4-LD21-H0.3-F0.6-A4-s42,high,twostage,2024,1582,36.766,67.0,1,86.0,46.29
S8x4x4-LD21-H0.3-F0.6-A4-s42,high,twostage,2024,1583,36.792,67.0,1,86.0,46.29
S8x4x4-LD21-H0.3-F0.6-A4-s42,high,twostage,2024,1584,36.815,67.0,1,86.0,46.29
S8x4x4-LD21-H0.3-F0.6-A4-s42,high,twostage,2024,1585,36.837,67.0,1,86.0,46.29
S8x4x4-LD21-H0.3-F0.6-A4-s42,high,twostage,2024,1586,36.86,67.0,1,86.0,46.29
S8x4x4-LD21-H0.3-F0.6-A4-s42,high,twostage,2024,1587,36.882,67.0,1,86.0,46.29
S8x4x4-LD21-H0.3-F0.6-A4-s42,high,twostage,2024,1588,36.906,67.0,1,86.0,46.29
S8x4x4-LD21-H0.3-F0.6-A4-s42,high,twostage,2024,1589,36.93,67.0,1,86.0,46.29
S8x4x4-LD21-H0.3-F0.6-A4-s42,high,twostage,2024,1590,36.953,67.0,1,86.0,46.29
S8x4x4-LD21-H0.3-F0.6-A4-s42,high,twostage,2024,1591,36.975,67.0,1,86.0,46.29
S8x4x4-LD21-H0.3-F0.6-A4-s42,high,twostage,2024,1592,36.997,67.0,1,86.0,46.29
S8x4x4-LD21-H0.3-F0.6-A4-s42,high,twostage,2024,1593,37.023,67.0,1,86.0,46.29
S8x4x4-LD21-H0.3-F0.6-A4-s42,high,twostage,2024,1594,37.046,67.0,1,86.0,46.29
S8x4x4-LD21-H0.3-F0.6-A4-s42,high,twostage,2024,1595,37.069,67.0,1,86.0,46.29
S8x4x4-LD21-H0.3-F0.6-A4-s42,high,twostage,2024,1596,37.092,67.0,1,86.0,46.29
S8x4x4-LD21-H0.3-F0.6-A4-s42,high,twostage,2024,1597,37.114,67.0,1,86.0,46.29
S8x4x4-LD21-H0.3-F0.6-A4-s42,high,twostage,2024,1598,37.141,67.0,1,86.0,46.29
S8x4x4-LD21-H0.3-F0.6-A4-s42,high,twostage,2024,1599,37.163,67.0,1,86.0,46.29
S8x4x4-LD21-H0.3-F0.6-A4-s42,high,twostage,2024,1600,37.186,67.0,1,86.0,46.29
S8x4x4-LD21-H0.3-F0.6-A4-s42,high,twostage,2024,1601,37.208,67.0,1,86.0,46.29
S8x4x4-LD21-H0.3-F0.6-A4-s42,high,twostage,2024,1602,37.232,67.0,1,86.0,46.29
S8x4x4-LD21-H0.3-F0.6-A4-s42,high,twostage,2024,1603,37.257,67.0,1,86.0,46.29
S8x4x4-LD21-H0.3-F0.6-A4-s42,high,twostage,2024,1604,37.28,67.0,1,86.0,46.29
S8x4x4-LD21-H0.3-F0.6-A4-s42,high,twostage,2024,1605,37.303,67.0,1,86.0,46.29
S8x4x4-LD21-H0.3-F0.6-A4-s42,high,twostage,2024,1606,37.325,67.0,1,86.0,46.29
S8x4x4-LD21-H0.3-F0.6-A4-s42,high,twostage,2024,1607,37.349,67.0,1,86.0,46.29
S8x4x4-LD21-H0.3-F0.6-A4-s42,high,twostage,2024,1608,37.373,67.0,1,86.0,46.29
S8x4x4-LD21-H0.3-F0.6-A4-s42,high,twostage,2024,1609,37.396,67.0,1,86.0,46.29
S8x4x4-LD21-H0.3-F0.6-A4-s42,high,twostage,2024,1610,37.421,67.0,1,86.0,46.29
S8x4x4-LD21-H0.3-F0.6-A4-s42,high,twostage,2024,1611,37.444,67.0,1,86.0,46.29
S8x4x4-LD21-H0.3-F0.6-A4-s42,high,twostage,2024,1612,37.467,67.0,1,86.0,46.29
S8x4x4-LD21-H0.3-F0.6-A4-s42,high,twostage,2024,1613,37.493,67.0,1,86.0,46.29
S8x4x4-LD21-H0.3-F0.6-A4-s42,high,twostage,2024,1614,37.516,67.0,1,86.0,46.29
S8x4x4-LD21-H0.3-F0.6-A4-s42,high,twostage,2024,1615,37.538,67.0,1,86.0,46.29
S8x4x4-LD21-H0.3-F0.6-A4-s42,high,twostage,2024,1616,37.56,67.0,1,86.0,46.29
S8x4x4-LD21-H0.3-F0.6-A4-s42,high,twostage,2024,1617,37.584,67.0,1,86.0,46.29
S8x4x4-LD21-H0.3-F0.6-A4-s42,high,twostage,2024,1618,37.608,67.0,1,86.0,46.29
S8x4x4-LD21-H0.3-F0.6-A4-s42,high,twostage,2024,1619,37.631,67.0,1,86.0,46.29
S8x4x4-LD21-H0.3-F0.6-A4-s42,high,twostage,2024,1620,37.652,67.0,1,86.0,46.29
S8x4x4-LD21-H0.3-F0.6-A4-s42,high,twostage,2024,1621,37.678,67.0,1,86.0,46.29
S8x4x4-LD21-H0.3-F0.6-A4-s42,high,twostage,2024,1622,37.701,67.0,1,86.0,46.29
S8x4x4-LD21-H0.3-F0.6-A4-s42,high,twostage,2024,1623,37.725,67.0,1,86.0,46.29
S8x4x4-LD21-H0.3-F0.6-A4-s42,high,twostage,2024,1624,37.748,67.0,1,86.0,46.29
S8x4x4-LD21-H0.3-F0.6-A4-s42,high,twostage,2024,1625,37.771,67.0,1,86.0,46.29
S8x4x4-LD21-H0.3-F0.6-A4-s42,high,twostage,2024,1626,37.794,67.0,1,86.0,46.29
S8x4x4-LD21-H0.3-F0.6-A4-s42,high,twostage,2024,1627,37.82,67.0,1,86.0,46.29
S8x4x4-LD21-H0.3-F0.6-A4-s42,high,twostage,2024,1628,37.842,67.0,1,86.0,46.29
S8x4x4-LD21-H0.3-F0.6-A4-s42,high,twostage,2024,1629,37.864,67.0,1,86.0,46.29
S8x4x4-LD21-H0.3-F0.6-A4-s42,high,twostage,2024,1630,37.886,67.0,1,86.0,46.29
S8x4x4-LD21-H0.3-F0.6-A4-s42,high,twostage,2024,1631,37.91,67.0,1,86.0,46.29
S8x4x4-LD21-H0.3-F0.6-A4-s42,high,twostage,2024,1632,37.936,67.0,1,86.0,46.29
S8x4x4-LD21-H0.3-F0.6-A4-s42,high,twostage,2024,1633,37.959,67.0,1,86.0,46.29
S8x4x4-LD21-H0.3-F0.6-A4-s42,high,twostage,2024,1634,37.982,67.0,1,86.0,46.29
S8x4x4-LD21-H0.3-F0.6-A4-s42,high,twostage,2024,1635,38.005,67.0,1,86.0,46.29
S8x4x4-LD21-H0.3-F0.6-A4-s42,high,twostage,2024,1636,38.028,67.0,1,86.0,46.29
S8x4x4-LD21-H0.3-F0.6-A4-s42,high,twostage,2024,1637,38.054,67.0,1,86.0,46.29
S8x4x4-LD21-H0.3-F0.6-A4-s42,high,twostage,2024,1638,38.077,67.0,1,86.0,46.29
S8x4x4-LD21-H0.3-F0.6-A4-s42,high,twostage,2024,1639,38.1,67.0,1,86.0,46.29
S8x4x4-LD21-H0.3-F0.6-A4-s42,high,twostage,2024,1640,38.124,67.0,1,86.0,46.29
S8x4x4-LD21-H0.3-F0.6-A4-s42,high,twostage,2024,1641,38.146,67.0,1,86.0,46.29
S8x4x4-LD21-H0.3-F0.6-A4-s42,high,twostage,2024,1642,38.171,67.0,1,86.0,46.29
S8x4x4-LD21-H0.3-F0.6-A4-s42,high,twostage,2024,1643,38.193,67.0,1,86.0,46.29
S8x4x4-LD21-H0.3-F0.6-A4-s42,high,twostage,2024,1644,38.217,67.0,1,86.0,46.29
S8x4x4-LD21-H0.3-F0.6-A4-s42,high,twostage,2024,1645,38.239,67.0,1,86.0,46.29
S8x4x4-LD21-H0.3-F0.6-A4-s42,high,twostage,2024,1646,38.262,67.0,1,86.0,46.29
S8x4x4-LD21-H0.3-F0.6-A4-s42,high,twostage,2024,1647,38.288,67.0,1,86.0,46.29
S8x4x4-LD21-H0.3-F0.6-A4-s42,high,twostage,2024,1648,38.311,67.0,1,86.0,46.29
S8x4x4-LD21-H0.3-F0.6-A4-s42,high,twostage,2024,1649,38.335,67.0,1,86.0,46.29
S8x4x4-LD21-H0.3-F0.6-A4-s42,high,twostage,2024,1650,38.356,67.0,1,86.0,46.29
S8x4x4-LD21-H0.3-F0.6-A4-s42,high,twostage,2024,1651,38.38,67.0,1,86.0,46.29
S8x4x4-LD21-H0.3-F0.6-A4-s42,high,twostage,2024,1652,38.404,67.0,1,86.0,46.29
S8x4x4-LD21-H0.3-F0.6-A4-s42,high,twostage,2024,1653,38.428,67.0,1,86.0,46.29
S8x4x4-LD21-H0.3-F0.6-A4-s42,high,twostage,2024,1654,38.451,67.0,1,86.0,46.29
S8x4x4-LD21-H0.3-F0.6-A4-s42,high,twostage,2024,1655,38.474,67.0,1,86.0,46.29
S8x4x4-LD21-H0.3-F0.6-A4-s42,high,twostage,2024,1656,38.499,67.0,1,86.0,46.29
S8x4x4-LD21-H0.3-F0.6-A4-s42,high,twostage,2024,1657,38.523,67.0,1,86.0,46.29
S8x4x4-LD21-H0.3-F0.6-A4-s42,high,twostage,2024,1658,38.546,67.0,1,86.0,46.29
S8x4x4-LD21-H0.3-F0.6-A4-s42,high,twostage,2024,1659,38.568,67.0,1,86.0,46.29
S8x4x4-LD21-H0.3-F0.6-A4-s42,high,twostage,2024,1660,38.591,67.0,1,86.0,46.29
S8x4x4-LD21-H0.3-F0.6-A4-s42,high,twostage,2024,1661,38.613,67.0,1,86.0,46.29
S8x4x4-LD21-H0.3-F0.6-A4-s42,high,twostage,2024,1662,38.639,67.0,1,86.0,46.29
S8x4x4-LD21-H0.3-F0.6-A4-s42,high,twostage,2024,1663,38.661,67.0,1,86.0,46.29
S8x4x4-LD21-H0.3-F0.6-A4-s42,high,twostage,2024,1664,38.684,67.0,1,86.0,46.29
S8x4x4-LD21-H0.3-F0.6-A4-s42,high,twostage,2024,1665,38.707,67.0,1,86.0,46.29
S8x4x4-LD21-H0.3-F0.6-A4-s42,high,twostage,2024,1666,38.73,67.0,1,86.0,46.29
S8x4x4-LD21-H0.3-F0.6-A4-s42,high,twostage,2024,1667,38.754,67.0,1,86.0,46.29
S8x4x4-LD21-H0.3-F0.6-A4-s42,high,twostage,2024,1668,38.778,67.0,1,86.0,46.29
S8x4x4-LD21-H0.3-F0.6-A4-s42,high,twostage,2024,1669,38.8,67.0,1,86.0,46.29
S8x4x4-LD21-H0.3-F0.6-A4-s42,high,twostage,2024,1670,38.823,67.0,1,86.0,46.29
S8x4x4-LD21-H0.3-F0.6-A4-s42,high,twostage,2024,1671,38.847,67.0,1,86.0,46.29
S8x4x4-LD21-H0.3-F0.6-A4-s42,high,twostage,2024,1672,38.873,67.0,1,86.0,46.29
S8x4x4-LD21-H0.3-F0.6-A4-s42,high,twostage,2024,1673,38.897,67.0,1,86.0,46.29
S8x4x4-LD21-H0.3-F0.6-A4-s42,high,twostage,2024,1674,38.919,67.0,1,86.0,46.29
S8x4x4-LD21-H0.3-F0.6-A4-s42,high,twostage,2024,1675,38.942,67.0,1,86.0,46.29
S8x4x4-LD21-H0.3-F0.6-A4-s42,high,twostage,2024,1676,38.968,67.0,1,86.0,46.29
S8x4x4-LD21-H0.3-F0.6-A4-s42,high,twostage,2024,1677,38.993,67.0,1,86.0,46.29
S8x4x4-LD21-H0.3-F0.6-A4-s42,high,twostage,2024,1678,39.014,67.0,1,86.0,46.29
S8x4x4-LD21-H0.3-F0.6-A4-s42,high,twostage,2024,1679,39.04,67.0,1,86.0,46.29
S8x4x4-LD21-H0.3-F0.6-A4-s42,high,twostage,2024,1680,39.066,67.0,1,86.0,46.29
S8x4x4-LD21-H0.3-F0.6-A4-s42,high,twostage,2024,1681,39.092,67.0,1,86.0,46.29
S8x4x4-LD21-H0.3-F0.6-A4-s42,high,twostage,2024,1682,39.114,67.0,1,86.0,46.29
S8x4x4-LD21-H0.3-F0.6-A4-s42,high,twostage,2024,1683,39.137,67.0,1,86.0,46.29
S8x4x4-LD21-H0.3-F0.6-A4-s42,high,twostage,2024,1684,39.159,67.0,1,86.0,46.29
S8x4x4-LD21-H0.3-F0.6-A4-s42,high,twostage,2024,1685,39.182,67.0,1,86.0,46.29
S8x4x4-LD21-H0.3-F0.6-A4-s42,high,twostage,2024,1686,39.207,67.0,1,86.0,46.29
S8x4x4-LD21-H0.3-F0.6-A4-s42,high,twostage,2024,1687,39.23,67.0,1,86.0,46.29
S8x4x4-LD21-H0.3-F0.6-A4-s42,high,twostage,2024,1688,39.253,67.0,1,86.0,46.29
S8x4x4-LD21-H0.3-F0.6-A4-s42,high,twostage,2024,1689,39.275,67.0,1,86.0,46.29
S8x4x4-LD21-H0.3-F0.6-A4-s42,high,twostage,2024,1690,39.298,67.0,1,86.0,46.29
S8x4x4-LD21-H0.3-F0.6-A4-s42,high,twostage,2024,1691,39.324,67.0,1,86.0,46.29
S8x4x4-LD21-H0.3-F0.6-A4-s42,high,twostage,2024,1692,39.346,67.0,1,86.0,46.29
S8x4x4-LD21-H0.3-F0.6-A4-s42,high,twostage,2024,1693,39.369,67.0,1,86.0,46.29
S8x4x4-LD21-H0.3-F0.6-A4-s42,high,twostage,2024,1694,39.391,67.0,1,86.0,46.29
S8x4x4-LD21-H0.3-F0.6-A4-s42,high,twostage,2024,1695,39.414,67.0,1,86.0,46.29
S8x4x4-LD21-H0.3-F0.6-A4-s42,high,twostage,2024,1696,39.441,67.0,1,86.0,46.29
S8x4x4-LD21-H0.3-F0.6-A4-s42,high,twostage,2024,1697,39.465,67.0,1,86.0,46.29
S8x4x4-LD21-H0.3-F0.6-A4-s42,high,twostage,2024,1698,39.49,67.0,1,86.0,46.29
S8x4x4-LD21-H0.3-F0.6-A4-s42,high,twostage,2024,1699,39.512,67.0,1,86.0,46.29
S8x4x4-LD21-H0.3-F0.6-A4-s42,high,twostage,2024,1700,39.537,67.0,1,86.0,46.29
S8x4x4-LD21-H0.3-F0.6-A4-s42,high,twostage,2024,1701,39.561,67.0,1,86.0,46.29
S8x4x4-LD21-H0.3-F0.6-A4-s42,high,twostage,2024,1702,39.583,67.0,1,86.0,46.29
S8x4x4-LD21-H0.3-F0.6-A4-s42,high,twostage,2024,1703,39.606,67.0,1,86.0,46.29
S8x4x4-LD21-H0.3-F0.6-A4-s42,high,twostage,2024,1704,39.628,67.0,1,86.0,46.29
S8x4x4-LD21-H0.3-F0.6-A4-s42,high,twostage,2024,1705,39.651,67.0,1,86.0,46.29
S8x4x4-LD21-H0.3-F0.6-A4-s42,high,twostage,2024,1706,39.675,67.0,1,86.0,46.29
S8x4x4-LD21-H0.3-F0.6-A4-s42,high,twostage,2024,1707,39.697,67.0,1,86.0,46.29
S8x4x4-LD21-H0.3-F0.6-A4-s42,high,twostage,2024,1708,39.72,67.0,1,86.0,46.29
S8x4x4-LD21-H0.3-F0.6-A4-s42,high,twostage,2024,1709,39.744,67.0,1,86.0,46.29
S8x4x4-LD21-H0.3-F0.6-A4-s42,high,twostage,2024,1710,39.767,67.0,1,86.0,46.29
S8x4x4-LD21-H0.3-F0.6-A4-s42,high,twostage,2024,1711,39.792,67.0,1,86.0,46.29
S8x4x4-LD21-H0.3-F0.6-A4-s42,high,twostage,2024,1712,39.815,67.0,1,86.0,46.29
S8x4x4-LD21-H0.3-F0.6-A4-s42,high,twostage,2024,1713,39.838,67.0,1,86.0,46.29
S8x4x4-LD21-H0.3-F0.6-A4-s42,high,twostage,2024,1714,39.86,67.0,1,86.0,46.29
S8x4x4-LD21-H0.3-F0.6-A4-s42,high,twostage,2024,1715,39.884,67.0,1,86.0,46.29
S8x4x4-LD21-H0.3-F0.6-A4-s42,high,twostage,2024,1716,39.909,67.0,1,86.0,46.29
S8x4x4-LD21-H0.3-F0.6-A4-s42,high,twostage,2024,1717,39.932,67.0,1,86.0,46.29
S8x4x4-LD21-H0.3-F0.6-A4-s42,high,twostage,2024,1718,39.955,67.0,1,86.0,46.29
S8x4x4-LD21-H0.3-F0.6-A4-s42,high,twostage,2024,1719,39.98,67.0,1,86.0,46.29
S8x4x4-LD21-H0.3-F0.6-A4-s42,high,twostage,2024,1720,40.003,67.0,1,86.0,46.29
S8x4x4-LD21-H0.3-F0.6-A4-s42,high,twostage,2024,1721,40.028,67.0,1,86.0,46.29
S8x4x4-LD21-H0.3-F0.6-A4-s42,high,twostage,2024,1722,40.05,67.0,1,86.0,46.29
S8x4x4-LD21-H0.3-F0.6-A4-s42,high,twostage,2024,1723,40.073,67.0,1,86.0,46.29
S8x4x4-LD21-H0.3-F0.6-A4-s42,high,twostage,2024,1724,40.096,67.0,1,86.0,46.29
S8x4x4-LD21-H0.3-F0.6-A4-s42,high,twostage,2024,1725,40.122,67.0,1,86.0,46.29
S8x4x4-LD21-H0.3-F0.6-A4-s42,high,twostage,2024,1726,40.144,67.0,1,86.0,46.29
S8x4x4-LD21-H0.3-F0.6-A4-s42,high,twostage,2024,1727,40.167,67.0,1,86.0,46.29
S8x4x4-LD21-H0.3-F0.6-A4-s42,high,twostage,2024,1728,40.19,67.0,1,86.0,46.29
S8x4x4-LD21-H0.3-F0.6-A4-s42,high,twostage,2024,1729,40.213,67.0,1,86.0,46.29
S8x4x4-LD21-H0.3-F0.6-A4-s42,high,twostage,2024,1730,40.238,67.0,1,86.0,46.29
S8x4x4-LD21-H0.3-F0.6-A4-s42,high,twostage,2024,1731,40.26,67.0,1,86.0,46.29
S8x4x4-LD21-H0.3-F0.6-A4-s42,high,twostage,2024,1732,40.282,67.0,1,86.0,46.29
S8x4x4-LD21-H0.3-F0.6-A4-s42,high,twostage,2024,1733,40.305,67.0,1,86.0,46.29
S8x4x4-LD21-H0.3-F0.6-A4-s42,high,twostage,2024,1734,40.328,67.0,1,86.0,46.29
S8x4x4-LD21-H0.3-F0.6-A4-s42,high,twostage,2024,1735,40.355,67.0,1,86.0,46.29
S8x4x4-LD21-H0.3-F0.6-A4-s42,high,twostage,2024,1736,40.377,67.0,1,86.0,46.29
S8x4x4-LD21-H0.3-F0.6-A4-s42,high,twostage,2024,1737,40.4,67.0,1,86.0,46.29
S8x4x4-LD21-H0.3-F0.6-A4-s42,high,twostage,2024,1738,40.424,67.0,1,86.0,46.29
S8x4x4-LD21-H0.3-F0.6-A4-s42,high,twostage,2024,1739,40.449,67.0,1,86.0,46.29
S8x4x4-LD21-H0.3-F0.6-A4-s42,high,twostage,2024,1740,40.475,67.0,1,86.0,46.29
S8x4x4-LD21-H0.3-F0.6-A4-s42,high,twostage,2024,1741,40.499,67.0,1,86.0,46.29
S8x4x4-LD21-H0.3-F0.6-A4-s42,high,twostage,2024,1742,40.522,67.0,1,86.0,46.29
S8x4x4-LD21-H0.3-F0.6-A4-s42,high,twostage,2024,1743,40.545,67.0,1,86.0,46.29
S8x4x4-LD21-H0.3-F0.6-A4-s42,high,twostage,2024,1744,40.567,67.0,1,86.0,46.29
S8x4x4-LD21-H0.3-F0.6-A4-s42,high,twostage,2024,1745,40.594,67.0,1,86.0,46.29
S8x4x4-LD21-H0.3-F0.6-A4-s42,high,twostage,2024,1746,40.619,67.0,1,86.0,46.29
S8x4x4-LD21-H0.3-F0.6-A4-s42,high,twostage,2024,1747,40.646,67.0,1,86.0,46.29
S8x4x4-LD21-H0.3-F0.6-A4-s42,high,twostage,2024,1748,40.669,67.0,1,86.0,46.29
S8x4x4-LD21-H0.3-F0.6-A4-s42,high,twostage,2024,1749,40.697,67.0,1,86.0,46.29
S8x4x4-LD21-H0.3-F0.6-A4-s42,high,twostage,2024,1750,40.724,67.0,1,86.0,46.29
S8x4x4-LD21-H0.3-F0.6-A4-s42,high,twostage,2024,1751,40.746,67.0,1,86.0,46.29
S8x4x4-LD21-H0.3-F0.6-A4-s42,high,twostage,2024,1752,40.771,67.0,1,86.0,46.29
S8x4x4-LD21-H0.3-F0.6-A4-s42,high,twostage,2024,1753,40.794,67.0,1,86.0,46.29
S8x4x4-LD21-H0.3-F0.6-A4-s42,high,twostage,2024,1754,40.832,67.0,1,86.0,46.29
S8x4x4-LD21-H0.3-F0.6-A4-s42,high,twostage,2024,1755,40.862,67.0,1,86.0,46.29
S8x4x4-LD21-H0.3-F0.6-A4-s42,high,twostage,2024,1756,40.885,67.0,1,86.0,46.29
S8x4x4-LD21-H0.3-F0.6-A4-s42,high,twostage,2024,1757,40.908,67.0,1,86.0,46.29
S8x4x4-LD21-H0.3-F0.6-A4-s42,high,twostage,2024,1758,40.94,67.0,1,86.0,46.29
S8x4x4-LD21-H0.3-F0.6-A4-s42,high,twostage,2024,1759,40.975,67.0,1,86.0,46.29
S8x4x4-LD21-H0.3-F0.6-A4-s42,high,twostage,2024,1760,41.002,67.0,1,86.0,46.29
S8x4x4-LD21-H0.3-F0.6-A4-s42,high,twostage,2024,1761,41.042,67.0,1,86.0,46.29
S8x4x4-LD21-H0.3-F0.6-A4-s42,high,twostage,2024,1762,41.071,67.0,1,86.0,46.29
S8x4x4-LD21-H0.3-F0.6-A4-s42,high,twostage,2024,1763,41.097,67.0,1,86.0,46.29
S8x4x4-LD21-H0.3-F0.6-A4-s42,high,twostage,2024,1764,41.124,67.0,1,86.0,46.29
S8x4x4-LD21-H0.3-F0.6-A4-s42,high,twostage,2024,1765,41.156,67.0,1,86.0,46.29
S8x4x4-LD21-H0.3-F0.6-A4-s42,high,twostage,2024,1766,41.179,67.0,1,86.0,46.29
S8x4x4-LD21-H0.3-F0.6-A4-s42,high,twostage,2024,1767,41.203,67.0,1,86.0,46.29
S8x4x4-LD21-H0.3-F0.6-A4-s42,high,twostage,2024,1768,41.227,67.0,1,86.0,46.29
S8x4x4-LD21-H0.3-F0.6-A4-s42,high,twostage,2024,1769,41.25,67.0,1,86.0,46.29
S8x4x4-LD21-H0.3-F0.6-A4-s42,high,twostage,2024,1770,41.274,67.0,1,86.0,46.29
S8x4x4-LD21-H0.3-F0.6-A4-s42,high,twostage,2024,1771,41.297,67.0,1,86.0,46.29
S8x4x4-LD21-H0.3-F0.6-A4-s42,high,twostage,2024,1772,41.321,67.0,1,86.0,46.29
S8x4x4-LD21-H0.3-F0.6-A4-s42,high,twostage,2024,1773,41.345,67.0,1,86.0,46.29
S8x4x4-LD21-H0.3-F0.6-A4-s42,high,twostage,2024,1774,41.374,67.0,1,86.0,46.29
S8x4x4-LD21-H0.3-F0.6-A4-s42,high,twostage,2024,1775,41.401,67.0,1,86.0,46.29
S8x4x4-LD21-H0.3-F0.6-A4-s42,high,twostage,2024,1776,41.425,67.0,1,86.0,46.29
S8x4x4-LD21-H0.3-F0.6-A4-s42,high,twostage,2024,1777,41.451,67.0,1,86.0,46.29
S8x4x4-LD21-H0.3-F0.6-A4-s42,high,twostage,2024,1778,41.475,67.0,1,86.0,46.29
S8x4x4-LD21-H0.3-F0.6-A4-s42,high,twostage,2024,1779,41.502,67.0,1,86.0,46.29
S8x4x4-LD21-H0.3-F0.6-A4-s42,high,twostage,2024,1780,41.526,67.0,1,86.0,46.29
S8x4x4-LD21-H0.3-F0.6-A4-s42,high,twostage,2024,1781,41.549,67.0,1,86.0,46.29
S8x4x4-LD21-H0.3-F0.6-A4-s42,high,twostage,2024,1782,41.572,67.0,1,86.0,46.29
S8x4x4-LD21-H0.3-F0.6-A4-s42,high,twostage,2024,1783,41.595,67.0,1,86.0,46.29
S8x4x4-LD21-H0.3-F0.6-A4-s42,high,twostage,2024,1784,41.622,67.0,1,86.0,46.29
S8x4x4-LD21-H0.3-F0.6-A4-s42,high,twostage,2024,1785,41.644,67.0,1,86.0,46.29
S8x4x4-LD21-H0.3-F0.6-A4-s42,high,twostage,2024,1786,41.669,67.0,1,86.0,46.29
S8x4x4-LD21-H0.3-F0.6-A4-s42,high,twostage,2024,1787,41.692,67.0,1,86.0,46.29
S8x4x4-LD21-H0.3-F0.6-A4-s42,high,twostage,2024,1788,41.715,67.0,1,86.0,46.29
S8x4x4-LD21-H0.3-F0.6-A4-s42,high,twostage,2024,1789,41.74,67.0,1,86.0,46.29
S8x4x4-LD21-H0.3-F0.6-A4-s42,high,twostage,2024,1790,41.762,67.0,1,86.0,46.29
S8x4x4-LD21-H0.3-F0.6-A4-s42,high,twostage,2024,1791,41.785,67.0,1,86.0,46.29
S8x4x4-LD21-H0.3-F0.6-A4-s42,high,twostage,2024,1792,41.808,67.0,1,86.0,46.29
S8x4x4-LD21-H0.3-F0.6-A4-s42,high,twostage,2024,1793,41.829,67.0,1,86.0,46.29
S8x4x4-LD21-H0.3-F0.6-A4-s42,high,twostage,2024,1794,41.856,67.0,1,86.0,46.29
S8x4x4-LD21-H0.3-F0.6-A4-s42,high,twostage,2024,1795,41.877,67.0,1,86.0,46.29
S8x4x4-LD21-H0.3-F0.6-A4-s42,high,twostage,2024,1796,41.9,67.0,1,86.0,46.29
S8x4x4-LD21-H0.3-F0.6-A4-s42,high,twostage,2024,1797,41.922,67.0,1,86.0,46.29
S8x4x4-LD21-H0.3-F0.6-A4-s42,high,twostage,2024,1798,41.944,67.0,1,86.0,46.29
S8x4x4-LD21-H0.3-F0.6-A4-s42,high,twostage,2024,1799,41.969,67.0,1,86.0,46.29
S8x4x4-LD21-H0.3-F0.6-A4-s42,high,twostage,2024,1800,41.991,67.0,1,86.0,46.29
S8x4x4-LD21-H0.3-F0.6-A4-s42,high,twostage,2024,1801,42.015,67.0,1,86.0,46.29
S8x4x4-LD21-H0.3-F0.6-A4-s42,high,twostage,2024,1802,42.038,67.0,1,86.0,46.29
S8x4x4-LD21-H0.3-F0.6-A4-s42,high,twostage,2024,1803,42.062,67.0,1,86.0,46.29
S8x4x4-LD21-H0.3-F0.6-A4-s42,high,twostage,2024,1804,42.087,67.0,1,86.0,46.29
S8x4x4-LD21-H0.3-F0.6-A4-s42,high,twostage,2024,1805,42.109,67.0,1,86.0,46.29
S8x4x4-LD21-H0.3-F0.6-A4-s42,high,twostage,2024,1806,42.132,67.0,1,86.0,46.29
S8x4x4-LD21-H0.3-F0.6-A4-s42,high,twostage,2024,1807,42.154,67.0,1,86.0,46.29
S8x4x4-LD21-H0.3-F0.6-A4-s42,high,twostage,2024,1808,42.176,67.0,1,86.0,46.29
S8x4x4-LD21-H0.3-F0.6-A4-s42,high,twostage,2024,1809,42.2,67.0,1,86.0,46.29
S8x4x4-LD21-H0.3-F0.6-A4-s42,high,twostage,2024,1810,42.222,67.0,1,86.0,46.29
S8x4x4-LD21-H0.3-F0.6-A4-s42,high,twostage,2024,1811,42.245,67.0,1,86.0,46.29
S8x4x4-LD21-H0.3-F0.6-A4-s42,high,twostage,2024,1812,42.268,67.0,1,86.0,46.29
S8x4x4-LD21-H0.3-F0.6-A4-s42,high,twostage,2024,1813,42.292,67.0,1,86.0,46.29
S8x4x4-LD21-H0.3-F0.6-A4-s42,high,twostage,2024,1814,42.316,67.0,1,86.0,46.29
S8x4x4-LD21-H0.3-F0.6-A4-s42,high,twostage,2024,1815,42.338,67.0,1,86.0,46.29
S8x4x4-LD21-H0.3-F0.6-A4-s42,high,twostage,2024,1816,42.361,67.0,1,86.0,46.29
S8x4x4-LD21-H0.3-F0.6-A4-s42,high,twostage,2024,1817,42.383,67.0,1,86.0,46.29
S8x4x4-LD21-H0.3-F0.6-A4-s42,high,twostage,2024,1818,42.406,67.0,1,86.0,46.29
S8x4x4-LD21-H0.3-F0.6-A4-s42,high,twostage,2024,1819,42.43,67.0,1,86.0,46.29
S8x4x4-LD21-H0.3-F0.6-A4-s42,high,twostage,2024,1820,42.452,67.0,1,86.0,46.29
S8x4x4-LD21-H0.3-F0.6-A4-s42,high,twostage,2024,1821,42.474,67.0,1,86.0,46.29
S8x4x4-LD21-H0.3-F0.6-A4-s42,high,twostage,2024,1822,42.497,67.0,1,86.0,46.29
S8x4x4-LD21-H0.3-F0.6-A4-s42,high,twostage,2024,1823,42.523,67.0,1,86.0,46.29
S8x4x4-LD21-H0.3-F0.6-A4-s42,high,twostage,2024,1824,42.545,67.0,1,86.0,46.29
S8x4x4-LD21-H0.3-F0.6-A4-s42,high,twostage,2024,1825,42.567,67.0,1,86.0,46.29
S8x4x4-LD21-H0.3-F0.6-A4-s42,high,twostage,2024,1826,42.595,67.0,1,86.0,46.29
S8x4x4-LD21-H0.3-F0.6-A4-s42,high,twostage,2024,1827,42.617,67.0,1,86.0,46.29
S8x4x4-LD21-H0.3-F0.6-A4-s42,high,twostage,2024,1828,42.642,67.0,1,86.0,46.29
S8x4x4-LD21-H0.3-F0.6-A4-s42,high,twostage,2024,1829,42.665,67.0,1,86.0,46.29
S8x4x4-LD21-H0.3-F0.6-A4-s42,high,twostage,2024,1830,42.688,67.0,1,86.0,46.29
S8x4x4-LD21-H0.3-F0.6-A4-s42,high,twostage,2024,1831,42.71,67.0,1,86.0,46.29
S8x4x4-LD21-H0.3-F0.6-A4-s42,high,twostage,2024,1832,42.733,67.0,1,86.0,46.29
S8x4x4-LD21-H0.3-F0.6-A4-s42,high,twostage,2024,1833,42.757,67.0,1,86.0,46.29
S8x4x4-LD21-H0.3-F0.6-A4-s42,high,twostage,2024,1834,42.779,67.0,1,86.0,46.29
S8x4x4-LD21-H0.3-F0.6-A4-s42,high,twostage,2024,1835,42.803,67.0,1,86.0,46.29
S8x4x4-LD21-H0.3-F0.6-A4-s42,high,twostage,2024,1836,42.825,67.0,1,86.0,46.29
S8x4x4-LD21-H0.3-F0.6-A4-s42,high,twostage,2024,1837,42.848,67.0,1,86.0,46.29
S8x4x4-LD21-H0.3-F0.6-A4-s42,high,twostage,2024,1838,42.874,67.0,1,86.0,46.29
S8x4x4-LD21-H0.3-F0.6-A4-s42,high,twostage,2024,1839,42.897,67.0,1,86.0,46.29
S8x4x4-LD21-H0.3-F0.6-A4-s42,high,twostage,2024,1840,42.919,67.0,1,86.0,46.29
S8x4x4-LD21-H0.3-F0.6-A4-s42,high,twostage,2024,1841,42.943,67.0,1,86.0,46.29
S8x4x4-LD21-H0.3-F0.6-A4-s42,high,twostage,2024,1842,42.965,67.0,1,86.0,46.29
S8x4x4-LD21-H0.3-F0.6-A4-s42,high,twostage,2024,1843,42.99,67.0,1,86.0,46.29
S8x4x4-LD21-H0.3-F0.6-A4-s42,high,twostage,2024,1844,43.014,67.0,1,86.0,46.29
S8x4x4-LD21-H0.3-F0.6-A4-s42,high,twostage,2024,1845,43.038,67.0,1,86.0,46.29
S8x4x4-LD21-H0.3-F0.6-A4-s42,high,twostage,2024,1846,43.061,67.0,1,86.0,46.29
S8x4x4-LD21-H0.3-F0.6-A4-s42,high,twostage,2024,1847,43.084,67.0,1,86.0,46.29
S8x4x4-LD21-H0.3-F0.6-A4-s42,high,twostage,2024,1848,43.109,67.0,1,86.0,46.29
S8x4x4-LD21-H0.3-F0.6-A4-s42,high,twostage,2024,1849,43.131,67.0,1,86.0,46.29
S8x4x4-LD21-H0.3-F0.6-A4-s42,high,twostage,2024,1850,43.154,67.0,1,86.0,46.29
S8x4x4-LD21-H0.3-F0.6-A4-s42,high,twostage,2024,1851,43.176,67.0,1,86.0,46.29
S8x4x4-LD21-H0.3-F0.6-A4-s42,high,twostage,2024,1852,43.199,67.0,1,86.0,46.29
S8x4x4-LD21-H0.3-F0.6-A4-s42,high,twostage,2024,1853,43.223,67.0,1,86.0,46.29
S8x4x4-LD21-H0.3-F0.6-A4-s42,high,twostage,2024,1854,43.246,67.0,1,86.0,46.29
S8x4x4-LD21-H0.3-F0.6-A4-s42,high,twostage,2024,1855,43.269,67.0,1,86.0,46.29
S8x4x4-LD21-H0.3-F0.6-A4-s42,high,twostage,2024,1856,43.295,67.0,1,86.0,46.29
S8x4x4-LD21-H0.3-F0.6-A4-s42,high,twostage,2024,1857,43.317,67.0,1,86.0,46.29
S8x4x4-LD21-H0.3-F0.6-A4-s42,high,twostage,2024,1858,43.347,67.0,1,86.0,46.29
S8x4x4-LD21-H0.3-F0.6-A4-s42,high,twostage,2024,1859,43.371,67.0,1,86.0,46.29
S8x4x4-LD21-H0.3-F0.6-A4-s42,high,twostage,2024,1860,43.406,67.0,1,86.0,46.29
S8x4x4-LD21-H0.3-F0.6-A4-s42,high,twostage,2024,1861,43.43,67.0,1,86.0,46.29
S8x4x4-LD21-H0.3-F0.6-A4-s42,high,twostage,2024,1862,43.453,67.0,1,86.0,46.29
S8x4x4-LD21-H0.3-F0.6-A4-s42,high,twostage,2024,1863,43.479,67.0,1,86.0,46.29
S8x4x4-LD21-H0.3-F0.6-A4-s42,high,twostage,2024,1864,43.506,67.0,1,86.0,46.29
S8x4x4-LD21-H0.3-F0.6-A4-s42,high,twostage,2024,1865,43.529,67.0,1,86.0,46.29
S8x4x4-LD21-H0.3-F0.6-A4-s42,high,twostage,2024,1866,43.554,67.0,1,86.0,46.29
S8x4x4-LD21-H0.3-F0.6-A4-s42,high,twostage,2024,1867,43.578,67.0,1,86.0,46.29
S8x4x4-LD21-H0.3-F0.6-A4-s42,high,twostage,2024,1868,43.603,67.0,1,86.0,46.29
S8x4x4-LD21-H0.3-F0.6-A4-s42,high,twostage,2024,1869,43.626,67.0,1,86.0,46.29
S8x4x4-LD21-H0.3-F0.6-A4-s42,high,twostage,2024,1870,43.648,67.0,1,86.0,46.29
S8x4x4-LD21-H0.3-F0.6-A4-s42,high,twostage,2024,1871,43.671,67.0,1,86.0,46.29
S8x4x4-LD21-H0.3-F0.6-A4-s42,high,twostage,2024,1872,43.697,67.0,1,86.0,46.29
S8x4x4-LD21-H0.3-F0.6-A4-s42,high,twostage,2024,1873,43.721,67.0,1,86.0,46.29
S8x4x4-LD21-H0.3-F0.6-A4-s42,high,twostage,2024,1874,43.744,67.0,1,86.0,46.29
S8x4x4-LD21-H0.3-F0.6-A4-s42,high,twostage,2024,1875,43.767,67.0,1,86.0,46.29
S8x4x4-LD21-H0.3-F0.6-A4-s42,high,twostage,2024,1876,43.789,67.0,1,86.0,46.29
S8x4x4-LD21-H0.3-F0.6-A4-s42,high,twostage,2024,1877,43.815,67.0,1,86.0,46.29
S8x4x4-LD21-H0.3-F0.6-A4-s42,high,twostage,2024,1878,43.836,67.0,1,86.0,46.29
S8x4x4-LD21-H0.3-F0.6-A4-s42,high,twostage,2024,1879,43.859,67.0,1,86.0,46.29
S8x4x4-LD21-H0.3-F0.6-A4-s42,high,twostage,2024,1880,43.883,67.0,1,86.0,46.29
S8x4x4-LD21-H0.3-F0.6-A4-s42,high,twostage,2024,1881,43.906,67.0,1,86.0,46.29
S8x4x4-LD21-H0.3-F0.6-A4-s42,high,twostage,2024,1882,43.932,67.0,1,86.0,46.29
S8x4x4-LD21-H0.3-F0.6-A4-s42,high,twostage,2024,1883,43.954,67.0,1,86.0,46.29
S8x4x4-LD21-H0.3-F0.6-A4-s42,high,twostage,2024,1884,43.976,67.0,1,86.0,46.29
S8x4x4-LD21-H0.3-F0.6-A4-s42,high,twostage,2024,1885,43.999,67.0,1,86.0,46.29
S8x4x4-LD21-H0.3-F0.6-A4-s42,high,twostage,2024,1886,44.022,67.0,1,86.0,46.29
S8x4x4-LD21-H0.3-F0.6-A4-s42,high,twostage,2024,1887,44.049,67.0,1,86.0,46.29
S8x4x4-LD21-H0.3-F0.6-A4-s42,high,twostage,2024,1888,44.073,67.0,1,86.0,46.29
S8x4x4-LD21-H0.3-F0.6-A4-s42,high,twostage,2024,1889,44.095,67.0,1,86.0,46.29
S8x4x4-LD21-H0.3-F0.6-A4-s42,high,twostage,2024,1890,44.118,67.0,1,86.0,46.29
S8x4x4-LD21-H0.3-F0.6-A4-s42,high,twostage,2024,1891,44.141,67.0,1,86.0,46.29
S8x4x4-LD21-H0.3-F0.6-A4-s42,high,twostage,2024,1892,44.166,67.0,1,86.0,46.29
S8x4x4-LD21-H0.3-F0.6-A4-s42,high,twostage,2024,1893,44.187,67.0,1,86.0,46.29
S8x4x4-LD21-H0.3-F0.6-A4-s42,high,twostage,2024,1894,44.21,67.0,1,86.0,46.29
S8x4x4-LD21-H0.3-F0.6-A4-s42,high,twostage,2024,1895,44.232,67.0,1,86.0,46.29
S8x4x4-LD21-H0.3-F0.6-A4-s42,high,twostage,2024,1896,44.255,67.0,1,86.0,46.29
S8x4x4-LD21-H0.3-F0.6-A4-s42,high,twostage,2024,1897,44.28,67.0,1,86.0,46.29
S8x4x4-LD21-H0.3-F0.6-A4-s42,high,twostage,2024,1898,44.303,67.0,1,86.0,46.29
S8x4x4-LD21-H0.3-F0.6-A4-s42,high,twostage,2024,1899,44.326,67.0,1,86.0,46.29
S8x4x4-LD21-H0.3-F0.6-A4-s42,high,twostage,2024,1900,44.349,67.0,1,86.0,46.29
S8x4x4-LD21-H0.3-F0.6-A4-s42,high,twostage,2024,1901,44.371,67.0,1,86.0,46.29
S8x4x4-LD21-H0.3-F0.6-A4-s42,high,twostage,2024,1902,44.397,67.0,1,86.0,46.29
S8x4x4-LD21-H0.3-F0.6-A4-s42,high,twostage,2024,1903,44.42,67.0,1,86.0,46.29
S8x4x4-LD21-H0.3-F0.6-A4-s42,high,twostage,2024,1904,44.442,67.0,1,86.0,46.29
S8x4x4-LD21-H0.3-F0.6-A4-s42,high,twostage,2024,1905,44.467,67.0,1,86.0,46.29
S8x4x4-LD21-H0.3-F0.6-A4-s42,high,twostage,2024,1906,44.489,67.0,1,86.0,46.29
S8x4x4-LD21-H0.3-F0.6-A4-s42,high,twostage,2024,1907,44.513,67.0,1,86.0,46.29
S8x4x4-LD21-H0.3-F0.6-A4-s42,high,twostage,2024,1908,44.535,67.0,1,86.0,46.29
S8x4x4-LD21-H0.3-F0.6-A4-s42,high,twostage,2024,1909,44.558,67.0,1,86.0,46.29
S8x4x4-LD21-H0.3-F0.6-A4-s42,high,twostage,2024,1910,44.582,67.0,1,86.0,46.29
S8x4x4-LD21-H0.3-F0.6-A4-s42,high,twostage,2024,1911,44.604,67.0,1,86.0,46.29
S8x4x4-LD21-H0.3-F0.6-A4-s42,high,twostage,2024,1912,44.629,67.0,1,86.0,46.29
S8x4x4-LD21-H0.3-F0.6-A4-s42,high,twostage,2024,1913,44.651,67.0,1,86.0,46.29
S8x4x4-LD21-H0.3-F0.6-A4-s42,high,twostage,2024,1914,44.674,67.0,1,86.0,46.29
S8x4x4-LD21-H0.3-F0.6-A4-s42,high,twostage,2024,1915,44.697,67.0,1,86.0,46.29
S8x4x4-LD21-H0.3-F0.6-A4-s42,high,twostage,2024,1916,44.72,67.0,1,86.0,46.29
S8x4x4-LD21-H0.3-F0.6-A4-s42,high,twostage,2024,1917,44.744,67.0,1,86.0,46.29
S8x4x4-LD21-H0.3-F0.6-A4-s42,high,twostage,2024,1918,44.767,67.0,1,86.0,46.29
S8x4x4-LD21-H0.3-F0.6-A4-s42,high,twostage,2024,1919,44.789,67.0,1,86.0,46.29
S8x4x4-LD21-H0.3-F0.6-A4-s42,high,twostage,2024,1920,44.813,67.0,1,86.0,46.29
S8x4x4-LD21-H0.3-F0.6-A4-s42,high,twostage,2024,1921,44.838,67.0,1,86.0,46.29
S8x4x4-LD21-H0.3-F0.6-A4-s42,high,twostage,2024,1922,44.86,67.0,1,86.0,46.29
S8x4x4-LD21-H0.3-F0.6-A4-s42,high,twostage,2024,1923,44.883,67.0,1,86.0,46.29
S8x4x4-LD21-H0.3-F0.6-A4-s42,high,twostage,2024,1924,44.907,67.0,1,86.0,46.29
S8x4x4-LD21-H0.3-F0.6-A4-s42,high,twostage,2024,1925,44.929,67.0,1,86.0,46.29
S8x4x4-LD21-H0.3-F0.6-A4-s42,high,twostage,2024,1926,44.954,67.0,1,86.0,46.29
S8x4x4-LD21-H0.3-F0.6-A4-s42,high,twostage,2024,1927,44.976,67.0,1,86.0,46.29
S8x4x4-LD21-H0.3-F0.6-A4-s42,high,twostage,2024,1928,45.0,67.0,1,86.0,46.29
S8x4x4-LD21-H0.3-F0.6-A4-s42,high,twostage,2024,1929,45.024,67.0,1,86.0,46.29
S8x4x4-LD21-H0.3-F0.6-A4-s42,high,twostage,2024,1930,45.048,67.0,1,86.0,46.29
S8x4x4-LD21-H0.3-F0.6-A4-s42,high,twostage,2024,1931,45.074,67.0,1,86.0,46.29
S8x4x4-LD21-H0.3-F0.6-A4-s42,high,twostage,2024,1932,45.097,67.0,1,86.0,46.29
S8x4x4-LD21-H0.3-F0.6-A4-s42,high,twostage,2024,1933,45.12,67.0,1,86.0,46.29
S8x4x4-LD21-H0.3-F0.6-A4-s42,high,twostage,2024,1934,45.142,67.0,1,86.0,46.29
S8x4x4-LD21-H0.3-F0.6-A4-s42,high,twostage,2024,1935,45.165,67.0,1,86.0,46.29
S8x4x4-LD21-H0.3-F0.6-A4-s42,high,twostage,2024,1936,45.191,67.0,1,86.0,46.29
S8x4x4-LD21-H0.3-F0.6-A4-s42,high,twostage,2024,1937,45.214,67.0,1,86.0,46.29
S8x4x4-LD21-H0.3-F0.6-A4-s42,high,twostage,2024,1938,45.236,67.0,1,86.0,46.29
S8x4x4-LD21-H0.3-F0.6-A4-s42,high,twostage,2024,1939,45.259,67.0,1,86.0,46.29
S8x4x4-LD21-H0.3-F0.6-A4-s42,high,twostage,2024,1940,45.281,67.0,1,86.0,46.29
S8x4x4-LD21-H0.3-F0.6-A4-s42,high,twostage,2024,1941,45.306,67.0,1,86.0,46.29
S8x4x4-LD21-H0.3-F0.6-A4-s42,high,twostage,2024,1942,45.329,67.0,1,86.0,46.29
S8x4x4-LD21-H0.3-F0.6-A4-s42,high,twostage,2024,1943,45.352,67.0,1,86.0,46.29
S8x4x4-LD21-H0.3-F0.6-A4-s42,high,twostage,2024,1944,45.375,67.0,1,86.0,46.29
S8x4x4-LD21-H0.3-F0.6-A4-s42,high,twostage,2024,1945,45.398,67.0,1,86.0,46.29
S8x4x4-LD21-H0.3-F0.6-A4-s42,high,twostage,2024,1946,45.424,67.0,1,86.0,46.29
S8x4x4-LD21-H0.3-F0.6-A4-s42,high,twostage,2024,1947,45.446,67.0,1,86.0,46.29
S8x4x4-LD21-H0.3-F0.6-A4-s42,high,twostage,2024,1948,45.469,67.0,1,86.0,46.29
S8x4x4-LD21-H0.3-F0.6-A4-s42,high,twostage,2024,1949,45.491,67.0,1,86.0,46.29
S8x4x4-LD21-H0.3-F0.6-A4-s42,high,twostage,2024,1950,45.514,67.0,1,86.0,46.29
S8x4x4-LD21-H0.3-F0.6-A4-s42,high,twostage,2024,1951,45.538,67.0,1,86.0,46.29
S8x4x4-LD21-H0.3-F0.6-A4-s42,high,twostage,2024,1952,45.561,67.0,1,86.0,46.29
S8x4x4-LD21-H0.3-F0.6-A4-s42,high,twostage,2024,1953,45.584,67.0,1,86.0,46.29
S8x4x4-LD21-H0.3-F0.6-A4-s42,high,twostage,2024,1954,45.606,67.0,1,86.0,46.29
S8x4x4-LD21-H0.3-F0.6-A4-s42,high,twostage,2024,1955,45.63,67.0,1,86.0,46.29
S8x4x4-LD21-H0.3-F0.6-A4-s42,high,twostage,2024,1956,45.655,67.0,1,86.0,46.29
S8x4x4-LD21-H0.3-F0.6-A4-s42,high,twostage,2024,1957,45.678,67.0,1,86.0,46.29
S8x4x4-LD21-H0.3-F0.6-A4-s42,high,twostage,2024,1958,45.7,67.0,1,86.0,46.29
S8x4x4-LD21-H0.3-F0.6-A4-s42,high,twostage,2024,1959,45.723,67.0,1,86.0,46.29
S8x4x4-LD21-H0.3-F0.6-A4-s42,high,twostage,2024,1960,45.745,67.0,1,86.0,46.29
S8x4x4-LD21-H0.3-F0.6-A4-s42,high,twostage,2024,1961,45.77,67.0,1,86.0,46.29
S8x4x4-LD21-H0.3-F0.6-A4-s42,high,twostage,2024,1962,45.792,67.0,1,86.0,46.29
S8x4x4-LD21-H0.3-F0.6-A4-s42,high,twostage,2024,1963,45.814,67.0,1,86.0,46.29
S8x4x4-LD21-H0.3-F0.6-A4-s42,high,twostage,2024,1964,45.839,67.0,1,86.0,46.29
S8x4x4-LD21-H0.3-F0.6-A4-s42,high,twostage,2024,1965,45.863,67.0,1,86.0,46.29
S8x4x4-LD21-H0.3-F0.6-A4-s42,high,twostage,2024,1966,45.887,67.0,1,86.0,46.29
S8x4x4-LD21-H0.3-F0.6-A4-s42,high,twostage,2024,1967,45.909,67.0,1,86.0,46.29
S8x4x4-LD21-H0.3-F0.6-A4-s42,high,twostage,2024,1968,45.932,67.0,1,86.0,46.29
S8x4x4-LD21-H0.3-F0.6-A4-s42,high,twostage,2024,1969,45.955,67.0,1,86.0,46.29
S8x4x4-LD21-H0.3-F0.6-A4-s42,high,twostage,2024,1970,45.98,67.0,1,86.0,46.29
S8x4x4-LD21-H0.3-F0.6-A4-s42,high,twostage,2024,1971,46.002,67.0,1,86.0,46.29
S8x4x4-LD21-H0.3-F0.6-A4-s42,high,twostage,2024,1972,46.025,67.0,1,86.0,46.29
S8x4x4-LD21-H0.3-F0.6-A4-s42,high,twostage,2024,1973,46.048,67.0,1,86.0,46.29
S8x4x4-LD21-H0.3-F0.6-A4-s42,high,twostage,2024,1974,46.072,67.0,1,86.0,46.29
S8x4x4-LD21-H0.3-F0.6-A4-s42,high,twostage,2024,1975,46.098,67.0,1,86.0,46.29
S8x4x4-LD21-H0.3-F0.6-A4-s42,high,twostage,2024,1976,46.12,67.0,1,86.0,46.29
S8x4x4-LD21-H0.3-F0.6-A4-s42,high,twostage,2024,1977,46.142,67.0,1,86.0,46.29
S8x4x4-LD21-H0.3-F0.6-A4-s42,high,twostage,2024,1978,46.166,67.0,1,86.0,46.29
S8x4x4-LD21-H0.3-F0.6-A4-s42,high,twostage,2024,1979,46.188,67.0,1,86.0,46.29
S8x4x4-LD21-H0.3-F0.6-A4-s42,high,twostage,2024,1980,46.214,67.0,1,86.0,46.29
S8x4x4-LD21-H0.3-F0.6-A4-s42,high,twostage,2024,1981,46.236,67.0,1,86.0,46.29
S8x4x4-LD21-H0.3-F0.6-A4-s42,high,twostage,2024,1982,46.259,67.0,1,86.0,46.29
S8x4x4-LD21-H0.3-F0.6-A4-s42,high,twostage,2024,1983,46.281,67.0,1,86.0,46.29
S8x4x4-LD21-H0.3-F0.6-A4-s42,high,twostage,2024,1984,46.304,67.0,1,86.0,46.29
S8x4x4-LD21-H0.3-F0.6-A4-s42,high,twostage,13,1,0.034,85.0,1,81.0,46.29
S8x4x4-LD21-H0.3-F0.6-A4-s42,high,twostage,13,2,0.062,83.0,1,81.0,46.29
S8x4x4-LD21-H0.3-F0.6-A4-s42,high,twostage,13,3,0.088,83.0,1,81.0,46.29
S8x4x4-LD21-H0.3-F0.6-A4-s42,high,twostage,13,4,0.113,82.0,1,81.0,46.29
S8x4x4-LD21-H0.3-F0.6-A4-s42,high,twostage,13,5,0.144,82.0,1,81.0,46.29
S8x4x4-LD21-H0.3-F0.6-A4-s42,high,twostage,13,6,0.167,82.0,1,81.0,46.29
S8x4x4-LD21-H0.3-F0.6-A4-s42,high,twostage,13,7,0.192,82.0,1,81.0,46.29
S8x4x4-LD21-H0.3-F0.6-A4-s42,high,twostage,13,8,0.216,80.0,1,81.0,46.29
S8x4x4-LD21-H0.3-F0.6-A4-s42,high,twostage,13,9,0.24,80.0,1,81.0,46.29
S8x4x4-LD21-H0.3-F0.6-A4-s42,high,twostage,13,10,0.267,80.0,1,81.0,46.29
S8x4x4-LD21-H0.3-F0.6-A4-s42,high,twostage,13,11,0.291,80.0,1,81.0,46.29
S8x4x4-LD21-H0.3-F0.6-A4-s42,high,twostage,13,12,0.315,80.0,1,81.0,46.29
S8x4x4-LD21-H0.3-F0.6-A4-s42,high,twostage,13,13,0.34,80.0,1,81.0,46.29
S8x4x4-LD21-H0.3-F0.6-A4-s42,high,twostage,13,14,0.365,80.0,1,81.0,46.29
S8x4x4-LD21-H0.3-F0.6-A4-s42,high,twostage,13,15,0.389,80.0,1,81.0,46.29
S8x4x4-LD21-H0.3-F0.6-A4-s42,high,twostage,13,16,0.413,78.0,1,81.0,46.29
S8x4x4-LD21-H0.3-F0.6-A4-s42,high,twostage,13,17,0.438,78.0,1,81.0,46.29
S8x4x4-LD21-H0.3-F0.6-A4-s42,high,twostage,13,18,0.461,78.0,1,81.0,46.29
S8x4x4-LD21-H0.3-F0.6-A4-s42,high,twostage,13,19,0.487,78.0,1,81.0,46.29
S8x4x4-LD21-H0.3-F0.6-A4-s42,high,twostage,13,20,0.511,78.0,1,81.0,46.29
S8x4x4-LD21-H0.3-F0.6-A4-s42,high,twostage,13,21,0.535,78.0,1,81.0,46.29
S8x4x4-LD21-H0.3-F0.6-A4-s42,high,twostage,13,22,0.559,78.0,1,81.0,46.29
S8x4x4-LD21-H0.3-F0.6-A4-s42,high,twostage,13,23,0.585,78.0,1,81.0,46.29
S8x4x4-LD21-H0.3-F0.6-A4-s42,high,twostage,13,24,0.608,78.0,1,81.0,46.29
S8x4x4-LD21-H0.3-F0.6-A4-s42,high,twostage,13,25,0.633,74.0,1,81.0,46.29
S8x4x4-LD21-H0.3-F0.6-A4-s42,high,twostage,13,26,0.658,74.0,1,81.0,46.29
S8x4x4-LD21-H0.3-F0.6-A4-s42,high,twostage,13,27,0.682,74.0,1,81.0,46.29
S8x4x4-LD21-H0.3-F0.6-A4-s42,high,twostage,13,28,0.708,74.0,1,81.0,46.29
S8x4x4-LD21-H0.3-F0.6-A4-s42,high,twostage,13,29,0.732,74.0,1,81.0,46.29
S8x4x4-LD21-H0.3-F0.6-A4-s42,high,twostage,13,30,0.757,74.0,1,81.0,46.29
S8x4x4-LD21-H0.3-F0.6-A4-s42,high,twostage,13,31,0.78,74.0,1,81.0,46.29
S8x4x4-LD21-H0.3-F0.6-A4-s42,high,twostage,13,32,0.804,74.0,1,81.0,46.29
S8x4x4-LD21-H0.3-F0.6-A4-s42,high,twostage,13,33,0.831,74.0,1,81.0,46.29
S8x4x4-LD21-H0.3-F0.6-A4-s42,high,twostage,13,34,0.855,74.0,1,81.0,46.29
S8x4x4-LD21-H0.3-F0.6-A4-s42,high,twostage,13,35,0.879,74.0,1,81.0,46.29
S8x4x4-LD21-H0.3-F0.6-A4-s42,high,twostage,13,36,0.904,74.0,1,81.0,46.29
S8x4x4-LD21-H0.3-F0.6-A4-s42,high,twostage,13,37,0.93,74.0,1,81.0,46.29
S8x4x4-LD21-H0.3-F0.6-A4-s42,high,twostage,13,38,0.955,74.0,1,81.0,46.29
S8x4x4-LD21-H0.3-F0.6-A4-s42,high,twostage,13,39,0.979,74.0,1,81.0,46.29
S8x4x4-LD21-H0.3-F0.6-A4-s42,high,twostage,13,40,1.003,74.0,1,81.0,46.29
S8x4x4-LD21-H0.3-F0.6-A4-s42,high,twostage,13,41,1.027,74.0,1,81.0,46.29
S8x4x4-LD21-H0.3-F0.6-A4-s42,high,twostage,13,42,1.053,74.0,1,81.0,46.29
S8x4x4-LD21-H0.3-F0.6-A4-s42,high,twostage,13,43,1.077,74.0,1,81.0,46.29
S8x4x4-LD21-H0.3-F0.6-A4-s42,high,twostage,13,44,1.101,74.0,1,81.0,46.29
S8x4x4-LD21-H0.3-F0.6-A4-s42,high,twostage,13,45,1.126,74.0,1,81.0,46.29
S8x4x4-LD21-H0.3-F0.6-A4-s42,high,twostage,13,46,1.15,74.0,1,81.0,46.29
S8x4x4-LD21-H0.3-F0.6-A4-s42,high,twostage,13,47,1.176,74.0,1,81.0,46.29
S8x4x4-LD21-H0.3-F0.6-A4-s42,high,twostage,13,48,1.2,74.0,1,81.0,46.29
S8x4x4-LD21-H0.3-F0.6-A4-s42,high,twostage,13,49,1.224,74.0,1,81.0,46.29
S8x4x4-LD21-H0.3-F0.6-A4-s42,high,twostage,13,50,1.247,74.0,1,81.0,46.29
S8x4x4-LD21-H0.3-F0.6-A4-s42,high,twostage,13,51,1.274,74.0,1,81.0,46.29
S8x4x4-LD21-H0.3-F0.6-A4-s42,high,twostage,13,52,1.298,74.0,1,81.0,46.29
S8x4x4-LD21-H0.3-F0.6-A4-s42,high,twostage,13,53,1.322,74.0,1,81.0,46.29
S8x4x4-LD21-H0.3-F0.6-A4-s42,high,twostage,13,54,1.348,74.0,1,81.0,46.29
S8x4x4-LD21-H0.3-F0.6-A4-s42,high,twostage,13,55,1.372,74.0,1,81.0,46.29
S8x4x4-LD21-H0.3-F0.6-A4-s42,high,twostage,13,56,1.399,74.0,1,81.0,46.29
S8x4x4-LD21-H0.3-F0.6-A4-s42,high,twostage,13,57,1.421,74.0,1,81.0,46.29
S8x4x4-LD21-H0.3-F0.6-A4-s42,high,twostage,13,58,1.446,74.0,1,81.0,46.29
S8x4x4-LD21-H0.3-F0.6-A4-s42,high,twostage,13,59,1.47,74.0,1,81.0,46.29
S8x4x4-LD21-H0.3-F0.6-A4-s42,high,twostage,13,60,1.493,74.0,1,81.0,46.29
S8x4x4-LD21-H0.3-F0.6-A4-s42,high,twostage,13,61,1.519,74.0,1,81.0,46.29
S8x4x4-LD21-H0.3-F0.6-A4-s42,high,twostage,13,62,1.544,74.0,1,81.0,46.29
S8x4x4-LD21-H0.3-F0.6-A4-s42,high,twostage,13,63,1.567,74.0,1,81.0,46.29
S8x4x4-LD21-H0.3-F0.6-A4-s42,high,twostage,13,64,1.591,74.0,1,81.0,46.29
S8x4x4-LD21-H0.3-F0.6-A4-s42,high,twostage,13,65,1.614,74.0,1,81.0,46.29
S8x4x4-LD21-H0.3-F0.6-A4-s42,high,twostage,13,66,1.642,71.0,1,81.0,46.29
S8x4x4-LD21-H0.3-F0.6-A4-s42,high,twostage,13,67,1.667,71.0,1,81.0,46.29
S8x4x4-LD21-H0.3-F0.6-A4-s42,high,twostage,13,68,1.69,71.0,1,81.0,46.29
S8x4x4-LD21-H0.3-F0.6-A4-s42,high,twostage,13,69,1.715,71.0,1,81.0,46.29
S8x4x4-LD21-H0.3-F0.6-A4-s42,high,twostage,13,70,1.743,71.0,1,81.0,46.29
S8x4x4-LD21-H0.3-F0.6-A4-s42,high,twostage,13,71,1.767,71.0,1,81.0,46.29
S8x4x4-LD21-H0.3-F0.6-A4-s42,high,twostage,13,72,1.791,71.0,1,81.0,46.29
S8x4x4-LD21-H0.3-F0.6-A4-s42,high,twostage,13,73,1.815,70.0,1,81.0,46.29
S8x4x4-LD21-H0.3-F0.6-A4-s42,high,twostage,13,74,1.839,70.0,1,81.0,46.29
S8x4x4-LD21-H0.3-F0.6-A4-s42,high,twostage,13,75,1.865,70.0,1,81.0,46.29
S8x4x4-LD21-H0.3-F0.6-A4-s42,high,twostage,13,76,1.89,70.0,1,81.0,46.29
S8x4x4-LD21-H0.3-F0.6-A4-s42,high,twostage,13,77,1.914,70.0,1,81.0,46.29
S8x4x4-LD21-H0.3-F0.6-A4-s42,high,twostage,13,78,1.938,70.0,1,81.0,46.29
S8x4x4-LD21-H0.3-F0.6-A4-s42,high,twostage,13,79,1.963,70.0,1,81.0,46.29
S8x4x4-LD21-H0.3-F0.6-A4-s42,high,twostage,13,80,1.989,70.0,1,81.0,46.29
S8x4x4-LD21-H0.3-F0.6-A4-s42,high,twostage,13,81,2.012,70.0,1,81.0,46.29
S8x4x4-LD21-H0.3-F0.6-A4-s42,high,twostage,13,82,2.036,70.0,1,81.0,46.29
S8x4x4-LD21-H0.3-F0.6-A4-s42,high,twostage,13,83,2.06,70.0,1,81.0,46.29
S8x4x4-LD21-H0.3-F0.6-A4-s42,high,twostage,13,84,2.086,70.0,1,81.0,46.29
S8x4x4-LD21-H0.3-F0.6-A4-s42,high,twostage,13,85,2.109,70.0,1,81.0,46.29
S8x4x4-LD21-H0.3-F0.6-A4-s42,high,twostage,13,86,2.134,70.0,1,81.0,46.29
S8x4x4-LD21-H0.3-F0.6-A4-s42,high,twostage,13,87,2.158,70.0,1,81.0,46.29
S8x4x4-LD21-H0.3-F0.6-A4-s42,high,twostage,13,88,2.183,70.0,1,81.0,46.29
S8x4x4-LD21-H0.3-F0.6-A4-s42,high,twostage,13,89,2.21,70.0,1,81.0,46.29
S8x4x4-LD21-H0.3-F0.6-A4-s42,high,twostage,13,90,2.234,70.0,1,81.0,46.29
S8x4x4-LD21-H0.3-F0.6-A4-s42,high,twostage,13,91,2.258,70.0,1,81.0,46.29
S8x4x4-LD21-H0.3-F0.6-A4-s42,high,twostage,13,92,2.281,70.0,1,81.0,46.29
S8x4x4-LD21-H0.3-F0.6-A4-s42,high,twostage,13,93,2.306,70.0,1,81.0,46.29
S8x4x4-LD21-H0.3-F0.6-A4-s42,high,twostage,13,94,2.331,70.0,1,81.0,46.29
S8x4x4-LD21-H0.3-F0.6-A4-s42,high,twostage,13,95,2.354,70.0,1,81.0,46.29
S8x4x4-LD21-H0.3-F0.6-A4-s42,high,twostage,13,96,2.377,70.0,1,81.0,46.29
S8x4x4-LD21-H0.3-F0.6-A4-s42,high,twostage,13,97,2.401,70.0,1,81.0,46.29
S8x4x4-LD21-H0.3-F0.6-A4-s42,high,twostage,13,98,2.428,70.0,1,81.0,46.29
S8x4x4-LD21-H0.3-F0.6-A4-s42,high,twostage,13,99,2.451,70.0,1,81.0,46.29
S8x4x4-LD21-H0.3-F0.6-A4-s42,high,twostage,13,100,2.475,70.0,1,81.0,46.29
S8x4x4-LD21-H0.3-F0.6-A4-s42,high,twostage,13,101,2.498,70.0,1,81.0,46.29
S8x4x4-LD21-H0.3-F0.6-A4-s42,high,twostage,13,102,2.523,70.0,1,81.0,46.29
S8x4x4-LD21-H0.3-F0.6-A4-s42,high,twostage,13,103,2.55,70.0,1,81.0,46.29
S8x4x4-LD21-H0.3-F0.6-A4-s42,high,twostage,13,104,2.574,70.0,1,81.0,46.29
S8x4x4-LD21-H0.3-F0.6-A4-s42,high,twostage,13,105,2.598,70.0,1,81.0,46.29
S8x4x4-LD21-H0.3-F0.6-A4-s42,high,twostage,13,106,2.623,70.0,1,81.0,46.29
S8x4x4-LD21-H0.3-F0.6-A4-s42,high,twostage,13,107,2.648,70.0,1,81.0,46.29
S8x4x4-LD21-H0.3-F0.6-A4-s42,high,twostage,13,108,2.676,70.0,1,81.0,46.29
S8x4x4-LD21-H0.3-F0.6-A4-s42,high,twostage,13,109,2.7,70.0,1,81.0,46.29
S8x4x4-LD21-H0.3-F0.6-A4-s42,high,twostage,13,110,2.726,70.0,1,81.0,46.29
S8x4x4-LD21-H0.3-F0.6-A4-s42,high,twostage,13,111,2.75,70.0,1,81.0,46.29
S8x4x4-LD21-H0.3-F0.6-A4-s42,high,twostage,13,112,2.777,70.0,1,81.0,46.29
S8x4x4-LD21-H0.3-F0.6-A4-s42,high,twostage,13,113,2.801,70.0,1,81.0,46.29
S8x4x4-LD21-H0.3-F0.6-A4-s42,high,twostage,13,114,2.824,70.0,1,81.0,46.29
S8x4x4-LD21-H0.3-F0.6-A4-s42,high,twostage,13,115,2.847,70.0,1,81.0,46.29
S8x4x4-LD21-H0.3-F0.6-A4-s42,high,twostage,13,116,2.871,70.0,1,81.0,46.29
S8x4x4-LD21-H0.3-F0.6-A4-s42,high,twostage,13,117,2.897,70.0,1,81.0,46.29
S8x4x4-LD21-H0.3-F0.6-A4-s42,high,twostage,13,118,2.921,70.0,1,81.0,46.29
S8x4x4-LD21-H0.3-F0.6-A4-s42,high,twostage,13,119,2.945,70.0,1,81.0,46.29
S8x4x4-LD21-H0.3-F0.6-A4-s42,high,twostage,13,120,2.969,70.0,1,81.0,46.29
S8x4x4-LD21-H0.3-F0.6-A4-s42,high,twostage,13,121,2.993,70.0,1,81.0,46.29
S8x4x4-LD21-H0.3-F0.6-A4-s42,high,twostage,13,122,3.019,70.0,1,81.0,46.29
S8x4x4-LD21-H0.3-F0.6-A4-s42,high,twostage,13,123,3.041,70.0,1,81.0,46.29
S8x4x4-LD21-H0.3-F0.6-A4-s42,high,twostage,13,124,3.065,70.0,1,81.0,46.29
S8x4x4-LD21-H0.3-F0.6-A4-s42,high,twostage,13,125,3.089,70.0,1,81.0,46.29
S8x4x4-LD21-H0.3-F0.6-A4-s42,high,twostage,13,126,3.116,70.0,1,81.0,46.29
S8x4x4-LD21-H0.3-F0.6-A4-s42,high,twostage,13,127,3.141,70.0,1,81.0,46.29
S8x4x4-LD21-H0.3-F0.6-A4-s42,high,twostage,13,128,3.164,70.0,1,81.0,46.29
S8x4x4-LD21-H0.3-F0.6-A4-s42,high,twostage,13,129,3.189,70.0,1,81.0,46.29
S8x4x4-LD21-H0.3-F0.6-A4-s42,high,twostage,13,130,3.214,70.0,1,81.0,46.29
S8x4x4-LD21-H0.3-F0.6-A4-s42,high,twostage,13,131,3.245,70.0,1,81.0,46.29
S8x4x4-LD21-H0.3-F0.6-A4-s42,high,twostage,13,132,3.269,70.0,1,81.0,46.29
S8x4x4-LD21-H0.3-F0.6-A4-s42,high,twostage,13,133,3.295,69.0,1,81.0,46.29
S8x4x4-LD21-H0.3-F0.6-A4-s42,high,twostage,13,134,3.319,69.0,1,81.0,46.29
S8x4x4-LD21-H0.3-F0.6-A4-s42,high,twostage,13,135,3.342,69.0,1,81.0,46.29
S8x4x4-LD21-H0.3-F0.6-A4-s42,high,twostage,13,136,3.369,69.0,1,81.0,46.29
S8x4x4-LD21-H0.3-F0.6-A4-s42,high,twostage,13,137,3.392,69.0,1,81.0,46.29
S8x4x4-LD21-H0.3-F0.6-A4-s42,high,twostage,13,138,3.417,69.0,1,81.0,46.29
S8x4x4-LD21-H0.3-F0.6-A4-s42,high,twostage,13,139,3.441,69.0,1,81.0,46.29
S8x4x4-LD21-H0.3-F0.6-A4-s42,high,twostage,13,140,3.467,69.0,1,81.0,46.29
S8x4x4-LD21-H0.3-F0.6-A4-s42,high,twostage,13,141,3.491,69.0,1,81.0,46.29
S8x4x4-LD21-H0.3-F0.6-A4-s42,high,twostage,13,142,3.514,69.0,1,81.0,46.29
S8x4x4-LD21-H0.3-F0.6-A4-s42,high,twostage,13,143,3.537,69.0,1,81.0,46.29
S8x4x4-LD21-H0.3-F0.6-A4-s42,high,twostage,13,144,3.561,69.0,1,81.0,46.29
S8x4x4-LD21-H0.3-F0.6-A4-s42,high,twostage,13,145,3.587,69.0,1,81.0,46.29
S8x4x4-LD21-H0.3-F0.6-A4-s42,high,twostage,13,146,3.611,69.0,1,81.0,46.29
S8x4x4-LD21-H0.3-F0.6-A4-s42,high,twostage,13,147,3.636,69.0,1,81.0,46.29
S8x4x4-LD21-H0.3-F0.6-A4-s42,high,twostage,13,148,3.66,69.0,1,81.0,46.29
S8x4x4-LD21-H0.3-F0.6-A4-s42,high,twostage,13,149,3.684,69.0,1,81.0,46.29
S8x4x4-LD21-H0.3-F0.6-A4-s42,high,twostage,13,150,3.711,69.0,1,81.0,46.29
S8x4x4-LD21-H0.3-F0.6-A4-s42,high,twostage,13,151,3.735,69.0,1,81.0,46.29
S8x4x4-LD21-H0.3-F0.6-A4-s42,high,twostage,13,152,3.76,69.0,1,81.0,46.29
S8x4x4-LD21-H0.3-F0.6-A4-s42,high,twostage,13,153,3.783,69.0,1,81.0,46.29
S8x4x4-LD21-H0.3-F0.6-A4-s42,high,twostage,13,154,3.81,69.0,1,81.0,46.29
S8x4x4-LD21-H0.3-F0.6-A4-s42,high,twostage,13,155,3.835,69.0,1,81.0,46.29
S8x4x4-LD21-H0.3-F0.6-A4-s42,high,twostage,13,156,3.86,68.0,1,81.0,46.29
S8x4x4-LD21-H0.3-F0.6-A4-s42,high,twostage,13,157,3.883,68.0,1,81.0,46.29
S8x4x4-LD21-H0.3-F0.6-A4-s42,high,twostage,13,158,3.906,68.0,1,81.0,46.29
S8x4x4-LD21-H0.3-F0.6-A4-s42,high,twostage,13,159,3.933,68.0,1,81.0,46.29
S8x4x4-LD21-H0.3-F0.6-A4-s42,high,twostage,13,160,3.957,68.0,1,81.0,46.29
S8x4x4-LD21-H0.3-F0.6-A4-s42,high,twostage,13,161,3.98,67.0,1,81.0,46.29
S8x4x4-LD21-H0.3-F0.6-A4-s42,high,twostage,13,162,4.004,67.0,1,81.0,46.29
S8x4x4-LD21-H0.3-F0.6-A4-s42,high,twostage,13,163,4.028,67.0,1,81.0,46.29
S8x4x4-LD21-H0.3-F0.6-A4-s42,high,twostage,13,164,4.053,67.0,1,81.0,46.29
S8x4x4-LD21-H0.3-F0.6-A4-s42,high,twostage,13,165,4.078,67.0,1,81.0,46.29
S8x4x4-LD21-H0.3-F0.6-A4-s42,high,twostage,13,166,4.102,67.0,1,81.0,46.29
S8x4x4-LD21-H0.3-F0.6-A4-s42,high,twostage,13,167,4.126,67.0,1,81.0,46.29
S8x4x4-LD21-H0.3-F0.6-A4-s42,high,twostage,13,168,4.152,67.0,1,81.0,46.29
S8x4x4-LD21-H0.3-F0.6-A4-s42,high,twostage,13,169,4.177,67.0,1,81.0,46.29
S8x4x4-LD21-H0.3-F0.6-A4-s42,high,twostage,13,170,4.201,67.0,1,81.0,46.29
S8x4x4-LD21-H0.3-F0.6-A4-s42,high,twostage,13,171,4.224,67.0,1,81.0,46.29
S8x4x4-LD21-H0.3-F0.6-A4-s42,high,twostage,13,172,4.248,67.0,1,81.0,46.29
S8x4x4-LD21-H0.3-F0.6-A4-s42,high,twostage,13,173,4.275,67.0,1,81.0,46.29
S8x4x4-LD21-H0.3-F0.6-A4-s42,high,twostage,13,174,4.298,67.0,1,81.0,46.29
S8x4x4-LD21-H0.3-F0.6-A4-s42,high,twostage,13,175,4.322,67.0,1,81.0,46.29
S8x4x4-LD21-H0.3-F0.6-A4-s42,high,twostage,13,176,4.346,67.0,1,81.0,46.29
S8x4x4-LD21-H0.3-F0.6-A4-s42,high,twostage,13,177,4.37,67.0,1,81.0,46.29
S8x4x4-LD21-H0.3-F0.6-A4-s42,high,twostage,13,178,4.395,67.0,1,81.0,46.29
S8x4x4-LD21-H0.3-F0.6-A4-s42,high,twostage,13,179,4.419,67.0,1,81.0,46.29
S8x4x4-LD21-H0.3-F0.6-A4-s42,high,twostage,13,180,4.443,67.0,1,81.0,46.29
S8x4x4-LD21-H0.3-F0.6-A4-s42,high,twostage,13,181,4.467,67.0,1,81.0,46.29
S8x4x4-LD21-H0.3-F0.6-A4-s42,high,twostage,13,182,4.493,67.0,1,81.0,46.29
S8x4x4-LD21-H0.3-F0.6-A4-s42,high,twostage,13,183,4.516,67.0,1,81.0,46.29
S8x4x4-LD21-H0.3-F0.6-A4-s42,high,twostage,13,184,4.54,67.0,1,81.0,46.29
S8x4x4-LD21-H0.3-F0.6-A4-s42,high,twostage,13,185,4.564,67.0,1,81.0,46.29
S8x4x4-LD21-H0.3-F0.6-A4-s42,high,twostage,13,186,4.588,67.0,1,81.0,46.29
S8x4x4-LD21-H0.3-F0.6-A4-s42,high,twostage,13,187,4.615,67.0,1,81.0,46.29
S8x4x4-LD21-H0.3-F0.6-A4-s42,high,twostage,13,188,4.638,67.0,1,81.0,46.29
S8x4x4-LD21-H0.3-F0.6-A4-s42,high,twostage,13,189,4.661,67.0,1,81.0,46.29
S8x4x4-LD21-H0.3-F0.6-A4-s42,high,twostage,13,190,4.685,67.0,1,81.0,46.29
S8x4x4-LD21-H0.3-F0.6-A4-s42,high,twostage,13,191,4.709,67.0,1,81.0,46.29
S8x4x4-LD21-H0.3-F0.6-A4-s42,high,twostage,13,192,4.737,67.0,1,81.0,46.29
S8x4x4-LD21-H0.3-F0.6-A4-s42,high,twostage,13,193,4.762,67.0,1,81.0,46.29
S8x4x4-LD21-H0.3-F0.6-A4-s42,high,twostage,13,194,4.785,67.0,1,81.0,46.29
S8x4x4-LD21-H0.3-F0.6-A4-s42,high,twostage,13,195,4.809,67.0,1,81.0,46.29
S8x4x4-LD21-H0.3-F0.6-A4-s42,high,twostage,13,196,4.837,67.0,1,81.0,46.29
S8x4x4-LD21-H0.3-F0.6-A4-s42,high,twostage,13,197,4.862,67.0,1,81.0,46.29
S8x4x4-LD21-H0.3-F0.6-A4-s42,high,twostage,13,198,4.886,67.0,1,81.0,46.29
S8x4x4-LD21-H0.3-F0.6-A4-s42,high,twostage,13,199,4.909,67.0,1,81.0,46.29
S8x4x4-LD21-H0.3-F0.6-A4-s42,high,twostage,13,200,4.934,67.0,1,81.0,46.29
S8x4x4-LD21-H0.3-F0.6-A4-s42,high,twostage,13,201,4.96,67.0,1,81.0,46.29
S8x4x4-LD21-H0.3-F0.6-A4-s42,high,twostage,13,202,4.983,67.0,1,81.0,46.29
S8x4x4-LD21-H0.3-F0.6-A4-s42,high,twostage,13,203,5.006,67.0,1,81.0,46.29
S8x4x4-LD21-H0.3-F0.6-A4-s42,high,twostage,13,204,5.029,67.0,1,81.0,46.29
S8x4x4-LD21-H0.3-F0.6-A4-s42,high,twostage,13,205,5.052,67.0,1,81.0,46.29
S8x4x4-LD21-H0.3-F0.6-A4-s42,high,twostage,13,206,5.079,67.0,1,81.0,46.29
S8x4x4-LD21-H0.3-F0.6-A4-s42,high,twostage,13,207,5.103,67.0,1,81.0,46.29
S8x4x4-LD21-H0.3-F0.6-A4-s42,high,twostage,13,208,5.128,67.0,1,81.0,46.29
S8x4x4-LD21-H0.3-F0.6-A4-s42,high,twostage,13,209,5.152,67.0,1,81.0,46.29
S8x4x4-LD21-H0.3-F0.6-A4-s42,high,twostage,13,210,5.179,67.0,1,81.0,46.29
S8x4x4-LD21-H0.3-F0.6-A4-s42,high,twostage,13,211,5.205,67.0,1,81.0,46.29
S8x4x4-LD21-H0.3-F0.6-A4-s42,high,twostage,13,212,5.229,67.0,1,81.0,46.29
S8x4x4-LD21-H0.3-F0.6-A4-s42,high,twostage,13,213,5.252,67.0,1,81.0,46.29
S8x4x4-LD21-H0.3-F0.6-A4-s42,high,twostage,13,214,5.275,67.0,1,81.0,46.29
S8x4x4-LD21-H0.3-F0.6-A4-s42,high,twostage,13,215,5.301,67.0,1,81.0,46.29
S8x4x4-LD21-H0.3-F0.6-A4-s42,high,twostage,13,216,5.325,67.0,1,81.0,46.29
S8x4x4-LD21-H0.3-F0.6-A4-s42,high,twostage,13,217,5.349,67.0,1,81.0,46.29
S8x4x4-LD21-H0.3-F0.6-A4-s42,high,twostage,13,218,5.372,67.0,1,81.0,46.29
S8x4x4-LD21-H0.3-F0.6-A4-s42,high,twostage,13,219,5.399,67.0,1,81.0,46.29
S8x4x4-LD21-H0.3-F0.6-A4-s42,high,twostage,13,220,5.423,67.0,1,81.0,46.29
S8x4x4-LD21-H0.3-F0.6-A4-s42,high,twostage,13,221,5.447,67.0,1,81.0,46.29
S8x4x4-LD21-H0.3-F0.6-A4-s42,high,twostage,13,222,5.47,67.0,1,81.0,46.29
S8x4x4-LD21-H0.3-F0.6-A4-s42,high,twostage,13,223,5.495,67.0,1,81.0,46.29
S8x4x4-LD21-H0.3-F0.6-A4-s42,high,twostage,13,224,5.521,67.0,1,81.0,46.29
S8x4x4-LD21-H0.3-F0.6-A4-s42,high,twostage,13,225,5.545,67.0,1,81.0,46.29
S8x4x4-LD21-H0.3-F0.6-A4-s42,high,twostage,13,226,5.569,67.0,1,81.0,46.29
S8x4x4-LD21-H0.3-F0.6-A4-s42,high,twostage,13,227,5.592,67.0,1,81.0,46.29
S8x4x4-LD21-H0.3-F0.6-A4-s42,high,twostage,13,228,5.616,67.0,1,81.0,46.29
S8x4x4-LD21-H0.3-F0.6-A4-s42,high,twostage,13,229,5.643,67.0,1,81.0,46.29
S8x4x4-LD21-H0.3-F0.6-A4-s42,high,twostage,13,230,5.667,67.0,1,81.0,46.29
S8x4x4-LD21-H0.3-F0.6-A4-s42,high,twostage,13,231,5.692,67.0,1,81.0,46.29
S8x4x4-LD21-H0.3-F0.6-A4-s42,high,twostage,13,232,5.72,67.0,1,81.0,46.29
S8x4x4-LD21-H0.3-F0.6-A4-s42,high,twostage,13,233,5.744,67.0,1,81.0,46.29
S8x4x4-LD21-H0.3-F0.6-A4-s42,high,twostage,13,234,5.77,67.0,1,81.0,46.29
S8x4x4-LD21-H0.3-F0.6-A4-s42,high,twostage,13,235,5.794,67.0,1,81.0,46.29
S8x4x4-LD21-H0.3-F0.6-A4-s42,high,twostage,13,236,5.819,67.0,1,81.0,46.29
S8x4x4-LD21-H0.3-F0.6-A4-s42,high,twostage,13,237,5.843,67.0,1,81.0,46.29
S8x4x4-LD21-H0.3-F0.6-A4-s42,high,twostage,13,238,5.871,67.0,1,81.0,46.29
S8x4x4-LD21-H0.3-F0.6-A4-s42,high,twostage,13,239,5.895,67.0,1,81.0,46.29
S8x4x4-LD21-H0.3-F0.6-A4-s42,high,twostage,13,240,5.918,67.0,1,81.0,46.29
S8x4x4-LD21-H0.3-F0.6-A4-s42,high,twostage,13,241,5.943,67.0,1,81.0,46.29
S8x4x4-LD21-H0.3-F0.6-A4-s42,high,twostage,13,242,5.967,67.0,1,81.0,46.29
S8x4x4-LD21-H0.3-F0.6-A4-s42,high,twostage,13,243,5.993,67.0,1,81.0,46.29
S8x4x4-LD21-H0.3-F0.6-A4-s42,high,twostage,13,244,6.017,67.0,1,81.0,46.29
S8x4x4-LD21-H0.3-F0.6-A4-s42,high,twostage,13,245,6.041,67.0,1,81.0,46.29
S8x4x4-LD21-H0.3-F0.6-A4-s42,high,twostage,13,246,6.064,67.0,1,81.0,46.29
S8x4x4-LD21-H0.3-F0.6-A4-s42,high,twostage,13,247,6.092,67.0,1,81.0,46.29
S8x4x4-LD21-H0.3-F0.6-A4-s42,high,twostage,13,248,6.116,67.0,1,81.0,46.29
S8x4x4-LD21-H0.3-F0.6-A4-s42,high,twostage,13,249,6.141,67.0,1,81.0,46.29
S8x4x4-LD21-H0.3-F0.6-A4-s42,high,twostage,13,250,6.165,67.0,1,81.0,46.29
S8x4x4-LD21-H0.3-F0.6-A4-s42,high,twostage,13,251,6.189,67.0,1,81.0,46.29
S8x4x4-LD21-H0.3-F0.6-A4-s42,high,twostage,13,252,6.216,67.0,1,81.0,46.29
S8x4x4-LD21-H0.3-F0.6-A4-s42,high,twostage,13,253,6.24,67.0,1,81.0,46.29
S8x4x4-LD21-H0.3-F0.6-A4-s42,high,twostage,13,254,6.264,67.0,1,81.0,46.29
S8x4x4-LD21-H0.3-F0.6-A4-s42,high,twostage,13,255,6.288,67.0,1,81.0,46.29
S8x4x4-LD21-H0.3-F0.6-A4-s42,high,twostage,13,256,6.312,67.0,1,81.0,46.29
S8x4x4-LD21-H0.3-F0.6-A4-s42,high,twostage,13,257,6.338,67.0,1,81.0,46.29
S8x4x4-LD21-H0.3-F0.6-A4-s42,high,twostage,13,258,6.362,67.0,1,81.0,46.29
S8x4x4-LD21-H0.3-F0.6-A4-s42,high,twostage,13,259,6.385,67.0,1,81.0,46.29
S8x4x4-LD21-H0.3-F0.6-A4-s42,high,twostage,13,260,6.409,67.0,1,81.0,46.29
S8x4x4-LD21-H0.3-F0.6-A4-s42,high,twostage,13,261,6.436,67.0,1,81.0,46.29
S8x4x4-LD21-H0.3-F0.6-A4-s42,high,twostage,13,262,6.461,67.0,1,81.0,46.29
S8x4x4-LD21-H0.3-F0.6-A4-s42,high,twostage,13,263,6.486,67.0,1,81.0,46.29
S8x4x4-LD21-H0.3-F0.6-A4-s42,high,twostage,13,264,6.509,67.0,1,81.0,46.29
S8x4x4-LD21-H0.3-F0.6-A4-s42,high,twostage,13,265,6.534,67.0,1,81.0,46.29
S8x4x4-LD21-H0.3-F0.6-A4-s42,high,twostage,13,266,6.561,67.0,1,81.0,46.29
S8x4x4-LD21-H0.3-F0.6-A4-s42,high,twostage,13,267,6.585,67.0,1,81.0,46.29
S8x4x4-LD21-H0.3-F0.6-A4-s42,high,twostage,13,268,6.608,67.0,1,81.0,46.29
S8x4x4-LD21-H0.3-F0.6-A4-s42,high,twostage,13,269,6.631,67.0,1,81.0,46.29
S8x4x4-LD21-H0.3-F0.6-A4-s42,high,twostage,13,270,6.655,67.0,1,81.0,46.29
S8x4x4-LD21-H0.3-F0.6-A4-s42,high,twostage,13,271,6.681,67.0,1,81.0,46.29
S8x4x4-LD21-H0.3-F0.6-A4-s42,high,twostage,13,272,6.705,67.0,1,81.0,46.29
S8x4x4-LD21-H0.3-F0.6-A4-s42,high,twostage,13,273,6.73,67.0,1,81.0,46.29
S8x4x4-LD21-H0.3-F0.6-A4-s42,high,twostage,13,274,6.757,67.0,1,81.0,46.29
S8x4x4-LD21-H0.3-F0.6-A4-s42,high,twostage,13,275,6.784,67.0,1,81.0,46.29
S8x4x4-LD21-H0.3-F0.6-A4-s42,high,twostage,13,276,6.806,67.0,1,81.0,46.29
S8x4x4-LD21-H0.3-F0.6-A4-s42,high,twostage,13,277,6.831,67.0,1,81.0,46.29
S8x4x4-LD21-H0.3-F0.6-A4-s42,high,twostage,13,278,6.855,67.0,1,81.0,46.29
S8x4x4-LD21-H0.3-F0.6-A4-s42,high,twostage,13,279,6.879,67.0,1,81.0,46.29
S8x4x4-LD21-H0.3-F0.6-A4-s42,high,twostage,13,280,6.905,67.0,1,81.0,46.29
S8x4x4-LD21-H0.3-F0.6-A4-s42,high,twostage,13,281,6.929,67.0,1,81.0,46.29
S8x4x4-LD21-H0.3-F0.6-A4-s42,high,twostage,13,282,6.954,67.0,1,81.0,46.29
S8x4x4-LD21-H0.3-F0.6-A4-s42,high,twostage,13,283,6.978,67.0,1,81.0,46.29
S8x4x4-LD21-H0.3-F0.6-A4-s42,high,twostage,13,284,7.002,67.0,1,81.0,46.29
S8x4x4-LD21-H0.3-F0.6-A4-s42,high,twostage,13,285,7.029,67.0,1,81.0,46.29
S8x4x4-LD21-H0.3-F0.6-A4-s42,high,twostage,13,286,7.051,67.0,1,81.0,46.29
S8x4x4-LD21-H0.3-F0.6-A4-s42,high,twostage,13,287,7.076,67.0,1,81.0,46.29
S8x4x4-LD21-H0.3-F0.6-A4-s42,high,twostage,13,288,7.099,67.0,1,81.0,46.29
S8x4x4-LD21-H0.3-F0.6-A4-s42,high,twostage,13,289,7.126,67.0,1,81.0,46.29
S8x4x4-LD21-H0.3-F0.6-A4-s42,high,twostage,13,290,7.149,67.0,1,81.0,46.29
S8x4x4-LD21-H0.3-F0.6-A4-s42,high,twostage,13,291,7.172,67.0,1,81.0,46.29
S8x4x4-LD21-H0.3-F0.6-A4-s42,high,twostage,13,292,7.196,67.0,1,81.0,46.29
S8x4x4-LD21-H0.3-F0.6-A4-s42,high,twostage,13,293,7.22,67.0,1,81.0,46.29
S8x4x4-LD21-H0.3-F0.6-A4-s42,high,twostage,13,294,7.247,67.0,1,81.0,46.29
S8x4x4-LD21-H0.3-F0.6-A4-s42,high,twostage,13,295,7.272,67.0,1,81.0,46.29
S8x4x4-LD21-H0.3-F0.6-A4-s42,high,twostage,13,296,7.295,67.0,1,81.0,46.29
S8x4x4-LD21-H0.3-F0.6-A4-s42,high,twostage,13,297,7.318,67.0,1,81.0,46.29
S8x4x4-LD21-H0.3-F0.6-A4-s42,high,twostage,13,298,7.342,67.0,1,81.0,46.29
S8x4x4-LD21-H0.3-F0.6-A4-s42,high,twostage,13,299,7.369,67.0,1,81.0,46.29
S8x4x4-LD21-H0.3-F0.6-A4-s42,high,twostage,13,300,7.393,67.0,1,81.0,46.29
S8x4x4-LD21-H0.3-F0.6-A4-s42,high,twostage,13,301,7.416,67.0,1,81.0,46.29
S8x4x4-LD21-H0.3-F0.6-A4-s42,high,twostage,13,302,7.44,67.0,1,81.0,46.29
S8x4x4-LD21-H0.3-F0.6-A4-s42,high,twostage,13,303,7.468,67.0,1,81.0,46.29
S8x4x4-LD21-H0.3-F0.6-A4-s42,high,twostage,13,304,7.492,67.0,1,81.0,46.29
S8x4x4-LD21-H0.3-F0.6-A4-s42,high,twostage,13,305,7.516,67.0,1,81.0,46.29
S8x4x4-LD21-H0.3-F0.6-A4-s42,high,twostage,13,306,7.54,67.0,1,81.0,46.29
S8x4x4-LD21-H0.3-F0.6-A4-s42,high,twostage,13,307,7.563,67.0,1,81.0,46.29
S8x4x4-LD21-H0.3-F0.6-A4-s42,high,twostage,13,308,7.599,67.0,1,81.0,46.29
S8x4x4-LD21-H0.3-F0.6-A4-s42,high,twostage,13,309,7.626,67.0,1,81.0,46.29
S8x4x4-LD21-H0.3-F0.6-A4-s42,high,twostage,13,310,7.656,67.0,1,81.0,46.29
S8x4x4-LD21-H0.3-F0.6-A4-s42,high,twostage,13,311,7.681,67.0,1,81.0,46.29
S8x4x4-LD21-H0.3-F0.6-A4-s42,high,twostage,13,312,7.706,67.0,1,81.0,46.29
S8x4x4-LD21-H0.3-F0.6-A4-s42,high,twostage,13,313,7.735,67.0,1,81.0,46.29
S8x4x4-LD21-H0.3-F0.6-A4-s42,high,twostage,13,314,7.766,67.0,1,81.0,46.29
S8x4x4-LD21-H0.3-F0.6-A4-s42,high,twostage,13,315,7.79,67.0,1,81.0,46.29
S8x4x4-LD21-H0.3-F0.6-A4-s42,high,twostage,13,316,7.821,67.0,1,81.0,46.29
S8x4x4-LD21-H0.3-F0.6-A4-s42,high,twostage,13,317,7.849,67.0,1,81.0,46.29
S8x4x4-LD21-H0.3-F0.6-A4-s42,high,twostage,13,318,7.873,67.0,1,81.0,46.29
S8x4x4-LD21-H0.3-F0.6-A4-s42,high,twostage,13,319,7.896,67.0,1,81.0,46.29
S8x4x4-LD21-H0.3-F0.6-A4-s42,high,twostage,13,320,7.919,67.0,1,81.0,46.29
S8x4x4-LD21-H0.3-F0.6-A4-s42,high,twostage,13,321,7.942,67.0,1,81.0,46.29
S8x4x4-LD21-H0.3-F0.6-A4-s42,high,twostage,13,322,7.968,67.0,1,81.0,46.29
S8x4x4-LD21-H0.3-F0.6-A4-s42,high,twostage,13,323,7.993,67.0,1,81.0,46.29
S8x4x4-LD21-H0.3-F0.6-A4-s42,high,twostage,13,324,8.016,67.0,1,81.0,46.29
S8x4x4-LD21-H0.3-F0.6-A4-s42,high,twostage,13,325,8.039,67.0,1,81.0,46.29
S8x4x4-LD21-H0.3-F0.6-A4-s42,high,twostage,13,326,8.063,67.0,1,81.0,46.29
S8x4x4-LD21-H0.3-F0.6-A4-s42,high,twostage,13,327,8.09,67.0,1,81.0,46.29
S8x4x4-LD21-H0.3-F0.6-A4-s42,high,twostage,13,328,8.114,67.0,1,81.0,46.29
S8x4x4-LD21-H0.3-F0.6-A4-s42,high,twostage,13,329,8.138,67.0,1,81.0,46.29
S8x4x4-LD21-H0.3-F0.6-A4-s42,high,twostage,13,330,8.161,67.0,1,81.0,46.29
S8x4x4-LD21-H0.3-F0.6-A4-s42,high,twostage,13,331,8.185,67.0,1,81.0,46.29
S8x4x4-LD21-H0.3-F0.6-A4-s42,high,twostage,13,332,8.21,67.0,1,81.0,46.29
S8x4x4-LD21-H0.3-F0.6-A4-s42,high,twostage,13,333,8.234,67.0,1,81.0,46.29
S8x4x4-LD21-H0.3-F0.6-A4-s42,high,twostage,13,334,8.257,67.0,1,81.0,46.29
S8x4x4-LD21-H0.3-F0.6-A4-s42,high,twostage,13,335,8.281,67.0,1,81.0,46.29
S8x4x4-LD21-H0.3-F0.6-A4-s42,high,twostage,13,336,8.307,67.0,1,81.0,46.29
S8x4x4-LD21-H0.3-F0.6-A4-s42,high,twostage,13,337,8.331,67.0,1,81.0,46.29
S8x4x4-LD21-H0.3-F0.6-A4-s42,high,twostage,13,338,8.354,67.0,1,81.0,46.29
S8x4x4-LD21-H0.3-F0.6-A4-s42,high,twostage,13,339,8.377,67.0,1,81.0,46.29
S8x4x4-LD21-H0.3-F0.6-A4-s42,high,twostage,13,340,8.401,67.0,1,81.0,46.29
S8x4x4-LD21-H0.3-F0.6-A4-s42,high,twostage,13,341,8.427,67.0,1,81.0,46.29
S8x4x4-LD21-H0.3-F0.6-A4-s42,high,twostage,13,342,8.451,67.0,1,81.0,46.29
S8x4x4-LD21-H0.3-F0.6-A4-s42,high,twostage,13,343,8.474,67.0,1,81.0,46.29
S8x4x4-LD21-H0.3-F0.6-A4-s42,high,twostage,13,344,8.498,67.0,1,81.0,46.29
S8x4x4-LD21-H0.3-F0.6-A4-s42,high,twostage,13,345,8.524,67.0,1,81.0,46.29
S8x4x4-LD21-H0.3-F0.6-A4-s42,high,twostage,13,346,8.548,67.0,1,81.0,46.29
S8x4x4-LD21-H0.3-F0.6-A4-s42,high,twostage,13,347,8.57,67.0,1,81.0,46.29
S8x4x4-LD21-H0.3-F0.6-A4-s42,high,twostage,13,348,8.594,67.0,1,81.0,46.29
S8x4x4-LD21-H0.3-F0.6-A4-s42,high,twostage,13,349,8.618,67.0,1,81.0,46.29
S8x4x4-LD21-H0.3-F0.6-A4-s42,high,twostage,13,350,8.643,67.0,1,81.0,46.29
S8x4x4-LD21-H0.3-F0.6-A4-s42,high,twostage,13,351,8.668,67.0,1,81.0,46.29
S8x4x4-LD21-H0.3-F0.6-A4-s42,high,twostage,13,352,8.691,67.0,1,81.0,46.29
S8x4x4-LD21-H0.3-F0.6-A4-s42,high,twostage,13,353,8.715,67.0,1,81.0,46.29
S8x4x4-LD21-H0.3-F0.6-A4-s42,high,twostage,13,354,8.739,67.0,1,81.0,46.29
S8x4x4-LD21-H0.3-F0.6-A4-s42,high,twostage,13,355,8.766,67.0,1,81.0,46.29
S8x4x4-LD21-H0.3-F0.6-A4-s42,high,twostage,13,356,8.789,67.0,1,81.0,46.29
S8x4x4-LD21-H0.3-F0.6-A4-s42,high,twostage,13,357,8.813,67.0,1,81.0,46.29
S8x4x4-LD21-H0.3-F0.6-A4-s42,high,twostage,13,358,8.835,67.0,1,81.0,46.29
S8x4x4-LD21-H0.3-F0.6-A4-s42,high,twostage,13,359,8.858,67.0,1,81.0,46.29
S8x4x4-LD21-H0.3-F0.6-A4-s42,high,twostage,13,360,8.884,67.0,1,81.0,46.29
S8x4x4-LD21-H0.3-F0.6-A4-s42,high,twostage,13,361,8.907,67.0,1,81.0,46.29
S8x4x4-LD21-H0.3-F0.6-A4-s42,high,twostage,13,362,8.931,67.0,1,81.0,46.29
S8x4x4-LD21-H0.3-F0.6-A4-s42,high,twostage,13,363,8.955,67.0,1,81.0,46.29
S8x4x4-LD21-H0.3-F0.6-A4-s42,high,twostage,13,364,8.981,67.0,1,81.0,46.29
S8x4x4-LD21-H0.3-F0.6-A4-s42,high,twostage,13,365,9.005,67.0,1,81.0,46.29
S8x4x4-LD21-H0.3-F0.6-A4-s42,high,twostage,13,366,9.028,67.0,1,81.0,46.29
S8x4x4-LD21-H0.3-F0.6-A4-s42,high,twostage,13,367,9.051,67.0,1,81.0,46.29
S8x4x4-LD21-H0.3-F0.6-A4-s42,high,twostage,13,368,9.075,67.0,1,81.0,46.29
S8x4x4-LD21-H0.3-F0.6-A4-s42,high,twostage,13,369,9.101,67.0,1,81.0,46.29
S8x4x4-LD21-H0.3-F0.6-A4-s42,high,twostage,13,370,9.125,67.0,1,81.0,46.29
S8x4x4-LD21-H0.3-F0.6-A4-s42,high,twostage,13,371,9.147,67.0,1,81.0,46.29
S8x4x4-LD21-H0.3-F0.6-A4-s42,high,twostage,13,372,9.17,67.0,1,81.0,46.29
S8x4x4-LD21-H0.3-F0.6-A4-s42,high,twostage,13,373,9.194,67.0,1,81.0,46.29
S8x4x4-LD21-H0.3-F0.6-A4-s42,high,twostage,13,374,9.22,67.0,1,81.0,46.29
S8x4x4-LD21-H0.3-F0.6-A4-s42,high,twostage,13,375,9.244,67.0,1,81.0,46.29
S8x4x4-LD21-H0.3-F0.6-A4-s42,high,twostage,13,376,9.267,67.0,1,81.0,46.29
S8x4x4-LD21-H0.3-F0.6-A4-s42,high,twostage,13,377,9.291,67.0,1,81.0,46.29
S8x4x4-LD21-H0.3-F0.6-A4-s42,high,twostage,13,378,9.318,67.0,1,81.0,46.29
S8x4x4-LD21-H0.3-F0.6-A4-s42,high,twostage,13,379,9.341,67.0,1,81.0,46.29
S8x4x4-LD21-H0.3-F0.6-A4-s42,high,twostage,13,380,9.363,67.0,1,81.0,46.29
S8x4x4-LD21-H0.3-F0.6-A4-s42,high,twostage,13,381,9.387,67.0,1,81.0,46.29
S8x4x4-LD21-H0.3-F0.6-A4-s42,high,twostage,13,382,9.411,67.0,1,81.0,46.29
S8x4x4-LD21-H0.3-F0.6-A4-s42,high,twostage,13,383,9.438,67.0,1,81.0,46.29
S8x4x4-LD21-H0.3-F0.6-A4-s42,high,twostage,13,384,9.461,67.0,1,81.0,46.29
S8x4x4-LD21-H0.3-F0.6-A4-s42,high,twostage,13,385,9.485,67.0,1,81.0,46.29
S8x4x4-LD21-H0.3-F0.6-A4-s42,high,twostage,13,386,9.507,67.0,1,81.0,46.29
S8x4x4-LD21-H0.3-F0.6-A4-s42,high,twostage,13,387,9.531,67.0,1,81.0,46.29
S8x4x4-LD21-H0.3-F0.6-A4-s42,high,twostage,13,388,9.557,67.0,1,81.0,46.29
S8x4x4-LD21-H0.3-F0.6-A4-s42,high,twostage,13,389,9.58,67.0,1,81.0,46.29
S8x4x4-LD21-H0.3-F0.6-A4-s42,high,twostage,13,390,9.604,67.0,1,81.0,46.29
S8x4x4-LD21-H0.3-F0.6-A4-s42,high,twostage,13,391,9.628,67.0,1,81.0,46.29
S8x4x4-LD21-H0.3-F0.6-A4-s42,high,twostage,13,392,9.653,67.0,1,81.0,46.29
S8x4x4-LD21-H0.3-F0.6-A4-s42,high,twostage,13,393,9.677,67.0,1,81.0,46.29
S8x4x4-LD21-H0.3-F0.6-A4-s42,high,twostage,13,394,9.7,67.0,1,81.0,46.29
S8x4x4-LD21-H0.3-F0.6-A4-s42,high,twostage,13,395,9.724,67.0,1,81.0,46.29
S8x4x4-LD21-H0.3-F0.6-A4-s42,high,twostage,13,396,9.749,67.0,1,81.0,46.29
S8x4x4-LD21-H0.3-F0.6-A4-s42,high,twostage,13,397,9.775,67.0,1,81.0,46.29
S8x4x4-LD21-H0.3-F0.6-A4-s42,high,twostage,13,398,9.799,67.0,1,81.0,46.29
S8x4x4-LD21-H0.3-F0.6-A4-s42,high,twostage,13,399,9.823,67.0,1,81.0,46.29
S8x4x4-LD21-H0.3-F0.6-A4-s42,high,twostage,13,400,9.847,67.0,1,81.0,46.29
S8x4x4-LD21-H0.3-F0.6-A4-s42,high,twostage,13,401,9.873,67.0,1,81.0,46.29
S8x4x4-LD21-H0.3-F0.6-A4-s42,high,twostage,13,402,9.896,67.0,1,81.0,46.29
S8x4x4-LD21-H0.3-F0.6-A4-s42,high,twostage,13,403,9.92,67.0,1,81.0,46.29
S8x4x4-LD21-H0.3-F0.6-A4-s42,high,twostage,13,404,9.943,67.0,1,81.0,46.29
S8x4x4-LD21-H0.3-F0.6-A4-s42,high,twostage,13,405,9.967,67.0,1,81.0,46.29
S8x4x4-LD21-H0.3-F0.6-A4-s42,high,twostage,13,406,9.993,67.0,1,81.0,46.29
S8x4x4-LD21-H0.3-F0.6-A4-s42,high,twostage,13,407,10.017,67.0,1,81.0,46.29
S8x4x4-LD21-H0.3-F0.6-A4-s42,high,twostage,13,408,10.04,67.0,1,81.0,46.29
S8x4x4-LD21-H0.3-F0.6-A4-s42,high,twostage,13,409,10.064,67.0,1,81.0,46.29
S8x4x4-LD21-H0.3-F0.6-A4-s42,high,twostage,13,410,10.089,67.0,1,81.0,46.29
S8x4x4-LD21-H0.3-F0.6-A4-s42,high,twostage,13,411,10.115,67.0,1,81.0,46.29
S8x4x4-LD21-H0.3-F0.6-A4-s42,high,twostage,13,412,10.139,67.0,1,81.0,46.29
S8x4x4-LD21-H0.3-F0.6-A4-s42,high,twostage,13,413,10.162,67.0,1,81.0,46.29
S8x4x4-LD21-H0.3-F0.6-A4-s42,high,twostage,13,414,10.186,67.0,1,81.0,46.29
S8x4x4-LD21-H0.3-F0.6-A4-s42,high,twostage,13,415,10.211,67.0,1,81.0,46.29
S8x4x4-LD21-H0.3-F0.6-A4-s42,high,twostage,13,416,10.236,67.0,1,81.0,46.29
S8x4x4-LD21-H0.3-F0.6-A4-s42,high,twostage,13,417,10.26,67.0,1,81.0,46.29
S8x4x4-LD21-H0.3-F0.6-A4-s42,high,twostage,13,418,10.284,67.0,1,81.0,46.29
S8x4x4-LD21-H0.3-F0.6-A4-s42,high,twostage,13,419,10.308,67.0,1,81.0,46.29
S8x4x4-LD21-H0.3-F0.6-A4-s42,high,twostage,13,420,10.334,67.0,1,81.0,46.29
S8x4x4-LD21-H0.3-F0.6-A4-s42,high,twostage,13,421,10.357,67.0,1,81.0,46.29
S8x4x4-LD21-H0.3-F0.6-A4-s42,high,twostage,13,422,10.38,67.0,1,81.0,46.29
S8x4x4-LD21-H0.3-F0.6-A4-s42,high,twostage,13,423,10.405,67.0,1,81.0,46.29
S8x4x4-LD21-H0.3-F0.6-A4-s42,high,twostage,13,424,10.429,67.0,1,81.0,46.29
S8x4x4-LD21-H0.3-F0.6-A4-s42,high,twostage,13,425,10.455,67.0,1,81.0,46.29
S8x4x4-LD21-H0.3-F0.6-A4-s42,high,twostage,13,426,10.478,67.0,1,81.0,46.29
S8x4x4-LD21-H0.3-F0.6-A4-s42,high,twostage,13,427,10.503,67.0,1,81.0,46.29
S8x4x4-LD21-H0.3-F0.6-A4-s42,high,twostage,13,428,10.525,67.0,1,81.0,46.29
S8x4x4-LD21-H0.3-F0.6-A4-s42,high,twostage,13,429,10.552,67.0,1,81.0,46.29
S8x4x4-LD21-H0.3-F0.6-A4-s42,high,twostage,13,430,10.575,67.0,1,81.0,46.29
S8x4x4-LD21-H0.3-F0.6-A4-s42,high,twostage,13,431,10.599,67.0,1,81.0,46.29
S8x4x4-LD21-H0.3-F0.6-A4-s42,high,twostage,13,432,10.623,67.0,1,81.0,46.29
S8x4x4-LD21-H0.3-F0.6-A4-s42,high,twostage,13,433,10.646,67.0,1,81.0,46.29
S8x4x4-LD21-H0.3-F0.6-A4-s42,high,twostage,13,434,10.672,67.0,1,81.0,46.29
S8x4x4-LD21-H0.3-F0.6-A4-s42,high,twostage,13,435,10.694,67.0,1,81.0,46.29
S8x4x4-LD21-H0.3-F0.6-A4-s42,high,twostage,13,436,10.718,67.0,1,81.0,46.29
S8x4x4-LD21-H0.3-F0.6-A4-s42,high,twostage,13,437,10.742,67.0,1,81.0,46.29
S8x4x4-LD21-H0.3-F0.6-A4-s42,high,twostage,13,438,10.766,67.0,1,81.0,46.29
S8x4x4-LD21-H0.3-F0.6-A4-s42,high,twostage,13,439,10.793,67.0,1,81.0,46.29
S8x4x4-LD21-H0.3-F0.6-A4-s42,high,twostage,13,440,10.816,67.0,1,81.0,46.29
S8x4x4-LD21-H0.3-F0.6-A4-s42,high,twostage,13,441,10.841,67.0,1,81.0,46.29
S8x4x4-LD21-H0.3-F0.6-A4-s42,high,twostage,13,442,10.863,67.0,1,81.0,46.29
S8x4x4-LD21-H0.3-F0.6-A4-s42,high,twostage,13,443,10.89,67.0,1,81.0,46.29
S8x4x4-LD21-H0.3-F0.6-A4-s42,high,twostage,13,444,10.914,67.0,1,81.0,46.29
S8x4x4-LD21-H0.3-F0.6-A4-s42,high,twostage,13,445,10.938,67.0,1,81.0,46.29
S8x4x4-LD21-H0.3-F0.6-A4-s42,high,twostage,13,446,10.961,67.0,1,81.0,46.29
S8x4x4-LD21-H0.3-F0.6-A4-s42,high,twostage,13,447,10.984,67.0,1,81.0,46.29
S8x4x4-LD21-H0.3-F0.6-A4-s42,high,twostage,13,448,11.01,67.0,1,81.0,46.29
S8x4x4-LD21-H0.3-F0.6-A4-s42,high,twostage,13,449,11.033,67.0,1,81.0,46.29
S8x4x4-LD21-H0.3-F0.6-A4-s42,high,twostage,13,450,11.056,67.0,1,81.0,46.29
S8x4x4-LD21-H0.3-F0.6-A4-s42,high,twostage,13,451,11.08,67.0,1,81.0,46.29
S8x4x4-LD21-H0.3-F0.6-A4-s42,high,twostage,13,452,11.103,67.0,1,81.0,46.29
S8x4x4-LD21-H0.3-F0.6-A4-s42,high,twostage,13,453,11.129,67.0,1,81.0,46.29
S8x4x4-LD21-H0.3-F0.6-A4-s42,high,twostage,13,454,11.153,67.0,1,81.0,46.29
S8x4x4-LD21-H0.3-F0.6-A4-s42,high,twostage,13,455,11.177,67.0,1,81.0,46.29
S8x4x4-LD21-H0.3-F0.6-A4-s42,high,twostage,13,456,11.199,67.0,1,81.0,46.29
S8x4x4-LD21-H0.3-F0.6-A4-s42,high,twostage,13,457,11.225,67.0,1,81.0,46.29
S8x4x4-LD21-H0.3-F0.6-A4-s42,high,twostage,13,458,11.249,67.0,1,81.0,46.29
S8x4x4-LD21-H0.3-F0.6-A4-s42,high,twostage,13,459,11.272,67.0,1,81.0,46.29
S8x4x4-LD21-H0.3-F0.6-A4-s42,high,twostage,13,460,11.296,67.0,1,81.0,46.29
S8x4x4-LD21-H0.3-F0.6-A4-s42,high,twostage,13,461,11.32,67.0,1,81.0,46.29
S8x4x4-LD21-H0.3-F0.6-A4-s42,high,twostage,13,462,11.346,67.0,1,81.0,46.29
S8x4x4-LD21-H0.3-F0.6-A4-s42,high,twostage,13,463,11.369,67.0,1,81.0,46.29
S8x4x4-LD21-H0.3-F0.6-A4-s42,high,twostage,13,464,11.392,67.0,1,81.0,46.29
S8x4x4-LD21-H0.3-F0.6-A4-s42,high,twostage,13,465,11.416,67.0,1,81.0,46.29
S8x4x4-LD21-H0.3-F0.6-A4-s42,high,twostage,13,466,11.44,67.0,1,81.0,46.29
S8x4x4-LD21-H0.3-F0.6-A4-s42,high,twostage,13,467,11.466,67.0,1,81.0,46.29
S8x4x4-LD21-H0.3-F0.6-A4-s42,high,twostage,13,468,11.489,67.0,1,81.0,46.29
S8x4x4-LD21-H0.3-F0.6-A4-s42,high,twostage,13,469,11.512,67.0,1,81.0,46.29
S8x4x4-LD21-H0.3-F0.6-A4-s42,high,twostage,13,470,11.535,67.0,1,81.0,46.29
S8x4x4-LD21-H0.3-F0.6-A4-s42,high,twostage,13,471,11.563,67.0,1,81.0,46.29
S8x4x4-LD21-H0.3-F0.6-A4-s42,high,twostage,13,472,11.587,67.0,1,81.0,46.29
S8x4x4-LD21-H0.3-F0.6-A4-s42,high,twostage,13,473,11.611,67.0,1,81.0,46.29
S8x4x4-LD21-H0.3-F0.6-A4-s42,high,twostage,13,474,11.633,67.0,1,81.0,46.29
S8x4x4-LD21-H0.3-F0.6-A4-s42,high,twostage,13,475,11.656,67.0,1,81.0,46.29
S8x4x4-LD21-H0.3-F0.6-A4-s42,high,twostage,13,476,11.682,67.0,1,81.0,46.29
S8x4x4-LD21-H0.3-F0.6-A4-s42,high,twostage,13,477,11.705,67.0,1,81.0,46.29
S8x4x4-LD21-H0.3-F0.6-A4-s42,high,twostage,13,478,11.73,67.0,1,81.0,46.29
S8x4x4-LD21-H0.3-F0.6-A4-s42,high,twostage,13,479,11.754,67.0,1,81.0,46.29
S8x4x4-LD21-H0.3-F0.6-A4-s42,high,twostage,13,480,11.778,67.0,1,81.0,46.29
S8x4x4-LD21-H0.3-F0.6-A4-s42,high,twostage,13,481,11.803,67.0,1,81.0,46.29
S8x4x4-LD21-H0.3-F0.6-A4-s42,high,twostage,13,482,11.828,67.0,1,81.0,46.29
S8x4x4-LD21-H0.3-F0.6-A4-s42,high,twostage,13,483,11.851,67.0,1,81.0,46.29
S8x4x4-LD21-H0.3-F0.6-A4-s42,high,twostage,13,484,11.873,67.0,1,81.0,46.29
S8x4x4-LD21-H0.3-F0.6-A4-s42,high,twostage,13,485,11.901,67.0,1,81.0,46.29
S8x4x4-LD21-H0.3-F0.6-A4-s42,high,twostage,13,486,11.924,67.0,1,81.0,46.29
S8x4x4-LD21-H0.3-F0.6-A4-s42,high,twostage,13,487,11.948,67.0,1,81.0,46.29
S8x4x4-LD21-H0.3-F0.6-A4-s42,high,twostage,13,488,11.971,67.0,1,81.0,46.29
S8x4x4-LD21-H0.3-F0.6-A4-s42,high,twostage,13,489,11.994,67.0,1,81.0,46.29
S8x4x4-LD21-H0.3-F0.6-A4-s42,high,twostage,13,490,12.019,67.0,1,81.0,46.29
S8x4x4-LD21-H0.3-F0.6-A4-s42,high,twostage,13,491,12.043,67.0,1,81.0,46.29
S8x4x4-LD21-H0.3-F0.6-A4-s42,high,twostage,13,492,12.066,67.0,1,81.0,46.29
S8x4x4-LD21-H0.3-F0.6-A4-s42,high,twostage,13,493,12.09,67.0,1,81.0,46.29
S8x4x4-LD21-H0.3-F0.6-A4-s42,high,twostage,13,494,12.114,67.0,1,81.0,46.29
S8x4x4-LD21-H0.3-F0.6-A4-s42,high,twostage,13,495,12.139,67.0,1,81.0,46.29
S8x4x4-LD21-H0.3-F0.6-A4-s42,high,twostage,13,496,12.162,67.0,1,81.0,46.29
S8x4x4-LD21-H0.3-F0.6-A4-s42,high,twostage,13,497,12.186,67.0,1,81.0,46.29
S8x4x4-LD21-H0.3-F0.6-A4-s42,high,twostage,13,498,12.209,67.0,1,81.0,46.29
S8x4x4-LD21-H0.3-F0.6-A4-s42,high,twostage,13,499,12.236,67.0,1,81.0,46.29
S8x4x4-LD21-H0.3-F0.6-A4-s42,high,twostage,13,500,12.259,67.0,1,81.0,46.29
S8x4x4-LD21-H0.3-F0.6-A4-s42,high,twostage,13,501,12.283,67.0,1,81.0,46.29
S8x4x4-LD21-H0.3-F0.6-A4-s42,high,twostage,13,502,12.306,67.0,1,81.0,46.29
S8x4x4-LD21-H0.3-F0.6-A4-s42,high,twostage,13,503,12.33,67.0,1,81.0,46.29
S8x4x4-LD21-H0.3-F0.6-A4-s42,high,twostage,13,504,12.355,67.0,1,81.0,46.29
S8x4x4-LD21-H0.3-F0.6-A4-s42,high,twostage,13,505,12.38,67.0,1,81.0,46.29
S8x4x4-LD21-H0.3-F0.6-A4-s42,high,twostage,13,506,12.403,67.0,1,81.0,46.29
S8x4x4-LD21-H0.3-F0.6-A4-s42,high,twostage,13,507,12.427,67.0,1,81.0,46.29
S8x4x4-LD21-H0.3-F0.6-A4-s42,high,twostage,13,508,12.45,67.0,1,81.0,46.29
S8x4x4-LD21-H0.3-F0.6-A4-s42,high,twostage,13,509,12.477,67.0,1,81.0,46.29
S8x4x4-LD21-H0.3-F0.6-A4-s42,high,twostage,13,510,12.5,67.0,1,81.0,46.29
S8x4x4-LD21-H0.3-F0.6-A4-s42,high,twostage,13,511,12.524,67.0,1,81.0,46.29
S8x4x4-LD21-H0.3-F0.6-A4-s42,high,twostage,13,512,12.547,67.0,1,81.0,46.29
S8x4x4-LD21-H0.3-F0.6-A4-s42,high,twostage,13,513,12.573,67.0,1,81.0,46.29
S8x4x4-LD21-H0.3-F0.6-A4-s42,high,twostage,13,514,12.597,67.0,1,81.0,46.29
S8x4x4-LD21-H0.3-F0.6-A4-s42,high,twostage,13,515,12.62,67.0,1,81.0,46.29
S8x4x4-LD21-H0.3-F0.6-A4-s42,high,twostage,13,516,12.644,67.0,1,81.0,46.29
S8x4x4-LD21-H0.3-F0.6-A4-s42,high,twostage,13,517,12.668,67.0,1,81.0,46.29
S8x4x4-LD21-H0.3-F0.6-A4-s42,high,twostage,13,518,12.695,67.0,1,81.0,46.29
S8x4x4-LD21-H0.3-F0.6-A4-s42,high,twostage,13,519,12.721,67.0,1,81.0,46.29
S8x4x4-LD21-H0.3-F0.6-A4-s42,high,twostage,13,520,12.745,67.0,1,81.0,46.29
S8x4x4-LD21-H0.3-F0.6-A4-s42,high,twostage,13,521,12.769,67.0,1,81.0,46.29
S8x4x4-LD21-H0.3-F0.6-A4-s42,high,twostage,13,522,12.795,67.0,1,81.0,46.29
S8x4x4-LD21-H0.3-F0.6-A4-s42,high,twostage,13,523,12.822,67.0,1,81.0,46.29
S8x4x4-LD21-H0.3-F0.6-A4-s42,high,twostage,13,524,12.845,67.0,1,81.0,46.29
S8x4x4-LD21-H0.3-F0.6-A4-s42,high,twostage,13,525,12.869,67.0,1,81.0,46.29
S8x4x4-LD21-H0.3-F0.6-A4-s42,high,twostage,13,526,12.891,67.0,1,81.0,46.29
S8x4x4-LD21-H0.3-F0.6-A4-s42,high,twostage,13,527,12.914,67.0,1,81.0,46.29
S8x4x4-LD21-H0.3-F0.6-A4-s42,high,twostage,13,528,12.942,67.0,1,81.0,46.29
S8x4x4-LD21-H0.3-F0.6-A4-s42,high,twostage,13,529,12.964,67.0,1,81.0,46.29
S8x4x4-LD21-H0.3-F0.6-A4-s42,high,twostage,13,530,12.989,67.0,1,81.0,46.29
S8x4x4-LD21-H0.3-F0.6-A4-s42,high,twostage,13,531,13.011,67.0,1,81.0,46.29
S8x4x4-LD21-H0.3-F0.6-A4-s42,high,twostage,13,532,13.038,67.0,1,81.0,46.29
S8x4x4-LD21-H0.3-F0.6-A4-s42,high,twostage,13,533,13.061,67.0,1,81.0,46.29
S8x4x4-LD21-H0.3-F0.6-A4-s42,high,twostage,13,534,13.085,67.0,1,81.0,46.29
S8x4x4-LD21-H0.3-F0.6-A4-s42,high,twostage,13,535,13.107,67.0,1,81.0,46.29
S8x4x4-LD21-H0.3-F0.6-A4-s42,high,twostage,13,536,13.131,67.0,1,81.0,46.29
S8x4x4-LD21-H0.3-F0.6-A4-s42,high,twostage,13,537,13.158,67.0,1,81.0,46.29
S8x4x4-LD21-H0.3-F0.6-A4-s42,high,twostage,13,538,13.181,67.0,1,81.0,46.29
S8x4x4-LD21-H0.3-F0.6-A4-s42,high,twostage,13,539,13.204,67.0,1,81.0,46.29
S8x4x4-LD21-H0.3-F0.6-A4-s42,high,twostage,13,540,13.228,67.0,1,81.0,46.29
S8x4x4-LD21-H0.3-F0.6-A4-s42,high,twostage,13,541,13.251,67.0,1,81.0,46.29
S8x4x4-LD21-H0.3-F0.6-A4-s42,high,twostage,13,542,13.278,67.0,1,81.0,46.29
S8x4x4-LD21-H0.3-F0.6-A4-s42,high,twostage,13,543,13.302,67.0,1,81.0,46.29
S8x4x4-LD21-H0.3-F0.6-A4-s42,high,twostage,13,544,13.328,67.0,1,81.0,46.29
S8x4x4-LD21-H0.3-F0.6-A4-s42,high,twostage,13,545,13.353,67.0,1,81.0,46.29
S8x4x4-LD21-H0.3-F0.6-A4-s42,high,twostage,13,546,13.379,67.0,1,81.0,46.29
S8x4x4-LD21-H0.3-F0.6-A4-s42,high,twostage,13,547,13.402,67.0,1,81.0,46.29
S8x4x4-LD21-H0.3-F0.6-A4-s42,high,twostage,13,548,13.426,67.0,1,81.0,46.29
S8x4x4-LD21-H0.3-F0.6-A4-s42,high,twostage,13,549,13.45,67.0,1,81.0,46.29
S8x4x4-LD21-H0.3-F0.6-A4-s42,high,twostage,13,550,13.474,67.0,1,81.0,46.29
S8x4x4-LD21-H0.3-F0.6-A4-s42,high,twostage,13,551,13.5,67.0,1,81.0,46.29
S8x4x4-LD21-H0.3-F0.6-A4-s42,high,twostage,13,552,13.523,67.0,1,81.0,46.29
S8x4x4-LD21-H0.3-F0.6-A4-s42,high,twostage,13,553,13.546,67.0,1,81.0,46.29
S8x4x4-LD21-H0.3-F0.6-A4-s42,high,twostage,13,554,13.569,67.0,1,81.0,46.29
S8x4x4-LD21-H0.3-F0.6-A4-s42,high,twostage,13,555,13.592,67.0,1,81.0,46.29
S8x4x4-LD21-H0.3-F0.6-A4-s42,high,twostage,13,556,13.618,67.0,1,81.0,46.29
S8x4x4-LD21-H0.3-F0.6-A4-s42,high,twostage,13,557,13.642,67.0,1,81.0,46.29
S8x4x4-LD21-H0.3-F0.6-A4-s42,high,twostage,13,558,13.666,67.0,1,81.0,46.29
S8x4x4-LD21-H0.3-F0.6-A4-s42,high,twostage,13,559,13.689,67.0,1,81.0,46.29
S8x4x4-LD21-H0.3-F0.6-A4-s42,high,twostage,13,560,13.715,67.0,1,81.0,46.29
S8x4x4-LD21-H0.3-F0.6-A4-s42,high,twostage,13,561,13.74,67.0,1,81.0,46.29
S8x4x4-LD21-H0.3-F0.6-A4-s42,high,twostage,13,562,13.763,67.0,1,81.0,46.29
S8x4x4-LD21-H0.3-F0.6-A4-s42,high,twostage,13,563,13.787,67.0,1,81.0,46.29
S8x4x4-LD21-H0.3-F0.6-A4-s42,high,twostage,13,564,13.812,67.0,1,81.0,46.29
S8x4x4-LD21-H0.3-F0.6-A4-s42,high,twostage,13,565,13.837,67.0,1,81.0,46.29
S8x4x4-LD21-H0.3-F0.6-A4-s42,high,twostage,13,566,13.861,67.0,1,81.0,46.29
S8x4x4-LD21-H0.3-F0.6-A4-s42,high,twostage,13,567,13.884,67.0,1,81.0,46.29
S8x4x4-LD21-H0.3-F0.6-A4-s42,high,twostage,13,568,13.907,67.0,1,81.0,46.29
S8x4x4-LD21-H0.3-F0.6-A4-s42,high,twostage,13,569,13.931,67.0,1,81.0,46.29
S8x4x4-LD21-H0.3-F0.6-A4-s42,high,twostage,13,570,13.957,67.0,1,81.0,46.29
S8x4x4-LD21-H0.3-F0.6-A4-s42,high,twostage,13,571,13.981,67.0,1,81.0,46.29
S8x4x4-LD21-H0.3-F0.6-A4-s42,high,twostage,13,572,14.004,67.0,1,81.0,46.29
S8x4x4-LD21-H0.3-F0.6-A4-s42,high,twostage,13,573,14.027,67.0,1,81.0,46.29
S8x4x4-LD21-H0.3-F0.6-A4-s42,high,twostage,13,574,14.053,67.0,1,81.0,46.29
S8x4x4-LD21-H0.3-F0.6-A4-s42,high,twostage,13,575,14.076,67.0,1,81.0,46.29
S8x4x4-LD21-H0.3-F0.6-A4-s42,high,twostage,13,576,14.1,67.0,1,81.0,46.29
S8x4x4-LD21-H0.3-F0.6-A4-s42,high,twostage,13,577,14.124,67.0,1,81.0,46.29
S8x4x4-LD21-H0.3-F0.6-A4-s42,high,twostage,13,578,14.147,67.0,1,81.0,46.29
S8x4x4-LD21-H0.3-F0.6-A4-s42,high,twostage,13,579,14.172,67.0,1,81.0,46.29
S8x4x4-LD21-H0.3-F0.6-A4-s42,high,twostage,13,580,14.196,67.0,1,81.0,46.29
S8x4x4-LD21-H0.3-F0.6-A4-s42,high,twostage,13,581,14.221,67.0,1,81.0,46.29
S8x4x4-LD21-H0.3-F0.6-A4-s42,high,twostage,13,582,14.245,67.0,1,81.0,46.29
S8x4x4-LD21-H0.3-F0.6-A4-s42,high,twostage,13,583,14.272,67.0,1,81.0,46.29
S8x4x4-LD21-H0.3-F0.6-A4-s42,high,twostage,13,584,14.295,67.0,1,81.0,46.29
S8x4x4-LD21-H0.3-F0.6-A4-s42,high,twostage,13,585,14.318,67.0,1,81.0,46.29
S8x4x4-LD21-H0.3-F0.6-A4-s42,high,twostage,13,586,14.343,67.0,1,81.0,46.29
S8x4x4-LD21-H0.3-F0.6-A4-s42,high,twostage,13,587,14.366,67.0,1,81.0,46.29
S8x4x4-LD21-H0.3-F0.6-A4-s42,high,twostage,13,588,14.392,67.0,1,81.0,46.29
S8x4x4-LD21-H0.3-F0.6-A4-s42,high,twostage,13,589,14.416,67.0,1,81.0,46.29
S8x4x4-LD21-H0.3-F0.6-A4-s42,high,twostage,13,590,14.44,67.0,1,81.0,46.29
S8x4x4-LD21-H0.3-F0.6-A4-s42,high,twostage,13,591,14.463,67.0,1,81.0,46.29
S8x4x4-LD21-H0.3-F0.6-A4-s42,high,twostage,13,592,14.486,67.0,1,81.0,46.29
S8x4x4-LD21-H0.3-F0.6-A4-s42,high,twostage,13,593,14.512,67.0,1,81.0,46.29
S8x4x4-LD21-H0.3-F0.6-A4-s42,high,twostage,13,594,14.535,67.0,1,81.0,46.29
S8x4x4-LD21-H0.3-F0.6-A4-s42,high,twostage,13,595,14.559,67.0,1,81.0,46.29
S8x4x4-LD21-H0.3-F0.6-A4-s42,high,twostage,13,596,14.582,67.0,1,81.0,46.29
S8x4x4-LD21-H0.3-F0.6-A4-s42,high,twostage,13,597,14.609,67.0,1,81.0,46.29
S8x4x4-LD21-H0.3-F0.6-A4-s42,high,twostage,13,598,14.633,67.0,1,81.0,46.29
S8x4x4-LD21-H0.3-F0.6-A4-s42,high,twostage,13,599,14.655,67.0,1,81.0,46.29
S8x4x4-LD21-H0.3-F0.6-A4-s42,high,twostage,13,600,14.679,67.0,1,81.0,46.29
S8x4x4-LD21-H0.3-F0.6-A4-s42,high,twostage,13,601,14.702,67.0,1,81.0,46.29
S8x4x4-LD21-H0.3-F0.6-A4-s42,high,twostage,13,602,14.73,67.0,1,81.0,46.29
S8x4x4-LD21-H0.3-F0.6-A4-s42,high,twostage,13,603,14.754,67.0,1,81.0,46.29
S8x4x4-LD21-H0.3-F0.6-A4-s42,high,twostage,13,604,14.777,67.0,1,81.0,46.29
S8x4x4-LD21-H0.3-F0.6-A4-s42,high,twostage,13,605,14.8,67.0,1,81.0,46.29
S8x4x4-LD21-H0.3-F0.6-A4-s42,high,twostage,13,606,14.825,67.0,1,81.0,46.29
S8x4x4-LD21-H0.3-F0.6-A4-s42,high,twostage,13,607,14.85,67.0,1,81.0,46.29
S8x4x4-LD21-H0.3-F0.6-A4-s42,high,twostage,13,608,14.874,67.0,1,81.0,46.29
S8x4x4-LD21-H0.3-F0.6-A4-s42,high,twostage,13,609,14.898,67.0,1,81.0,46.29
S8x4x4-LD21-H0.3-F0.6-A4-s42,high,twostage,13,610,14.921,67.0,1,81.0,46.29
S8x4x4-LD21-H0.3-F0.6-A4-s42,high,twostage,13,611,14.945,67.0,1,81.0,46.29
S8x4x4-LD21-H0.3-F0.6-A4-s42,high,twostage,13,612,14.972,67.0,1,81.0,46.29
S8x4x4-LD21-H0.3-F0.6-A4-s42,high,twostage,13,613,14.995,67.0,1,81.0,46.29
S8x4x4-LD21-H0.3-F0.6-A4-s42,high,twostage,13,614,15.019,67.0,1,81.0,46.29
S8x4x4-LD21-H0.3-F0.6-A4-s42,high,twostage,13,615,15.042,67.0,1,81.0,46.29
S8x4x4-LD21-H0.3-F0.6-A4-s42,high,twostage,13,616,15.068,67.0,1,81.0,46.29
S8x4x4-LD21-H0.3-F0.6-A4-s42,high,twostage,13,617,15.091,67.0,1,81.0,46.29
S8x4x4-LD21-H0.3-F0.6-A4-s42,high,twostage,13,618,15.114,67.0,1,81.0,46.29
S8x4x4-LD21-H0.3-F0.6-A4-s42,high,twostage,13,619,15.138,67.0,1,81.0,46.29
S8x4x4-LD21-H0.3-F0.6-A4-s42,high,twostage,13,620,15.161,67.0,1,81.0,46.29
S8x4x4-LD21-H0.3-F0.6-A4-s42,high,twostage,13,621,15.187,67.0,1,81.0,46.29
S8x4x4-LD21-H0.3-F0.6-A4-s42,high,twostage,13,622,15.21,67.0,1,81.0,46.29
S8x4x4-LD21-H0.3-F0.6-A4-s42,high,twostage,13,623,15.234,67.0,1,81.0,46.29
S8x4x4-LD21-H0.3-F0.6-A4-s42,high,twostage,13,624,15.257,67.0,1,81.0,46.29
S8x4x4-LD21-H0.3-F0.6-A4-s42,high,twostage,13,625,15.283,67.0,1,81.0,46.29
S8x4x4-LD21-H0.3-F0.6-A4-s42,high,twostage,13,626,15.307,67.0,1,81.0,46.29
S8x4x4-LD21-H0.3-F0.6-A4-s42,high,twostage,13,627,15.331,67.0,1,81.0,46.29
S8x4x4-LD21-H0.3-F0.6-A4-s42,high,twostage,13,628,15.355,67.0,1,81.0,46.29
S8x4x4-LD21-H0.3-F0.6-A4-s42,high,twostage,13,629,15.378,67.0,1,81.0,46.29
S8x4x4-LD21-H0.3-F0.6-A4-s42,high,twostage,13,630,15.404,67.0,1,81.0,46.29
S8x4x4-LD21-H0.3-F0.6-A4-s42,high,twostage,13,631,15.428,67.0,1,81.0,46.29
S8x4x4-LD21-H0.3-F0.6-A4-s42,high,twostage,13,632,15.452,67.0,1,81.0,46.29
S8x4x4-LD21-H0.3-F0.6-A4-s42,high,twostage,13,633,15.475,67.0,1,81.0,46.29
S8x4x4-LD21-H0.3-F0.6-A4-s42,high,twostage,13,634,15.499,67.0,1,81.0,46.29
S8x4x4-LD21-H0.3-F0.6-A4-s42,high,twostage,13,635,15.524,67.0,1,81.0,46.29
S8x4x4-LD21-H0.3-F0.6-A4-s42,high,twostage,13,636,15.548,67.0,1,81.0,46.29
S8x4x4-LD21-H0.3-F0.6-A4-s42,high,twostage,13,637,15.571,67.0,1,81.0,46.29
S8x4x4-LD21-H0.3-F0.6-A4-s42,high,twostage,13,638,15.594,67.0,1,81.0,46.29
S8x4x4-LD21-H0.3-F0.6-A4-s42,high,twostage,13,639,15.617,67.0,1,81.0,46.29
S8x4x4-LD21-H0.3-F0.6-A4-s42,high,twostage,13,640,15.644,67.0,1,81.0,46.29
S8x4x4-LD21-H0.3-F0.6-A4-s42,high,twostage,13,641,15.667,67.0,1,81.0,46.29
S8x4x4-LD21-H0.3-F0.6-A4-s42,high,twostage,13,642,15.69,67.0,1,81.0,46.29
S8x4x4-LD21-H0.3-F0.6-A4-s42,high,twostage,13,643,15.714,67.0,1,81.0,46.29
S8x4x4-LD21-H0.3-F0.6-A4-s42,high,twostage,13,644,15.74,67.0,1,81.0,46.29
S8x4x4-LD21-H0.3-F0.6-A4-s42,high,twostage,13,645,15.764,67.0,1,81.0,46.29
S8x4x4-LD21-H0.3-F0.6-A4-s42,high,twostage,13,646,15.787,67.0,1,81.0,46.29
S8x4x4-LD21-H0.3-F0.6-A4-s42,high,twostage,13,647,15.81,67.0,1,81.0,46.29
S8x4x4-LD21-H0.3-F0.6-A4-s42,high,twostage,13,648,15.836,67.0,1,81.0,46.29
S8x4x4-LD21-H0.3-F0.6-A4-s42,high,twostage,13,649,15.862,67.0,1,81.0,46.29
S8x4x4-LD21-H0.3-F0.6-A4-s42,high,twostage,13,650,15.886,67.0,1,81.0,46.29
S8x4x4-LD21-H0.3-F0.6-A4-s42,high,twostage,13,651,15.909,67.0,1,81.0,46.29
S8x4x4-LD21-H0.3-F0.6-A4-s42,high,twostage,13,652,15.932,67.0,1,81.0,46.29
S8x4x4-LD21-H0.3-F0.6-A4-s42,high,twostage,13,653,15.956,67.0,1,81.0,46.29
S8x4x4-LD21-H0.3-F0.6-A4-s42,high,twostage,13,654,15.982,67.0,1,81.0,46.29
S8x4x4-LD21-H0.3-F0.6-A4-s42,high,twostage,13,655,16.005,67.0,1,81.0,46.29
S8x4x4-LD21-H0.3-F0.6-A4-s42,high,twostage,13,656,16.029,67.0,1,81.0,46.29
S8x4x4-LD21-H0.3-F0.6-A4-s42,high,twostage,13,657,16.054,67.0,1,81.0,46.29
S8x4x4-LD21-H0.3-F0.6-A4-s42,high,twostage,13,658,16.08,67.0,1,81.0,46.29
S8x4x4-LD21-H0.3-F0.6-A4-s42,high,twostage,13,659,16.103,67.0,1,81.0,46.29
S8x4x4-LD21-H0.3-F0.6-A4-s42,high,twostage,13,660,16.126,67.0,1,81.0,46.29
S8x4x4-LD21-H0.3-F0.6-A4-s42,high,twostage,13,661,16.15,67.0,1,81.0,46.29
S8x4x4-LD21-H0.3-F0.6-A4-s42,high,twostage,13,662,16.173,67.0,1,81.0,46.29
S8x4x4-LD21-H0.3-F0.6-A4-s42,high,twostage,13,663,16.201,67.0,1,81.0,46.29
S8x4x4-LD21-H0.3-F0.6-A4-s42,high,twostage,13,664,16.225,67.0,1,81.0,46.29
S8x4x4-LD21-H0.3-F0.6-A4-s42,high,twostage,13,665,16.248,67.0,1,81.0,46.29
S8x4x4-LD21-H0.3-F0.6-A4-s42,high,twostage,13,666,16.272,67.0,1,81.0,46.29
S8x4x4-LD21-H0.3-F0.6-A4-s42,high,twostage,13,667,16.297,67.0,1,81.0,46.29
S8x4x4-LD21-H0.3-F0.6-A4-s42,high,twostage,13,668,16.321,67.0,1,81.0,46.29
S8x4x4-LD21-H0.3-F0.6-A4-s42,high,twostage,13,669,16.344,67.0,1,81.0,46.29
S8x4x4-LD21-H0.3-F0.6-A4-s42,high,twostage,13,670,16.367,67.0,1,81.0,46.29
S8x4x4-LD21-H0.3-F0.6-A4-s42,high,twostage,13,671,16.39,67.0,1,81.0,46.29
S8x4x4-LD21-H0.3-F0.6-A4-s42,high,twostage,13,672,16.417,67.0,1,81.0,46.29
S8x4x4-LD21-H0.3-F0.6-A4-s42,high,twostage,13,673,16.44,67.0,1,81.0,46.29
S8x4x4-LD21-H0.3-F0.6-A4-s42,high,twostage,13,674,16.463,67.0,1,81.0,46.29
S8x4x4-LD21-H0.3-F0.6-A4-s42,high,twostage,13,675,16.487,67.0,1,81.0,46.29
S8x4x4-LD21-H0.3-F0.6-A4-s42,high,twostage,13,676,16.511,67.0,1,81.0,46.29
S8x4x4-LD21-H0.3-F0.6-A4-s42,high,twostage,13,677,16.536,67.0,1,81.0,46.29
S8x4x4-LD21-H0.3-F0.6-A4-s42,high,twostage,13,678,16.559,67.0,1,81.0,46.29
S8x4x4-LD21-H0.3-F0.6-A4-s42,high,twostage,13,679,16.582,67.0,1,81.0,46.29
S8x4x4-LD21-H0.3-F0.6-A4-s42,high,twostage,13,680,16.606,67.0,1,81.0,46.29
S8x4x4-LD21-H0.3-F0.6-A4-s42,high,twostage,13,681,16.632,67.0,1,81.0,46.29
S8x4x4-LD21-H0.3-F0.6-A4-s42,high,twostage,13,682,16.656,67.0,1,81.0,46.29
S8x4x4-LD21-H0.3-F0.6-A4-s42,high,twostage,13,683,16.679,67.0,1,81.0,46.29
S8x4x4-LD21-H0.3-F0.6-A4-s42,high,twostage,13,684,16.703,67.0,1,81.0,46.29
S8x4x4-LD21-H0.3-F0.6-A4-s42,high,twostage,13,685,16.727,67.0,1,81.0,46.29
S8x4x4-LD21-H0.3-F0.6-A4-s42,high,twostage,13,686,16.754,67.0,1,81.0,46.29
S8x4x4-LD21-H0.3-F0.6-A4-s42,high,twostage,13,687,16.776,67.0,1,81.0,46.29
S8x4x4-LD21-H0.3-F0.6-A4-s42,high,twostage,13,688,16.799,67.0,1,81.0,46.29
S8x4x4-LD21-H0.3-F0.6-A4-s42,high,twostage,13,689,16.823,67.0,1,81.0,46.29
S8x4x4-LD21-H0.3-F0.6-A4-s42,high,twostage,13,690,16.846,67.0,1,81.0,46.29
S8x4x4-LD21-H0.3-F0.6-A4-s42,high,twostage,13,691,16.873,67.0,1,81.0,46.29
S8x4x4-LD21-H0.3-F0.6-A4-s42,high,twostage,13,692,16.896,67.0,1,81.0,46.29
S8x4x4-LD21-H0.3-F0.6-A4-s42,high,twostage,13,693,16.919,67.0,1,81.0,46.29
S8x4x4-LD21-H0.3-F0.6-A4-s42,high,twostage,13,694,16.943,67.0,1,81.0,46.29
S8x4x4-LD21-H0.3-F0.6-A4-s42,high,twostage,13,695,16.97,67.0,1,81.0,46.29
S8x4x4-LD21-H0.3-F0.6-A4-s42,high,twostage,13,696,16.994,67.0,1,81.0,46.29
S8x4x4-LD21-H0.3-F0.6-A4-s42,high,twostage,13,697,17.018,67.0,1,81.0,46.29
S8x4x4-LD21-H0.3-F0.6-A4-s42,high,twostage,13,698,17.04,67.0,1,81.0,46.29
S8x4x4-LD21-H0.3-F0.6-A4-s42,high,twostage,13,699,17.064,67.0,1,81.0,46.29
S8x4x4-LD21-H0.3-F0.6-A4-s42,high,twostage,13,700,17.091,67.0,1,81.0,46.29
S8x4x4-LD21-H0.3-F0.6-A4-s42,high,twostage,13,701,17.113,67.0,1,81.0,46.29
S8x4x4-LD21-H0.3-F0.6-A4-s42,high,twostage,13,702,17.137,67.0,1,81.0,46.29
S8x4x4-LD21-H0.3-F0.6-A4-s42,high,twostage,13,703,17.16,67.0,1,81.0,46.29
S8x4x4-LD21-H0.3-F0.6-A4-s42,high,twostage,13,704,17.184,67.0,1,81.0,46.29
S8x4x4-LD21-H0.3-F0.6-A4-s42,high,twostage,13,705,17.21,67.0,1,81.0,46.29
S8x4x4-LD21-H0.3-F0.6-A4-s42,high,twostage,13,706,17.233,67.0,1,81.0,46.29
S8x4x4-LD21-H0.3-F0.6-A4-s42,high,twostage,13,707,17.257,67.0,1,81.0,46.29
S8x4x4-LD21-H0.3-F0.6-A4-s42,high,twostage,13,708,17.279,67.0,1,81.0,46.29
S8x4x4-LD21-H0.3-F0.6-A4-s42,high,twostage,13,709,17.305,67.0,1,81.0,46.29
S8x4x4-LD21-H0.3-F0.6-A4-s42,high,twostage,13,710,17.328,67.0,1,81.0,46.29
S8x4x4-LD21-H0.3-F0.6-A4-s42,high,twostage,13,711,17.351,67.0,1,81.0,46.29
S8x4x4-LD21-H0.3-F0.6-A4-s42,high,twostage,13,712,17.375,67.0,1,81.0,46.29
S8x4x4-LD21-H0.3-F0.6-A4-s42,high,twostage,13,713,17.399,67.0,1,81.0,46.29
S8x4x4-LD21-H0.3-F0.6-A4-s42,high,twostage,13,714,17.424,67.0,1,81.0,46.29
S8x4x4-LD21-H0.3-F0.6-A4-s42,high,twostage,13,715,17.448,67.0,1,81.0,46.29
S8x4x4-LD21-H0.3-F0.6-A4-s42,high,twostage,13,716,17.472,67.0,1,81.0,46.29
S8x4x4-LD21-H0.3-F0.6-A4-s42,high,twostage,13,717,17.495,67.0,1,81.0,46.29
S8x4x4-LD21-H0.3-F0.6-A4-s42,high,twostage,13,718,17.519,67.0,1,81.0,46.29
S8x4x4-LD21-H0.3-F0.6-A4-s42,high,twostage,13,719,17.544,67.0,1,81.0,46.29
S8x4x4-LD21-H0.3-F0.6-A4-s42,high,twostage,13,720,17.567,67.0,1,81.0,46.29
S8x4x4-LD21-H0.3-F0.6-A4-s42,high,twostage,13,721,17.591,67.0,1,81.0,46.29
S8x4x4-LD21-H0.3-F0.6-A4-s42,high,twostage,13,722,17.614,67.0,1,81.0,46.29
S8x4x4-LD21-H0.3-F0.6-A4-s42,high,twostage,13,723,17.642,67.0,1,81.0,46.29
S8x4x4-LD21-H0.3-F0.6-A4-s42,high,twostage,13,724,17.666,67.0,1,81.0,46.29
S8x4x4-LD21-H0.3-F0.6-A4-s42,high,twostage,13,725,17.69,67.0,1,81.0,46.29
S8x4x4-LD21-H0.3-F0.6-A4-s42,high,twostage,13,726,17.714,67.0,1,81.0,46.29
S8x4x4-LD21-H0.3-F0.6-A4-s42,high,twostage,13,727,17.738,67.0,1,81.0,46.29
S8x4x4-LD21-H0.3-F0.6-A4-s42,high,twostage,13,728,17.765,67.0,1,81.0,46.29
S8x4x4-LD21-H0.3-F0.6-A4-s42,high,twostage,13,729,17.789,67.0,1,81.0,46.29
S8x4x4-LD21-H0.3-F0.6-A4-s42,high,twostage,13,730,17.812,67.0,1,81.0,46.29
S8x4x4-LD21-H0.3-F0.6-A4-s42,high,twostage,13,731,17.836,67.0,1,81.0,46.29
S8x4x4-LD21-H0.3-F0.6-A4-s42,high,twostage,13,732,17.859,67.0,1,81.0,46.29
S8x4x4-LD21-H0.3-F0.6-A4-s42,high,twostage,13,733,17.886,67.0,1,81.0,46.29
S8x4x4-LD21-H0.3-F0.6-A4-s42,high,twostage,13,734,17.909,67.0,1,81.0,46.29
S8x4x4-LD21-H0.3-F0.6-A4-s42,high,twostage,13,735,17.933,67.0,1,81.0,46.29
S8x4x4-LD21-H0.3-F0.6-A4-s42,high,twostage,13,736,17.956,67.0,1,81.0,46.29
S8x4x4-LD21-H0.3-F0.6-A4-s42,high,twostage,13,737,17.983,67.0,1,81.0,46.29
S8x4x4-LD21-H0.3-F0.6-A4-s42,high,twostage,13,738,18.006,67.0,1,81.0,46.29
S8x4x4-LD21-H0.3-F0.6-A4-s42,high,twostage,13,739,18.03,67.0,1,81.0,46.29
S8x4x4-LD21-H0.3-F0.6-A4-s42,high,twostage,13,740,18.053,67.0,1,81.0,46.29
S8x4x4-LD21-H0.3-F0.6-A4-s42,high,twostage,13,741,18.078,67.0,1,81.0,46.29
S8x4x4-LD21-H0.3-F0.6-A4-s42,high,twostage,13,742,18.103,67.0,1,81.0,46.29
S8x4x4-LD21-H0.3-F0.6-A4-s42,high,twostage,13,743,18.127,67.0,1,81.0,46.29
S8x4x4-LD21-H0.3-F0.6-A4-s42,high,twostage,13,744,18.151,67.0,1,81.0,46.29
S8x4x4-LD21-H0.3-F0.6-A4-s42,high,twostage,13,745,18.176,67.0,1,81.0,46.29
S8x4x4-LD21-H0.3-F0.6-A4-s42,high,twostage,13,746,18.2,67.0,1,81.0,46.29
S8x4x4-LD21-H0.3-F0.6-A4-s42,high,twostage,13,747,18.226,67.0,1,81.0,46.29
S8x4x4-LD21-H0.3-F0.6-A4-s42,high,twostage,13,748,18.249,67.0,1,81.0,46.29
S8x4x4-LD21-H0.3-F0.6-A4-s42,high,twostage,13,749,18.272,67.0,1,81.0,46.29
S8x4x4-LD21-H0.3-F0.6-A4-s42,high,twostage,13,750,18.296,67.0,1,81.0,46.29
S8x4x4-LD21-H0.3-F0.6-A4-s42,high,twostage,13,751,18.322,67.0,1,81.0,46.29
S8x4x4-LD21-H0.3-F0.6-A4-s42,high,twostage,13,752,18.345,67.0,1,81.0,46.29
S8x4x4-LD21-H0.3-F0.6-A4-s42,high,twostage,13,753,18.37,67.0,1,81.0,46.29
S8x4x4-LD21-H0.3-F0.6-A4-s42,high,twostage,13,754,18.394,67.0,1,81.0,46.29
S8x4x4-LD21-H0.3-F0.6-A4-s42,high,twostage,13,755,18.418,67.0,1,81.0,46.29
S8x4x4-LD21-H0.3-F0.6-A4-s42,high,twostage,13,756,18.443,67.0,1,81.0,46.29
S8x4x4-LD21-H0.3-F0.6-A4-s42,high,twostage,13,757,18.466,67.0,1,81.0,46.29
S8x4x4-LD21-H0.3-F0.6-A4-s42,high,twostage,13,758,18.491,67.0,1,81.0,46.29
S8x4x4-LD21-H0.3-F0.6-A4-s42,high,twostage,13,759,18.514,67.0,1,81.0,46.29
S8x4x4-LD21-H0.3-F0.6-A4-s42,high,twostage,13,760,18.538,67.0,1,81.0,46.29
S8x4x4-LD21-H0.3-F0.6-A4-s42,high,twostage,13,761,18.563,67.0,1,81.0,46.29
S8x4x4-LD21-H0.3-F0.6-A4-s42,high,twostage,13,762,18.586,67.0,1,81.0,46.29
S8x4x4-LD21-H0.3-F0.6-A4-s42,high,twostage,13,763,18.609,67.0,1,81.0,46.29
S8x4x4-LD21-H0.3-F0.6-A4-s42,high,twostage,13,764,18.633,67.0,1,81.0,46.29
S8x4x4-LD21-H0.3-F0.6-A4-s42,high,twostage,13,765,18.659,67.0,1,81.0,46.29
S8x4x4-LD21-H0.3-F0.6-A4-s42,high,twostage,13,766,18.682,67.0,1,81.0,46.29
S8x4x4-LD21-H0.3-F0.6-A4-s42,high,twostage,13,767,18.705,67.0,1,81.0,46.29
S8x4x4-LD21-H0.3-F0.6-A4-s42,high,twostage,13,768,18.731,67.0,1,81.0,46.29
S8x4x4-LD21-H0.3-F0.6-A4-s42,high,twostage,13,769,18.755,67.0,1,81.0,46.29
S8x4x4-LD21-H0.3-F0.6-A4-s42,high,twostage,13,770,18.782,67.0,1,81.0,46.29
S8x4x4-LD21-H0.3-F0.6-A4-s42,high,twostage,13,771,18.806,67.0,1,81.0,46.29
S8x4x4-LD21-H0.3-F0.6-A4-s42,high,twostage,13,772,18.83,67.0,1,81.0,46.29
S8x4x4-LD21-H0.3-F0.6-A4-s42,high,twostage,13,773,18.854,67.0,1,81.0,46.29
S8x4x4-LD21-H0.3-F0.6-A4-s42,high,twostage,13,774,18.878,67.0,1,81.0,46.29
S8x4x4-LD21-H0.3-F0.6-A4-s42,high,twostage,13,775,18.904,67.0,1,81.0,46.29
S8x4x4-LD21-H0.3-F0.6-A4-s42,high,twostage,13,776,18.928,67.0,1,81.0,46.29
S8x4x4-LD21-H0.3-F0.6-A4-s42,high,twostage,13,777,18.953,67.0,1,81.0,46.29
S8x4x4-LD21-H0.3-F0.6-A4-s42,high,twostage,13,778,18.978,67.0,1,81.0,46.29
S8x4x4-LD21-H0.3-F0.6-A4-s42,high,twostage,13,779,19.004,67.0,1,81.0,46.29
S8x4x4-LD21-H0.3-F0.6-A4-s42,high,twostage,13,780,19.027,67.0,1,81.0,46.29
S8x4x4-LD21-H0.3-F0.6-A4-s42,high,twostage,13,781,19.051,67.0,1,81.0,46.29
S8x4x4-LD21-H0.3-F0.6-A4-s42,high,twostage,13,782,19.075,67.0,1,81.0,46.29
S8x4x4-LD21-H0.3-F0.6-A4-s42,high,twostage,13,783,19.097,67.0,1,81.0,46.29
S8x4x4-LD21-H0.3-F0.6-A4-s42,high,twostage,13,784,19.124,67.0,1,81.0,46.29
S8x4x4-LD21-H0.3-F0.6-A4-s42,high,twostage,13,785,19.146,66.0,1,81.0,46.29
S8x4x4-LD21-H0.3-F0.6-A4-s42,high,twostage,13,786,19.169,66.0,1,81.0,46.29
S8x4x4-LD21-H0.3-F0.6-A4-s42,high,twostage,13,787,19.192,66.0,1,81.0,46.29
S8x4x4-LD21-H0.3-F0.6-A4-s42,high,twostage,13,788,19.215,66.0,1,81.0,46.29
S8x4x4-LD21-H0.3-F0.6-A4-s42,high,twostage,13,789,19.241,66.0,1,81.0,46.29
S8x4x4-LD21-H0.3-F0.6-A4-s42,high,twostage,13,790,19.263,66.0,1,81.0,46.29
S8x4x4-LD21-H0.3-F0.6-A4-s42,high,twostage,13,791,19.286,66.0,1,81.0,46.29
S8x4x4-LD21-H0.3-F0.6-A4-s42,high,twostage,13,792,19.309,66.0,1,81.0,46.29
S8x4x4-LD21-H0.3-F0.6-A4-s42,high,twostage,13,793,19.334,65.0,1,81.0,46.29
S8x4x4-LD21-H0.3-F0.6-A4-s42,high,twostage,13,794,19.357,65.0,1,81.0,46.29
S8x4x4-LD21-H0.3-F0.6-A4-s42,high,twostage,13,795,19.38,65.0,1,81.0,46.29
S8x4x4-LD21-H0.3-F0.6-A4-s42,high,twostage,13,796,19.404,65.0,1,81.0,46.29
S8x4x4-LD21-H0.3-F0.6-A4-s42,high,twostage,13,797,19.431,65.0,1,81.0,46.29
S8x4x4-LD21-H0.3-F0.6-A4-s42,high,twostage,13,798,19.458,65.0,1,81.0,46.29
S8x4x4-LD21-H0.3-F0.6-A4-s42,high,twostage,13,799,19.483,65.0,1,81.0,46.29
S8x4x4-LD21-H0.3-F0.6-A4-s42,high,twostage,13,800,19.508,65.0,1,81.0,46.29
S8x4x4-LD21-H0.3-F0.6-A4-s42,high,twostage,13,801,19.532,65.0,1,81.0,46.29
S8x4x4-LD21-H0.3-F0.6-A4-s42,high,twostage,13,802,19.56,65.0,1,81.0,46.29
S8x4x4-LD21-H0.3-F0.6-A4-s42,high,twostage,13,803,19.584,65.0,1,81.0,46.29
S8x4x4-LD21-H0.3-F0.6-A4-s42,high,twostage,13,804,19.609,65.0,1,81.0,46.29
S8x4x4-LD21-H0.3-F0.6-A4-s42,high,twostage,13,805,19.632,65.0,1,81.0,46.29
S8x4x4-LD21-H0.3-F0.6-A4-s42,high,twostage,13,806,19.656,65.0,1,81.0,46.29
S8x4x4-LD21-H0.3-F0.6-A4-s42,high,twostage,13,807,19.682,65.0,1,81.0,46.29
S8x4x4-LD21-H0.3-F0.6-A4-s42,high,twostage,13,808,19.707,65.0,1,81.0,46.29
S8x4x4-LD21-H0.3-F0.6-A4-s42,high,twostage,13,809,19.732,65.0,1,81.0,46.29
S8x4x4-LD21-H0.3-F0.6-A4-s42,high,twostage,13,810,19.757,65.0,1,81.0,46.29
S8x4x4-LD21-H0.3-F0.6-A4-s42,high,twostage,13,811,19.781,65.0,1,81.0,46.29
S8x4x4-LD21-H0.3-F0.6-A4-s42,high,twostage,13,812,19.808,65.0,1,81.0,46.29
S8x4x4-LD21-H0.3-F0.6-A4-s42,high,twostage,13,813,19.832,65.0,1,81.0,46.29
S8x4x4-LD21-H0.3-F0.6-A4-s42,high,twostage,13,814,19.857,65.0,1,81.0,46.29
S8x4x4-LD21-H0.3-F0.6-A4-s42,high,twostage,13,815,19.881,65.0,1,81.0,46.29
S8x4x4-LD21-H0.3-F0.6-A4-s42,high,twostage,13,816,19.91,65.0,1,81.0,46.29
S8x4x4-LD21-H0.3-F0.6-A4-s42,high,twostage,13,817,19.939,65.0,1,81.0,46.29
S8x4x4-LD21-H0.3-F0.6-A4-s42,high,twostage,13,818,19.963,65.0,1,81.0,46.29
S8x4x4-LD21-H0.3-F0.6-A4-s42,high,twostage,13,819,19.988,65.0,1,81.0,46.29
S8x4x4-LD21-H0.3-F0.6-A4-s42,high,twostage,13,820,20.013,65.0,1,81.0,46.29
S8x4x4-LD21-H0.3-F0.6-A4-s42,high,twostage,13,821,20.04,65.0,1,81.0,46.29
S8x4x4-LD21-H0.3-F0.6-A4-s42,high,twostage,13,822,20.064,65.0,1,81.0,46.29
S8x4x4-LD21-H0.3-F0.6-A4-s42,high,twostage,13,823,20.088,65.0,1,81.0,46.29
S8x4x4-LD21-H0.3-F0.6-A4-s42,high,twostage,13,824,20.112,65.0,1,81.0,46.29
S8x4x4-LD21-H0.3-F0.6-A4-s42,high,twostage,13,825,20.138,65.0,1,81.0,46.29
S8x4x4-LD21-H0.3-F0.6-A4-s42,high,twostage,13,826,20.163,65.0,1,81.0,46.29
S8x4x4-LD21-H0.3-F0.6-A4-s42,high,twostage,13,827,20.188,65.0,1,81.0,46.29
S8x4x4-LD21-H0.3-F0.6-A4-s42,high,twostage,13,828,20.213,65.0,1,81.0,46.29
S8x4x4-LD21-H0.3-F0.6-A4-s42,high,twostage,13,829,20.236,65.0,1,81.0,46.29
S8x4x4-LD21-H0.3-F0.6-A4-s42,high,twostage,13,830,20.264,65.0,1,81.0,46.29
S8x4x4-LD21-H0.3-F0.6-A4-s42,high,twostage,13,831,20.288,65.0,1,81.0,46.29
S8x4x4-LD21-H0.3-F0.6-A4-s42,high,twostage,13,832,20.312,65.0,1,81.0,46.29
S8x4x4-LD21-H0.3-F0.6-A4-s42,high,twostage,13,833,20.337,65.0,1,81.0,46.29
S8x4x4-LD21-H0.3-F0.6-A4-s42,high,twostage,13,834,20.364,65.0,1,81.0,46.29
S8x4x4-LD21-H0.3-F0.6-A4-s42,high,twostage,13,835,20.388,65.0,1,81.0,46.29
S8x4x4-LD21-H0.3-F0.6-A4-s42,high,twostage,13,836,20.413,65.0,1,81.0,46.29
S8x4x4-LD21-H0.3-F0.6-A4-s42,high,twostage,13,837,20.437,65.0,1,81.0,46.29
S8x4x4-LD21-H0.3-F0.6-A4-s42,high,twostage,13,838,20.462,65.0,1,81.0,46.29
S8x4x4-LD21-H0.3-F0.6-A4-s42,high,twostage,13,839,20.489,65.0,1,81.0,46.29
S8x4x4-LD21-H0.3-F0.6-A4-s42,high,twostage,13,840,20.513,65.0,1,81.0,46.29
S8x4x4-LD21-H0.3-F0.6-A4-s42,high,twostage,13,841,20.537,65.0,1,81.0,46.29
S8x4x4-LD21-H0.3-F0.6-A4-s42,high,twostage,13,842,20.562,65.0,1,81.0,46.29
S8x4x4-LD21-H0.3-F0.6-A4-s42,high,twostage,13,843,20.589,65.0,1,81.0,46.29
S8x4x4-LD21-H0.3-F0.6-A4-s42,high,twostage,13,844,20.613,65.0,1,81.0,46.29
S8x4x4-LD21-H0.3-F0.6-A4-s42,high,twostage,13,845,20.638,65.0,1,81.0,46.29
S8x4x4-LD21-H0.3-F0.6-A4-s42,high,twostage,13,846,20.662,65.0,1,81.0,46.29
S8x4x4-LD21-H0.3-F0.6-A4-s42,high,twostage,13,847,20.687,65.0,1,81.0,46.29
S8x4x4-LD21-H0.3-F0.6-A4-s42,high,twostage,13,848,20.713,65.0,1,81.0,46.29
S8x4x4-LD21-H0.3-F0.6-A4-s42,high,twostage,13,849,20.738,65.0,1,81.0,46.29
S8x4x4-LD21-H0.3-F0.6-A4-s42,high,twostage,13,850,20.763,65.0,1,81.0,46.29
S8x4x4-LD21-H0.3-F0.6-A4-s42,high,twostage,13,851,20.786,65.0,1,81.0,46.29
S8x4x4-LD21-H0.3-F0.6-A4-s42,high,twostage,13,852,20.814,65.0,1,81.0,46.29
S8x4x4-LD21-H0.3-F0.6-A4-s42,high,twostage,13,853,20.837,65.0,1,81.0,46.29
S8x4x4-LD21-H0.3-F0.6-A4-s42,high,twostage,13,854,20.862,65.0,1,81.0,46.29
S8x4x4-LD21-H0.3-F0.6-A4-s42,high,twostage,13,855,20.887,65.0,1,81.0,46.29
S8x4x4-LD21-H0.3-F0.6-A4-s42,high,twostage,13,856,20.911,65.0,1,81.0,46.29
S8x4x4-LD21-H0.3-F0.6-A4-s42,high,twostage,13,857,20.938,65.0,1,81.0,46.29
S8x4x4-LD21-H0.3-F0.6-A4-s42,high,twostage,13,858,20.962,65.0,1,81.0,46.29
S8x4x4-LD21-H0.3-F0.6-A4-s42,high,twostage,13,859,20.987,65.0,1,81.0,46.29
S8x4x4-LD21-H0.3-F0.6-A4-s42,high,twostage,13,860,21.012,65.0,1,81.0,46.29
S8x4x4-LD21-H0.3-F0.6-A4-s42,high,twostage,13,861,21.035,65.0,1,81.0,46.29
S8x4x4-LD21-H0.3-F0.6-A4-s42,high,twostage,13,862,21.063,65.0,1,81.0,46.29
S8x4x4-LD21-H0.3-F0.6-A4-s42,high,twostage,13,863,21.086,65.0,1,81.0,46.29
S8x4x4-LD21-H0.3-F0.6-A4-s42,high,twostage,13,864,21.111,65.0,1,81.0,46.29
S8x4x4-LD21-H0.3-F0.6-A4-s42,high,twostage,13,865,21.136,65.0,1,81.0,46.29
S8x4x4-LD21-H0.3-F0.6-A4-s42,high,twostage,13,866,21.163,65.0,1,81.0,46.29
S8x4x4-LD21-H0.3-F0.6-A4-s42,high,twostage,13,867,21.187,65.0,1,81.0,46.29
S8x4x4-LD21-H0.3-F0.6-A4-s42,high,twostage,13,868,21.212,65.0,1,81.0,46.29
S8x4x4-LD21-H0.3-F0.6-A4-s42,high,twostage,13,869,21.237,65.0,1,81.0,46.29
S8x4x4-LD21-H0.3-F0.6-A4-s42,high,twostage,13,870,21.26,65.0,1,81.0,46.29
S8x4x4-LD21-H0.3-F0.6-A4-s42,high,twostage,13,871,21.288,65.0,1,81.0,46.29
S8x4x4-LD21-H0.3-F0.6-A4-s42,high,twostage,13,872,21.312,65.0,1,81.0,46.29
S8x4x4-LD21-H0.3-F0.6-A4-s42,high,twostage,13,873,21.336,65.0,1,81.0,46.29
S8x4x4-LD21-H0.3-F0.6-A4-s42,high,twostage,13,874,21.361,65.0,1,81.0,46.29
S8x4x4-LD21-H0.3-F0.6-A4-s42,high,twostage,13,875,21.388,65.0,1,81.0,46.29
S8x4x4-LD21-H0.3-F0.6-A4-s42,high,twostage,13,876,21.413,65.0,1,81.0,46.29
S8x4x4-LD21-H0.3-F0.6-A4-s42,high,twostage,13,877,21.437,65.0,1,81.0,46.29
S8x4x4-LD21-H0.3-F0.6-A4-s42,high,twostage,13,878,21.463,65.0,1,81.0,46.29
S8x4x4-LD21-H0.3-F0.6-A4-s42,high,twostage,13,879,21.487,65.0,1,81.0,46.29
S8x4x4-LD21-H0.3-F0.6-A4-s42,high,twostage,13,880,21.514,65.0,1,81.0,46.29
S8x4x4-LD21-H0.3-F0.6-A4-s42,high,twostage,13,881,21.539,65.0,1,81.0,46.29
S8x4x4-LD21-H0.3-F0.6-A4-s42,high,twostage,13,882,21.563,65.0,1,81.0,46.29
S8x4x4-LD21-H0.3-F0.6-A4-s42,high,twostage,13,883,21.587,65.0,1,81.0,46.29
S8x4x4-LD21-H0.3-F0.6-A4-s42,high,twostage,13,884,21.614,65.0,1,81.0,46.29
S8x4x4-LD21-H0.3-F0.6-A4-s42,high,twostage,13,885,21.639,65.0,1,81.0,46.29
S8x4x4-LD21-H0.3-F0.6-A4-s42,high,twostage,13,886,21.663,65.0,1,81.0,46.29
S8x4x4-LD21-H0.3-F0.6-A4-s42,high,twostage,13,887,21.688,65.0,1,81.0,46.29
S8x4x4-LD21-H0.3-F0.6-A4-s42,high,twostage,13,888,21.711,65.0,1,81.0,46.29
S8x4x4-LD21-H0.3-F0.6-A4-s42,high,twostage,13,889,21.739,65.0,1,81.0,46.29
S8x4x4-LD21-H0.3-F0.6-A4-s42,high,twostage,13,890,21.763,65.0,1,81.0,46.29
S8x4x4-LD21-H0.3-F0.6-A4-s42,high,twostage,13,891,21.789,65.0,1,81.0,46.29
S8x4x4-LD21-H0.3-F0.6-A4-s42,high,twostage,13,892,21.813,65.0,1,81.0,46.29
S8x4x4-LD21-H0.3-F0.6-A4-s42,high,twostage,13,893,21.84,65.0,1,81.0,46.29
S8x4x4-LD21-H0.3-F0.6-A4-s42,high,twostage,13,894,21.864,65.0,1,81.0,46.29
S8x4x4-LD21-H0.3-F0.6-A4-s42,high,twostage,13,895,21.889,65.0,1,81.0,46.29
S8x4x4-LD21-H0.3-F0.6-A4-s42,high,twostage,13,896,21.913,65.0,1,81.0,46.29
S8x4x4-LD21-H0.3-F0.6-A4-s42,high,twostage,13,897,21.938,65.0,1,81.0,46.29
S8x4x4-LD21-H0.3-F0.6-A4-s42,high,twostage,13,898,21.966,65.0,1,81.0,46.29
S8x4x4-LD21-H0.3-F0.6-A4-s42,high,twostage,13,899,21.991,65.0,1,81.0,46.29
S8x4x4-LD21-H0.3-F0.6-A4-s42,high,twostage,13,900,22.015,65.0,1,81.0,46.29
S8x4x4-LD21-H0.3-F0.6-A4-s42,high,twostage,13,901,22.045,65.0,1,81.0,46.29
S8x4x4-LD21-H0.3-F0.6-A4-s42,high,twostage,13,902,22.073,65.0,1,81.0,46.29
S8x4x4-LD21-H0.3-F0.6-A4-s42,high,twostage,13,903,22.097,65.0,1,81.0,46.29
S8x4x4-LD21-H0.3-F0.6-A4-s42,high,twostage,13,904,22.122,65.0,1,81.0,46.29
S8x4x4-LD21-H0.3-F0.6-A4-s42,high,twostage,13,905,22.146,65.0,1,81.0,46.29
S8x4x4-LD21-H0.3-F0.6-A4-s42,high,twostage,13,906,22.17,65.0,1,81.0,46.29
S8x4x4-LD21-H0.3-F0.6-A4-s42,high,twostage,13,907,22.197,65.0,1,81.0,46.29
S8x4x4-LD21-H0.3-F0.6-A4-s42,high,twostage,13,908,22.222,65.0,1,81.0,46.29
S8x4x4-LD21-H0.3-F0.6-A4-s42,high,twostage,13,909,22.246,65.0,1,81.0,46.29
S8x4x4-LD21-H0.3-F0.6-A4-s42,high,twostage,13,910,22.27,65.0,1,81.0,46.29
S8x4x4-LD21-H0.3-F0.6-A4-s42,high,twostage,13,911,22.295,65.0,1,81.0,46.29
S8x4x4-LD21-H0.3-F0.6-A4-s42,high,twostage,13,912,22.322,65.0,1,81.0,46.29
S8x4x4-LD21-H0.3-F0.6-A4-s42,high,twostage,13,913,22.347,65.0,1,81.0,46.29
S8x4x4-LD21-H0.3-F0.6-A4-s42,high,twostage,13,914,22.371,65.0,1,81.0,46.29
S8x4x4-LD21-H0.3-F0.6-A4-s42,high,twostage,13,915,22.395,65.0,1,81.0,46.29
S8x4x4-LD21-H0.3-F0.6-A4-s42,high,twostage,13,916,22.422,65.0,1,81.0,46.29
S8x4x4-LD21-H0.3-F0.6-A4-s42,high,twostage,13,917,22.447,65.0,1,81.0,46.29
S8x4x4-LD21-H0.3-F0.6-A4-s42,high,twostage,13,918,22.471,65.0,1,81.0,46.29
S8x4x4-LD21-H0.3-F0.6-A4-s42,high,twostage,13,919,22.496,65.0,1,81.0,46.29
S8x4x4-LD21-H0.3-F0.6-A4-s42,high,twostage,13,920,22.519,65.0,1,81.0,46.29
S8x4x4-LD21-H0.3-F0.6-A4-s42,high,twostage,13,921,22.548,65.0,1,81.0,46.29
S8x4x4-LD21-H0.3-F0.6-A4-s42,high,twostage,13,922,22.572,65.0,1,81.0,46.29
S8x4x4-LD21-H0.3-F0.6-A4-s42,high,twostage,13,923,22.596,65.0,1,81.0,46.29
S8x4x4-LD21-H0.3-F0.6-A4-s42,high,twostage,13,924,22.619,65.0,1,81.0,46.29
S8x4x4-LD21-H0.3-F0.6-A4-s42,high,twostage,13,925,22.646,65.0,1,81.0,46.29
S8x4x4-LD21-H0.3-F0.6-A4-s42,high,twostage,13,926,22.67,65.0,1,81.0,46.29
S8x4x4-LD21-H0.3-F0.6-A4-s42,high,twostage,13,927,22.694,65.0,1,81.0,46.29
S8x4x4-LD21-H0.3-F0.6-A4-s42,high,twostage,13,928,22.72,65.0,1,81.0,46.29
S8x4x4-LD21-H0.3-F0.6-A4-s42,high,twostage,13,929,22.744,65.0,1,81.0,46.29
S8x4x4-LD21-H0.3-F0.6-A4-s42,high,twostage,13,930,22.771,65.0,1,81.0,46.29
S8x4x4-LD21-H0.3-F0.6-A4-s42,high,twostage,13,931,22.796,65.0,1,81.0,46.29
S8x4x4-LD21-H0.3-F0.6-A4-s42,high,twostage,13,932,22.822,65.0,1,81.0,46.29
S8x4x4-LD21-H0.3-F0.6-A4-s42,high,twostage,13,933,22.846,65.0,1,81.0,46.29
S8x4x4-LD21-H0.3-F0.6-A4-s42,high,twostage,13,934,22.874,65.0,1,81.0,46.29
S8x4x4-LD21-H0.3-F0.6-A4-s42,high,twostage,13,935,22.898,65.0,1,81.0,46.29
S8x4x4-LD21-H0.3-F0.6-A4-s42,high,twostage,13,936,22.922,65.0,1,81.0,46.29
S8x4x4-LD21-H0.3-F0.6-A4-s42,high,twostage,13,937,22.951,65.0,1,81.0,46.29
S8x4x4-LD21-H0.3-F0.6-A4-s42,high,twostage,13,938,22.975,65.0,1,81.0,46.29
S8x4x4-LD21-H0.3-F0.6-A4-s42,high,twostage,13,939,23.002,65.0,1,81.0,46.29
S8x4x4-LD21-H0.3-F0.6-A4-s42,high,twostage,13,940,23.026,65.0,1,81.0,46.29
S8x4x4-LD21-H0.3-F0.6-A4-s42,high,twostage,13,941,23.051,65.0,1,81.0,46.29
S8x4x4-LD21-H0.3-F0.6-A4-s42,high,twostage,13,942,23.076,65.0,1,81.0,46.29
S8x4x4-LD21-H0.3-F0.6-A4-s42,high,twostage,13,943,23.103,65.0,1,81.0,46.29
S8x4x4-LD21-H0.3-F0.6-A4-s42,high,twostage,13,944,23.126,65.0,1,81.0,46.29
S8x4x4-LD21-H0.3-F0.6-A4-s42,high,twostage,13,945,23.151,65.0,1,81.0,46.29
S8x4x4-LD21-H0.3-F0.6-A4-s42,high,twostage,13,946,23.174,65.0,1,81.0,46.29
S8x4x4-LD21-H0.3-F0.6-A4-s42,high,twostage,13,947,23.2,65.0,1,81.0,46.29
S8x4x4-LD21-H0.3-F0.6-A4-s42,high,twostage,13,948,23.226,65.0,1,81.0,46.29
S8x4x4-LD21-H0.3-F0.6-A4-s42,high,twostage,13,949,23.251,65.0,1,81.0,46.29
S8x4x4-LD21-H0.3-F0.6-A4-s42,high,twostage,13,950,23.275,65.0,1,81.0,46.29
S8x4x4-LD21-H0.3-F0.6-A4-s42,high,twostage,13,951,23.3,65.0,1,81.0,46.29
S8x4x4-LD21-H0.3-F0.6-A4-s42,high,twostage,13,952,23.327,65.0,1,81.0,46.29
S8x4x4-LD21-H0.3-F0.6-A4-s42,high,twostage,13,953,23.352,65.0,1,81.0,46.29
S8x4x4-LD21-H0.3-F0.6-A4-s42,high,twostage,13,954,23.38,65.0,1,81.0,46.29
S8x4x4-LD21-H0.3-F0.6-A4-s42,high,twostage,13,955,23.406,65.0,1,81.0,46.29
S8x4x4-LD21-H0.3-F0.6-A4-s42,high,twostage,13,956,23.433,65.0,1,81.0,46.29
S8x4x4-LD21-H0.3-F0.6-A4-s42,high,twostage,13,957,23.461,65.0,1,81.0,46.29
S8x4x4-LD21-H0.3-F0.6-A4-s42,high,twostage,13,958,23.485,65.0,1,81.0,46.29
S8x4x4-LD21-H0.3-F0.6-A4-s42,high,twostage,13,959,23.51,65.0,1,81.0,46.29
S8x4x4-LD21-H0.3-F0.6-A4-s42,high,twostage,13,960,23.535,65.0,1,81.0,46.29
S8x4x4-LD21-H0.3-F0.6-A4-s42,high,twostage,13,961,23.564,65.0,1,81.0,46.29
S8x4x4-LD21-H0.3-F0.6-A4-s42,high,twostage,13,962,23.588,65.0,1,81.0,46.29
S8x4x4-LD21-H0.3-F0.6-A4-s42,high,twostage,13,963,23.611,65.0,1,81.0,46.29
S8x4x4-LD21-H0.3-F0.6-A4-s42,high,twostage,13,964,23.635,65.0,1,81.0,46.29
S8x4x4-LD21-H0.3-F0.6-A4-s42,high,twostage,13,965,23.659,65.0,1,81.0,46.29
S8x4x4-LD21-H0.3-F0.6-A4-s42,high,twostage,13,966,23.687,65.0,1,81.0,46.29
S8x4x4-LD21-H0.3-F0.6-A4-s42,high,twostage,13,967,23.712,65.0,1,81.0,46.29
S8x4x4-LD21-H0.3-F0.6-A4-s42,high,twostage,13,968,23.737,65.0,1,81.0,46.29
S8x4x4-LD21-H0.3-F0.6-A4-s42,high,twostage,13,969,23.762,65.0,1,81.0,46.29
S8x4x4-LD21-H0.3-F0.6-A4-s42,high,twostage,13,970,23.787,65.0,1,81.0,46.29
S8x4x4-LD21-H0.3-F0.6-A4-s42,high,twostage,13,971,23.814,65.0,1,81.0,46.29
S8x4x4-LD21-H0.3-F0.6-A4-s42,high,twostage,13,972,23.838,65.0,1,81.0,46.29
S8x4x4-LD21-H0.3-F0.6-A4-s42,high,twostage,13,973,23.862,65.0,1,81.0,46.29
S8x4x4-LD21-H0.3-F0.6-A4-s42,high,twostage,13,974,23.887,65.0,1,81.0,46.29
S8x4x4-LD21-H0.3-F0.6-A4-s42,high,twostage,13,975,23.913,65.0,1,81.0,46.29
S8x4x4-LD21-H0.3-F0.6-A4-s42,high,twostage,13,976,23.937,65.0,1,81.0,46.29
S8x4x4-LD21-H0.3-F0.6-A4-s42,high,twostage,13,977,23.962,65.0,1,81.0,46.29
S8x4x4-LD21-H0.3-F0.6-A4-s42,high,twostage,13,978,23.986,65.0,1,81.0,46.29
S8x4x4-LD21-H0.3-F0.6-A4-s42,high,twostage,13,979,24.01,65.0,1,81.0,46.29
S8x4x4-LD21-H0.3-F0.6-A4-s42,high,twostage,13,980,24.036,65.0,1,81.0,46.29
S8x4x4-LD21-H0.3-F0.6-A4-s42,high,twostage,13,981,24.06,65.0,1,81.0,46.29
S8x4x4-LD21-H0.3-F0.6-A4-s42,high,twostage,13,982,24.085,65.0,1,81.0,46.29
S8x4x4-LD21-H0.3-F0.6-A4-s42,high,twostage,13,983,24.108,65.0,1,81.0,46.29
S8x4x4-LD21-H0.3-F0.6-A4-s42,high,twostage,13,984,24.136,65.0,1,81.0,46.29
S8x4x4-LD21-H0.3-F0.6-A4-s42,high,twostage,13,985,24.16,65.0,1,81.0,46.29
S8x4x4-LD21-H0.3-F0.6-A4-s42,high,twostage,13,986,24.185,65.0,1,81.0,46.29
S8x4x4-LD21-H0.3-F0.6-A4-s42,high,twostage,13,987,24.21,65.0,1,81.0,46.29
S8x4x4-LD21-H0.3-F0.6-A4-s42,high,twostage,13,988,24.234,65.0,1,81.0,46.29
S8x4x4-LD21-H0.3-F0.6-A4-s42,high,twostage,13,989,24.26,65.0,1,81.0,46.29
S8x4x4-LD21-H0.3-F0.6-A4-s42,high,twostage,13,990,24.284,65.0,1,81.0,46.29
S8x4x4-LD21-H0.3-F0.6-A4-s42,high,twostage,13,991,24.308,65.0,1,81.0,46.29
S8x4x4-LD21-H0.3-F0.6-A4-s42,high,twostage,13,992,24.333,65.0,1,81.0,46.29
S8x4x4-LD21-H0.3-F0.6-A4-s42,high,twostage,13,993,24.36,65.0,1,81.0,46.29
S8x4x4-LD21-H0.3-F0.6-A4-s42,high,twostage,13,994,24.383,65.0,1,81.0,46.29
S8x4x4-LD21-H0.3-F0.6-A4-s42,high,twostage,13,995,24.408,65.0,1,81.0,46.29
S8x4x4-LD21-H0.3-F0.6-A4-s42,high,twostage,13,996,24.432,65.0,1,81.0,46.29
S8x4x4-LD21-H0.3-F0.6-A4-s42,high,twostage,13,997,24.456,65.0,1,81.0,46.29
S8x4x4-LD21-H0.3-F0.6-A4-s42,high,twostage,13,998,24.483,65.0,1,81.0,46.29
S8x4x4-LD21-H0.3-F0.6-A4-s42,high,twostage,13,999,24.508,65.0,1,81.0,46.29
S8x4x4-LD21-H0.3-F0.6-A4-s42,high,twostage,13,1000,24.532,65.0,1,81.0,46.29
S8x4x4-LD21-H0.3-F0.6-A4-s42,high,twostage,13,1001,24.556,65.0,1,81.0,46.29
S8x4x4-LD21-H0.3-F0.6-A4-s42,high,twostage,13,1002,24.584,65.0,1,81.0,46.29
S8x4x4-LD21-H0.3-F0.6-A4-s42,high,twostage,13,1003,24.609,65.0,1,81.0,46.29
S8x4x4-LD21-H0.3-F0.6-A4-s42,high,twostage,13,1004,24.633,65.0,1,81.0,46.29
S8x4x4-LD21-H0.3-F0.6-A4-s42,high,twostage,13,1005,24.657,65.0,1,81.0,46.29
S8x4x4-LD21-H0.3-F0.6-A4-s42,high,twostage,13,1006,24.681,65.0,1,81.0,46.29
S8x4x4-LD21-H0.3-F0.6-A4-s42,high,twostage,13,1007,24.708,65.0,1,81.0,46.29
S8x4x4-LD21-H0.3-F0.6-A4-s42,high,twostage,13,1008,24.733,65.0,1,81.0,46.29
S8x4x4-LD21-H0.3-F0.6-A4-s42,high,twostage,13,1009,24.758,65.0,1,81.0,46.29
S8x4x4-LD21-H0.3-F0.6-A4-s42,high,twostage,13,1010,24.782,65.0,1,81.0,46.29
S8x4x4-LD21-H0.3-F0.6-A4-s42,high,twostage,13,1011,24.805,65.0,1,81.0,46.29
S8x4x4-LD21-H0.3-F0.6-A4-s42,high,twostage,13,1012,24.832,65.0,1,81.0,46.29
S8x4x4-LD21-H0.3-F0.6-A4-s42,high,twostage,13,1013,24.856,65.0,1,81.0,46.29
S8x4x4-LD21-H0.3-F0.6-A4-s42,high,twostage,13,1014,24.88,65.0,1,81.0,46.29
S8x4x4-LD21-H0.3-F0.6-A4-s42,high,twostage,13,1015,24.904,65.0,1,81.0,46.29
S8x4x4-LD21-H0.3-F0.6-A4-s42,high,twostage,13,1016,24.931,65.0,1,81.0,46.29
S8x4x4-LD21-H0.3-F0.6-A4-s42,high,twostage,13,1017,24.955,65.0,1,81.0,46.29
S8x4x4-LD21-H0.3-F0.6-A4-s42,high,twostage,13,1018,24.98,65.0,1,81.0,46.29
S8x4x4-LD21-H0.3-F0.6-A4-s42,high,twostage,13,1019,25.004,65.0,1,81.0,46.29
S8x4x4-LD21-H0.3-F0.6-A4-s42,high,twostage,13,1020,25.029,65.0,1,81.0,46.29
S8x4x4-LD21-H0.3-F0.6-A4-s42,high,twostage,13,1021,25.055,65.0,1,81.0,46.29
S8x4x4-LD21-H0.3-F0.6-A4-s42,high,twostage,13,1022,25.079,65.0,1,81.0,46.29
S8x4x4-LD21-H0.3-F0.6-A4-s42,high,twostage,13,1023,25.103,65.0,1,81.0,46.29
S8x4x4-LD21-H0.3-F0.6-A4-s42,high,twostage,13,1024,25.128,65.0,1,81.0,46.29
S8x4x4-LD21-H0.3-F0.6-A4-s42,high,twostage,13,1025,25.154,65.0,1,81.0,46.29
S8x4x4-LD21-H0.3-F0.6-A4-s42,high,twostage,13,1026,25.178,65.0,1,81.0,46.29
S8x4x4-LD21-H0.3-F0.6-A4-s42,high,twostage,13,1027,25.202,65.0,1,81.0,46.29
S8x4x4-LD21-H0.3-F0.6-A4-s42,high,twostage,13,1028,25.226,65.0,1,81.0,46.29
S8x4x4-LD21-H0.3-F0.6-A4-s42,high,twostage,13,1029,25.25,65.0,1,81.0,46.29
S8x4x4-LD21-H0.3-F0.6-A4-s42,high,twostage,13,1030,25.278,65.0,1,81.0,46.29
S8x4x4-LD21-H0.3-F0.6-A4-s42,high,twostage,13,1031,25.301,65.0,1,81.0,46.29
S8x4x4-LD21-H0.3-F0.6-A4-s42,high,twostage,13,1032,25.325,65.0,1,81.0,46.29
S8x4x4-LD21-H0.3-F0.6-A4-s42,high,twostage,13,1033,25.349,65.0,1,81.0,46.29
S8x4x4-LD21-H0.3-F0.6-A4-s42,high,twostage,13,1034,25.376,65.0,1,81.0,46.29
S8x4x4-LD21-H0.3-F0.6-A4-s42,high,twostage,13,1035,25.4,65.0,1,81.0,46.29
S8x4x4-LD21-H0.3-F0.6-A4-s42,high,twostage,13,1036,25.424,65.0,1,81.0,46.29
S8x4x4-LD21-H0.3-F0.6-A4-s42,high,twostage,13,1037,25.448,65.0,1,81.0,46.29
S8x4x4-LD21-H0.3-F0.6-A4-s42,high,twostage,13,1038,25.472,65.0,1,81.0,46.29
S8x4x4-LD21-H0.3-F0.6-A4-s42,high,twostage,13,1039,25.499,65.0,1,81.0,46.29
S8x4x4-LD21-H0.3-F0.6-A4-s42,high,twostage,13,1040,25.524,65.0,1,81.0,46.29
S8x4x4-LD21-H0.3-F0.6-A4-s42,high,twostage,13,1041,25.549,65.0,1,81.0,46.29
S8x4x4-LD21-H0.3-F0.6-A4-s42,high,twostage,13,1042,25.573,65.0,1,81.0,46.29
S8x4x4-LD21-H0.3-F0.6-A4-s42,high,twostage,13,1043,25.601,65.0,1,81.0,46.29
S8x4x4-LD21-H0.3-F0.6-A4-s42,high,twostage,13,1044,25.623,65.0,1,81.0,46.29
S8x4x4-LD21-H0.3-F0.6-A4-s42,high,twostage,13,1045,25.648,65.0,1,81.0,46.29
S8x4x4-LD21-H0.3-F0.6-A4-s42,high,twostage,13,1046,25.671,65.0,1,81.0,46.29
S8x4x4-LD21-H0.3-F0.6-A4-s42,high,twostage,13,1047,25.695,65.0,1,81.0,46.29
S8x4x4-LD21-H0.3-F0.6-A4-s42,high,twostage,13,1048,25.723,65.0,1,81.0,46.29
S8x4x4-LD21-H0.3-F0.6-A4-s42,high,twostage,13,1049,25.748,65.0,1,81.0,46.29
S8x4x4-LD21-H0.3-F0.6-A4-s42,high,twostage,13,1050,25.771,65.0,1,81.0,46.29
S8x4x4-LD21-H0.3-F0.6-A4-s42,high,twostage,13,1051,25.795,65.0,1,81.0,46.29
S8x4x4-LD21-H0.3-F0.6-A4-s42,high,twostage,13,1052,25.824,65.0,1,81.0,46.29
S8x4x4-LD21-H0.3-F0.6-A4-s42,high,twostage,13,1053,25.848,65.0,1,81.0,46.29
S8x4x4-LD21-H0.3-F0.6-A4-s42,high,twostage,13,1054,25.871,65.0,1,81.0,46.29
S8x4x4-LD21-H0.3-F0.6-A4-s42,high,twostage,13,1055,25.897,65.0,1,81.0,46.29
S8x4x4-LD21-H0.3-F0.6-A4-s42,high,twostage,13,1056,25.921,65.0,1,81.0,46.29
S8x4x4-LD21-H0.3-F0.6-A4-s42,high,twostage,13,1057,25.948,65.0,1,81.0,46.29
S8x4x4-LD21-H0.3-F0.6-A4-s42,high,twostage,13,1058,25.973,65.0,1,81.0,46.29
S8x4x4-LD21-H0.3-F0.6-A4-s42,high,twostage,13,1059,25.997,65.0,1,81.0,46.29
S8x4x4-LD21-H0.3-F0.6-A4-s42,high,twostage,13,1060,26.022,65.0,1,81.0,46.29
S8x4x4-LD21-H0.3-F0.6-A4-s42,high,twostage,13,1061,26.047,65.0,1,81.0,46.29
S8x4x4-LD21-H0.3-F0.6-A4-s42,high,twostage,13,1062,26.073,65.0,1,81.0,46.29
S8x4x4-LD21-H0.3-F0.6-A4-s42,high,twostage,13,1063,26.097,65.0,1,81.0,46.29
S8x4x4-LD21-H0.3-F0.6-A4-s42,high,twostage,13,1064,26.122,65.0,1,81.0,46.29
S8x4x4-LD21-H0.3-F0.6-A4-s42,high,twostage,13,1065,26.147,65.0,1,81.0,46.29
S8x4x4-LD21-H0.3-F0.6-A4-s42,high,twostage,13,1066,26.174,65.0,1,81.0,46.29
S8x4x4-LD21-H0.3-F0.6-A4-s42,high,twostage,13,1067,26.198,65.0,1,81.0,46.29
S8x4x4-LD21-H0.3-F0.6-A4-s42,high,twostage,13,1068,26.223,65.0,1,81.0,46.29
S8x4x4-LD21-H0.3-F0.6-A4-s42,high,twostage,13,1069,26.247,65.0,1,81.0,46.29
S8x4x4-LD21-H0.3-F0.6-A4-s42,high,twostage,13,1070,26.271,65.0,1,81.0,46.29
S8x4x4-LD21-H0.3-F0.6-A4-s42,high,twostage,13,1071,26.299,65.0,1,81.0,46.29
S8x4x4-LD21-H0.3-F0.6-A4-s42,high,twostage,13,1072,26.324,65.0,1,81.0,46.29
S8x4x4-LD21-H0.3-F0.6-A4-s42,high,twostage,13,1073,26.348,65.0,1,81.0,46.29
S8x4x4-LD21-H0.3-F0.6-A4-s42,high,twostage,13,1074,26.374,65.0,1,81.0,46.29
S8x4x4-LD21-H0.3-F0.6-A4-s42,high,twostage,13,1075,26.401,65.0,1,81.0,46.29
S8x4x4-LD21-H0.3-F0.6-A4-s42,high,twostage,13,1076,26.425,65.0,1,81.0,46.29
S8x4x4-LD21-H0.3-F0.6-A4-s42,high,twostage,13,1077,26.449,65.0,1,81.0,46.29
S8x4x4-LD21-H0.3-F0.6-A4-s42,high,twostage,13,1078,26.474,65.0,1,81.0,46.29
S8x4x4-LD21-H0.3-F0.6-A4-s42,high,twostage,13,1079,26.499,65.0,1,81.0,46.29
S8x4x4-LD21-H0.3-F0.6-A4-s42,high,twostage,13,1080,26.525,65.0,1,81.0,46.29
S8x4x4-LD21-H0.3-F0.6-A4-s42,high,twostage,13,1081,26.55,65.0,1,81.0,46.29
S8x4x4-LD21-H0.3-F0.6-A4-s42,high,twostage,13,1082,26.574,65.0,1,81.0,46.29
S8x4x4-LD21-H0.3-F0.6-A4-s42,high,twostage,13,1083,26.598,65.0,1,81.0,46.29
S8x4x4-LD21-H0.3-F0.6-A4-s42,high,twostage,13,1084,26.626,65.0,1,81.0,46.29
S8x4x4-LD21-H0.3-F0.6-A4-s42,high,twostage,13,1085,26.65,65.0,1,81.0,46.29
S8x4x4-LD21-H0.3-F0.6-A4-s42,high,twostage,13,1086,26.673,65.0,1,81.0,46.29
S8x4x4-LD21-H0.3-F0.6-A4-s42,high,twostage,13,1087,26.698,65.0,1,81.0,46.29
S8x4x4-LD21-H0.3-F0.6-A4-s42,high,twostage,13,1088,26.723,65.0,1,81.0,46.29
S8x4x4-LD21-H0.3-F0.6-A4-s42,high,twostage,13,1089,26.75,65.0,1,81.0,46.29
S8x4x4-LD21-H0.3-F0.6-A4-s42,high,twostage,13,1090,26.774,65.0,1,81.0,46.29
S8x4x4-LD21-H0.3-F0.6-A4-s42,high,twostage,13,1091,26.799,65.0,1,81.0,46.29
S8x4x4-LD21-H0.3-F0.6-A4-s42,high,twostage,13,1092,26.823,65.0,1,81.0,46.29
S8x4x4-LD21-H0.3-F0.6-A4-s42,high,twostage,13,1093,26.85,65.0,1,81.0,46.29
S8x4x4-LD21-H0.3-F0.6-A4-s42,high,twostage,13,1094,26.874,65.0,1,81.0,46.29
S8x4x4-LD21-H0.3-F0.6-A4-s42,high,twostage,13,1095,26.898,65.0,1,81.0,46.29
S8x4x4-LD21-H0.3-F0.6-A4-s42,high,twostage,13,1096,26.923,65.0,1,81.0,46.29
S8x4x4-LD21-H0.3-F0.6-A4-s42,high,twostage,13,1097,26.946,65.0,1,81.0,46.29
S8x4x4-LD21-H0.3-F0.6-A4-s42,high,twostage,13,1098,26.973,65.0,1,81.0,46.29
S8x4x4-LD21-H0.3-F0.6-A4-s42,high,twostage,13,1099,26.998,65.0,1,81.0,46.29
S8x4x4-LD21-H0.3-F0.6-A4-s42,high,twostage,13,1100,27.022,65.0,1,81.0,46.29
S8x4x4-LD21-H0.3-F0.6-A4-s42,high,twostage,13,1101,27.046,65.0,1,81.0,46.29
S8x4x4-LD21-H0.3-F0.6-A4-s42,high,twostage,13,1102,27.073,65.0,1,81.0,46.29
S8x4x4-LD21-H0.3-F0.6-A4-s42,high,twostage,13,1103,27.097,65.0,1,81.0,46.29
S8x4x4-LD21-H0.3-F0.6-A4-s42,high,twostage,13,1104,27.122,65.0,1,81.0,46.29
S8x4x4-LD21-H0.3-F0.6-A4-s42,high,twostage,13,1105,27.145,65.0,1,81.0,46.29
S8x4x4-LD21-H0.3-F0.6-A4-s42,high,twostage,13,1106,27.17,65.0,1,81.0,46.29
S8x4x4-LD21-H0.3-F0.6-A4-s42,high,twostage,13,1107,27.197,65.0,1,81.0,46.29
S8x4x4-LD21-H0.3-F0.6-A4-s42,high,twostage,13,1108,27.221,65.0,1,81.0,46.29
S8x4x4-LD21-H0.3-F0.6-A4-s42,high,twostage,13,1109,27.246,65.0,1,81.0,46.29
S8x4x4-LD21-H0.3-F0.6-A4-s42,high,twostage,13,1110,27.27,65.0,1,81.0,46.29
S8x4x4-LD21-H0.3-F0.6-A4-s42,high,twostage,13,1111,27.294,65.0,1,81.0,46.29
S8x4x4-LD21-H0.3-F0.6-A4-s42,high,twostage,13,1112,27.32,65.0,1,81.0,46.29
S8x4x4-LD21-H0.3-F0.6-A4-s42,high,twostage,13,1113,27.345,65.0,1,81.0,46.29
S8x4x4-LD21-H0.3-F0.6-A4-s42,high,twostage,13,1114,27.369,65.0,1,81.0,46.29
S8x4x4-LD21-H0.3-F0.6-A4-s42,high,twostage,13,1115,27.393,65.0,1,81.0,46.29
S8x4x4-LD21-H0.3-F0.6-A4-s42,high,twostage,13,1116,27.42,65.0,1,81.0,46.29
S8x4x4-LD21-H0.3-F0.6-A4-s42,high,twostage,13,1117,27.444,65.0,1,81.0,46.29
S8x4x4-LD21-H0.3-F0.6-A4-s42,high,twostage,13,1118,27.47,65.0,1,81.0,46.29
S8x4x4-LD21-H0.3-F0.6-A4-s42,high,twostage,13,1119,27.495,65.0,1,81.0,46.29
S8x4x4-LD21-H0.3-F0.6-A4-s42,high,twostage,13,1120,27.519,65.0,1,81.0,46.29
S8x4x4-LD21-H0.3-F0.6-A4-s42,high,twostage,13,1121,27.546,65.0,1,81.0,46.29
S8x4x4-LD21-H0.3-F0.6-A4-s42,high,twostage,13,1122,27.57,65.0,1,81.0,46.29
S8x4x4-LD21-H0.3-F0.6-A4-s42,high,twostage,13,1123,27.594,65.0,1,81.0,46.29
S8x4x4-LD21-H0.3-F0.6-A4-s42,high,twostage,13,1124,27.618,65.0,1,81.0,46.29
S8x4x4-LD21-H0.3-F0.6-A4-s42,high,twostage,13,1125,27.647,65.0,1,81.0,46.29
S8x4x4-LD21-H0.3-F0.6-A4-s42,high,twostage,13,1126,27.672,65.0,1,81.0,46.29
S8x4x4-LD21-H0.3-F0.6-A4-s42,high,twostage,13,1127,27.696,65.0,1,81.0,46.29
S8x4x4-LD21-H0.3-F0.6-A4-s42,high,twostage,13,1128,27.721,65.0,1,81.0,46.29
S8x4x4-LD21-H0.3-F0.6-A4-s42,high,twostage,13,1129,27.746,65.0,1,81.0,46.29
S8x4x4-LD21-H0.3-F0.6-A4-s42,high,twostage,13,1130,27.773,65.0,1,81.0,46.29
S8x4x4-LD21-H0.3-F0.6-A4-s42,high,twostage,13,1131,27.797,65.0,1,81.0,46.29
S8x4x4-LD21-H0.3-F0.6-A4-s42,high,twostage,13,1132,27.821,65.0,1,81.0,46.29
S8x4x4-LD21-H0.3-F0.6-A4-s42,high,twostage,13,1133,27.845,65.0,1,81.0,46.29
S8x4x4-LD21-H0.3-F0.6-A4-s42,high,twostage,13,1134,27.873,65.0,1,81.0,46.29
S8x4x4-LD21-H0.3-F0.6-A4-s42,high,twostage,13,1135,27.899,65.0,1,81.0,46.29
S8x4x4-LD21-H0.3-F0.6-A4-s42,high,twostage,13,1136,27.923,65.0,1,81.0,46.29
S8x4x4-LD21-H0.3-F0.6-A4-s42,high,twostage,13,1137,27.947,65.0,1,81.0,46.29
S8x4x4-LD21-H0.3-F0.6-A4-s42,high,twostage,13,1138,27.971,65.0,1,81.0,46.29
S8x4x4-LD21-H0.3-F0.6-A4-s42,high,twostage,13,1139,27.999,65.0,1,81.0,46.29
S8x4x4-LD21-H0.3-F0.6-A4-s42,high,twostage,13,1140,28.024,65.0,1,81.0,46.29
S8x4x4-LD21-H0.3-F0.6-A4-s42,high,twostage,13,1141,28.049,65.0,1,81.0,46.29
S8x4x4-LD21-H0.3-F0.6-A4-s42,high,twostage,13,1142,28.073,65.0,1,81.0,46.29
S8x4x4-LD21-H0.3-F0.6-A4-s42,high,twostage,13,1143,28.101,65.0,1,81.0,46.29
S8x4x4-LD21-H0.3-F0.6-A4-s42,high,twostage,13,1144,28.126,65.0,1,81.0,46.29
S8x4x4-LD21-H0.3-F0.6-A4-s42,high,twostage,13,1145,28.15,65.0,1,81.0,46.29
S8x4x4-LD21-H0.3-F0.6-A4-s42,high,twostage,13,1146,28.175,65.0,1,81.0,46.29
S8x4x4-LD21-H0.3-F0.6-A4-s42,high,twostage,13,1147,28.2,65.0,1,81.0,46.29
S8x4x4-LD21-H0.3-F0.6-A4-s42,high,twostage,13,1148,28.227,65.0,1,81.0,46.29
S8x4x4-LD21-H0.3-F0.6-A4-s42,high,twostage,13,1149,28.251,65.0,1,81.0,46.29
S8x4x4-LD21-H0.3-F0.6-A4-s42,high,twostage,13,1150,28.275,65.0,1,81.0,46.29
S8x4x4-LD21-H0.3-F0.6-A4-s42,high,twostage,13,1151,28.299,65.0,1,81.0,46.29
S8x4x4-LD21-H0.3-F0.6-A4-s42,high,twostage,13,1152,28.327,65.0,1,81.0,46.29
S8x4x4-LD21-H0.3-F0.6-A4-s42,high,twostage,13,1153,28.351,65.0,1,81.0,46.29
S8x4x4-LD21-H0.3-F0.6-A4-s42,high,twostage,13,1154,28.376,65.0,1,81.0,46.29
S8x4x4-LD21-H0.3-F0.6-A4-s42,high,twostage,13,1155,28.399,65.0,1,81.0,46.29
S8x4x4-LD21-H0.3-F0.6-A4-s42,high,twostage,13,1156,28.425,65.0,1,81.0,46.29
S8x4x4-LD21-H0.3-F0.6-A4-s42,high,twostage,13,1157,28.453,65.0,1,81.0,46.29
S8x4x4-LD21-H0.3-F0.6-A4-s42,high,twostage,13,1158,28.476,65.0,1,81.0,46.29
S8x4x4-LD21-H0.3-F0.6-A4-s42,high,twostage,13,1159,28.501,65.0,1,81.0,46.29
S8x4x4-LD21-H0.3-F0.6-A4-s42,high,twostage,13,1160,28.526,65.0,1,81.0,46.29
S8x4x4-LD21-H0.3-F0.6-A4-s42,high,twostage,13,1161,28.55,65.0,1,81.0,46.29
S8x4x4-LD21-H0.3-F0.6-A4-s42,high,twostage,13,1162,28.577,65.0,1,81.0,46.29
S8x4x4-LD21-H0.3-F0.6-A4-s42,high,twostage,13,1163,28.602,65.0,1,81.0,46.29
S8x4x4-LD21-H0.3-F0.6-A4-s42,high,twostage,13,1164,28.627,65.0,1,81.0,46.29
S8x4x4-LD21-H0.3-F0.6-A4-s42,high,twostage,13,1165,28.651,65.0,1,81.0,46.29
S8x4x4-LD21-H0.3-F0.6-A4-s42,high,twostage,13,1166,28.678,65.0,1,81.0,46.29
S8x4x4-LD21-H0.3-F0.6-A4-s42,high,twostage,13,1167,28.703,65.0,1,81.0,46.29
S8x4x4-LD21-H0.3-F0.6-A4-s42,high,twostage,13,1168,28.729,65.0,1,81.0,46.29
S8x4x4-LD21-H0.3-F0.6-A4-s42,high,twostage,13,1169,28.753,65.0,1,81.0,46.29
S8x4x4-LD21-H0.3-F0.6-A4-s42,high,twostage,13,1170,28.778,65.0,1,81.0,46.29
S8x4x4-LD21-H0.3-F0.6-A4-s42,high,twostage,13,1171,28.804,65.0,1,81.0,46.29
S8x4x4-LD21-H0.3-F0.6-A4-s42,high,twostage,13,1172,28.829,65.0,1,81.0,46.29
S8x4x4-LD21-H0.3-F0.6-A4-s42,high,twostage,13,1173,28.854,65.0,1,81.0,46.29
S8x4x4-LD21-H0.3-F0.6-A4-s42,high,twostage,13,1174,28.878,65.0,1,81.0,46.29
S8x4x4-LD21-H0.3-F0.6-A4-s42,high,twostage,13,1175,28.909,65.0,1,81.0,46.29
S8x4x4-LD21-H0.3-F0.6-A4-s42,high,twostage,13,1176,28.934,65.0,1,81.0,46.29
S8x4x4-LD21-H0.3-F0.6-A4-s42,high,twostage,13,1177,28.96,65.0,1,81.0,46.29
S8x4x4-LD21-H0.3-F0.6-A4-s42,high,twostage,13,1178,28.984,65.0,1,81.0,46.29
S8x4x4-LD21-H0.3-F0.6-A4-s42,high,twostage,13,1179,29.01,65.0,1,81.0,46.29
S8x4x4-LD21-H0.3-F0.6-A4-s42,high,twostage,13,1180,29.036,65.0,1,81.0,46.29
S8x4x4-LD21-H0.3-F0.6-A4-s42,high,twostage,13,1181,29.06,65.0,1,81.0,46.29
S8x4x4-LD21-H0.3-F0.6-A4-s42,high,twostage,13,1182,29.085,65.0,1,81.0,46.29
S8x4x4-LD21-H0.3-F0.6-A4-s42,high,twostage,13,1183,29.11,65.0,1,81.0,46.29
S8x4x4-LD21-H0.3-F0.6-A4-s42,high,twostage,13,1184,29.137,65.0,1,81.0,46.29
S8x4x4-LD21-H0.3-F0.6-A4-s42,high,twostage,13,1185,29.162,65.0,1,81.0,46.29
S8x4x4-LD21-H0.3-F0.6-A4-s42,high,twostage,13,1186,29.186,65.0,1,81.0,46.29
S8x4x4-LD21-H0.3-F0.6-A4-s42,high,twostage,13,1187,29.21,65.0,1,81.0,46.29
S8x4x4-LD21-H0.3-F0.6-A4-s42,high,twostage,13,1188,29.236,65.0,1,81.0,46.29
S8x4x4-LD21-H0.3-F0.6-A4-s42,high,twostage,13,1189,29.262,65.0,1,81.0,46.29
S8x4x4-LD21-H0.3-F0.6-A4-s42,high,twostage,13,1190,29.286,65.0,1,81.0,46.29
S8x4x4-LD21-H0.3-F0.6-A4-s42,high,twostage,13,1191,29.31,65.0,1,81.0,46.29
S8x4x4-LD21-H0.3-F0.6-A4-s42,high,twostage,13,1192,29.334,65.0,1,81.0,46.29
S8x4x4-LD21-H0.3-F0.6-A4-s42,high,twostage,13,1193,29.361,65.0,1,81.0,46.29
S8x4x4-LD21-H0.3-F0.6-A4-s42,high,twostage,13,1194,29.386,65.0,1,81.0,46.29
S8x4x4-LD21-H0.3-F0.6-A4-s42,high,twostage,13,1195,29.411,65.0,1,81.0,46.29
S8x4x4-LD21-H0.3-F0.6-A4-s42,high,twostage,13,1196,29.435,65.0,1,81.0,46.29
S8x4x4-LD21-H0.3-F0.6-A4-s42,high,twostage,13,1197,29.459,65.0,1,81.0,46.29
S8x4x4-LD21-H0.3-F0.6-A4-s42,high,twostage,13,1198,29.486,65.0,1,81.0,46.29
S8x4x4-LD21-H0.3-F0.6-A4-s42,high,twostage,13,1199,29.511,65.0,1,81.0,46.29
S8x4x4-LD21-H0.3-F0.6-A4-s42,high,twostage,13,1200,29.535,65.0,1,81.0,46.29
S8x4x4-LD21-H0.3-F0.6-A4-s42,high,twostage,13,1201,29.56,65.0,1,81.0,46.29
S8x4x4-LD21-H0.3-F0.6-A4-s42,high,twostage,13,1202,29.588,65.0,1,81.0,46.29
S8x4x4-LD21-H0.3-F0.6-A4-s42,high,twostage,13,1203,29.613,65.0,1,81.0,46.29
S8x4x4-LD21-H0.3-F0.6-A4-s42,high,twostage,13,1204,29.638,65.0,1,81.0,46.29
S8x4x4-LD21-H0.3-F0.6-A4-s42,high,twostage,13,1205,29.664,65.0,1,81.0,46.29
S8x4x4-LD21-H0.3-F0.6-A4-s42,high,twostage,13,1206,29.688,65.0,1,81.0,46.29
S8x4x4-LD21-H0.3-F0.6-A4-s42,high,twostage,13,1207,29.717,65.0,1,81.0,46.29
S8x4x4-LD21-H0.3-F0.6-A4-s42,high,twostage,13,1208,29.742,65.0,1,81.0,46.29
S8x4x4-LD21-H0.3-F0.6-A4-s42,high,twostage,13,1209,29.767,65.0,1,81.0,46.29
S8x4x4-LD21-H0.3-F0.6-A4-s42,high,twostage,13,1210,29.791,65.0,1,81.0,46.29
S8x4x4-LD21-H0.3-F0.6-A4-s42,high,twostage,13,1211,29.815,65.0,1,81.0,46.29
S8x4x4-LD21-H0.3-F0.6-A4-s42,high,twostage,13,1212,29.842,65.0,1,81.0,46.29
S8x4x4-LD21-H0.3-F0.6-A4-s42,high,twostage,13,1213,29.866,65.0,1,81.0,46.29
S8x4x4-LD21-H0.3-F0.6-A4-s42,high,twostage,13,1214,29.89,65.0,1,81.0,46.29
S8x4x4-LD21-H0.3-F0.6-A4-s42,high,twostage,13,1215,29.915,65.0,1,81.0,46.29
S8x4x4-LD21-H0.3-F0.6-A4-s42,high,twostage,13,1216,29.942,65.0,1,81.0,46.29
S8x4x4-LD21-H0.3-F0.6-A4-s42,high,twostage,13,1217,29.967,65.0,1,81.0,46.29
S8x4x4-LD21-H0.3-F0.6-A4-s42,high,twostage,13,1218,29.991,65.0,1,81.0,46.29
S8x4x4-LD21-H0.3-F0.6-A4-s42,high,twostage,13,1219,30.015,65.0,1,81.0,46.29
S8x4x4-LD21-H0.3-F0.6-A4-s42,high,twostage,13,1220,30.04,65.0,1,81.0,46.29
S8x4x4-LD21-H0.3-F0.6-A4-s42,high,twostage,13,1221,30.067,65.0,1,81.0,46.29
S8x4x4-LD21-H0.3-F0.6-A4-s42,high,twostage,13,1222,30.091,65.0,1,81.0,46.29
S8x4x4-LD21-H0.3-F0.6-A4-s42,high,twostage,13,1223,30.115,65.0,1,81.0,46.29
S8x4x4-LD21-H0.3-F0.6-A4-s42,high,twostage,13,1224,30.14,65.0,1,81.0,46.29
S8x4x4-LD21-H0.3-F0.6-A4-s42,high,twostage,13,1225,30.167,65.0,1,81.0,46.29
S8x4x4-LD21-H0.3-F0.6-A4-s42,high,twostage,13,1226,30.191,65.0,1,81.0,46.29
S8x4x4-LD21-H0.3-F0.6-A4-s42,high,twostage,13,1227,30.216,65.0,1,81.0,46.29
S8x4x4-LD21-H0.3-F0.6-A4-s42,high,twostage,13,1228,30.241,65.0,1,81.0,46.29
S8x4x4-LD21-H0.3-F0.6-A4-s42,high,twostage,13,1229,30.265,65.0,1,81.0,46.29
S8x4x4-LD21-H0.3-F0.6-A4-s42,high,twostage,13,1230,30.293,65.0,1,81.0,46.29
S8x4x4-LD21-H0.3-F0.6-A4-s42,high,twostage,13,1231,30.318,65.0,1,81.0,46.29
S8x4x4-LD21-H0.3-F0.6-A4-s42,high,twostage,13,1232,30.344,65.0,1,81.0,46.29
S8x4x4-LD21-H0.3-F0.6-A4-s42,high,twostage,13,1233,30.368,65.0,1,81.0,46.29
S8x4x4-LD21-H0.3-F0.6-A4-s42,high,twostage,13,1234,30.395,65.0,1,81.0,46.29
S8x4x4-LD21-H0.3-F0.6-A4-s42,high,twostage,13,1235,30.419,65.0,1,81.0,46.29
S8x4x4-LD21-H0.3-F0.6-A4-s42,high,twostage,13,1236,30.444,65.0,1,81.0,46.29
S8x4x4-LD21-H0.3-F0.6-A4-s42,high,twostage,13,1237,30.468,65.0,1,81.0,46.29
S8x4x4-LD21-H0.3-F0.6-A4-s42,high,twostage,13,1238,30.493,65.0,1,81.0,46.29
S8x4x4-LD21-H0.3-F0.6-A4-s42,high,twostage,13,1239,30.52,65.0,1,81.0,46.29
S8x4x4-LD21-H0.3-F0.6-A4-s42,high,twostage,13,1240,30.546,65.0,1,81.0,46.29
S8x4x4-LD21-H0.3-F0.6-A4-s42,high,twostage,13,1241,30.571,65.0,1,81.0,46.29
S8x4x4-LD21-H0.3-F0.6-A4-s42,high,twostage,13,1242,30.596,65.0,1,81.0,46.29
S8x4x4-LD21-H0.3-F0.6-A4-s42,high,twostage,13,1243,30.622,65.0,1,81.0,46.29
S8x4x4-LD21-H0.3-F0.6-A4-s42,high,twostage,13,1244,30.648,65.0,1,81.0,46.29
S8x4x4-LD21-H0.3-F0.6-A4-s42,high,twostage,13,1245,30.672,65.0,1,81.0,46.29
S8x4x4-LD21-H0.3-F0.6-A4-s42,high,twostage,13,1246,30.697,65.0,1,81.0,46.29
S8x4x4-LD21-H0.3-F0.6-A4-s42,high,twostage,13,1247,30.722,65.0,1,81.0,46.29
S8x4x4-LD21-H0.3-F0.6-A4-s42,high,twostage,13,1248,30.75,65.0,1,81.0,46.29
S8x4x4-LD21-H0.3-F0.6-A4-s42,high,twostage,13,1249,30.774,65.0,1,81.0,46.29
S8x4x4-LD21-H0.3-F0.6-A4-s42,high,twostage,13,1250,30.799,65.0,1,81.0,46.29
S8x4x4-LD21-H0.3-F0.6-A4-s42,high,twostage,13,1251,30.822,65.0,1,81.0,46.29
S8x4x4-LD21-H0.3-F0.6-A4-s42,high,twostage,13,1252,30.85,65.0,1,81.0,46.29
S8x4x4-LD21-H0.3-F0.6-A4-s42,high,twostage,13,1253,30.875,65.0,1,81.0,46.29
S8x4x4-LD21-H0.3-F0.6-A4-s42,high,twostage,13,1254,30.9,65.0,1,81.0,46.29
S8x4x4-LD21-H0.3-F0.6-A4-s42,high,twostage,13,1255,30.924,65.0,1,81.0,46.29
S8x4x4-LD21-H0.3-F0.6-A4-s42,high,twostage,13,1256,30.949,65.0,1,81.0,46.29
S8x4x4-LD21-H0.3-F0.6-A4-s42,high,twostage,13,1257,30.978,65.0,1,81.0,46.29
S8x4x4-LD21-H0.3-F0.6-A4-s42,high,twostage,13,1258,31.001,65.0,1,81.0,46.29
S8x4x4-LD21-H0.3-F0.6-A4-s42,high,twostage,13,1259,31.026,65.0,1,81.0,46.29
S8x4x4-LD21-H0.3-F0.6-A4-s42,high,twostage,13,1260,31.05,65.0,1,81.0,46.29
S8x4x4-LD21-H0.3-F0.6-A4-s42,high,twostage,13,1261,31.074,65.0,1,81.0,46.29
S8x4x4-LD21-H0.3-F0.6-A4-s42,high,twostage,13,1262,31.101,65.0,1,81.0,46.29
S8x4x4-LD21-H0.3-F0.6-A4-s42,high,twostage,13,1263,31.126,65.0,1,81.0,46.29
S8x4x4-LD21-H0.3-F0.6-A4-s42,high,twostage,13,1264,31.151,65.0,1,81.0,46.29
S8x4x4-LD21-H0.3-F0.6-A4-s42,high,twostage,13,1265,31.175,65.0,1,81.0,46.29
S8x4x4-LD21-H0.3-F0.6-A4-s42,high,twostage,13,1266,31.203,65.0,1,81.0,46.29
S8x4x4-LD21-H0.3-F0.6-A4-s42,high,twostage,13,1267,31.227,65.0,1,81.0,46.29
S8x4x4-LD21-H0.3-F0.6-A4-s42,high,twostage,13,1268,31.251,65.0,1,81.0,46.29
S8x4x4-LD21-H0.3-F0.6-A4-s42,high,twostage,13,1269,31.275,65.0,1,81.0,46.29
S8x4x4-LD21-H0.3-F0.6-A4-s42,high,twostage,13,1270,31.299,65.0,1,81.0,46.29
S8x4x4-LD21-H0.3-F0.6-A4-s42,high,twostage,13,1271,31.327,65.0,1,81.0,46.29
S8x4x4-LD21-H0.3-F0.6-A4-s42,high,twostage,13,1272,31.352,65.0,1,81.0,46.29
S8x4x4-LD21-H0.3-F0.6-A4-s42,high,twostage,13,1273,31.376,65.0,1,81.0,46.29
S8x4x4-LD21-H0.3-F0.6-A4-s42,high,twostage,13,1274,31.401,65.0,1,81.0,46.29
S8x4x4-LD21-H0.3-F0.6-A4-s42,high,twostage,13,1275,31.428,65.0,1,81.0,46.29
S8x4x4-LD21-H0.3-F0.6-A4-s42,high,twostage,13,1276,31.452,65.0,1,81.0,46.29
S8x4x4-LD21-H0.3-F0.6-A4-s42,high,twostage,13,1277,31.476,65.0,1,81.0,46.29
S8x4x4-LD21-H0.3-F0.6-A4-s42,high,twostage,13,1278,31.501,65.0,1,81.0,46.29
S8x4x4-LD21-H0.3-F0.6-A4-s42,high,twostage,13,1279,31.525,65.0,1,81.0,46.29
S8x4x4-LD21-H0.3-F0.6-A4-s42,high,twostage,13,1280,31.553,65.0,1,81.0,46.29
S8x4x4-LD21-H0.3-F0.6-A4-s42,high,twostage,13,1281,31.577,65.0,1,81.0,46.29
S8x4x4-LD21-H0.3-F0.6-A4-s42,high,twostage,13,1282,31.602,65.0,1,81.0,46.29
S8x4x4-LD21-H0.3-F0.6-A4-s42,high,twostage,13,1283,31.627,65.0,1,81.0,46.29
S8x4x4-LD21-H0.3-F0.6-A4-s42,high,twostage,13,1284,31.654,65.0,1,81.0,46.29
S8x4x4-LD21-H0.3-F0.6-A4-s42,high,twostage,13,1285,31.678,65.0,1,81.0,46.29
S8x4x4-LD21-H0.3-F0.6-A4-s42,high,twostage,13,1286,31.703,65.0,1,81.0,46.29
S8x4x4-LD21-H0.3-F0.6-A4-s42,high,twostage,13,1287,31.729,65.0,1,81.0,46.29
S8x4x4-LD21-H0.3-F0.6-A4-s42,high,twostage,13,1288,31.755,65.0,1,81.0,46.29
S8x4x4-LD21-H0.3-F0.6-A4-s42,high,twostage,13,1289,31.782,65.0,1,81.0,46.29
S8x4x4-LD21-H0.3-F0.6-A4-s42,high,twostage,13,1290,31.805,65.0,1,81.0,46.29
S8x4x4-LD21-H0.3-F0.6-A4-s42,high,twostage,13,1291,31.83,65.0,1,81.0,46.29
S8x4x4-LD21-H0.3-F0.6-A4-s42,high,twostage,13,1292,31.855,65.0,1,81.0,46.29
S8x4x4-LD21-H0.3-F0.6-A4-s42,high,twostage,13,1293,31.883,65.0,1,81.0,46.29
S8x4x4-LD21-H0.3-F0.6-A4-s42,high,twostage,13,1294,31.908,65.0,1,81.0,46.29
S8x4x4-LD21-H0.3-F0.6-A4-s42,high,twostage,13,1295,31.933,65.0,1,81.0,46.29
S8x4x4-LD21-H0.3-F0.6-A4-s42,high,twostage,13,1296,31.957,65.0,1,81.0,46.29
S8x4x4-LD21-H0.3-F0.6-A4-s42,high,twostage,13,1297,31.982,65.0,1,81.0,46.29
S8x4x4-LD21-H0.3-F0.6-A4-s42,high,twostage,13,1298,32.009,65.0,1,81.0,46.29
S8x4x4-LD21-H0.3-F0.6-A4-s42,high,twostage,13,1299,32.035,65.0,1,81.0,46.29
S8x4x4-LD21-H0.3-F0.6-A4-s42,high,twostage,13,1300,32.06,65.0,1,81.0,46.29
S8x4x4-LD21-H0.3-F0.6-A4-s42,high,twostage,13,1301,32.084,65.0,1,81.0,46.29
S8x4x4-LD21-H0.3-F0.6-A4-s42,high,twostage,13,1302,32.111,65.0,1,81.0,46.29
S8x4x4-LD21-H0.3-F0.6-A4-s42,high,twostage,13,1303,32.136,65.0,1,81.0,46.29
S8x4x4-LD21-H0.3-F0.6-A4-s42,high,twostage,13,1304,32.161,65.0,1,81.0,46.29
S8x4x4-LD21-H0.3-F0.6-A4-s42,high,twostage,13,1305,32.186,65.0,1,81.0,46.29
S8x4x4-LD21-H0.3-F0.6-A4-s42,high,twostage,13,1306,32.211,65.0,1,81.0,46.29
S8x4x4-LD21-H0.3-F0.6-A4-s42,high,twostage,13,1307,32.238,65.0,1,81.0,46.29
S8x4x4-LD21-H0.3-F0.6-A4-s42,high,twostage,13,1308,32.262,65.0,1,81.0,46.29
S8x4x4-LD21-H0.3-F0.6-A4-s42,high,twostage,13,1309,32.288,65.0,1,81.0,46.29
S8x4x4-LD21-H0.3-F0.6-A4-s42,high,twostage,13,1310,32.312,65.0,1,81.0,46.29
S8x4x4-LD21-H0.3-F0.6-A4-s42,high,twostage,13,1311,32.336,65.0,1,81.0,46.29
S8x4x4-LD21-H0.3-F0.6-A4-s42,high,twostage,13,1312,32.363,65.0,1,81.0,46.29
S8x4x4-LD21-H0.3-F0.6-A4-s42,high,twostage,13,1313,32.388,65.0,1,81.0,46.29
S8x4x4-LD21-H0.3-F0.6-A4-s42,high,twostage,13,1314,32.412,65.0,1,81.0,46.29
S8x4x4-LD21-H0.3-F0.6-A4-s42,high,twostage,13,1315,32.436,65.0,1,81.0,46.29
S8x4x4-LD21-H0.3-F0.6-A4-s42,high,twostage,13,1316,32.463,65.0,1,81.0,46.29
S8x4x4-LD21-H0.3-F0.6-A4-s42,high,twostage,13,1317,32.488,65.0,1,81.0,46.29
S8x4x4-LD21-H0.3-F0.6-A4-s42,high,twostage,13,1318,32.513,65.0,1,81.0,46.29
S8x4x4-LD21-H0.3-F0.6-A4-s42,high,twostage,13,1319,32.537,65.0,1,81.0,46.29
S8x4x4-LD21-H0.3-F0.6-A4-s42,high,twostage,13,1320,32.562,65.0,1,81.0,46.29
S8x4x4-LD21-H0.3-F0.6-A4-s42,high,twostage,13,1321,32.589,65.0,1,81.0,46.29
S8x4x4-LD21-H0.3-F0.6-A4-s42,high,twostage,13,1322,32.614,65.0,1,81.0,46.29
S8x4x4-LD21-H0.3-F0.6-A4-s42,high,twostage,13,1323,32.639,65.0,1,81.0,46.29
S8x4x4-LD21-H0.3-F0.6-A4-s42,high,twostage,13,1324,32.664,65.0,1,81.0,46.29
S8x4x4-LD21-H0.3-F0.6-A4-s42,high,twostage,13,1325,32.691,65.0,1,81.0,46.29
S8x4x4-LD21-H0.3-F0.6-A4-s42,high,twostage,13,1326,32.716,65.0,1,81.0,46.29
S8x4x4-LD21-H0.3-F0.6-A4-s42,high,twostage,13,1327,32.742,65.0,1,81.0,46.29
S8x4x4-LD21-H0.3-F0.6-A4-s42,high,twostage,13,1328,32.767,65.0,1,81.0,46.29
S8x4x4-LD21-H0.3-F0.6-A4-s42,high,twostage,13,1329,32.791,65.0,1,81.0,46.29
S8x4x4-LD21-H0.3-F0.6-A4-s42,high,twostage,13,1330,32.819,65.0,1,81.0,46.29
S8x4x4-LD21-H0.3-F0.6-A4-s42,high,twostage,13,1331,32.843,65.0,1,81.0,46.29
S8x4x4-LD21-H0.3-F0.6-A4-s42,high,twostage,13,1332,32.869,65.0,1,81.0,46.29
S8x4x4-LD21-H0.3-F0.6-A4-s42,high,twostage,13,1333,32.895,65.0,1,81.0,46.29
S8x4x4-LD21-H0.3-F0.6-A4-s42,high,twostage,13,1334,32.924,65.0,1,81.0,46.29
S8x4x4-LD21-H0.3-F0.6-A4-s42,high,twostage,13,1335,32.949,65.0,1,81.0,46.29
S8x4x4-LD21-H0.3-F0.6-A4-s42,high,twostage,13,1336,32.974,65.0,1,81.0,46.29
S8x4x4-LD21-H0.3-F0.6-A4-s42,high,twostage,13,1337,32.999,65.0,1,81.0,46.29
S8x4x4-LD21-H0.3-F0.6-A4-s42,high,twostage,13,1338,33.024,65.0,1,81.0,46.29
S8x4x4-LD21-H0.3-F0.6-A4-s42,high,twostage,13,1339,33.051,65.0,1,81.0,46.29
S8x4x4-LD21-H0.3-F0.6-A4-s42,high,twostage,13,1340,33.076,65.0,1,81.0,46.29
S8x4x4-LD21-H0.3-F0.6-A4-s42,high,twostage,13,1341,33.1,65.0,1,81.0,46.29
S8x4x4-LD21-H0.3-F0.6-A4-s42,high,twostage,13,1342,33.124,65.0,1,81.0,46.29
S8x4x4-LD21-H0.3-F0.6-A4-s42,high,twostage,13,1343,33.152,65.0,1,81.0,46.29
S8x4x4-LD21-H0.3-F0.6-A4-s42,high,twostage,13,1344,33.178,65.0,1,81.0,46.29
S8x4x4-LD21-H0.3-F0.6-A4-s42,high,twostage,13,1345,33.202,65.0,1,81.0,46.29
S8x4x4-LD21-H0.3-F0.6-A4-s42,high,twostage,13,1346,33.226,65.0,1,81.0,46.29
S8x4x4-LD21-H0.3-F0.6-A4-s42,high,twostage,13,1347,33.251,65.0,1,81.0,46.29
S8x4x4-LD21-H0.3-F0.6-A4-s42,high,twostage,13,1348,33.278,65.0,1,81.0,46.29
S8x4x4-LD21-H0.3-F0.6-A4-s42,high,twostage,13,1349,33.302,65.0,1,81.0,46.29
S8x4x4-LD21-H0.3-F0.6-A4-s42,high,twostage,13,1350,33.326,65.0,1,81.0,46.29
S8x4x4-LD21-H0.3-F0.6-A4-s42,high,twostage,13,1351,33.35,65.0,1,81.0,46.29
S8x4x4-LD21-H0.3-F0.6-A4-s42,high,twostage,13,1352,33.378,65.0,1,81.0,46.29
S8x4x4-LD21-H0.3-F0.6-A4-s42,high,twostage,13,1353,33.403,65.0,1,81.0,46.29
S8x4x4-LD21-H0.3-F0.6-A4-s42,high,twostage,13,1354,33.428,65.0,1,81.0,46.29
S8x4x4-LD21-H0.3-F0.6-A4-s42,high,twostage,13,1355,33.452,65.0,1,81.0,46.29
S8x4x4-LD21-H0.3-F0.6-A4-s42,high,twostage,13,1356,33.478,65.0,1,81.0,46.29
S8x4x4-LD21-H0.3-F0.6-A4-s42,high,twostage,13,1357,33.505,65.0,1,81.0,46.29
S8x4x4-LD21-H0.3-F0.6-A4-s42,high,twostage,13,1358,33.53,65.0,1,81.0,46.29
S8x4x4-LD21-H0.3-F0.6-A4-s42,high,twostage,13,1359,33.554,65.0,1,81.0,46.29
S8x4x4-LD21-H0.3-F0.6-A4-s42,high,twostage,13,1360,33.579,65.0,1,81.0,46.29
S8x4x4-LD21-H0.3-F0.6-A4-s42,high,twostage,13,1361,33.607,65.0,1,81.0,46.29
S8x4x4-LD21-H0.3-F0.6-A4-s42,high,twostage,13,1362,33.632,65.0,1,81.0,46.29
S8x4x4-LD21-H0.3-F0.6-A4-s42,high,twostage,13,1363,33.655,65.0,1,81.0,46.29
S8x4x4-LD21-H0.3-F0.6-A4-s42,high,twostage,13,1364,33.681,65.0,1,81.0,46.29
S8x4x4-LD21-H0.3-F0.6-A4-s42,high,twostage,13,1365,33.707,65.0,1,81.0,46.29
S8x4x4-LD21-H0.3-F0.6-A4-s42,high,twostage,13,1366,33.735,65.0,1,81.0,46.29
S8x4x4-LD21-H0.3-F0.6-A4-s42,high,twostage,13,1367,33.76,65.0,1,81.0,46.29
S8x4x4-LD21-H0.3-F0.6-A4-s42,high,twostage,13,1368,33.785,65.0,1,81.0,46.29
S8x4x4-LD21-H0.3-F0.6-A4-s42,high,twostage,13,1369,33.809,65.0,1,81.0,46.29
S8x4x4-LD21-H0.3-F0.6-A4-s42,high,twostage,13,1370,33.834,65.0,1,81.0,46.29
S8x4x4-LD21-H0.3-F0.6-A4-s42,high,twostage,13,1371,33.86,65.0,1,81.0,46.29
S8x4x4-LD21-H0.3-F0.6-A4-s42,high,twostage,13,1372,33.884,65.0,1,81.0,46.29
S8x4x4-LD21-H0.3-F0.6-A4-s42,high,twostage,13,1373,33.908,65.0,1,81.0,46.29
S8x4x4-LD21-H0.3-F0.6-A4-s42,high,twostage,13,1374,33.933,65.0,1,81.0,46.29
S8x4x4-LD21-H0.3-F0.6-A4-s42,high,twostage,13,1375,33.96,65.0,1,81.0,46.29
S8x4x4-LD21-H0.3-F0.6-A4-s42,high,twostage,13,1376,33.984,65.0,1,81.0,46.29
S8x4x4-LD21-H0.3-F0.6-A4-s42,high,twostage,13,1377,34.009,65.0,1,81.0,46.29
S8x4x4-LD21-H0.3-F0.6-A4-s42,high,twostage,13,1378,34.034,65.0,1,81.0,46.29
S8x4x4-LD21-H0.3-F0.6-A4-s42,high,twostage,13,1379,34.058,65.0,1,81.0,46.29
S8x4x4-LD21-H0.3-F0.6-A4-s42,high,twostage,13,1380,34.085,65.0,1,81.0,46.29
S8x4x4-LD21-H0.3-F0.6-A4-s42,high,twostage,13,1381,34.108,65.0,1,81.0,46.29
S8x4x4-LD21-H0.3-F0.6-A4-s42,high,twostage,13,1382,34.133,65.0,1,81.0,46.29
S8x4x4-LD21-H0.3-F0.6-A4-s42,high,twostage,13,1383,34.157,65.0,1,81.0,46.29
S8x4x4-LD21-H0.3-F0.6-A4-s42,high,twostage,13,1384,34.185,65.0,1,81.0,46.29
S8x4x4-LD21-H0.3-F0.6-A4-s42,high,twostage,13,1385,34.211,65.0,1,81.0,46.29
S8x4x4-LD21-H0.3-F0.6-A4-s42,high,twostage,13,1386,34.235,65.0,1,81.0,46.29
S8x4x4-LD21-H0.3-F0.6-A4-s42,high,twostage,13,1387,34.26,65.0,1,81.0,46.29
S8x4x4-LD21-H0.3-F0.6-A4-s42,high,twostage,13,1388,34.284,65.0,1,81.0,46.29
S8x4x4-LD21-H0.3-F0.6-A4-s42,high,twostage,13,1389,34.311,65.0,1,81.0,46.29
S8x4x4-LD21-H0.3-F0.6-A4-s42,high,twostage,13,1390,34.335,65.0,1,81.0,46.29
S8x4x4-LD21-H0.3-F0.6-A4-s42,high,twostage,13,1391,34.359,65.0,1,81.0,46.29
S8x4x4-LD21-H0.3-F0.6-A4-s42,high,twostage,13,1392,34.384,65.0,1,81.0,46.29
S8x4x4-LD21-H0.3-F0.6-A4-s42,high,twostage,13,1393,34.411,65.0,1,81.0,46.29
S8x4x4-LD21-H0.3-F0.6-A4-s42,high,twostage,13,1394,34.436,65.0,1,81.0,46.29
S8x4x4-LD21-H0.3-F0.6-A4-s42,high,twostage,13,1395,34.461,65.0,1,81.0,46.29
S8x4x4-LD21-H0.3-F0.6-A4-s42,high,twostage,13,1396,34.485,65.0,1,81.0,46.29
S8x4x4-LD21-H0.3-F0.6-A4-s42,high,twostage,13,1397,34.51,65.0,1,81.0,46.29
S8x4x4-LD21-H0.3-F0.6-A4-s42,high,twostage,13,1398,34.537,65.0,1,81.0,46.29
S8x4x4-LD21-H0.3-F0.6-A4-s42,high,twostage,13,1399,34.561,65.0,1,81.0,46.29
S8x4x4-LD21-H0.3-F0.6-A4-s42,high,twostage,13,1400,34.585,65.0,1,81.0,46.29
S8x4x4-LD21-H0.3-F0.6-A4-s42,high,twostage,13,1401,34.61,65.0,1,81.0,46.29
S8x4x4-LD21-H0.3-F0.6-A4-s42,high,twostage,13,1402,34.637,65.0,1,81.0,46.29
S8x4x4-LD21-H0.3-F0.6-A4-s42,high,twostage,13,1403,34.663,65.0,1,81.0,46.29
S8x4x4-LD21-H0.3-F0.6-A4-s42,high,twostage,13,1404,34.688,65.0,1,81.0,46.29
S8x4x4-LD21-H0.3-F0.6-A4-s42,high,twostage,13,1405,34.712,65.0,1,81.0,46.29
S8x4x4-LD21-H0.3-F0.6-A4-s42,high,twostage,13,1406,34.737,65.0,1,81.0,46.29
S8x4x4-LD21-H0.3-F0.6-A4-s42,high,twostage,13,1407,34.764,65.0,1,81.0,46.29
S8x4x4-LD21-H0.3-F0.6-A4-s42,high,twostage,13,1408,34.789,65.0,1,81.0,46.29
S8x4x4-LD21-H0.3-F0.6-A4-s42,high,twostage,13,1409,34.814,65.0,1,81.0,46.29
S8x4x4-LD21-H0.3-F0.6-A4-s42,high,twostage,13,1410,34.838,65.0,1,81.0,46.29
S8x4x4-LD21-H0.3-F0.6-A4-s42,high,twostage,13,1411,34.867,65.0,1,81.0,46.29
S8x4x4-LD21-H0.3-F0.6-A4-s42,high,twostage,13,1412,34.899,65.0,1,81.0,46.29
S8x4x4-LD21-H0.3-F0.6-A4-s42,high,twostage,13,1413,34.928,65.0,1,81.0,46.29
S8x4x4-LD21-H0.3-F0.6-A4-s42,high,twostage,13,1414,34.96,65.0,1,81.0,46.29
S8x4x4-LD21-H0.3-F0.6-A4-s42,high,twostage,13,1415,34.988,65.0,1,81.0,46.29
S8x4x4-LD21-H0.3-F0.6-A4-s42,high,twostage,13,1416,35.024,65.0,1,81.0,46.29
S8x4x4-LD21-H0.3-F0.6-A4-s42,high,twostage,13,1417,35.058,65.0,1,81.0,46.29
S8x4x4-LD21-H0.3-F0.6-A4-s42,high,twostage,13,1418,35.083,65.0,1,81.0,46.29
S8x4x4-LD21-H0.3-F0.6-A4-s42,high,twostage,13,1419,35.111,65.0,1,81.0,46.29
S8x4x4-LD21-H0.3-F0.6-A4-s42,high,twostage,13,1420,35.137,65.0,1,81.0,46.29
S8x4x4-LD21-H0.3-F0.6-A4-s42,high,twostage,13,1421,35.165,65.0,1,81.0,46.29
S8x4x4-LD21-H0.3-F0.6-A4-s42,high,twostage,13,1422,35.194,65.0,1,81.0,46.29
S8x4x4-LD21-H0.3-F0.6-A4-s42,high,twostage,13,1423,35.227,65.0,1,81.0,46.29
S8x4x4-LD21-H0.3-F0.6-A4-s42,high,twostage,13,1424,35.253,65.0,1,81.0,46.29
S8x4x4-LD21-H0.3-F0.6-A4-s42,high,twostage,13,1425,35.28,65.0,1,81.0,46.29
S8x4x4-LD21-H0.3-F0.6-A4-s42,high,twostage,13,1426,35.304,65.0,1,81.0,46.29
S8x4x4-LD21-H0.3-F0.6-A4-s42,high,twostage,13,1427,35.328,65.0,1,81.0,46.29
S8x4x4-LD21-H0.3-F0.6-A4-s42,high,twostage,13,1428,35.352,65.0,1,81.0,46.29
S8x4x4-LD21-H0.3-F0.6-A4-s42,high,twostage,13,1429,35.376,65.0,1,81.0,46.29
S8x4x4-LD21-H0.3-F0.6-A4-s42,high,twostage,13,1430,35.403,65.0,1,81.0,46.29
S8x4x4-LD21-H0.3-F0.6-A4-s42,high,twostage,13,1431,35.427,65.0,1,81.0,46.29
S8x4x4-LD21-H0.3-F0.6-A4-s42,high,twostage,13,1432,35.452,65.0,1,81.0,46.29
S8x4x4-LD21-H0.3-F0.6-A4-s42,high,twostage,13,1433,35.475,65.0,1,81.0,46.29
S8x4x4-LD21-H0.3-F0.6-A4-s42,high,twostage,13,1434,35.503,65.0,1,81.0,46.29
S8x4x4-LD21-H0.3-F0.6-A4-s42,high,twostage,13,1435,35.526,65.0,1,81.0,46.29
S8x4x4-LD21-H0.3-F0.6-A4-s42,high,twostage,13,1436,35.551,65.0,1,81.0,46.29
S8x4x4-LD21-H0.3-F0.6-A4-s42,high,twostage,13,1437,35.575,65.0,1,81.0,46.29
S8x4x4-LD21-H0.3-F0.6-A4-s42,high,twostage,13,1438,35.599,65.0,1,81.0,46.29
S8x4x4-LD21-H0.3-F0.6-A4-s42,high,twostage,13,1439,35.627,65.0,1,81.0,46.29
S8x4x4-LD21-H0.3-F0.6-A4-s42,high,twostage,13,1440,35.651,65.0,1,81.0,46.29
S8x4x4-LD21-H0.3-F0.6-A4-s42,high,twostage,13,1441,35.675,65.0,1,81.0,46.29
S8x4x4-LD21-H0.3-F0.6-A4-s42,high,twostage,13,1442,35.7,65.0,1,81.0,46.29
S8x4x4-LD21-H0.3-F0.6-A4-s42,high,twostage,13,1443,35.729,65.0,1,81.0,46.29
S8x4x4-LD21-H0.3-F0.6-A4-s42,high,twostage,13,1444,35.753,65.0,1,81.0,46.29
S8x4x4-LD21-H0.3-F0.6-A4-s42,high,twostage,13,1445,35.778,65.0,1,81.0,46.29
S8x4x4-LD21-H0.3-F0.6-A4-s42,high,twostage,13,1446,35.802,65.0,1,81.0,46.29
S8x4x4-LD21-H0.3-F0.6-A4-s42,high,twostage,13,1447,35.826,65.0,1,81.0,46.29
S8x4x4-LD21-H0.3-F0.6-A4-s42,high,twostage,13,1448,35.853,65.0,1,81.0,46.29
S8x4x4-LD21-H0.3-F0.6-A4-s42,high,twostage,13,1449,35.877,65.0,1,81.0,46.29
S8x4x4-LD21-H0.3-F0.6-A4-s42,high,twostage,13,1450,35.901,65.0,1,81.0,46.29
S8x4x4-LD21-H0.3-F0.6-A4-s42,high,twostage,13,1451,35.926,65.0,1,81.0,46.29
S8x4x4-LD21-H0.3-F0.6-A4-s42,high,twostage,13,1452,35.954,65.0,1,81.0,46.29
S8x4x4-LD21-H0.3-F0.6-A4-s42,high,twostage,13,1453,35.978,65.0,1,81.0,46.29
S8x4x4-LD21-H0.3-F0.6-A4-s42,high,twostage,13,1454,36.003,65.0,1,81.0,46.29
S8x4x4-LD21-H0.3-F0.6-A4-s42,high,twostage,13,1455,36.027,65.0,1,81.0,46.29
S8x4x4-LD21-H0.3-F0.6-A4-s42,high,twostage,13,1456,36.051,65.0,1,81.0,46.29
S8x4x4-LD21-H0.3-F0.6-A4-s42,high,twostage,13,1457,36.078,65.0,1,81.0,46.29
S8x4x4-LD21-H0.3-F0.6-A4-s42,high,twostage,13,1458,36.103,65.0,1,81.0,46.29
S8x4x4-LD21-H0.3-F0.6-A4-s42,high,twostage,13,1459,36.129,65.0,1,81.0,46.29
S8x4x4-LD21-H0.3-F0.6-A4-s42,high,twostage,13,1460,36.153,65.0,1,81.0,46.29
S8x4x4-LD21-H0.3-F0.6-A4-s42,high,twostage,13,1461,36.178,65.0,1,81.0,46.29
S8x4x4-LD21-H0.3-F0.6-A4-s42,high,twostage,13,1462,36.205,65.0,1,81.0,46.29
S8x4x4-LD21-H0.3-F0.6-A4-s42,high,twostage,13,1463,36.229,65.0,1,81.0,46.29
S8x4x4-LD21-H0.3-F0.6-A4-s42,high,twostage,13,1464,36.256,65.0,1,81.0,46.29
S8x4x4-LD21-H0.3-F0.6-A4-s42,high,twostage,13,1465,36.28,65.0,1,81.0,46.29
S8x4x4-LD21-H0.3-F0.6-A4-s42,high,twostage,13,1466,36.307,65.0,1,81.0,46.29
S8x4x4-LD21-H0.3-F0.6-A4-s42,high,twostage,13,1467,36.331,65.0,1,81.0,46.29
S8x4x4-LD21-H0.3-F0.6-A4-s42,high,twostage,13,1468,36.357,65.0,1,81.0,46.29
S8x4x4-LD21-H0.3-F0.6-A4-s42,high,twostage,13,1469,36.381,65.0,1,81.0,46.29
S8x4x4-LD21-H0.3-F0.6-A4-s42,high,twostage,13,1470,36.406,65.0,1,81.0,46.29
S8x4x4-LD21-H0.3-F0.6-A4-s42,high,twostage,13,1471,36.433,65.0,1,81.0,46.29
S8x4x4-LD21-H0.3-F0.6-A4-s42,high,twostage,13,1472,36.457,65.0,1,81.0,46.29
S8x4x4-LD21-H0.3-F0.6-A4-s42,high,twostage,13,1473,36.482,65.0,1,81.0,46.29
S8x4x4-LD21-H0.3-F0.6-A4-s42,high,twostage,13,1474,36.506,65.0,1,81.0,46.29
S8x4x4-LD21-H0.3-F0.6-A4-s42,high,twostage,13,1475,36.533,65.0,1,81.0,46.29
S8x4x4-LD21-H0.3-F0.6-A4-s42,high,twostage,13,1476,36.557,65.0,1,81.0,46.29
S8x4x4-LD21-H0.3-F0.6-A4-s42,high,twostage,13,1477,36.582,65.0,1,81.0,46.29
S8x4x4-LD21-H0.3-F0.6-A4-s42,high,twostage,13,1478,36.606,65.0,1,81.0,46.29
S8x4x4-LD21-H0.3-F0.6-A4-s42,high,twostage,13,1479,36.631,65.0,1,81.0,46.29
S8x4x4-LD21-H0.3-F0.6-A4-s42,high,twostage,13,1480,36.658,65.0,1,81.0,46.29
S8x4x4-LD21-H0.3-F0.6-A4-s42,high,twostage,13,1481,36.683,65.0,1,81.0,46.29
S8x4x4-LD21-H0.3-F0.6-A4-s42,high,twostage,13,1482,36.71,65.0,1,81.0,46.29
S8x4x4-LD21-H0.3-F0.6-A4-s42,high,twostage,13,1483,36.735,65.0,1,81.0,46.29
S8x4x4-LD21-H0.3-F0.6-A4-s42,high,twostage,13,1484,36.763,65.0,1,81.0,46.29
S8x4x4-LD21-H0.3-F0.6-A4-s42,high,twostage,13,1485,36.788,65.0,1,81.0,46.29
S8x4x4-LD21-H0.3-F0.6-A4-s42,high,twostage,13,1486,36.812,65.0,1,81.0,46.29
S8x4x4-LD21-H0.3-F0.6-A4-s42,high,twostage,13,1487,36.836,65.0,1,81.0,46.29
S8x4x4-LD21-H0.3-F0.6-A4-s42,high,twostage,13,1488,36.86,65.0,1,81.0,46.29
S8x4x4-LD21-H0.3-F0.6-A4-s42,high,twostage,13,1489,36.888,65.0,1,81.0,46.29
S8x4x4-LD21-H0.3-F0.6-A4-s42,high,twostage,13,1490,36.913,65.0,1,81.0,46.29
S8x4x4-LD21-H0.3-F0.6-A4-s42,high,twostage,13,1491,36.937,65.0,1,81.0,46.29
S8x4x4-LD21-H0.3-F0.6-A4-s42,high,twostage,13,1492,36.961,65.0,1,81.0,46.29
S8x4x4-LD21-H0.3-F0.6-A4-s42,high,twostage,13,1493,36.989,65.0,1,81.0,46.29
S8x4x4-LD21-H0.3-F0.6-A4-s42,high,twostage,13,1494,37.013,65.0,1,81.0,46.29
S8x4x4-LD21-H0.3-F0.6-A4-s42,high,twostage,13,1495,37.037,65.0,1,81.0,46.29
S8x4x4-LD21-H0.3-F0.6-A4-s42,high,twostage,13,1496,37.061,65.0,1,81.0,46.29
S8x4x4-LD21-H0.3-F0.6-A4-s42,high,twostage,13,1497,37.085,65.0,1,81.0,46.29
S8x4x4-LD21-H0.3-F0.6-A4-s42,high,twostage,13,1498,37.113,65.0,1,81.0,46.29
S8x4x4-LD21-H0.3-F0.6-A4-s42,high,twostage,13,1499,37.137,65.0,1,81.0,46.29
S8x4x4-LD21-H0.3-F0.6-A4-s42,high,twostage,13,1500,37.162,65.0,1,81.0,46.29
S8x4x4-LD21-H0.3-F0.6-A4-s42,high,twostage,13,1501,37.187,65.0,1,81.0,46.29
S8x4x4-LD21-H0.3-F0.6-A4-s42,high,twostage,13,1502,37.215,65.0,1,81.0,46.29
S8x4x4-LD21-H0.3-F0.6-A4-s42,high,twostage,13,1503,37.238,65.0,1,81.0,46.29
S8x4x4-LD21-H0.3-F0.6-A4-s42,high,twostage,13,1504,37.262,65.0,1,81.0,46.29
S8x4x4-LD21-H0.3-F0.6-A4-s42,high,twostage,13,1505,37.287,65.0,1,81.0,46.29
S8x4x4-LD21-H0.3-F0.6-A4-s42,high,twostage,13,1506,37.312,65.0,1,81.0,46.29
S8x4x4-LD21-H0.3-F0.6-A4-s42,high,twostage,13,1507,37.339,65.0,1,81.0,46.29
S8x4x4-LD21-H0.3-F0.6-A4-s42,high,twostage,13,1508,37.362,65.0,1,81.0,46.29
S8x4x4-LD21-H0.3-F0.6-A4-s42,high,twostage,13,1509,37.387,65.0,1,81.0,46.29
S8x4x4-LD21-H0.3-F0.6-A4-s42,high,twostage,13,1510,37.411,65.0,1,81.0,46.29
S8x4x4-LD21-H0.3-F0.6-A4-s42,high,twostage,13,1511,37.439,65.0,1,81.0,46.29
S8x4x4-LD21-H0.3-F0.6-A4-s42,high,twostage,13,1512,37.464,65.0,1,81.0,46.29
S8x4x4-LD21-H0.3-F0.6-A4-s42,high,twostage,13,1513,37.488,65.0,1,81.0,46.29
S8x4x4-LD21-H0.3-F0.6-A4-s42,high,twostage,13,1514,37.512,65.0,1,81.0,46.29
S8x4x4-LD21-H0.3-F0.6-A4-s42,high,twostage,13,1515,37.537,65.0,1,81.0,46.29
S8x4x4-LD21-H0.3-F0.6-A4-s42,high,twostage,13,1516,37.564,65.0,1,81.0,46.29
S8x4x4-LD21-H0.3-F0.6-A4-s42,high,twostage,13,1517,37.589,65.0,1,81.0,46.29
S8x4x4-LD21-H0.3-F0.6-A4-s42,high,twostage,13,1518,37.613,65.0,1,81.0,46.29
S8x4x4-LD21-H0.3-F0.6-A4-s42,high,twostage,13,1519,37.638,65.0,1,81.0,46.29
S8x4x4-LD21-H0.3-F0.6-A4-s42,high,twostage,13,1520,37.665,65.0,1,81.0,46.29
S8x4x4-LD21-H0.3-F0.6-A4-s42,high,twostage,13,1521,37.69,65.0,1,81.0,46.29
S8x4x4-LD21-H0.3-F0.6-A4-s42,high,twostage,13,1522,37.716,65.0,1,81.0,46.29
S8x4x4-LD21-H0.3-F0.6-A4-s42,high,twostage,13,1523,37.74,65.0,1,81.0,46.29
S8x4x4-LD21-H0.3-F0.6-A4-s42,high,twostage,13,1524,37.766,65.0,1,81.0,46.29
S8x4x4-LD21-H0.3-F0.6-A4-s42,high,twostage,13,1525,37.793,65.0,1,81.0,46.29
S8x4x4-LD21-H0.3-F0.6-A4-s42,high,twostage,13,1526,37.817,65.0,1,81.0,46.29
S8x4x4-LD21-H0.3-F0.6-A4-s42,high,twostage,13,1527,37.842,65.0,1,81.0,46.29
S8x4x4-LD21-H0.3-F0.6-A4-s42,high,twostage,13,1528,37.866,65.0,1,81.0,46.29
S8x4x4-LD21-H0.3-F0.6-A4-s42,high,twostage,13,1529,37.89,65.0,1,81.0,46.29
S8x4x4-LD21-H0.3-F0.6-A4-s42,high,twostage,13,1530,37.917,65.0,1,81.0,46.29
S8x4x4-LD21-H0.3-F0.6-A4-s42,high,twostage,13,1531,37.941,65.0,1,81.0,46.29
S8x4x4-LD21-H0.3-F0.6-A4-s42,high,twostage,13,1532,37.966,65.0,1,81.0,46.29
S8x4x4-LD21-H0.3-F0.6-A4-s42,high,twostage,13,1533,37.99,65.0,1,81.0,46.29
S8x4x4-LD21-H0.3-F0.6-A4-s42,high,twostage,13,1534,38.017,65.0,1,81.0,46.29
S8x4x4-LD21-H0.3-F0.6-A4-s42,high,twostage,13,1535,38.042,65.0,1,81.0,46.29
S8x4x4-LD21-H0.3-F0.6-A4-s42,high,twostage,13,1536,38.066,65.0,1,81.0,46.29
S8x4x4-LD21-H0.3-F0.6-A4-s42,high,twostage,13,1537,38.091,65.0,1,81.0,46.29
S8x4x4-LD21-H0.3-F0.6-A4-s42,high,twostage,13,1538,38.115,65.0,1,81.0,46.29
S8x4x4-LD21-H0.3-F0.6-A4-s42,high,twostage,13,1539,38.142,65.0,1,81.0,46.29
S8x4x4-LD21-H0.3-F0.6-A4-s42,high,twostage,13,1540,38.168,65.0,1,81.0,46.29
S8x4x4-LD21-H0.3-F0.6-A4-s42,high,twostage,13,1541,38.192,65.0,1,81.0,46.29
S8x4x4-LD21-H0.3-F0.6-A4-s42,high,twostage,13,1542,38.217,65.0,1,81.0,46.29
S8x4x4-LD21-H0.3-F0.6-A4-s42,high,twostage,13,1543,38.244,65.0,1,81.0,46.29
S8x4x4-LD21-H0.3-F0.6-A4-s42,high,twostage,13,1544,38.268,65.0,1,81.0,46.29
S8x4x4-LD21-H0.3-F0.6-A4-s42,high,twostage,13,1545,38.293,65.0,1,81.0,46.29
S8x4x4-LD21-H0.3-F0.6-A4-s42,high,twostage,13,1546,38.317,65.0,1,81.0,46.29
S8x4x4-LD21-H0.3-F0.6-A4-s42,high,twostage,13,1547,38.341,65.0,1,81.0,46.29
S8x4x4-LD21-H0.3-F0.6-A4-s42,high,twostage,13,1548,38.368,65.0,1,81.0,46.29
S8x4x4-LD21-H0.3-F0.6-A4-s42,high,twostage,13,1549,38.392,65.0,1,81.0,46.29
S8x4x4-LD21-H0.3-F0.6-A4-s42,high,twostage,13,1550,38.416,65.0,1,81.0,46.29
S8x4x4-LD21-H0.3-F0.6-A4-s42,high,twostage,13,1551,38.439,65.0,1,81.0,46.29
S8x4x4-LD21-H0.3-F0.6-A4-s42,high,twostage,13,1552,38.469,65.0,1,81.0,46.29
S8x4x4-LD21-H0.3-F0.6-A4-s42,high,twostage,13,1553,38.492,65.0,1,81.0,46.29
S8x4x4-LD21-H0.3-F0.6-A4-s42,high,twostage,13,1554,38.517,65.0,1,81.0,46.29
S8x4x4-LD21-H0.3-F0.6-A4-s42,high,twostage,13,1555,38.542,65.0,1,81.0,46.29
S8x4x4-LD21-H0.3-F0.6-A4-s42,high,twostage,13,1556,38.566,65.0,1,81.0,46.29
S8x4x4-LD21-H0.3-F0.6-A4-s42,high,twostage,13,1557,38.599,65.0,1,81.0,46.29
S8x4x4-LD21-H0.3-F0.6-A4-s42,high,twostage,13,1558,38.626,65.0,1,81.0,46.29
S8x4x4-LD21-H0.3-F0.6-A4-s42,high,twostage,13,1559,38.665,65.0,1,81.0,46.29
S8x4x4-LD21-H0.3-F0.6-A4-s42,high,twostage,13,1560,38.706,65.0,1,81.0,46.29
S8x4x4-LD21-H0.3-F0.6-A4-s42,high,twostage,13,1561,38.742,65.0,1,81.0,46.29
S8x4x4-LD21-H0.3-F0.6-A4-s42,high,twostage,13,1562,38.772,65.0,1,81.0,46.29
S8x4x4-LD21-H0.3-F0.6-A4-s42,high,twostage,13,1563,38.798,65.0,1,81.0,46.29
S8x4x4-LD21-H0.3-F0.6-A4-s42,high,twostage,13,1564,38.83,65.0,1,81.0,46.29
S8x4x4-LD21-H0.3-F0.6-A4-s42,high,twostage,13,1565,38.854,65.0,1,81.0,46.29
S8x4x4-LD21-H0.3-F0.6-A4-s42,high,twostage,13,1566,38.882,65.0,1,81.0,46.29
S8x4x4-LD21-H0.3-F0.6-A4-s42,high,twostage,13,1567,38.906,65.0,1,81.0,46.29
S8x4x4-LD21-H0.3-F0.6-A4-s42,high,twostage,13,1568,38.93,65.0,1,81.0,46.29
S8x4x4-LD21-H0.3-F0.6-A4-s42,high,twostage,13,1569,38.955,65.0,1,81.0,46.29
S8x4x4-LD21-H0.3-F0.6-A4-s42,high,twostage,13,1570,38.979,65.0,1,81.0,46.29
S8x4x4-LD21-H0.3-F0.6-A4-s42,high,twostage,13,1571,39.006,65.0,1,81.0,46.29
S8x4x4-LD21-H0.3-F0.6-A4-s42,high,twostage,13,1572,39.03,65.0,1,81.0,46.29
S8x4x4-LD21-H0.3-F0.6-A4-s42,high,twostage,13,1573,39.054,65.0,1,81.0,46.29
S8x4x4-LD21-H0.3-F0.6-A4-s42,high,twostage,13,1574,39.078,65.0,1,81.0,46.29
S8x4x4-LD21-H0.3-F0.6-A4-s42,high,twostage,13,1575,39.104,65.0,1,81.0,46.29
S8x4x4-LD21-H0.3-F0.6-A4-s42,high,twostage,13,1576,39.128,65.0,1,81.0,46.29
S8x4x4-LD21-H0.3-F0.6-A4-s42,high,twostage,13,1577,39.153,65.0,1,81.0,46.29
S8x4x4-LD21-H0.3-F0.6-A4-s42,high,twostage,13,1578,39.178,65.0,1,81.0,46.29
S8x4x4-LD21-H0.3-F0.6-A4-s42,high,twostage,13,1579,39.201,65.0,1,81.0,46.29
S8x4x4-LD21-H0.3-F0.6-A4-s42,high,twostage,13,1580,39.229,65.0,1,81.0,46.29
S8x4x4-LD21-H0.3-F0.6-A4-s42,high,twostage,13,1581,39.252,65.0,1,81.0,46.29
S8x4x4-LD21-H0.3-F0.6-A4-s42,high,twostage,13,1582,39.277,65.0,1,81.0,46.29
S8x4x4-LD21-H0.3-F0.6-A4-s42,high,twostage,13,1583,39.302,65.0,1,81.0,46.29
S8x4x4-LD21-H0.3-F0.6-A4-s42,high,twostage,13,1584,39.329,65.0,1,81.0,46.29
S8x4x4-LD21-H0.3-F0.6-A4-s42,high,twostage,13,1585,39.353,65.0,1,81.0,46.29
S8x4x4-LD21-H0.3-F0.6-A4-s42,high,twostage,13,1586,39.376,65.0,1,81.0,46.29
S8x4x4-LD21-H0.3-F0.6-A4-s42,high,twostage,13,1587,39.401,65.0,1,81.0,46.29
S8x4x4-LD21-H0.3-F0.6-A4-s42,high,twostage,13,1588,39.424,65.0,1,81.0,46.29
S8x4x4-LD21-H0.3-F0.6-A4-s42,high,twostage,13,1589,39.45,65.0,1,81.0,46.29
S8x4x4-LD21-H0.3-F0.6-A4-s42,high,twostage,13,1590,39.474,65.0,1,81.0,46.29
S8x4x4-LD21-H0.3-F0.6-A4-s42,high,twostage,13,1591,39.499,65.0,1,81.0,46.29
S8x4x4-LD21-H0.3-F0.6-A4-s42,high,twostage,13,1592,39.522,65.0,1,81.0,46.29
S8x4x4-LD21-H0.3-F0.6-A4-s42,high,twostage,13,1593,39.549,65.0,1,81.0,46.29
S8x4x4-LD21-H0.3-F0.6-A4-s42,high,twostage,13,1594,39.573,65.0,1,81.0,46.29
S8x4x4-LD21-H0.3-F0.6-A4-s42,high,twostage,13,1595,39.596,65.0,1,81.0,46.29
S8x4x4-LD21-H0.3-F0.6-A4-s42,high,twostage,13,1596,39.621,65.0,1,81.0,46.29
S8x4x4-LD21-H0.3-F0.6-A4-s42,high,twostage,13,1597,39.645,65.0,1,81.0,46.29
S8x4x4-LD21-H0.3-F0.6-A4-s42,high,twostage,13,1598,39.672,65.0,1,81.0,46.29
S8x4x4-LD21-H0.3-F0.6-A4-s42,high,twostage,13,1599,39.697,65.0,1,81.0,46.29
S8x4x4-LD21-H0.3-F0.6-A4-s42,high,twostage,13,1600,39.722,65.0,1,81.0,46.29
S8x4x4-LD21-H0.3-F0.6-A4-s42,high,twostage,13,1601,39.748,65.0,1,81.0,46.29
S8x4x4-LD21-H0.3-F0.6-A4-s42,high,twostage,13,1602,39.775,65.0,1,81.0,46.29
S8x4x4-LD21-H0.3-F0.6-A4-s42,high,twostage,13,1603,39.801,65.0,1,81.0,46.29
S8x4x4-LD21-H0.3-F0.6-A4-s42,high,twostage,13,1604,39.825,65.0,1,81.0,46.29
S8x4x4-LD21-H0.3-F0.6-A4-s42,high,twostage,13,1605,39.849,65.0,1,81.0,46.29
S8x4x4-LD21-H0.3-F0.6-A4-s42,high,twostage,13,1606,39.873,65.0,1,81.0,46.29
S8x4x4-LD21-H0.3-F0.6-A4-s42,high,twostage,13,1607,39.9,65.0,1,81.0,46.29
S8x4x4-LD21-H0.3-F0.6-A4-s42,high,twostage,13,1608,39.924,65.0,1,81.0,46.29
S8x4x4-LD21-H0.3-F0.6-A4-s42,high,twostage,13,1609,39.948,65.0,1,81.0,46.29
S8x4x4-LD21-H0.3-F0.6-A4-s42,high,twostage,13,1610,39.971,65.0,1,81.0,46.29
S8x4x4-LD21-H0.3-F0.6-A4-s42,high,twostage,13,1611,39.999,65.0,1,81.0,46.29
S8x4x4-LD21-H0.3-F0.6-A4-s42,high,twostage,13,1612,40.023,65.0,1,81.0,46.29
S8x4x4-LD21-H0.3-F0.6-A4-s42,high,twostage,13,1613,40.047,65.0,1,81.0,46.29
S8x4x4-LD21-H0.3-F0.6-A4-s42,high,twostage,13,1614,40.07,65.0,1,81.0,46.29
S8x4x4-LD21-H0.3-F0.6-A4-s42,high,twostage,13,1615,40.095,65.0,1,81.0,46.29
S8x4x4-LD21-H0.3-F0.6-A4-s42,high,twostage,13,1616,40.121,65.0,1,81.0,46.29
S8x4x4-LD21-H0.3-F0.6-A4-s42,high,twostage,13,1617,40.145,65.0,1,81.0,46.29
S8x4x4-LD21-H0.3-F0.6-A4-s42,high,twostage,13,1618,40.17,65.0,1,81.0,46.29
S8x4x4-LD21-H0.3-F0.6-A4-s42,high,twostage,13,1619,40.195,65.0,1,81.0,46.29
S8x4x4-LD21-H0.3-F0.6-A4-s42,high,twostage,13,1620,40.219,65.0,1,81.0,46.29
S8x4x4-LD21-H0.3-F0.6-A4-s42,high,twostage,13,1621,40.246,65.0,1,81.0,46.29
S8x4x4-LD21-H0.3-F0.6-A4-s42,high,twostage,13,1622,40.271,65.0,1,81.0,46.29
S8x4x4-LD21-H0.3-F0.6-A4-s42,high,twostage,13,1623,40.295,65.0,1,81.0,46.29
S8x4x4-LD21-H0.3-F0.6-A4-s42,high,twostage,13,1624,40.32,65.0,1,81.0,46.29
S8x4x4-LD21-H0.3-F0.6-A4-s42,high,twostage,13,1625,40.346,65.0,1,81.0,46.29
S8x4x4-LD21-H0.3-F0.6-A4-s42,high,twostage,13,1626,40.371,65.0,1,81.0,46.29
S8x4x4-LD21-H0.3-F0.6-A4-s42,high,twostage,13,1627,40.395,65.0,1,81.0,46.29
S8x4x4-LD21-H0.3-F0.6-A4-s42,high,twostage,13,1628,40.419,65.0,1,81.0,46.29
S8x4x4-LD21-H0.3-F0.6-A4-s42,high,twostage,13,1629,40.442,65.0,1,81.0,46.29
S8x4x4-LD21-H0.3-F0.6-A4-s42,high,twostage,13,1630,40.469,65.0,1,81.0,46.29
S8x4x4-LD21-H0.3-F0.6-A4-s42,high,twostage,13,1631,40.493,65.0,1,81.0,46.29
S8x4x4-LD21-H0.3-F0.6-A4-s42,high,twostage,13,1632,40.517,65.0,1,81.0,46.29
S8x4x4-LD21-H0.3-F0.6-A4-s42,high,twostage,13,1633,40.541,65.0,1,81.0,46.29
S8x4x4-LD21-H0.3-F0.6-A4-s42,high,twostage,13,1634,40.567,65.0,1,81.0,46.29
S8x4x4-LD21-H0.3-F0.6-A4-s42,high,twostage,13,1635,40.592,65.0,1,81.0,46.29
S8x4x4-LD21-H0.3-F0.6-A4-s42,high,twostage,13,1636,40.615,65.0,1,81.0,46.29
S8x4x4-LD21-H0.3-F0.6-A4-s42,high,twostage,13,1637,40.639,65.0,1,81.0,46.29
S8x4x4-LD21-H0.3-F0.6-A4-s42,high,twostage,13,1638,40.663,65.0,1,81.0,46.29
S8x4x4-LD21-H0.3-F0.6-A4-s42,high,twostage,13,1639,40.689,65.0,1,81.0,46.29
S8x4x4-LD21-H0.3-F0.6-A4-s42,high,twostage,13,1640,40.715,65.0,1,81.0,46.29
S8x4x4-LD21-H0.3-F0.6-A4-s42,high,twostage,13,1641,40.74,65.0,1,81.0,46.29
S8x4x4-LD21-H0.3-F0.6-A4-s42,high,twostage,13,1642,40.764,65.0,1,81.0,46.29
S8x4x4-LD21-H0.3-F0.6-A4-s42,high,twostage,13,1643,40.791,65.0,1,81.0,46.29
S8x4x4-LD21-H0.3-F0.6-A4-s42,high,twostage,13,1644,40.817,65.0,1,81.0,46.29
S8x4x4-LD21-H0.3-F0.6-A4-s42,high,twostage,13,1645,40.841,65.0,1,81.0,46.29
S8x4x4-LD21-H0.3-F0.6-A4-s42,high,twostage,13,1646,40.865,65.0,1,81.0,46.29
S8x4x4-LD21-H0.3-F0.6-A4-s42,high,twostage,13,1647,40.889,65.0,1,81.0,46.29
S8x4x4-LD21-H0.3-F0.6-A4-s42,high,twostage,13,1648,40.915,65.0,1,81.0,46.29
S8x4x4-LD21-H0.3-F0.6-A4-s42,high,twostage,13,1649,40.94,65.0,1,81.0,46.29
S8x4x4-LD21-H0.3-F0.6-A4-s42,high,twostage,13,1650,40.963,65.0,1,81.0,46.29
S8x4x4-LD21-H0.3-F0.6-A4-s42,high,twostage,13,1651,40.987,65.0,1,81.0,46.29
S8x4x4-LD21-H0.3-F0.6-A4-s42,high,twostage,13,1652,41.014,65.0,1,81.0,46.29
S8x4x4-LD21-H0.3-F0.6-A4-s42,high,twostage,13,1653,41.039,65.0,1,81.0,46.29
S8x4x4-LD21-H0.3-F0.6-A4-s42,high,twostage,13,1654,41.062,65.0,1,81.0,46.29
S8x4x4-LD21-H0.3-F0.6-A4-s42,high,twostage,13,1655,41.086,65.0,1,81.0,46.29
S8x4x4-LD21-H0.3-F0.6-A4-s42,high,twostage,13,1656,41.111,65.0,1,81.0,46.29
S8x4x4-LD21-H0.3-F0.6-A4-s42,high,twostage,13,1657,41.139,65.0,1,81.0,46.29
S8x4x4-LD21-H0.3-F0.6-A4-s42,high,twostage,13,1658,41.164,65.0,1,81.0,46.29
S8x4x4-LD21-H0.3-F0.6-A4-s42,high,twostage,13,1659,41.188,65.0,1,81.0,46.29
S8x4x4-LD21-H0.3-F0.6-A4-s42,high,twostage,13,1660,41.214,65.0,1,81.0,46.29
S8x4x4-LD21-H0.3-F0.6-A4-s42,high,twostage,13,1661,41.241,65.0,1,81.0,46.29
S8x4x4-LD21-H0.3-F0.6-A4-s42,high,twostage,13,1662,41.265,65.0,1,81.0,46.29
S8x4x4-LD21-H0.3-F0.6-A4-s42,high,twostage,13,1663,41.289,65.0,1,81.0,46.29
S8x4x4-LD21-H0.3-F0.6-A4-s42,high,twostage,13,1664,41.313,65.0,1,81.0,46.29
S8x4x4-LD21-H0.3-F0.6-A4-s42,high,twostage,13,1665,41.337,65.0,1,81.0,46.29
S8x4x4-LD21-H0.3-F0.6-A4-s42,high,twostage,13,1666,41.365,65.0,1,81.0,46.29
S8x4x4-LD21-H0.3-F0.6-A4-s42,high,twostage,13,1667,41.388,65.0,1,81.0,46.29
S8x4x4-LD21-H0.3-F0.6-A4-s42,high,twostage,13,1668,41.413,65.0,1,81.0,46.29
S8x4x4-LD21-H0.3-F0.6-A4-s42,high,twostage,13,1669,41.437,65.0,1,81.0,46.29
S8x4x4-LD21-H0.3-F0.6-A4-s42,high,twostage,13,1670,41.464,65.0,1,81.0,46.29
S8x4x4-LD21-H0.3-F0.6-A4-s42,high,twostage,13,1671,41.488,65.0,1,81.0,46.29
S8x4x4-LD21-H0.3-F0.6-A4-s42,high,twostage,13,1672,41.512,65.0,1,81.0,46.29
S8x4x4-LD21-H0.3-F0.6-A4-s42,high,twostage,13,1673,41.537,65.0,1,81.0,46.29
S8x4x4-LD21-H0.3-F0.6-A4-s42,high,twostage,13,1674,41.561,65.0,1,81.0,46.29
S8x4x4-LD21-H0.3-F0.6-A4-s42,high,twostage,13,1675,41.589,65.0,1,81.0,46.29
S8x4x4-LD21-H0.3-F0.6-A4-s42,high,twostage,13,1676,41.613,65.0,1,81.0,46.29
S8x4x4-LD21-H0.3-F0.6-A4-s42,high,twostage,13,1677,41.637,65.0,1,81.0,46.29
S8x4x4-LD21-H0.3-F0.6-A4-s42,high,twostage,13,1678,41.66,65.0,1,81.0,46.29
S8x4x4-LD21-H0.3-F0.6-A4-s42,high,twostage,13,1679,41.684,65.0,1,81.0,46.29
S8x4x4-LD21-H0.3-F0.6-A4-s42,high,twostage,13,1680,41.712,65.0,1,81.0,46.29
S8x4x4-LD21-H0.3-F0.6-A4-s42,high,twostage,13,1681,41.737,65.0,1,81.0,46.29
S8x4x4-LD21-H0.3-F0.6-A4-s42,high,twostage,13,1682,41.763,65.0,1,81.0,46.29
S8x4x4-LD21-H0.3-F0.6-A4-s42,high,twostage,13,1683,41.787,65.0,1,81.0,46.29
S8x4x4-LD21-H0.3-F0.6-A4-s42,high,twostage,13,1684,41.813,65.0,1,81.0,46.29
S8x4x4-LD21-H0.3-F0.6-A4-s42,high,twostage,13,1685,41.838,65.0,1,81.0,46.29
S8x4x4-LD21-H0.3-F0.6-A4-s42,high,twostage,13,1686,41.862,65.0,1,81.0,46.29
S8x4x4-LD21-H0.3-F0.6-A4-s42,high,twostage,13,1687,41.885,65.0,1,81.0,46.29
S8x4x4-LD21-H0.3-F0.6-A4-s42,high,twostage,13,1688,41.91,65.0,1,81.0,46.29
S8x4x4-LD21-H0.3-F0.6-A4-s42,high,twostage,13,1689,41.936,65.0,1,81.0,46.29
S8x4x4-LD21-H0.3-F0.6-A4-s42,high,twostage,13,1690,41.96,65.0,1,81.0,46.29
S8x4x4-LD21-H0.3-F0.6-A4-s42,high,twostage,13,1691,41.984,65.0,1,81.0,46.29
S8x4x4-LD21-H0.3-F0.6-A4-s42,high,twostage,13,1692,42.008,65.0,1,81.0,46.29
S8x4x4-LD21-H0.3-F0.6-A4-s42,high,twostage,13,1693,42.035,65.0,1,81.0,46.29
S8x4x4-LD21-H0.3-F0.6-A4-s42,high,twostage,13,1694,42.059,65.0,1,81.0,46.29
S8x4x4-LD21-H0.3-F0.6-A4-s42,high,twostage,13,1695,42.083,65.0,1,81.0,46.29
S8x4x4-LD21-H0.3-F0.6-A4-s42,high,twostage,13,1696,42.108,65.0,1,81.0,46.29
S8x4x4-LD21-H0.3-F0.6-A4-s42,high,twostage,13,1697,42.131,65.0,1,81.0,46.29
S8x4x4-LD21-H0.3-F0.6-A4-s42,high,twostage,13,1698,42.158,65.0,1,81.0,46.29
S8x4x4-LD21-H0.3-F0.6-A4-s42,high,twostage,13,1699,42.182,65.0,1,81.0,46.29
S8x4x4-LD21-H0.3-F0.6-A4-s42,high,twostage,13,1700,42.208,65.0,1,81.0,46.29
S8x4x4-LD21-H0.3-F0.6-A4-s42,high,twostage,13,1701,42.234,65.0,1,81.0,46.29
S8x4x4-LD21-H0.3-F0.6-A4-s42,high,twostage,13,1702,42.262,65.0,1,81.0,46.29
S8x4x4-LD21-H0.3-F0.6-A4-s42,high,twostage,13,1703,42.285,65.0,1,81.0,46.29
S8x4x4-LD21-H0.3-F0.6-A4-s42,high,twostage,13,1704,42.311,65.0,1,81.0,46.29
S8x4x4-LD21-H0.3-F0.6-A4-s42,high,twostage,13,1705,42.334,65.0,1,81.0,46.29
S8x4x4-LD21-H0.3-F0.6-A4-s42,high,twostage,13,1706,42.359,65.0,1,81.0,46.29
S8x4x4-LD21-H0.3-F0.6-A4-s42,high,twostage,13,1707,42.385,65.0,1,81.0,46.29
S8x4x4-LD21-H0.3-F0.6-A4-s42,high,twostage,13,1708,42.41,65.0,1,81.0,46.29
S8x4x4-LD21-H0.3-F0.6-A4-s42,high,twostage,13,1709,42.434,65.0,1,81.0,46.29
S8x4x4-LD21-H0.3-F0.6-A4-s42,high,twostage,13,1710,42.459,65.0,1,81.0,46.29
S8x4x4-LD21-H0.3-F0.6-A4-s42,high,twostage,13,1711,42.486,65.0,1,81.0,46.29
S8x4x4-LD21-H0.3-F0.6-A4-s42,high,twostage,13,1712,42.51,65.0,1,81.0,46.29
S8x4x4-LD21-H0.3-F0.6-A4-s42,high,twostage,13,1713,42.534,65.0,1,81.0,46.29
S8x4x4-LD21-H0.3-F0.6-A4-s42,high,twostage,13,1714,42.558,65.0,1,81.0,46.29
S8x4x4-LD21-H0.3-F0.6-A4-s42,high,twostage,13,1715,42.583,65.0,1,81.0,46.29
S8x4x4-LD21-H0.3-F0.6-A4-s42,high,twostage,13,1716,42.609,65.0,1,81.0,46.29
S8x4x4-LD21-H0.3-F0.6-A4-s42,high,twostage,13,1717,42.632,65.0,1,81.0,46.29
S8x4x4-LD21-H0.3-F0.6-A4-s42,high,twostage,13,1718,42.657,65.0,1,81.0,46.29
S8x4x4-LD21-H0.3-F0.6-A4-s42,high,twostage,13,1719,42.682,65.0,1,81.0,46.29
S8x4x4-LD21-H0.3-F0.6-A4-s42,high,twostage,13,1720,42.71,65.0,1,81.0,46.29
S8x4x4-LD21-H0.3-F0.6-A4-s42,high,twostage,13,1721,42.735,65.0,1,81.0,46.29
S8x4x4-LD21-H0.3-F0.6-A4-s42,high,twostage,13,1722,42.761,65.0,1,81.0,46.29
S8x4x4-LD21-H0.3-F0.6-A4-s42,high,twostage,13,1723,42.786,65.0,1,81.0,46.29
S8x4x4-LD21-H0.3-F0.6-A4-s42,high,twostage,13,1724,42.81,65.0,1,81.0,46.29
S8x4x4-LD21-H0.3-F0.6-A4-s42,high,twostage,13,1725,42.836,65.0,1,81.0,46.29
S8x4x4-LD21-H0.3-F0.6-A4-s42,high,twostage,13,1726,42.861,65.0,1,81.0,46.29
S8x4x4-LD21-H0.3-F0.6-A4-s42,high,twostage,13,1727,42.884,65.0,1,81.0,46.29
S8x4x4-LD21-H0.3-F0.6-A4-s42,high,twostage,13,1728,42.908,65.0,1,81.0,46.29
S8x4x4-LD21-H0.3-F0.6-A4-s42,high,twostage,13,1729,42.932,65.0,1,81.0,46.29
S8x4x4-LD21-H0.3-F0.6-A4-s42,high,twostage,13,1730,42.96,65.0,1,81.0,46.29
S8x4x4-LD21-H0.3-F0.6-A4-s42,high,twostage,13,1731,42.985,65.0,1,81.0,46.29
S8x4x4-LD21-H0.3-F0.6-A4-s42,high,twostage,13,1732,43.011,65.0,1,81.0,46.29
S8x4x4-LD21-H0.3-F0.6-A4-s42,high,twostage,13,1733,43.036,65.0,1,81.0,46.29
S8x4x4-LD21-H0.3-F0.6-A4-s42,high,twostage,13,1734,43.062,65.0,1,81.0,46.29
S8x4x4-LD21-H0.3-F0.6-A4-s42,high,twostage,13,1735,43.086,65.0,1,81.0,46.29
S8x4x4-LD21-H0.3-F0.6-A4-s42,high,twostage,13,1736,43.11,65.0,1,81.0,46.29
S8x4x4-LD21-H0.3-F0.6-A4-s42,high,twostage,13,1737,43.134,65.0,1,81.0,46.29
S8x4x4-LD21-H0.3-F0.6-A4-s42,high,twostage,13,1738,43.158,65.0,1,81.0,46.29
S8x4x4-LD21-H0.3-F0.6-A4-s42,high,twostage,13,1739,43.186,65.0,1,81.0,46.29
S8x4x4-LD21-H0.3-F0.6-A4-s42,high,twostage,13,1740,43.209,65.0,1,81.0,46.29
S8x4x4-LD21-H0.3-F0.6-A4-s42,high,twostage,13,1741,43.234,65.0,1,81.0,46.29
S8x4x4-LD21-H0.3-F0.6-A4-s42,high,twostage,13,1742,43.258,65.0,1,81.0,46.29
S8x4x4-LD21-H0.3-F0.6-A4-s42,high,twostage,13,1743,43.286,65.0,1,81.0,46.29
S8x4x4-LD21-H0.3-F0.6-A4-s42,high,twostage,13,1744,43.311,65.0,1,81.0,46.29
S8x4x4-LD21-H0.3-F0.6-A4-s42,high,twostage,13,1745,43.335,65.0,1,81.0,46.29
S8x4x4-LD21-H0.3-F0.6-A4-s42,high,twostage,13,1746,43.36,65.0,1,81.0,46.29
S8x4x4-LD21-H0.3-F0.6-A4-s42,high,twostage,13,1747,43.384,65.0,1,81.0,46.29
S8x4x4-LD21-H0.3-F0.6-A4-s42,high,twostage,13,1748,43.41,65.0,1,81.0,46.29
S8x4x4-LD21-H0.3-F0.6-A4-s42,high,twostage,13,1749,43.434,65.0,1,81.0,46.29
S8x4x4-LD21-H0.3-F0.6-A4-s42,high,twostage,13,1750,43.458,65.0,1,81.0,46.29
S8x4x4-LD21-H0.3-F0.6-A4-s42,high,twostage,13,1751,43.482,65.0,1,81.0,46.29
S8x4x4-LD21-H0.3-F0.6-A4-s42,high,twostage,13,1752,43.508,65.0,1,81.0,46.29
S8x4x4-LD21-H0.3-F0.6-A4-s42,high,twostage,13,1753,43.533,65.0,1,81.0,46.29
S8x4x4-LD21-H0.3-F0.6-A4-s42,high,twostage,13,1754,43.558,65.0,1,81.0,46.29
S8x4x4-LD21-H0.3-F0.6-A4-s42,high,twostage,13,1755,43.585,65.0,1,81.0,46.29
S8x4x4-LD21-H0.3-F0.6-A4-s42,high,twostage,13,1756,43.611,65.0,1,81.0,46.29
S8x4x4-LD21-H0.3-F0.6-A4-s42,high,twostage,13,1757,43.638,65.0,1,81.0,46.29
S8x4x4-LD21-H0.3-F0.6-A4-s42,high,twostage,13,1758,43.663,65.0,1,81.0,46.29
S8x4x4-LD21-H0.3-F0.6-A4-s42,high,twostage,13,1759,43.686,65.0,1,81.0,46.29
S8x4x4-LD21-H0.3-F0.6-A4-s42,high,twostage,13,1760,43.71,65.0,1,81.0,46.29
S8x4x4-LD21-H0.3-F0.6-A4-s42,high,twostage,13,1761,43.739,65.0,1,81.0,46.29
S8x4x4-LD21-H0.3-F0.6-A4-s42,high,twostage,13,1762,43.765,65.0,1,81.0,46.29
S8x4x4-LD21-H0.3-F0.6-A4-s42,high,twostage,13,1763,43.789,65.0,1,81.0,46.29
S8x4x4-LD21-H0.3-F0.6-A4-s42,high,twostage,13,1764,43.813,65.0,1,81.0,46.29
S8x4x4-LD21-H0.3-F0.6-A4-s42,high,twostage,13,1765,43.838,65.0,1,81.0,46.29
S8x4x4-LD21-H0.3-F0.6-A4-s42,high,twostage,13,1766,43.865,65.0,1,81.0,46.29
S8x4x4-LD21-H0.3-F0.6-A4-s42,high,twostage,13,1767,43.889,65.0,1,81.0,46.29
S8x4x4-LD21-H0.3-F0.6-A4-s42,high,twostage,13,1768,43.912,65.0,1,81.0,46.29
S8x4x4-LD21-H0.3-F0.6-A4-s42,high,twostage,13,1769,43.937,65.0,1,81.0,46.29
S8x4x4-LD21-H0.3-F0.6-A4-s42,high,twostage,13,1770,43.961,65.0,1,81.0,46.29
S8x4x4-LD21-H0.3-F0.6-A4-s42,high,twostage,13,1771,43.987,65.0,1,81.0,46.29
S8x4x4-LD21-H0.3-F0.6-A4-s42,high,twostage,13,1772,44.011,65.0,1,81.0,46.29
S8x4x4-LD21-H0.3-F0.6-A4-s42,high,twostage,13,1773,44.036,65.0,1,81.0,46.29
S8x4x4-LD21-H0.3-F0.6-A4-s42,high,twostage,13,1774,44.059,65.0,1,81.0,46.29
S8x4x4-LD21-H0.3-F0.6-A4-s42,high,twostage,13,1775,44.086,65.0,1,81.0,46.29
S8x4x4-LD21-H0.3-F0.6-A4-s42,high,twostage,13,1776,44.111,65.0,1,81.0,46.29
S8x4x4-LD21-H0.3-F0.6-A4-s42,high,twostage,13,1777,44.135,65.0,1,81.0,46.29
S8x4x4-LD21-H0.3-F0.6-A4-s42,high,twostage,13,1778,44.158,65.0,1,81.0,46.29
S8x4x4-LD21-H0.3-F0.6-A4-s42,high,twostage,13,1779,44.182,65.0,1,81.0,46.29
S8x4x4-LD21-H0.3-F0.6-A4-s42,high,twostage,13,1780,44.21,65.0,1,81.0,46.29
S8x4x4-LD21-H0.3-F0.6-A4-s42,high,twostage,13,1781,44.234,65.0,1,81.0,46.29
S8x4x4-LD21-H0.3-F0.6-A4-s42,high,twostage,13,1782,44.258,65.0,1,81.0,46.29
S8x4x4-LD21-H0.3-F0.6-A4-s42,high,twostage,13,1783,44.282,65.0,1,81.0,46.29
S8x4x4-LD21-H0.3-F0.6-A4-s42,high,twostage,13,1784,44.31,65.0,1,81.0,46.29
S8x4x4-LD21-H0.3-F0.6-A4-s42,high,twostage,13,1785,44.334,65.0,1,81.0,46.29
S8x4x4-LD21-H0.3-F0.6-A4-s42,high,twostage,13,1786,44.358,65.0,1,81.0,46.29
S8x4x4-LD21-H0.3-F0.6-A4-s42,high,twostage,13,1787,44.383,65.0,1,81.0,46.29
S8x4x4-LD21-H0.3-F0.6-A4-s42,high,twostage,13,1788,44.407,65.0,1,81.0,46.29
S8x4x4-LD21-H0.3-F0.6-A4-s42,high,twostage,13,1789,44.434,65.0,1,81.0,46.29
S8x4x4-LD21-H0.3-F0.6-A4-s42,high,twostage,13,1790,44.457,65.0,1,81.0,46.29
S8x4x4-LD21-H0.3-F0.6-A4-s42,high,twostage,13,1791,44.482,65.0,1,81.0,46.29
S8x4x4-LD21-H0.3-F0.6-A4-s42,high,twostage,13,1792,44.506,65.0,1,81.0,46.29
S8x4x4-LD21-H0.3-F0.6-A4-s42,high,twostage,13,1793,44.533,65.0,1,81.0,46.29
S8x4x4-LD21-H0.3-F0.6-A4-s42,high,twostage,13,1794,44.557,65.0,1,81.0,46.29
S8x4x4-LD21-H0.3-F0.6-A4-s42,high,twostage,13,1795,44.581,65.0,1,81.0,46.29
S8x4x4-LD21-H0.3-F0.6-A4-s42,high,twostage,13,1796,44.605,65.0,1,81.0,46.29
S8x4x4-LD21-H0.3-F0.6-A4-s42,high,twostage,13,1797,44.629,65.0,1,81.0,46.29
S8x4x4-LD21-H0.3-F0.6-A4-s42,high,twostage,13,1798,44.656,65.0,1,81.0,46.29
S8x4x4-LD21-H0.3-F0.6-A4-s42,high,twostage,13,1799,44.681,65.0,1,81.0,46.29
S8x4x4-LD21-H0.3-F0.6-A4-s42,high,twostage,13,1800,44.706,65.0,1,81.0,46.29
S8x4x4-LD21-H0.3-F0.6-A4-s42,high,twostage,13,1801,44.733,65.0,1,81.0,46.29
S8x4x4-LD21-H0.3-F0.6-A4-s42,high,twostage,13,1802,44.761,65.0,1,81.0,46.29
S8x4x4-LD21-H0.3-F0.6-A4-s42,high,twostage,13,1803,44.786,65.0,1,81.0,46.29
S8x4x4-LD21-H0.3-F0.6-A4-s42,high,twostage,13,1804,44.811,65.0,1,81.0,46.29
S8x4x4-LD21-H0.3-F0.6-A4-s42,high,twostage,13,1805,44.835,65.0,1,81.0,46.29
S8x4x4-LD21-H0.3-F0.6-A4-s42,high,twostage,13,1806,44.86,65.0,1,81.0,46.29
S8x4x4-LD21-H0.3-F0.6-A4-s42,high,twostage,13,1807,44.887,65.0,1,81.0,46.29
S8x4x4-LD21-H0.3-F0.6-A4-s42,high,twostage,13,1808,44.911,65.0,1,81.0,46.29
S8x4x4-LD21-H0.3-F0.6-A4-s42,high,twostage,13,1809,44.935,65.0,1,81.0,46.29
S8x4x4-LD21-H0.3-F0.6-A4-s42,high,twostage,13,1810,44.96,65.0,1,81.0,46.29
S8x4x4-LD21-H0.3-F0.6-A4-s42,high,twostage,13,1811,44.987,65.0,1,81.0,46.29
S8x4x4-LD21-H0.3-F0.6-A4-s42,high,twostage,13,1812,45.011,65.0,1,81.0,46.29
S8x4x4-LD21-H0.3-F0.6-A4-s42,high,twostage,13,1813,45.035,65.0,1,81.0,46.29
S8x4x4-LD21-H0.3-F0.6-A4-s42,high,twostage,13,1814,45.058,65.0,1,81.0,46.29
S8x4x4-LD21-H0.3-F0.6-A4-s42,high,twostage,13,1815,45.083,65.0,1,81.0,46.29
S8x4x4-LD21-H0.3-F0.6-A4-s42,high,twostage,13,1816,45.109,65.0,1,81.0,46.29
S8x4x4-LD21-H0.3-F0.6-A4-s42,high,twostage,13,1817,45.133,65.0,1,81.0,46.29
S8x4x4-LD21-H0.3-F0.6-A4-s42,high,twostage,13,1818,45.157,65.0,1,81.0,46.29
S8x4x4-LD21-H0.3-F0.6-A4-s42,high,twostage,13,1819,45.181,65.0,1,81.0,46.29
S8x4x4-LD21-H0.3-F0.6-A4-s42,high,twostage,13,1820,45.208,65.0,1,81.0,46.29
S8x4x4-LD21-H0.3-F0.6-A4-s42,high,twostage,13,1821,45.232,65.0,1,81.0,46.29
S8x4x4-LD21-H0.3-F0.6-A4-s42,high,twostage,13,1822,45.257,65.0,1,81.0,46.29
S8x4x4-LD21-H0.3-F0.6-A4-s42,high,twostage,13,1823,45.282,65.0,1,81.0,46.29
S8x4x4-LD21-H0.3-F0.6-A4-s42,high,twostage,13,1824,45.306,65.0,1,81.0,46.29
S8x4x4-LD21-H0.3-F0.6-A4-s42,high,twostage,13,1825,45.333,65.0,1,81.0,46.29
S8x4x4-LD21-H0.3-F0.6-A4-s42,high,twostage,13,1826,45.357,65.0,1,81.0,46.29
S8x4x4-LD21-H0.3-F0.6-A4-s42,high,twostage,13,1827,45.381,65.0,1,81.0,46.29
S8x4x4-LD21-H0.3-F0.6-A4-s42,high,twostage,13,1828,45.406,65.0,1,81.0,46.29
S8x4x4-LD21-H0.3-F0.6-A4-s42,high,twostage,13,1829,45.429,65.0,1,81.0,46.29
S8x4x4-LD21-H0.3-F0.6-A4-s42,high,twostage,13,1830,45.455,65.0,1,81.0,46.29
S8x4x4-LD21-H0.3-F0.6-A4-s42,high,twostage,13,1831,45.479,65.0,1,81.0,46.29
S8x4x4-LD21-H0.3-F0.6-A4-s42,high,twostage,13,1832,45.503,65.0,1,81.0,46.29
S8x4x4-LD21-H0.3-F0.6-A4-s42,high,twostage,13,1833,45.527,65.0,1,81.0,46.29
S8x4x4-LD21-H0.3-F0.6-A4-s42,high,twostage,13,1834,45.554,65.0,1,81.0,46.29
S8x4x4-LD21-H0.3-F0.6-A4-s42,high,twostage,13,1835,45.578,65.0,1,81.0,46.29
S8x4x4-LD21-H0.3-F0.6-A4-s42,high,twostage,13,1836,45.601,65.0,1,81.0,46.29
S8x4x4-LD21-H0.3-F0.6-A4-s42,high,twostage,13,1837,45.625,65.0,1,81.0,46.29
S8x4x4-LD21-H0.3-F0.6-A4-s42,high,twostage,13,1838,45.649,65.0,1,81.0,46.29
S8x4x4-LD21-H0.3-F0.6-A4-s42,high,twostage,13,1839,45.674,65.0,1,81.0,46.29
S8x4x4-LD21-H0.3-F0.6-A4-s42,high,twostage,13,1840,45.698,65.0,1,81.0,46.29
S8x4x4-LD21-H0.3-F0.6-A4-s42,high,twostage,13,1841,45.724,65.0,1,81.0,46.29
S8x4x4-LD21-H0.3-F0.6-A4-s42,high,twostage,13,1842,45.748,65.0,1,81.0,46.29
S8x4x4-LD21-H0.3-F0.6-A4-s42,high,twostage,13,1843,45.776,65.0,1,81.0,46.29
S8x4x4-LD21-H0.3-F0.6-A4-s42,high,twostage,13,1844,45.8,65.0,1,81.0,46.29
S8x4x4-LD21-H0.3-F0.6-A4-s42,high,twostage,13,1845,45.825,65.0,1,81.0,46.29
S8x4x4-LD21-H0.3-F0.6-A4-s42,high,twostage,13,1846,45.849,65.0,1,81.0,46.29
S8x4x4-LD21-H0.3-F0.6-A4-s42,high,twostage,13,1847,45.873,65.0,1,81.0,46.29
S8x4x4-LD21-H0.3-F0.6-A4-s42,high,twostage,13,1848,45.9,65.0,1,81.0,46.29
S8x4x4-LD21-H0.3-F0.6-A4-s42,high,twostage,13,1849,45.924,65.0,1,81.0,46.29
S8x4x4-LD21-H0.3-F0.6-A4-s42,high,twostage,13,1850,45.949,65.0,1,81.0,46.29
S8x4x4-LD21-H0.3-F0.6-A4-s42,high,twostage,13,1851,45.973,65.0,1,81.0,46.29
S8x4x4-LD21-H0.3-F0.6-A4-s42,high,twostage,13,1852,46.001,65.0,1,81.0,46.29
S8x4x4-LD21-H0.3-F0.6-A4-s42,high,twostage,13,1853,46.024,65.0,1,81.0,46.29
S8x4x4-LD21-H0.3-F0.6-A4-s42,high,twostage,13,1854,46.048,65.0,1,81.0,46.29
S8x4x4-LD21-H0.3-F0.6-A4-s42,high,twostage,13,1855,46.073,65.0,1,81.0,46.29
S8x4x4-LD21-H0.3-F0.6-A4-s42,high,twostage,13,1856,46.096,65.0,1,81.0,46.29
S8x4x4-LD21-H0.3-F0.6-A4-s42,high,twostage,13,1857,46.123,65.0,1,81.0,46.29
S8x4x4-LD21-H0.3-F0.6-A4-s42,high,twostage,13,1858,46.147,65.0,1,81.0,46.29
S8x4x4-LD21-H0.3-F0.6-A4-s42,high,twostage,13,1859,46.17,65.0,1,81.0,46.29
S8x4x4-LD21-H0.3-F0.6-A4-s42,high,twostage,13,1860,46.195,65.0,1,81.0,46.29
S8x4x4-LD21-H0.3-F0.6-A4-s42,high,twostage,13,1861,46.222,65.0,1,81.0,46.29
S8x4x4-LD21-H0.3-F0.6-A4-s42,high,twostage,13,1862,46.246,65.0,1,81.0,46.29
S8x4x4-LD21-H0.3-F0.6-A4-s42,high,twostage,13,1863,46.27,65.0,1,81.0,46.29
S8x4x4-LD21-H0.3-F0.6-A4-s42,high,twostage,13,1864,46.294,65.0,1,81.0,46.29
S8x4x4-LD21-H0.3-F0.6-A4-s42,high,twostage,99,1,0.031,86.0,1,88.0,46.29
S8x4x4-LD21-H0.3-F0.6-A4-s42,high,twostage,99,2,0.062,78.0,1,88.0,46.29
S8x4x4-LD21-H0.3-F0.6-A4-s42,high,twostage,99,3,0.088,74.0,1,88.0,46.29
S8x4x4-LD21-H0.3-F0.6-A4-s42,high,twostage,99,4,0.112,74.0,1,88.0,46.29
S8x4x4-LD21-H0.3-F0.6-A4-s42,high,twostage,99,5,0.136,74.0,1,88.0,46.29
S8x4x4-LD21-H0.3-F0.6-A4-s42,high,twostage,99,6,0.163,74.0,1,88.0,46.29
S8x4x4-LD21-H0.3-F0.6-A4-s42,high,twostage,99,7,0.186,74.0,1,88.0,46.29
S8x4x4-LD21-H0.3-F0.6-A4-s42,high,twostage,99,8,0.211,71.0,1,88.0,46.29
S8x4x4-LD21-H0.3-F0.6-A4-s42,high,twostage,99,9,0.234,71.0,1,88.0,46.29
S8x4x4-LD21-H0.3-F0.6-A4-s42,high,twostage,99,10,0.26,71.0,1,88.0,46.29
S8x4x4-LD21-H0.3-F0.6-A4-s42,high,twostage,99,11,0.283,71.0,1,88.0,46.29
S8x4x4-LD21-H0.3-F0.6-A4-s42,high,twostage,99,12,0.305,71.0,1,88.0,46.29
S8x4x4-LD21-H0.3-F0.6-A4-s42,high,twostage,99,13,0.327,71.0,1,88.0,46.29
S8x4x4-LD21-H0.3-F0.6-A4-s42,high,twostage,99,14,0.35,71.0,1,88.0,46.29
S8x4x4-LD21-H0.3-F0.6-A4-s42,high,twostage,99,15,0.374,71.0,1,88.0,46.29
S8x4x4-LD21-H0.3-F0.6-A4-s42,high,twostage,99,16,0.395,71.0,1,88.0,46.29
S8x4x4-LD21-H0.3-F0.6-A4-s42,high,twostage,99,17,0.417,71.0,1,88.0,46.29
S8x4x4-LD21-H0.3-F0.6-A4-s42,high,twostage,99,18,0.439,71.0,1,88.0,46.29
S8x4x4-LD21-H0.3-F0.6-A4-s42,high,twostage,99,19,0.46,70.0,1,88.0,46.29
S8x4x4-LD21-H0.3-F0.6-A4-s42,high,twostage,99,20,0.486,70.0,1,88.0,46.29
S8x4x4-LD21-H0.3-F0.6-A4-s42,high,twostage,99,21,0.507,68.0,1,88.0,46.29
S8x4x4-LD21-H0.3-F0.6-A4-s42,high,twostage,99,22,0.532,68.0,1,88.0,46.29
S8x4x4-LD21-H0.3-F0.6-A4-s42,high,twostage,99,23,0.554,68.0,1,88.0,46.29
S8x4x4-LD21-H0.3-F0.6-A4-s42,high,twostage,99,24,0.577,68.0,1,88.0,46.29
S8x4x4-LD21-H0.3-F0.6-A4-s42,high,twostage,99,25,0.602,68.0,1,88.0,46.29
S8x4x4-LD21-H0.3-F0.6-A4-s42,high,twostage,99,26,0.623,68.0,1,88.0,46.29
S8x4x4-LD21-H0.3-F0.6-A4-s42,high,twostage,99,27,0.645,67.0,1,88.0,46.29
S8x4x4-LD21-H0.3-F0.6-A4-s42,high,twostage,99,28,0.667,67.0,1,88.0,46.29
S8x4x4-LD21-H0.3-F0.6-A4-s42,high,twostage,99,29,0.689,67.0,1,88.0,46.29
S8x4x4-LD21-H0.3-F0.6-A4-s42,high,twostage,99,30,0.714,67.0,1,88.0,46.29
S8x4x4-LD21-H0.3-F0.6-A4-s42,high,twostage,99,31,0.736,67.0,1,88.0,46.29
S8x4x4-LD21-H0.3-F0.6-A4-s42,high,twostage,99,32,0.759,67.0,1,88.0,46.29
S8x4x4-LD21-H0.3-F0.6-A4-s42,high,twostage,99,33,0.781,67.0,1,88.0,46.29
S8x4x4-LD21-H0.3-F0.6-A4-s42,high,twostage,99,34,0.804,67.0,1,88.0,46.29
S8x4x4-LD21-H0.3-F0.6-A4-s42,high,twostage,99,35,0.829,67.0,1,88.0,46.29
S8x4x4-LD21-H0.3-F0.6-A4-s42,high,twostage,99,36,0.851,67.0,1,88.0,46.29
S8x4x4-LD21-H0.3-F0.6-A4-s42,high,twostage,99,37,0.873,67.0,1,88.0,46.29
S8x4x4-LD21-H0.3-F0.6-A4-s42,high,twostage,99,38,0.895,67.0,1,88.0,46.29
S8x4x4-LD21-H0.3-F0.6-A4-s42,high,twostage,99,39,0.917,67.0,1,88.0,46.29
S8x4x4-LD21-H0.3-F0.6-A4-s42,high,twostage,99,40,0.942,67.0,1,88.0,46.29
S8x4x4-LD21-H0.3-F0.6-A4-s42,high,twostage,99,41,0.964,67.0,1,88.0,46.29
S8x4x4-LD21-H0.3-F0.6-A4-s42,high,twostage,99,42,0.985,67.0,1,88.0,46.29
S8x4x4-LD21-H0.3-F0.6-A4-s42,high,twostage,99,43,1.009,67.0,1,88.0,46.29
S8x4x4-LD21-H0.3-F0.6-A4-s42,high,twostage,99,44,1.031,67.0,1,88.0,46.29
S8x4x4-LD21-H0.3-F0.6-A4-s42,high,twostage,99,45,1.056,67.0,1,88.0,46.29
S8x4x4-LD21-H0.3-F0.6-A4-s42,high,twostage,99,46,1.079,67.0,1,88.0,46.29
S8x4x4-LD21-H0.3-F0.6-A4-s42,high,twostage,99,47,1.102,67.0,1,88.0,46.29
S8x4x4-LD21-H0.3-F0.6-A4-s42,high,twostage,99,48,1.124,67.0,1,88.0,46.29
S8x4x4-LD21-H0.3-F0.6-A4-s42,high,twostage,99,49,1.146,67.0,1,88.0,46.29
S8x4x4-LD21-H0.3-F0.6-A4-s42,high,twostage,99,50,1.17,67.0,1,88.0,46.29
S8x4x4-LD21-H0.3-F0.6-A4-s42,high,twostage,99,51,1.193,67.0,1,88.0,46.29
S8x4x4-LD21-H0.3-F0.6-A4-s42,high,twostage,99,52,1.215,67.0,1,88.0,46.29
S8x4x4-LD21-H0.3-F0.6-A4-s42,high,twostage,99,53,1.237,67.0,1,88.0,46.29
S8x4x4-LD21-H0.3-F0.6-A4-s42,high,twostage,99,54,1.259,67.0,1,88.0,46.29
S8x4x4-LD21-H0.3-F0.6-A4-s42,high,twostage,99,55,1.285,67.0,1,88.0,46.29
S8x4x4-LD21-H0.3-F0.6-A4-s42,high,twostage,99,56,1.307,67.0,1,88.0,46.29
S8x4x4-LD21-H0.3-F0.6-A4-s42,high,twostage,99,57,1.329,67.0,1,88.0,46.29
S8x4x4-LD21-H0.3-F0.6-A4-s42,high,twostage,99,58,1.352,67.0,1,88.0,46.29
S8x4x4-LD21-H0.3-F0.6-A4-s42,high,twostage,99,59,1.376,67.0,1,88.0,46.29
S8x4x4-LD21-H0.3-F0.6-A4-s42,high,twostage,99,60,1.398,67.0,1,88.0,46.29
S8x4x4-LD21-H0.3-F0.6-A4-s42,high,twostage,99,61,1.421,67.0,1,88.0,46.29
S8x4x4-LD21-H0.3-F0.6-A4-s42,high,twostage,99,62,1.445,67.0,1,88.0,46.29
S8x4x4-LD21-H0.3-F0.6-A4-s42,high,twostage,99,63,1.468,67.0,1,88.0,46.29
S8x4x4-LD21-H0.3-F0.6-A4-s42,high,twostage,99,64,1.493,67.0,1,88.0,46.29
S8x4x4-LD21-H0.3-F0.6-A4-s42,high,twostage,99,65,1.515,67.0,1,88.0,46.29
S8x4x4-LD21-H0.3-F0.6-A4-s42,high,twostage,99,66,1.537,67.0,1,88.0,46.29
S8x4x4-LD21-H0.3-F0.6-A4-s42,high,twostage,99,67,1.56,67.0,1,88.0,46.29
S8x4x4-LD21-H0.3-F0.6-A4-s42,high,twostage,99,68,1.583,67.0,1,88.0,46.29
S8x4x4-LD21-H0.3-F0.6-A4-s42,high,twostage,99,69,1.608,67.0,1,88.0,46.29
S8x4x4-LD21-H0.3-F0.6-A4-s42,high,twostage,99,70,1.631,67.0,1,88.0,46.29
S8x4x4-LD21-H0.3-F0.6-A4-s42,high,twostage,99,71,1.654,67.0,1,88.0,46.29
S8x4x4-LD21-H0.3-F0.6-A4-s42,high,twostage,99,72,1.676,67.0,1,88.0,46.29
S8x4x4-LD21-H0.3-F0.6-A4-s42,high,twostage,99,73,1.698,67.0,1,88.0,46.29
S8x4x4-LD21-H0.3-F0.6-A4-s42,high,twostage,99,74,1.723,67.0,1,88.0,46.29
S8x4x4-LD21-H0.3-F0.6-A4-s42,high,twostage,99,75,1.744,67.0,1,88.0,46.29
S8x4x4-LD21-H0.3-F0.6-A4-s42,high,twostage,99,76,1.767,67.0,1,88.0,46.29
S8x4x4-LD21-H0.3-F0.6-A4-s42,high,twostage,99,77,1.788,67.0,1,88.0,46.29
S8x4x4-LD21-H0.3-F0.6-A4-s42,high,twostage,99,78,1.811,67.0,1,88.0,46.29
S8x4x4-LD21-H0.3-F0.6-A4-s42,high,twostage,99,79,1.835,67.0,1,88.0,46.29
S8x4x4-LD21-H0.3-F0.6-A4-s42,high,twostage,99,80,1.859,67.0,1,88.0,46.29
S8x4x4-LD21-H0.3-F0.6-A4-s42,high,twostage,99,81,1.88,67.0,1,88.0,46.29
S8x4x4-LD21-H0.3-F0.6-A4-s42,high,twostage,99,82,1.903,67.0,1,88.0,46.29
S8x4x4-LD21-H0.3-F0.6-A4-s42,high,twostage,99,83,1.926,67.0,1,88.0,46.29
S8x4x4-LD21-H0.3-F0.6-A4-s42,high,twostage,99,84,1.951,67.0,1,88.0,46.29
S8x4x4-LD21-H0.3-F0.6-A4-s42,high,twostage,99,85,1.973,67.0,1,88.0,46.29
S8x4x4-LD21-H0.3-F0.6-A4-s42,high,twostage,99,86,1.995,67.0,1,88.0,46.29
S8x4x4-LD21-H0.3-F0.6-A4-s42,high,twostage,99,87,2.017,67.0,1,88.0,46.29
S8x4x4-LD21-H0.3-F0.6-A4-s42,high,twostage,99,88,2.04,67.0,1,88.0,46.29
S8x4x4-LD21-H0.3-F0.6-A4-s42,high,twostage,99,89,2.065,67.0,1,88.0,46.29
S8x4x4-LD21-H0.3-F0.6-A4-s42,high,twostage,99,90,2.087,67.0,1,88.0,46.29
S8x4x4-LD21-H0.3-F0.6-A4-s42,high,twostage,99,91,2.11,67.0,1,88.0,46.29
S8x4x4-LD21-H0.3-F0.6-A4-s42,high,twostage,99,92,2.131,67.0,1,88.0,46.29
S8x4x4-LD21-H0.3-F0.6-A4-s42,high,twostage,99,93,2.155,67.0,1,88.0,46.29
S8x4x4-LD21-H0.3-F0.6-A4-s42,high,twostage,99,94,2.18,67.0,1,88.0,46.29
S8x4x4-LD21-H0.3-F0.6-A4-s42,high,twostage,99,95,2.202,67.0,1,88.0,46.29
S8x4x4-LD21-H0.3-F0.6-A4-s42,high,twostage,99,96,2.223,67.0,1,88.0,46.29
S8x4x4-LD21-H0.3-F0.6-A4-s42,high,twostage,99,97,2.246,67.0,1,88.0,46.29
S8x4x4-LD21-H0.3-F0.6-A4-s42,high,twostage,99,98,2.267,67.0,1,88.0,46.29
S8x4x4-LD21-H0.3-F0.6-A4-s42,high,twostage,99,99,2.292,67.0,1,88.0,46.29
S8x4x4-LD21-H0.3-F0.6-A4-s42,high,twostage,99,100,2.314,67.0,1,88.0,46.29
S8x4x4-LD21-H0.3-F0.6-A4-s42,high,twostage,99,101,2.336,67.0,1,88.0,46.29
S8x4x4-LD21-H0.3-F0.6-A4-s42,high,twostage,99,102,2.36,67.0,1,88.0,46.29
S8x4x4-LD21-H0.3-F0.6-A4-s42,high,twostage,99,103,2.382,67.0,1,88.0,46.29
S8x4x4-LD21-H0.3-F0.6-A4-s42,high,twostage,99,104,2.407,67.0,1,88.0,46.29
S8x4x4-LD21-H0.3-F0.6-A4-s42,high,twostage,99,105,2.431,67.0,1,88.0,46.29
S8x4x4-LD21-H0.3-F0.6-A4-s42,high,twostage,99,106,2.454,67.0,1,88.0,46.29
S8x4x4-LD21-H0.3-F0.6-A4-s42,high,twostage,99,107,2.476,67.0,1,88.0,46.29
S8x4x4-LD21-H0.3-F0.6-A4-s42,high,twostage,99,108,2.499,67.0,1,88.0,46.29
S8x4x4-LD21-H0.3-F0.6-A4-s42,high,twostage,99,109,2.524,67.0,1,88.0,46.29
S8x4x4-LD21-H0.3-F0.6-A4-s42,high,twostage,99,110,2.548,67.0,1,88.0,46.29
S8x4x4-LD21-H0.3-F0.6-A4-s42,high,twostage,99,111,2.57,67.0,1,88.0,46.29
S8x4x4-LD21-H0.3-F0.6-A4-s42,high,twostage,99,112,2.593,67.0,1,88.0,46.29
S8x4x4-LD21-H0.3-F0.6-A4-s42,high,twostage,99,113,2.62,67.0,1,88.0,46.29
S8x4x4-LD21-H0.3-F0.6-A4-s42,high,twostage,99,114,2.641,67.0,1,88.0,46.29
S8x4x4-LD21-H0.3-F0.6-A4-s42,high,twostage,99,115,2.663,67.0,1,88.0,46.29
S8x4x4-LD21-H0.3-F0.6-A4-s42,high,twostage,99,116,2.687,67.0,1,88.0,46.29
S8x4x4-LD21-H0.3-F0.6-A4-s42,high,twostage,99,117,2.71,67.0,1,88.0,46.29
S8x4x4-LD21-H0.3-F0.6-A4-s42,high,twostage,99,118,2.736,67.0,1,88.0,46.29
S8x4x4-LD21-H0.3-F0.6-A4-s42,high,twostage,99,119,2.757,67.0,1,88.0,46.29
S8x4x4-LD21-H0.3-F0.6-A4-s42,high,twostage,99,120,2.78,67.0,1,88.0,46.29
S8x4x4-LD21-H0.3-F0.6-A4-s42,high,twostage,99,121,2.802,67.0,1,88.0,46.29
S8x4x4-LD21-H0.3-F0.6-A4-s42,high,twostage,99,122,2.825,67.0,1,88.0,46.29
S8x4x4-LD21-H0.3-F0.6-A4-s42,high,twostage,99,123,2.849,67.0,1,88.0,46.29
S8x4x4-LD21-H0.3-F0.6-A4-s42,high,twostage,99,124,2.872,67.0,1,88.0,46.29
S8x4x4-LD21-H0.3-F0.6-A4-s42,high,twostage,99,125,2.894,67.0,1,88.0,46.29
S8x4x4-LD21-H0.3-F0.6-A4-s42,high,twostage,99,126,2.917,67.0,1,88.0,46.29
S8x4x4-LD21-H0.3-F0.6-A4-s42,high,twostage,99,127,2.939,67.0,1,88.0,46.29
S8x4x4-LD21-H0.3-F0.6-A4-s42,high,twostage,99,128,2.964,67.0,1,88.0,46.29
S8x4x4-LD21-H0.3-F0.6-A4-s42,high,twostage,99,129,2.986,67.0,1,88.0,46.29
S8x4x4-LD21-H0.3-F0.6-A4-s42,high,twostage,99,130,3.008,67.0,1,88.0,46.29
S8x4x4-LD21-H0.3-F0.6-A4-s42,high,twostage,99,131,3.031,67.0,1,88.0,46.29
S8x4x4-LD21-H0.3-F0.6-A4-s42,high,twostage,99,132,3.053,67.0,1,88.0,46.29
S8x4x4-LD21-H0.3-F0.6-A4-s42,high,twostage,99,133,3.078,67.0,1,88.0,46.29
S8x4x4-LD21-H0.3-F0.6-A4-s42,high,twostage,99,134,3.101,67.0,1,88.0,46.29
S8x4x4-LD21-H0.3-F0.6-A4-s42,high,twostage,99,135,3.124,67.0,1,88.0,46.29
S8x4x4-LD21-H0.3-F0.6-A4-s42,high,twostage,99,136,3.147,67.0,1,88.0,46.29
S8x4x4-LD21-H0.3-F0.6-A4-s42,high,twostage,99,137,3.169,67.0,1,88.0,46.29
S8x4x4-LD21-H0.3-F0.6-A4-s42,high,twostage,99,138,3.195,67.0,1,88.0,46.29
S8x4x4-LD21-H0.3-F0.6-A4-s42,high,twostage,99,139,3.217,67.0,1,88.0,46.29
S8x4x4-LD21-H0.3-F0.6-A4-s42,high,twostage,99,140,3.239,67.0,1,88.0,46.29
S8x4x4-LD21-H0.3-F0.6-A4-s42,high,twostage,99,141,3.261,67.0,1,88.0,46.29
S8x4x4-LD21-H0.3-F0.6-A4-s42,high,twostage,99,142,3.284,67.0,1,88.0,46.29
S8x4x4-LD21-H0.3-F0.6-A4-s42,high,twostage,99,143,3.308,67.0,1,88.0,46.29
S8x4x4-LD21-H0.3-F0.6-A4-s42,high,twostage,99,144,3.33,67.0,1,88.0,46.29
S8x4x4-LD21-H0.3-F0.6-A4-s42,high,twostage,99,145,3.352,67.0,1,88.0,46.29
S8x4x4-LD21-H0.3-F0.6-A4-s42,high,twostage,99,146,3.375,67.0,1,88.0,46.29
S8x4x4-LD21-H0.3-F0.6-A4-s42,high,twostage,99,147,3.398,67.0,1,88.0,46.29
S8x4x4-LD21-H0.3-F0.6-A4-s42,high,twostage,99,148,3.424,67.0,1,88.0,46.29
S8x4x4-LD21-H0.3-F0.6-A4-s42,high,twostage,99,149,3.447,67.0,1,88.0,46.29
S8x4x4-LD21-H0.3-F0.6-A4-s42,high,twostage,99,150,3.469,67.0,1,88.0,46.29
S8x4x4-LD21-H0.3-F0.6-A4-s42,high,twostage,99,151,3.492,67.0,1,88.0,46.29
S8x4x4-LD21-H0.3-F0.6-A4-s42,high,twostage,99,152,3.515,67.0,1,88.0,46.29
S8x4x4-LD21-H0.3-F0.6-A4-s42,high,twostage,99,153,3.541,67.0,1,88.0,46.29
S8x4x4-LD21-H0.3-F0.6-A4-s42,high,twostage,99,154,3.563,67.0,1,88.0,46.29
S8x4x4-LD21-H0.3-F0.6-A4-s42,high,twostage,99,155,3.586,67.0,1,88.0,46.29
S8x4x4-LD21-H0.3-F0.6-A4-s42,high,twostage,99,156,3.609,67.0,1,88.0,46.29
S8x4x4-LD21-H0.3-F0.6-A4-s42,high,twostage,99,157,3.632,67.0,1,88.0,46.29
S8x4x4-LD21-H0.3-F0.6-A4-s42,high,twostage,99,158,3.658,67.0,1,88.0,46.29
S8x4x4-LD21-H0.3-F0.6-A4-s42,high,twostage,99,159,3.681,67.0,1,88.0,46.29
S8x4x4-LD21-H0.3-F0.6-A4-s42,high,twostage,99,160,3.704,67.0,1,88.0,46.29
S8x4x4-LD21-H0.3-F0.6-A4-s42,high,twostage,99,161,3.726,67.0,1,88.0,46.29
S8x4x4-LD21-H0.3-F0.6-A4-s42,high,twostage,99,162,3.751,67.0,1,88.0,46.29
S8x4x4-LD21-H0.3-F0.6-A4-s42,high,twostage,99,163,3.773,67.0,1,88.0,46.29
S8x4x4-LD21-H0.3-F0.6-A4-s42,high,twostage,99,164,3.795,67.0,1,88.0,46.29
S8x4x4-LD21-H0.3-F0.6-A4-s42,high,twostage,99,165,3.818,67.0,1,88.0,46.29
S8x4x4-LD21-H0.3-F0.6-A4-s42,high,twostage,99,166,3.841,67.0,1,88.0,46.29
S8x4x4-LD21-H0.3-F0.6-A4-s42,high,twostage,99,167,3.866,67.0,1,88.0,46.29
S8x4x4-LD21-H0.3-F0.6-A4-s42,high,twostage,99,168,3.889,67.0,1,88.0,46.29
S8x4x4-LD21-H0.3-F0.6-A4-s42,high,twostage,99,169,3.911,67.0,1,88.0,46.29
S8x4x4-LD21-H0.3-F0.6-A4-s42,high,twostage,99,170,3.933,67.0,1,88.0,46.29
S8x4x4-LD21-H0.3-F0.6-A4-s42,high,twostage,99,171,3.956,67.0,1,88.0,46.29
S8x4x4-LD21-H0.3-F0.6-A4-s42,high,twostage,99,172,3.981,67.0,1,88.0,46.29
S8x4x4-LD21-H0.3-F0.6-A4-s42,high,twostage,99,173,4.003,67.0,1,88.0,46.29
S8x4x4-LD21-H0.3-F0.6-A4-s42,high,twostage,99,174,4.025,67.0,1,88.0,46.29
S8x4x4-LD21-H0.3-F0.6-A4-s42,high,twostage,99,175,4.048,67.0,1,88.0,46.29
S8x4x4-LD21-H0.3-F0.6-A4-s42,high,twostage,99,176,4.071,67.0,1,88.0,46.29
S8x4x4-LD21-H0.3-F0.6-A4-s42,high,twostage,99,177,4.096,67.0,1,88.0,46.29
S8x4x4-LD21-H0.3-F0.6-A4-s42,high,twostage,99,178,4.119,67.0,1,88.0,46.29
S8x4x4-LD21-H0.3-F0.6-A4-s42,high,twostage,99,179,4.143,67.0,1,88.0,46.29
S8x4x4-LD21-H0.3-F0.6-A4-s42,high,twostage,99,180,4.165,67.0,1,88.0,46.29
S8x4x4-LD21-H0.3-F0.6-A4-s42,high,twostage,99,181,4.188,67.0,1,88.0,46.29
S8x4x4-LD21-H0.3-F0.6-A4-s42,high,twostage,99,182,4.213,67.0,1,88.0,46.29
S8x4x4-LD21-H0.3-F0.6-A4-s42,high,twostage,99,183,4.234,67.0,1,88.0,46.29
S8x4x4-LD21-H0.3-F0.6-A4-s42,high,twostage,99,184,4.258,67.0,1,88.0,46.29
S8x4x4-LD21-H0.3-F0.6-A4-s42,high,twostage,99,185,4.279,67.0,1,88.0,46.29
S8x4x4-LD21-H0.3-F0.6-A4-s42,high,twostage,99,186,4.301,67.0,1,88.0,46.29
S8x4x4-LD21-H0.3-F0.6-A4-s42,high,twostage,99,187,4.326,67.0,1,88.0,46.29
S8x4x4-LD21-H0.3-F0.6-A4-s42,high,twostage,99,188,4.349,67.0,1,88.0,46.29
S8x4x4-LD21-H0.3-F0.6-A4-s42,high,twostage,99,189,4.372,67.0,1,88.0,46.29
S8x4x4-LD21-H0.3-F0.6-A4-s42,high,twostage,99,190,4.394,67.0,1,88.0,46.29
S8x4x4-LD21-H0.3-F0.6-A4-s42,high,twostage,99,191,4.417,67.0,1,88.0,46.29
S8x4x4-LD21-H0.3-F0.6-A4-s42,high,twostage,99,192,4.443,67.0,1,88.0,46.29
S8x4x4-LD21-H0.3-F0.6-A4-s42,high,twostage,99,193,4.466,67.0,1,88.0,46.29
S8x4x4-LD21-H0.3-F0.6-A4-s42,high,twostage,99,194,4.488,67.0,1,88.0,46.29
S8x4x4-LD21-H0.3-F0.6-A4-s42,high,twostage,99,195,4.51,67.0,1,88.0,46.29
S8x4x4-LD21-H0.3-F0.6-A4-s42,high,twostage,99,196,4.533,67.0,1,88.0,46.29
S8x4x4-LD21-H0.3-F0.6-A4-s42,high,twostage,99,197,4.559,67.0,1,88.0,46.29
S8x4x4-LD21-H0.3-F0.6-A4-s42,high,twostage,99,198,4.582,67.0,1,88.0,46.29
S8x4x4-LD21-H0.3-F0.6-A4-s42,high,twostage,99,199,4.605,67.0,1,88.0,46.29
S8x4x4-LD21-H0.3-F0.6-A4-s42,high,twostage,99,200,4.627,67.0,1,88.0,46.29
S8x4x4-LD21-H0.3-F0.6-A4-s42,high,twostage,99,201,4.651,67.0,1,88.0,46.29
S8x4x4-LD21-H0.3-F0.6-A4-s42,high,twostage,99,202,4.676,67.0,1,88.0,46.29
S8x4x4-LD21-H0.3-F0.6-A4-s42,high,twostage,99,203,4.7,67.0,1,88.0,46.29
S8x4x4-LD21-H0.3-F0.6-A4-s42,high,twostage,99,204,4.722,67.0,1,88.0,46.29
S8x4x4-LD21-H0.3-F0.6-A4-s42,high,twostage,99,205,4.745,67.0,1,88.0,46.29
S8x4x4-LD21-H0.3-F0.6-A4-s42,high,twostage,99,206,4.767,67.0,1,88.0,46.29
S8x4x4-LD21-H0.3-F0.6-A4-s42,high,twostage,99,207,4.792,67.0,1,88.0,46.29
S8x4x4-LD21-H0.3-F0.6-A4-s42,high,twostage,99,208,4.814,67.0,1,88.0,46.29
S8x4x4-LD21-H0.3-F0.6-A4-s42,high,twostage,99,209,4.837,67.0,1,88.0,46.29
S8x4x4-LD21-H0.3-F0.6-A4-s42,high,twostage,99,210,4.86,67.0,1,88.0,46.29
S8x4x4-LD21-H0.3-F0.6-A4-s42,high,twostage,99,211,4.884,67.0,1,88.0,46.29
S8x4x4-LD21-H0.3-F0.6-A4-s42,high,twostage,99,212,4.907,67.0,1,88.0,46.29
S8x4x4-LD21-H0.3-F0.6-A4-s42,high,twostage,99,213,4.93,67.0,1,88.0,46.29
S8x4x4-LD21-H0.3-F0.6-A4-s42,high,twostage,99,214,4.953,67.0,1,88.0,46.29
S8x4x4-LD21-H0.3-F0.6-A4-s42,high,twostage,99,215,4.975,67.0,1,88.0,46.29
S8x4x4-LD21-H0.3-F0.6-A4-s42,high,twostage,99,216,5.0,67.0,1,88.0,46.29
S8x4x4-LD21-H0.3-F0.6-A4-s42,high,twostage,99,217,5.023,67.0,1,88.0,46.29
S8x4x4-LD21-H0.3-F0.6-A4-s42,high,twostage,99,218,5.045,67.0,1,88.0,46.29
S8x4x4-LD21-H0.3-F0.6-A4-s42,high,twostage,99,219,5.068,67.0,1,88.0,46.29
S8x4x4-LD21-H0.3-F0.6-A4-s42,high,twostage,99,220,5.091,67.0,1,88.0,46.29
S8x4x4-LD21-H0.3-F0.6-A4-s42,high,twostage,99,221,5.117,67.0,1,88.0,46.29
S8x4x4-LD21-H0.3-F0.6-A4-s42,high,twostage,99,222,5.139,67.0,1,88.0,46.29
S8x4x4-LD21-H0.3-F0.6-A4-s42,high,twostage,99,223,5.162,67.0,1,88.0,46.29
S8x4x4-LD21-H0.3-F0.6-A4-s42,high,twostage,99,224,5.185,67.0,1,88.0,46.29
S8x4x4-LD21-H0.3-F0.6-A4-s42,high,twostage,99,225,5.208,67.0,1,88.0,46.29
S8x4x4-LD21-H0.3-F0.6-A4-s42,high,twostage,99,226,5.232,67.0,1,88.0,46.29
S8x4x4-LD21-H0.3-F0.6-A4-s42,high,twostage,99,227,5.256,67.0,1,88.0,46.29
S8x4x4-LD21-H0.3-F0.6-A4-s42,high,twostage,99,228,5.278,67.0,1,88.0,46.29
S8x4x4-LD21-H0.3-F0.6-A4-s42,high,twostage,99,229,5.3,67.0,1,88.0,46.29
S8x4x4-LD21-H0.3-F0.6-A4-s42,high,twostage,99,230,5.323,67.0,1,88.0,46.29
S8x4x4-LD21-H0.3-F0.6-A4-s42,high,twostage,99,231,5.348,67.0,1,88.0,46.29
S8x4x4-LD21-H0.3-F0.6-A4-s42,high,twostage,99,232,5.371,67.0,1,88.0,46.29
S8x4x4-LD21-H0.3-F0.6-A4-s42,high,twostage,99,233,5.393,67.0,1,88.0,46.29
S8x4x4-LD21-H0.3-F0.6-A4-s42,high,twostage,99,234,5.416,67.0,1,88.0,46.29
S8x4x4-LD21-H0.3-F0.6-A4-s42,high,twostage,99,235,5.439,67.0,1,88.0,46.29
S8x4x4-LD21-H0.3-F0.6-A4-s42,high,twostage,99,236,5.465,67.0,1,88.0,46.29
S8x4x4-LD21-H0.3-F0.6-A4-s42,high,twostage,99,237,5.488,67.0,1,88.0,46.29
S8x4x4-LD21-H0.3-F0.6-A4-s42,high,twostage,99,238,5.51,67.0,1,88.0,46.29
S8x4x4-LD21-H0.3-F0.6-A4-s42,high,twostage,99,239,5.534,67.0,1,88.0,46.29
S8x4x4-LD21-H0.3-F0.6-A4-s42,high,twostage,99,240,5.556,67.0,1,88.0,46.29
S8x4x4-LD21-H0.3-F0.6-A4-s42,high,twostage,99,241,5.582,67.0,1,88.0,46.29
S8x4x4-LD21-H0.3-F0.6-A4-s42,high,twostage,99,242,5.604,67.0,1,88.0,46.29
S8x4x4-LD21-H0.3-F0.6-A4-s42,high,twostage,99,243,5.626,67.0,1,88.0,46.29
S8x4x4-LD21-H0.3-F0.6-A4-s42,high,twostage,99,244,5.648,67.0,1,88.0,46.29
S8x4x4-LD21-H0.3-F0.6-A4-s42,high,twostage,99,245,5.671,67.0,1,88.0,46.29
S8x4x4-LD21-H0.3-F0.6-A4-s42,high,twostage,99,246,5.696,67.0,1,88.0,46.29
S8x4x4-LD21-H0.3-F0.6-A4-s42,high,twostage,99,247,5.719,67.0,1,88.0,46.29
S8x4x4-LD21-H0.3-F0.6-A4-s42,high,twostage,99,248,5.742,67.0,1,88.0,46.29
S8x4x4-LD21-H0.3-F0.6-A4-s42,high,twostage,99,249,5.763,67.0,1,88.0,46.29
S8x4x4-LD21-H0.3-F0.6-A4-s42,high,twostage,99,250,5.786,67.0,1,88.0,46.29
S8x4x4-LD21-H0.3-F0.6-A4-s42,high,twostage,99,251,5.811,67.0,1,88.0,46.29
S8x4x4-LD21-H0.3-F0.6-A4-s42,high,twostage,99,252,5.834,67.0,1,88.0,46.29
S8x4x4-LD21-H0.3-F0.6-A4-s42,high,twostage,99,253,5.857,67.0,1,88.0,46.29
S8x4x4-LD21-H0.3-F0.6-A4-s42,high,twostage,99,254,5.878,67.0,1,88.0,46.29
S8x4x4-LD21-H0.3-F0.6-A4-s42,high,twostage,99,255,5.901,67.0,1,88.0,46.29
S8x4x4-LD21-H0.3-F0.6-A4-s42,high,twostage,99,256,5.926,67.0,1,88.0,46.29
S8x4x4-LD21-H0.3-F0.6-A4-s42,high,twostage,99,257,5.949,67.0,1,88.0,46.29
S8x4x4-LD21-H0.3-F0.6-A4-s42,high,twostage,99,258,5.972,67.0,1,88.0,46.29
S8x4x4-LD21-H0.3-F0.6-A4-s42,high,twostage,99,259,6.0,67.0,1,88.0,46.29
S8x4x4-LD21-H0.3-F0.6-A4-s42,high,twostage,99,260,6.031,67.0,1,88.0,46.29
S8x4x4-LD21-H0.3-F0.6-A4-s42,high,twostage,99,261,6.053,67.0,1,88.0,46.29
S8x4x4-LD21-H0.3-F0.6-A4-s42,high,twostage,99,262,6.075,67.0,1,88.0,46.29
S8x4x4-LD21-H0.3-F0.6-A4-s42,high,twostage,99,263,6.098,67.0,1,88.0,46.29
S8x4x4-LD21-H0.3-F0.6-A4-s42,high,twostage,99,264,6.121,67.0,1,88.0,46.29
S8x4x4-LD21-H0.3-F0.6-A4-s42,high,twostage,99,265,6.147,67.0,1,88.0,46.29
S8x4x4-LD21-H0.3-F0.6-A4-s42,high,twostage,99,266,6.169,67.0,1,88.0,46.29
S8x4x4-LD21-H0.3-F0.6-A4-s42,high,twostage,99,267,6.193,67.0,1,88.0,46.29
S8x4x4-LD21-H0.3-F0.6-A4-s42,high,twostage,99,268,6.215,67.0,1,88.0,46.29
S8x4x4-LD21-H0.3-F0.6-A4-s42,high,twostage,99,269,6.239,67.0,1,88.0,46.29
S8x4x4-LD21-H0.3-F0.6-A4-s42,high,twostage,99,270,6.265,67.0,1,88.0,46.29
S8x4x4-LD21-H0.3-F0.6-A4-s42,high,twostage,99,271,6.286,67.0,1,88.0,46.29
S8x4x4-LD21-H0.3-F0.6-A4-s42,high,twostage,99,272,6.309,67.0,1,88.0,46.29
S8x4x4-LD21-H0.3-F0.6-A4-s42,high,twostage,99,273,6.332,67.0,1,88.0,46.29
S8x4x4-LD21-H0.3-F0.6-A4-s42,high,twostage,99,274,6.354,67.0,1,88.0,46.29
S8x4x4-LD21-H0.3-F0.6-A4-s42,high,twostage,99,275,6.379,67.0,1,88.0,46.29
S8x4x4-LD21-H0.3-F0.6-A4-s42,high,twostage,99,276,6.402,67.0,1,88.0,46.29
S8x4x4-LD21-H0.3-F0.6-A4-s42,high,twostage,99,277,6.424,67.0,1,88.0,46.29
S8x4x4-LD21-H0.3-F0.6-A4-s42,high,twostage,99,278,6.447,67.0,1,88.0,46.29
S8x4x4-LD21-H0.3-F0.6-A4-s42,high,twostage,99,279,6.47,67.0,1,88.0,46.29
S8x4x4-LD21-H0.3-F0.6-A4-s42,high,twostage,99,280,6.495,67.0,1,88.0,46.29
S8x4x4-LD21-H0.3-F0.6-A4-s42,high,twostage,99,281,6.518,67.0,1,88.0,46.29
S8x4x4-LD21-H0.3-F0.6-A4-s42,high,twostage,99,282,6.541,67.0,1,88.0,46.29
S8x4x4-LD21-H0.3-F0.6-A4-s42,high,twostage,99,283,6.563,67.0,1,88.0,46.29
S8x4x4-LD21-H0.3-F0.6-A4-s42,high,twostage,99,284,6.586,67.0,1,88.0,46.29
S8x4x4-LD21-H0.3-F0.6-A4-s42,high,twostage,99,285,6.611,67.0,1,88.0,46.29
S8x4x4-LD21-H0.3-F0.6-A4-s42,high,twostage,99,286,6.633,67.0,1,88.0,46.29
S8x4x4-LD21-H0.3-F0.6-A4-s42,high,twostage,99,287,6.656,67.0,1,88.0,46.29
S8x4x4-LD21-H0.3-F0.6-A4-s42,high,twostage,99,288,6.678,67.0,1,88.0,46.29
S8x4x4-LD21-H0.3-F0.6-A4-s42,high,twostage,99,289,6.701,67.0,1,88.0,46.29
S8x4x4-LD21-H0.3-F0.6-A4-s42,high,twostage,99,290,6.727,67.0,1,88.0,46.29
S8x4x4-LD21-H0.3-F0.6-A4-s42,high,twostage,99,291,6.75,67.0,1,88.0,46.29
S8x4x4-LD21-H0.3-F0.6-A4-s42,high,twostage,99,292,6.775,67.0,1,88.0,46.29
S8x4x4-LD21-H0.3-F0.6-A4-s42,high,twostage,99,293,6.798,67.0,1,88.0,46.29
S8x4x4-LD21-H0.3-F0.6-A4-s42,high,twostage,99,294,6.821,67.0,1,88.0,46.29
S8x4x4-LD21-H0.3-F0.6-A4-s42,high,twostage,99,295,6.846,67.0,1,88.0,46.29
S8x4x4-LD21-H0.3-F0.6-A4-s42,high,twostage,99,296,6.868,67.0,1,88.0,46.29
S8x4x4-LD21-H0.3-F0.6-A4-s42,high,twostage,99,297,6.891,67.0,1,88.0,46.29
S8x4x4-LD21-H0.3-F0.6-A4-s42,high,twostage,99,298,6.913,67.0,1,88.0,46.29
S8x4x4-LD21-H0.3-F0.6-A4-s42,high,twostage,99,299,6.936,67.0,1,88.0,46.29
S8x4x4-LD21-H0.3-F0.6-A4-s42,high,twostage,99,300,6.96,67.0,1,88.0,46.29
S8x4x4-LD21-H0.3-F0.6-A4-s42,high,twostage,99,301,6.984,67.0,1,88.0,46.29
S8x4x4-LD21-H0.3-F0.6-A4-s42,high,twostage,99,302,7.006,67.0,1,88.0,46.29
S8x4x4-LD21-H0.3-F0.6-A4-s42,high,twostage,99,303,7.029,67.0,1,88.0,46.29
S8x4x4-LD21-H0.3-F0.6-A4-s42,high,twostage,99,304,7.052,67.0,1,88.0,46.29
S8x4x4-LD21-H0.3-F0.6-A4-s42,high,twostage,99,305,7.077,67.0,1,88.0,46.29
S8x4x4-LD21-H0.3-F0.6-A4-s42,high,twostage,99,306,7.1,67.0,1,88.0,46.29
S8x4x4-LD21-H0.3-F0.6-A4-s42,high,twostage,99,307,7.122,67.0,1,88.0,46.29
S8x4x4-LD21-H0.3-F0.6-A4-s42,high,twostage,99,308,7.145,67.0,1,88.0,46.29
S8x4x4-LD21-H0.3-F0.6-A4-s42,high,twostage,99,309,7.17,67.0,1,88.0,46.29
S8x4x4-LD21-H0.3-F0.6-A4-s42,high,twostage,99,310,7.192,67.0,1,88.0,46.29
S8x4x4-LD21-H0.3-F0.6-A4-s42,high,twostage,99,311,7.215,67.0,1,88.0,46.29
S8x4x4-LD21-H0.3-F0.6-A4-s42,high,twostage,99,312,7.238,67.0,1,88.0,46.29
S8x4x4-LD21-H0.3-F0.6-A4-s42,high,twostage,99,313,7.26,67.0,1,88.0,46.29
S8x4x4-LD21-H0.3-F0.6-A4-s42,high,twostage,99,314,7.284,67.0,1,88.0,46.29
S8x4x4-LD21-H0.3-F0.6-A4-s42,high,twostage,99,315,7.307,67.0,1,88.0,46.29
S8x4x4-LD21-H0.3-F0.6-A4-s42,high,twostage,99,316,7.331,67.0,1,88.0,46.29
S8x4x4-LD21-H0.3-F0.6-A4-s42,high,twostage,99,317,7.354,67.0,1,88.0,46.29
S8x4x4-LD21-H0.3-F0.6-A4-s42,high,twostage,99,318,7.377,67.0,1,88.0,46.29
S8x4x4-LD21-H0.3-F0.6-A4-s42,high,twostage,99,319,7.402,67.0,1,88.0,46.29
S8x4x4-LD21-H0.3-F0.6-A4-s42,high,twostage,99,320,7.425,67.0,1,88.0,46.29
S8x4x4-LD21-H0.3-F0.6-A4-s42,high,twostage,99,321,7.449,67.0,1,88.0,46.29
S8x4x4-LD21-H0.3-F0.6-A4-s42,high,twostage,99,322,7.472,67.0,1,88.0,46.29
S8x4x4-LD21-H0.3-F0.6-A4-s42,high,twostage,99,323,7.494,67.0,1,88.0,46.29
S8x4x4-LD21-H0.3-F0.6-A4-s42,high,twostage,99,324,7.519,67.0,1,88.0,46.29
S8x4x4-LD21-H0.3-F0.6-A4-s42,high,twostage,99,325,7.541,67.0,1,88.0,46.29
S8x4x4-LD21-H0.3-F0.6-A4-s42,high,twostage,99,326,7.563,67.0,1,88.0,46.29
S8x4x4-LD21-H0.3-F0.6-A4-s42,high,twostage,99,327,7.586,67.0,1,88.0,46.29
S8x4x4-LD21-H0.3-F0.6-A4-s42,high,twostage,99,328,7.609,67.0,1,88.0,46.29
S8x4x4-LD21-H0.3-F0.6-A4-s42,high,twostage,99,329,7.634,67.0,1,88.0,46.29
S8x4x4-LD21-H0.3-F0.6-A4-s42,high,twostage,99,330,7.656,67.0,1,88.0,46.29
S8x4x4-LD21-H0.3-F0.6-A4-s42,high,twostage,99,331,7.679,67.0,1,88.0,46.29
S8x4x4-LD21-H0.3-F0.6-A4-s42,high,twostage,99,332,7.701,67.0,1,88.0,46.29
S8x4x4-LD21-H0.3-F0.6-A4-s42,high,twostage,99,333,7.725,67.0,1,88.0,46.29
S8x4x4-LD21-H0.3-F0.6-A4-s42,high,twostage,99,334,7.75,67.0,1,88.0,46.29
S8x4x4-LD21-H0.3-F0.6-A4-s42,high,twostage,99,335,7.772,67.0,1,88.0,46.29
S8x4x4-LD21-H0.3-F0.6-A4-s42,high,twostage,99,336,7.795,67.0,1,88.0,46.29
S8x4x4-LD21-H0.3-F0.6-A4-s42,high,twostage,99,337,7.819,67.0,1,88.0,46.29
S8x4x4-LD21-H0.3-F0.6-A4-s42,high,twostage,99,338,7.844,67.0,1,88.0,46.29
S8x4x4-LD21-H0.3-F0.6-A4-s42,high,twostage,99,339,7.871,67.0,1,88.0,46.29
S8x4x4-LD21-H0.3-F0.6-A4-s42,high,twostage,99,340,7.899,67.0,1,88.0,46.29
S8x4x4-LD21-H0.3-F0.6-A4-s42,high,twostage,99,341,7.928,67.0,1,88.0,46.29
S8x4x4-LD21-H0.3-F0.6-A4-s42,high,twostage,99,342,7.956,67.0,1,88.0,46.29
S8x4x4-LD21-H0.3-F0.6-A4-s42,high,twostage,99,343,7.98,67.0,1,88.0,46.29
S8x4x4-LD21-H0.3-F0.6-A4-s42,high,twostage,99,344,8.005,67.0,1,88.0,46.29
S8x4x4-LD21-H0.3-F0.6-A4-s42,high,twostage,99,345,8.028,67.0,1,88.0,46.29
S8x4x4-LD21-H0.3-F0.6-A4-s42,high,twostage,99,346,8.051,67.0,1,88.0,46.29
S8x4x4-LD21-H0.3-F0.6-A4-s42,high,twostage,99,347,8.074,67.0,1,88.0,46.29
S8x4x4-LD21-H0.3-F0.6-A4-s42,high,twostage,99,348,8.102,67.0,1,88.0,46.29
S8x4x4-LD21-H0.3-F0.6-A4-s42,high,twostage,99,349,8.132,67.0,1,88.0,46.29
S8x4x4-LD21-H0.3-F0.6-A4-s42,high,twostage,99,350,8.156,67.0,1,88.0,46.29
S8x4x4-LD21-H0.3-F0.6-A4-s42,high,twostage,99,351,8.178,67.0,1,88.0,46.29
S8x4x4-LD21-H0.3-F0.6-A4-s42,high,twostage,99,352,8.205,67.0,1,88.0,46.29
S8x4x4-LD21-H0.3-F0.6-A4-s42,high,twostage,99,353,8.232,67.0,1,88.0,46.29
S8x4x4-LD21-H0.3-F0.6-A4-s42,high,twostage,99,354,8.26,67.0,1,88.0,46.29
S8x4x4-LD21-H0.3-F0.6-A4-s42,high,twostage,99,355,8.284,67.0,1,88.0,46.29
S8x4x4-LD21-H0.3-F0.6-A4-s42,high,twostage,99,356,8.314,67.0,1,88.0,46.29
S8x4x4-LD21-H0.3-F0.6-A4-s42,high,twostage,99,357,8.352,67.0,1,88.0,46.29
S8x4x4-LD21-H0.3-F0.6-A4-s42,high,twostage,99,358,8.381,67.0,1,88.0,46.29
S8x4x4-LD21-H0.3-F0.6-A4-s42,high,twostage,99,359,8.407,67.0,1,88.0,46.29
S8x4x4-LD21-H0.3-F0.6-A4-s42,high,twostage,99,360,8.434,67.0,1,88.0,46.29
S8x4x4-LD21-H0.3-F0.6-A4-s42,high,twostage,99,361,8.467,67.0,1,88.0,46.29
S8x4x4-LD21-H0.3-F0.6-A4-s42,high,twostage,99,362,8.497,67.0,1,88.0,46.29
S8x4x4-LD21-H0.3-F0.6-A4-s42,high,twostage,99,363,8.531,67.0,1,88.0,46.29
S8x4x4-LD21-H0.3-F0.6-A4-s42,high,twostage,99,364,8.557,67.0,1,88.0,46.29
S8x4x4-LD21-H0.3-F0.6-A4-s42,high,twostage,99,365,8.582,67.0,1,88.0,46.29
S8x4x4-LD21-H0.3-F0.6-A4-s42,high,twostage,99,366,8.605,67.0,1,88.0,46.29
S8x4x4-LD21-H0.3-F0.6-A4-s42,high,twostage,99,367,8.63,67.0,1,88.0,46.29
S8x4x4-LD21-H0.3-F0.6-A4-s42,high,twostage,99,368,8.659,67.0,1,88.0,46.29
S8x4x4-LD21-H0.3-F0.6-A4-s42,high,twostage,99,369,8.685,67.0,1,88.0,46.29
S8x4x4-LD21-H0.3-F0.6-A4-s42,high,twostage,99,370,8.708,67.0,1,88.0,46.29
S8x4x4-LD21-H0.3-F0.6-A4-s42,high,twostage,99,371,8.743,67.0,1,88.0,46.29
S8x4x4-LD21-H0.3-F0.6-A4-s42,high,twostage,99,372,8.766,67.0,1,88.0,46.29
S8x4x4-LD21-H0.3-F0.6-A4-s42,high,twostage,99,373,8.792,67.0,1,88.0,46.29
S8x4x4-LD21-H0.3-F0.6-A4-s42,high,twostage,99,374,8.815,67.0,1,88.0,46.29
S8x4x4-LD21-H0.3-F0.6-A4-s42,high,twostage,99,375,8.839,67.0,1,88.0,46.29
S8x4x4-LD21-H0.3-F0.6-A4-s42,high,twostage,99,376,8.862,67.0,1,88.0,46.29
S8x4x4-LD21-H0.3-F0.6-A4-s42,high,twostage,99,377,8.886,67.0,1,88.0,46.29
S8x4x4-LD21-H0.3-F0.6-A4-s42,high,twostage,99,378,8.914,67.0,1,88.0,46.29
S8x4x4-LD21-H0.3-F0.6-A4-s42,high,twostage,99,379,8.938,67.0,1,88.0,46.29
S8x4x4-LD21-H0.3-F0.6-A4-s42,high,twostage,99,380,8.961,67.0,1,88.0,46.29
S8x4x4-LD21-H0.3-F0.6-A4-s42,high,twostage,99,381,8.983,67.0,1,88.0,46.29
S8x4x4-LD21-H0.3-F0.6-A4-s42,high,twostage,99,382,9.006,67.0,1,88.0,46.29
S8x4x4-LD21-H0.3-F0.6-A4-s42,high,twostage,99,383,9.032,67.0,1,88.0,46.29
S8x4x4-LD21-H0.3-F0.6-A4-s42,high,twostage,99,384,9.053,67.0,1,88.0,46.29
S8x4x4-LD21-H0.3-F0.6-A4-s42,high,twostage,99,385,9.076,67.0,1,88.0,46.29
S8x4x4-LD21-H0.3-F0.6-A4-s42,high,twostage,99,386,9.098,67.0,1,88.0,46.29
S8x4x4-LD21-H0.3-F0.6-A4-s42,high,twostage,99,387,9.123,67.0,1,88.0,46.29
S8x4x4-LD21-H0.3-F0.6-A4-s42,high,twostage,99,388,9.148,67.0,1,88.0,46.29
S8x4x4-LD21-H0.3-F0.6-A4-s42,high,twostage,99,389,9.171,67.0,1,88.0,46.29
S8x4x4-LD21-H0.3-F0.6-A4-s42,high,twostage,99,390,9.195,67.0,1,88.0,46.29
S8x4x4-LD21-H0.3-F0.6-A4-s42,high,twostage,99,391,9.217,67.0,1,88.0,46.29
S8x4x4-LD21-H0.3-F0.6-A4-s42,high,twostage,99,392,9.24,67.0,1,88.0,46.29
S8x4x4-LD21-H0.3-F0.6-A4-s42,high,twostage,99,393,9.265,67.0,1,88.0,46.29
S8x4x4-LD21-H0.3-F0.6-A4-s42,high,twostage,99,394,9.288,67.0,1,88.0,46.29
S8x4x4-LD21-H0.3-F0.6-A4-s42,high,twostage,99,395,9.311,67.0,1,88.0,46.29
S8x4x4-LD21-H0.3-F0.6-A4-s42,high,twostage,99,396,9.334,67.0,1,88.0,46.29
S8x4x4-LD21-H0.3-F0.6-A4-s42,high,twostage,99,397,9.356,67.0,1,88.0,46.29
S8x4x4-LD21-H0.3-F0.6-A4-s42,high,twostage,99,398,9.381,67.0,1,88.0,46.29
S8x4x4-LD21-H0.3-F0.6-A4-s42,high,twostage,99,399,9.405,67.0,1,88.0,46.29
S8x4x4-LD21-H0.3-F0.6-A4-s42,high,twostage,99,400,9.428,67.0,1,88.0,46.29
S8x4x4-LD21-H0.3-F0.6-A4-s42,high,twostage,99,401,9.451,67.0,1,88.0,46.29
S8x4x4-LD21-H0.3-F0.6-A4-s42,high,twostage,99,402,9.473,67.0,1,88.0,46.29
S8x4x4-LD21-H0.3-F0.6-A4-s42,high,twostage,99,403,9.498,67.0,1,88.0,46.29
S8x4x4-LD21-H0.3-F0.6-A4-s42,high,twostage,99,404,9.521,67.0,1,88.0,46.29
S8x4x4-LD21-H0.3-F0.6-A4-s42,high,twostage,99,405,9.544,67.0,1,88.0,46.29
S8x4x4-LD21-H0.3-F0.6-A4-s42,high,twostage,99,406,9.566,67.0,1,88.0,46.29
S8x4x4-LD21-H0.3-F0.6-A4-s42,high,twostage,99,407,9.591,67.0,1,88.0,46.29
S8x4x4-LD21-H0.3-F0.6-A4-s42,high,twostage,99,408,9.615,67.0,1,88.0,46.29
S8x4x4-LD21-H0.3-F0.6-A4-s42,high,twostage,99,409,9.638,67.0,1,88.0,46.29
S8x4x4-LD21-H0.3-F0.6-A4-s42,high,twostage,99,410,9.661,67.0,1,88.0,46.29
S8x4x4-LD21-H0.3-F0.6-A4-s42,high,twostage,99,411,9.684,67.0,1,88.0,46.29
S8x4x4-LD21-H0.3-F0.6-A4-s42,high,twostage,99,412,9.711,67.0,1,88.0,46.29
S8x4x4-LD21-H0.3-F0.6-A4-s42,high,twostage,99,413,9.734,67.0,1,88.0,46.29
S8x4x4-LD21-H0.3-F0.6-A4-s42,high,twostage,99,414,9.756,67.0,1,88.0,46.29
S8x4x4-LD21-H0.3-F0.6-A4-s42,high,twostage,99,415,9.778,67.0,1,88.0,46.29
S8x4x4-LD21-H0.3-F0.6-A4-s42,high,twostage,99,416,9.8,67.0,1,88.0,46.29
S8x4x4-LD21-H0.3-F0.6-A4-s42,high,twostage,99,417,9.824,67.0,1,88.0,46.29
S8x4x4-LD21-H0.3-F0.6-A4-s42,high,twostage,99,418,9.847,67.0,1,88.0,46.29
S8x4x4-LD21-H0.3-F0.6-A4-s42,high,twostage,99,419,9.869,67.0,1,88.0,46.29
S8x4x4-LD21-H0.3-F0.6-A4-s42,high,twostage,99,420,9.892,67.0,1,88.0,46.29
S8x4x4-LD21-H0.3-F0.6-A4-s42,high,twostage,99,421,9.914,67.0,1,88.0,46.29
S8x4x4-LD21-H0.3-F0.6-A4-s42,high,twostage,99,422,9.941,67.0,1,88.0,46.29
S8x4x4-LD21-H0.3-F0.6-A4-s42,high,twostage,99,423,9.964,67.0,1,88.0,46.29
S8x4x4-LD21-H0.3-F0.6-A4-s42,high,twostage,99,424,9.987,67.0,1,88.0,46.29
S8x4x4-LD21-H0.3-F0.6-A4-s42,high,twostage,99,425,10.009,67.0,1,88.0,46.29
S8x4x4-LD21-H0.3-F0.6-A4-s42,high,twostage,99,426,10.031,67.0,1,88.0,46.29
S8x4x4-LD21-H0.3-F0.6-A4-s42,high,twostage,99,427,10.057,67.0,1,88.0,46.29
S8x4x4-LD21-H0.3-F0.6-A4-s42,high,twostage,99,428,10.08,67.0,1,88.0,46.29
S8x4x4-LD21-H0.3-F0.6-A4-s42,high,twostage,99,429,10.102,67.0,1,88.0,46.29
S8x4x4-LD21-H0.3-F0.6-A4-s42,high,twostage,99,430,10.126,67.0,1,88.0,46.29
S8x4x4-LD21-H0.3-F0.6-A4-s42,high,twostage,99,431,10.148,67.0,1,88.0,46.29
S8x4x4-LD21-H0.3-F0.6-A4-s42,high,twostage,99,432,10.173,67.0,1,88.0,46.29
S8x4x4-LD21-H0.3-F0.6-A4-s42,high,twostage,99,433,10.195,67.0,1,88.0,46.29
S8x4x4-LD21-H0.3-F0.6-A4-s42,high,twostage,99,434,10.219,67.0,1,88.0,46.29
S8x4x4-LD21-H0.3-F0.6-A4-s42,high,twostage,99,435,10.242,67.0,1,88.0,46.29
S8x4x4-LD21-H0.3-F0.6-A4-s42,high,twostage,99,436,10.267,67.0,1,88.0,46.29
S8x4x4-LD21-H0.3-F0.6-A4-s42,high,twostage,99,437,10.292,67.0,1,88.0,46.29
S8x4x4-LD21-H0.3-F0.6-A4-s42,high,twostage,99,438,10.314,67.0,1,88.0,46.29
S8x4x4-LD21-H0.3-F0.6-A4-s42,high,twostage,99,439,10.337,67.0,1,88.0,46.29
S8x4x4-LD21-H0.3-F0.6-A4-s42,high,twostage,99,440,10.359,67.0,1,88.0,46.29
S8x4x4-LD21-H0.3-F0.6-A4-s42,high,twostage,99,441,10.382,67.0,1,88.0,46.29
S8x4x4-LD21-H0.3-F0.6-A4-s42,high,twostage,99,442,10.406,67.0,1,88.0,46.29
S8x4x4-LD21-H0.3-F0.6-A4-s42,high,twostage,99,443,10.43,67.0,1,88.0,46.29
S8x4x4-LD21-H0.3-F0.6-A4-s42,high,twostage,99,444,10.453,67.0,1,88.0,46.29
S8x4x4-LD21-H0.3-F0.6-A4-s42,high,twostage,99,445,10.475,67.0,1,88.0,46.29
S8x4x4-LD21-H0.3-F0.6-A4-s42,high,twostage,99,446,10.498,67.0,1,88.0,46.29
S8x4x4-LD21-H0.3-F0.6-A4-s42,high,twostage,99,447,10.525,67.0,1,88.0,46.29
S8x4x4-LD21-H0.3-F0.6-A4-s42,high,twostage,99,448,10.551,67.0,1,88.0,46.29
S8x4x4-LD21-H0.3-F0.6-A4-s42,high,twostage,99,449,10.575,67.0,1,88.0,46.29
S8x4x4-LD21-H0.3-F0.6-A4-s42,high,twostage,99,450,10.598,67.0,1,88.0,46.29
S8x4x4-LD21-H0.3-F0.6-A4-s42,high,twostage,99,451,10.622,67.0,1,88.0,46.29
S8x4x4-LD21-H0.3-F0.6-A4-s42,high,twostage,99,452,10.646,67.0,1,88.0,46.29
S8x4x4-LD21-H0.3-F0.6-A4-s42,high,twostage,99,453,10.668,67.0,1,88.0,46.29
S8x4x4-LD21-H0.3-F0.6-A4-s42,high,twostage,99,454,10.693,67.0,1,88.0,46.29
S8x4x4-LD21-H0.3-F0.6-A4-s42,high,twostage,99,455,10.716,67.0,1,88.0,46.29
S8x4x4-LD21-H0.3-F0.6-A4-s42,high,twostage,99,456,10.742,67.0,1,88.0,46.29
S8x4x4-LD21-H0.3-F0.6-A4-s42,high,twostage,99,457,10.765,67.0,1,88.0,46.29
S8x4x4-LD21-H0.3-F0.6-A4-s42,high,twostage,99,458,10.788,67.0,1,88.0,46.29
S8x4x4-LD21-H0.3-F0.6-A4-s42,high,twostage,99,459,10.811,67.0,1,88.0,46.29
S8x4x4-LD21-H0.3-F0.6-A4-s42,high,twostage,99,460,10.835,67.0,1,88.0,46.29
S8x4x4-LD21-H0.3-F0.6-A4-s42,high,twostage,99,461,10.859,67.0,1,88.0,46.29
S8x4x4-LD21-H0.3-F0.6-A4-s42,high,twostage,99,462,10.882,67.0,1,88.0,46.29
S8x4x4-LD21-H0.3-F0.6-A4-s42,high,twostage,99,463,10.904,67.0,1,88.0,46.29
S8x4x4-LD21-H0.3-F0.6-A4-s42,high,twostage,99,464,10.927,67.0,1,88.0,46.29
S8x4x4-LD21-H0.3-F0.6-A4-s42,high,twostage,99,465,10.949,67.0,1,88.0,46.29
S8x4x4-LD21-H0.3-F0.6-A4-s42,high,twostage,99,466,10.973,67.0,1,88.0,46.29
S8x4x4-LD21-H0.3-F0.6-A4-s42,high,twostage,99,467,10.995,67.0,1,88.0,46.29
S8x4x4-LD21-H0.3-F0.6-A4-s42,high,twostage,99,468,11.018,67.0,1,88.0,46.29
S8x4x4-LD21-H0.3-F0.6-A4-s42,high,twostage,99,469,11.041,67.0,1,88.0,46.29
S8x4x4-LD21-H0.3-F0.6-A4-s42,high,twostage,99,470,11.063,67.0,1,88.0,46.29
S8x4x4-LD21-H0.3-F0.6-A4-s42,high,twostage,99,471,11.089,67.0,1,88.0,46.29
S8x4x4-LD21-H0.3-F0.6-A4-s42,high,twostage,99,472,11.11,67.0,1,88.0,46.29
S8x4x4-LD21-H0.3-F0.6-A4-s42,high,twostage,99,473,11.133,67.0,1,88.0,46.29
S8x4x4-LD21-H0.3-F0.6-A4-s42,high,twostage,99,474,11.155,67.0,1,88.0,46.29
S8x4x4-LD21-H0.3-F0.6-A4-s42,high,twostage,99,475,11.178,67.0,1,88.0,46.29
S8x4x4-LD21-H0.3-F0.6-A4-s42,high,twostage,99,476,11.203,67.0,1,88.0,46.29
S8x4x4-LD21-H0.3-F0.6-A4-s42,high,twostage,99,477,11.226,67.0,1,88.0,46.29
S8x4x4-LD21-H0.3-F0.6-A4-s42,high,twostage,99,478,11.248,67.0,1,88.0,46.29
S8x4x4-LD21-H0.3-F0.6-A4-s42,high,twostage,99,479,11.271,67.0,1,88.0,46.29
S8x4x4-LD21-H0.3-F0.6-A4-s42,high,twostage,99,480,11.293,67.0,1,88.0,46.29
S8x4x4-LD21-H0.3-F0.6-A4-s42,high,twostage,99,481,11.318,67.0,1,88.0,46.29
S8x4x4-LD21-H0.3-F0.6-A4-s42,high,twostage,99,482,11.341,67.0,1,88.0,46.29
S8x4x4-LD21-H0.3-F0.6-A4-s42,high,twostage,99,483,11.363,67.0,1,88.0,46.29
S8x4x4-LD21-H0.3-F0.6-A4-s42,high,twostage,99,484,11.386,67.0,1,88.0,46.29
S8x4x4-LD21-H0.3-F0.6-A4-s42,high,twostage,99,485,11.409,67.0,1,88.0,46.29
S8x4x4-LD21-H0.3-F0.6-A4-s42,high,twostage,99,486,11.436,67.0,1,88.0,46.29
S8x4x4-LD21-H0.3-F0.6-A4-s42,high,twostage,99,487,11.459,67.0,1,88.0,46.29
S8x4x4-LD21-H0.3-F0.6-A4-s42,high,twostage,99,488,11.482,67.0,1,88.0,46.29
S8x4x4-LD21-H0.3-F0.6-A4-s42,high,twostage,99,489,11.504,67.0,1,88.0,46.29
S8x4x4-LD21-H0.3-F0.6-A4-s42,high,twostage,99,490,11.528,67.0,1,88.0,46.29
S8x4x4-LD21-H0.3-F0.6-A4-s42,high,twostage,99,491,11.552,67.0,1,88.0,46.29
S8x4x4-LD21-H0.3-F0.6-A4-s42,high,twostage,99,492,11.575,67.0,1,88.0,46.29
S8x4x4-LD21-H0.3-F0.6-A4-s42,high,twostage,99,493,11.599,67.0,1,88.0,46.29
S8x4x4-LD21-H0.3-F0.6-A4-s42,high,twostage,99,494,11.621,67.0,1,88.0,46.29
S8x4x4-LD21-H0.3-F0.6-A4-s42,high,twostage,99,495,11.644,67.0,1,88.0,46.29
S8x4x4-LD21-H0.3-F0.6-A4-s42,high,twostage,99,496,11.67,67.0,1,88.0,46.29
S8x4x4-LD21-H0.3-F0.6-A4-s42,high,twostage,99,497,11.693,67.0,1,88.0,46.29
S8x4x4-LD21-H0.3-F0.6-A4-s42,high,twostage,99,498,11.715,67.0,1,88.0,46.29
S8x4x4-LD21-H0.3-F0.6-A4-s42,high,twostage,99,499,11.737,67.0,1,88.0,46.29
S8x4x4-LD21-H0.3-F0.6-A4-s42,high,twostage,99,500,11.761,67.0,1,88.0,46.29
S8x4x4-LD21-H0.3-F0.6-A4-s42,high,twostage,99,501,11.785,67.0,1,88.0,46.29
S8x4x4-LD21-H0.3-F0.6-A4-s42,high,twostage,99,502,11.808,67.0,1,88.0,46.29
S8x4x4-LD21-H0.3-F0.6-A4-s42,high,twostage,99,503,11.83,67.0,1,88.0,46.29
S8x4x4-LD21-H0.3-F0.6-A4-s42,high,twostage,99,504,11.852,67.0,1,88.0,46.29
S8x4x4-LD21-H0.3-F0.6-A4-s42,high,twostage,99,505,11.878,67.0,1,88.0,46.29
S8x4x4-LD21-H0.3-F0.6-A4-s42,high,twostage,99,506,11.901,67.0,1,88.0,46.29
S8x4x4-LD21-H0.3-F0.6-A4-s42,high,twostage,99,507,11.923,67.0,1,88.0,46.29
S8x4x4-LD21-H0.3-F0.6-A4-s42,high,twostage,99,508,11.946,67.0,1,88.0,46.29
S8x4x4-LD21-H0.3-F0.6-A4-s42,high,twostage,99,509,11.969,67.0,1,88.0,46.29
S8x4x4-LD21-H0.3-F0.6-A4-s42,high,twostage,99,510,11.995,67.0,1,88.0,46.29
S8x4x4-LD21-H0.3-F0.6-A4-s42,high,twostage,99,511,12.019,67.0,1,88.0,46.29
S8x4x4-LD21-H0.3-F0.6-A4-s42,high,twostage,99,512,12.041,67.0,1,88.0,46.29
S8x4x4-LD21-H0.3-F0.6-A4-s42,high,twostage,99,513,12.064,67.0,1,88.0,46.29
S8x4x4-LD21-H0.3-F0.6-A4-s42,high,twostage,99,514,12.087,67.0,1,88.0,46.29
S8x4x4-LD21-H0.3-F0.6-A4-s42,high,twostage,99,515,12.111,67.0,1,88.0,46.29
S8x4x4-LD21-H0.3-F0.6-A4-s42,high,twostage,99,516,12.135,67.0,1,88.0,46.29
S8x4x4-LD21-H0.3-F0.6-A4-s42,high,twostage,99,517,12.158,67.0,1,88.0,46.29
S8x4x4-LD21-H0.3-F0.6-A4-s42,high,twostage,99,518,12.18,67.0,1,88.0,46.29
S8x4x4-LD21-H0.3-F0.6-A4-s42,high,twostage,99,519,12.203,67.0,1,88.0,46.29
S8x4x4-LD21-H0.3-F0.6-A4-s42,high,twostage,99,520,12.229,67.0,1,88.0,46.29
S8x4x4-LD21-H0.3-F0.6-A4-s42,high,twostage,99,521,12.251,67.0,1,88.0,46.29
S8x4x4-LD21-H0.3-F0.6-A4-s42,high,twostage,99,522,12.275,67.0,1,88.0,46.29
S8x4x4-LD21-H0.3-F0.6-A4-s42,high,twostage,99,523,12.296,67.0,1,88.0,46.29
S8x4x4-LD21-H0.3-F0.6-A4-s42,high,twostage,99,524,12.32,67.0,1,88.0,46.29
S8x4x4-LD21-H0.3-F0.6-A4-s42,high,twostage,99,525,12.345,67.0,1,88.0,46.29
S8x4x4-LD21-H0.3-F0.6-A4-s42,high,twostage,99,526,12.368,67.0,1,88.0,46.29
S8x4x4-LD21-H0.3-F0.6-A4-s42,high,twostage,99,527,12.39,67.0,1,88.0,46.29
S8x4x4-LD21-H0.3-F0.6-A4-s42,high,twostage,99,528,12.413,67.0,1,88.0,46.29
S8x4x4-LD21-H0.3-F0.6-A4-s42,high,twostage,99,529,12.437,67.0,1,88.0,46.29
S8x4x4-LD21-H0.3-F0.6-A4-s42,high,twostage,99,530,12.464,67.0,1,88.0,46.29
S8x4x4-LD21-H0.3-F0.6-A4-s42,high,twostage,99,531,12.487,67.0,1,88.0,46.29
S8x4x4-LD21-H0.3-F0.6-A4-s42,high,twostage,99,532,12.508,67.0,1,88.0,46.29
S8x4x4-LD21-H0.3-F0.6-A4-s42,high,twostage,99,533,12.531,67.0,1,88.0,46.29
S8x4x4-LD21-H0.3-F0.6-A4-s42,high,twostage,99,534,12.554,67.0,1,88.0,46.29
S8x4x4-LD21-H0.3-F0.6-A4-s42,high,twostage,99,535,12.579,67.0,1,88.0,46.29
S8x4x4-LD21-H0.3-F0.6-A4-s42,high,twostage,99,536,12.602,67.0,1,88.0,46.29
S8x4x4-LD21-H0.3-F0.6-A4-s42,high,twostage,99,537,12.624,67.0,1,88.0,46.29
S8x4x4-LD21-H0.3-F0.6-A4-s42,high,twostage,99,538,12.647,67.0,1,88.0,46.29
S8x4x4-LD21-H0.3-F0.6-A4-s42,high,twostage,99,539,12.67,67.0,1,88.0,46.29
S8x4x4-LD21-H0.3-F0.6-A4-s42,high,twostage,99,540,12.695,67.0,1,88.0,46.29
S8x4x4-LD21-H0.3-F0.6-A4-s42,high,twostage,99,541,12.718,67.0,1,88.0,46.29
S8x4x4-LD21-H0.3-F0.6-A4-s42,high,twostage,99,542,12.741,67.0,1,88.0,46.29
S8x4x4-LD21-H0.3-F0.6-A4-s42,high,twostage,99,543,12.764,67.0,1,88.0,46.29
S8x4x4-LD21-H0.3-F0.6-A4-s42,high,twostage,99,544,12.787,67.0,1,88.0,46.29
S8x4x4-LD21-H0.3-F0.6-A4-s42,high,twostage,99,545,12.812,67.0,1,88.0,46.29
S8x4x4-LD21-H0.3-F0.6-A4-s42,high,twostage,99,546,12.835,67.0,1,88.0,46.29
S8x4x4-LD21-H0.3-F0.6-A4-s42,high,twostage,99,547,12.857,67.0,1,88.0,46.29
S8x4x4-LD21-H0.3-F0.6-A4-s42,high,twostage,99,548,12.88,67.0,1,88.0,46.29
S8x4x4-LD21-H0.3-F0.6-A4-s42,high,twostage,99,549,12.903,67.0,1,88.0,46.29
S8x4x4-LD21-H0.3-F0.6-A4-s42,high,twostage,99,550,12.928,67.0,1,88.0,46.29
S8x4x4-LD21-H0.3-F0.6-A4-s42,high,twostage,99,551,12.949,67.0,1,88.0,46.29
S8x4x4-LD21-H0.3-F0.6-A4-s42,high,twostage,99,552,12.972,67.0,1,88.0,46.29
S8x4x4-LD21-H0.3-F0.6-A4-s42,high,twostage,99,553,12.995,67.0,1,88.0,46.29
S8x4x4-LD21-H0.3-F0.6-A4-s42,high,twostage,99,554,13.02,67.0,1,88.0,46.29
S8x4x4-LD21-H0.3-F0.6-A4-s42,high,twostage,99,555,13.042,67.0,1,88.0,46.29
S8x4x4-LD21-H0.3-F0.6-A4-s42,high,twostage,99,556,13.065,67.0,1,88.0,46.29
S8x4x4-LD21-H0.3-F0.6-A4-s42,high,twostage,99,557,13.088,67.0,1,88.0,46.29
S8x4x4-LD21-H0.3-F0.6-A4-s42,high,twostage,99,558,13.11,67.0,1,88.0,46.29
S8x4x4-LD21-H0.3-F0.6-A4-s42,high,twostage,99,559,13.136,67.0,1,88.0,46.29
S8x4x4-LD21-H0.3-F0.6-A4-s42,high,twostage,99,560,13.159,67.0,1,88.0,46.29
S8x4x4-LD21-H0.3-F0.6-A4-s42,high,twostage,99,561,13.182,67.0,1,88.0,46.29
S8x4x4-LD21-H0.3-F0.6-A4-s42,high,twostage,99,562,13.204,67.0,1,88.0,46.29
S8x4x4-LD21-H0.3-F0.6-A4-s42,high,twostage,99,563,13.226,67.0,1,88.0,46.29
S8x4x4-LD21-H0.3-F0.6-A4-s42,high,twostage,99,564,13.252,67.0,1,88.0,46.29
S8x4x4-LD21-H0.3-F0.6-A4-s42,high,twostage,99,565,13.275,67.0,1,88.0,46.29
S8x4x4-LD21-H0.3-F0.6-A4-s42,high,twostage,99,566,13.298,67.0,1,88.0,46.29
S8x4x4-LD21-H0.3-F0.6-A4-s42,high,twostage,99,567,13.322,67.0,1,88.0,46.29
S8x4x4-LD21-H0.3-F0.6-A4-s42,high,twostage,99,568,13.345,67.0,1,88.0,46.29
S8x4x4-LD21-H0.3-F0.6-A4-s42,high,twostage,99,569,13.371,67.0,1,88.0,46.29
S8x4x4-LD21-H0.3-F0.6-A4-s42,high,twostage,99,570,13.394,67.0,1,88.0,46.29
S8x4x4-LD21-H0.3-F0.6-A4-s42,high,twostage,99,571,13.418,67.0,1,88.0,46.29
S8x4x4-LD21-H0.3-F0.6-A4-s42,high,twostage,99,572,13.442,67.0,1,88.0,46.29
S8x4x4-LD21-H0.3-F0.6-A4-s42,high,twostage,99,573,13.465,67.0,1,88.0,46.29
S8x4x4-LD21-H0.3-F0.6-A4-s42,high,twostage,99,574,13.49,67.0,1,88.0,46.29
S8x4x4-LD21-H0.3-F0.6-A4-s42,high,twostage,99,575,13.513,67.0,1,88.0,46.29
S8x4x4-LD21-H0.3-F0.6-A4-s42,high,twostage,99,576,13.535,67.0,1,88.0,46.29
S8x4x4-LD21-H0.3-F0.6-A4-s42,high,twostage,99,577,13.559,67.0,1,88.0,46.29
S8x4x4-LD21-H0.3-F0.6-A4-s42,high,twostage,99,578,13.582,67.0,1,88.0,46.29
S8x4x4-LD21-H0.3-F0.6-A4-s42,high,twostage,99,579,13.607,67.0,1,88.0,46.29
S8x4x4-LD21-H0.3-F0.6-A4-s42,high,twostage,99,580,13.629,67.0,1,88.0,46.29
S8x4x4-LD21-H0.3-F0.6-A4-s42,high,twostage,99,581,13.653,67.0,1,88.0,46.29
S8x4x4-LD21-H0.3-F0.6-A4-s42,high,twostage,99,582,13.675,67.0,1,88.0,46.29
S8x4x4-LD21-H0.3-F0.6-A4-s42,high,twostage,99,583,13.698,67.0,1,88.0,46.29
S8x4x4-LD21-H0.3-F0.6-A4-s42,high,twostage,99,584,13.722,67.0,1,88.0,46.29
S8x4x4-LD21-H0.3-F0.6-A4-s42,high,twostage,99,585,13.746,67.0,1,88.0,46.29
S8x4x4-LD21-H0.3-F0.6-A4-s42,high,twostage,99,586,13.768,67.0,1,88.0,46.29
S8x4x4-LD21-H0.3-F0.6-A4-s42,high,twostage,99,587,13.792,67.0,1,88.0,46.29
S8x4x4-LD21-H0.3-F0.6-A4-s42,high,twostage,99,588,13.815,67.0,1,88.0,46.29
S8x4x4-LD21-H0.3-F0.6-A4-s42,high,twostage,99,589,13.84,67.0,1,88.0,46.29
S8x4x4-LD21-H0.3-F0.6-A4-s42,high,twostage,99,590,13.862,67.0,1,88.0,46.29
S8x4x4-LD21-H0.3-F0.6-A4-s42,high,twostage,99,591,13.886,67.0,1,88.0,46.29
S8x4x4-LD21-H0.3-F0.6-A4-s42,high,twostage,99,592,13.908,67.0,1,88.0,46.29
S8x4x4-LD21-H0.3-F0.6-A4-s42,high,twostage,99,593,13.931,67.0,1,88.0,46.29
S8x4x4-LD21-H0.3-F0.6-A4-s42,high,twostage,99,594,13.956,67.0,1,88.0,46.29
S8x4x4-LD21-H0.3-F0.6-A4-s42,high,twostage,99,595,13.978,67.0,1,88.0,46.29
S8x4x4-LD21-H0.3-F0.6-A4-s42,high,twostage,99,596,14.0,67.0,1,88.0,46.29
S8x4x4-LD21-H0.3-F0.6-A4-s42,high,twostage,99,597,14.023,67.0,1,88.0,46.29
S8x4x4-LD21-H0.3-F0.6-A4-s42,high,twostage,99,598,14.045,67.0,1,88.0,46.29
S8x4x4-LD21-H0.3-F0.6-A4-s42,high,twostage,99,599,14.069,67.0,1,88.0,46.29
S8x4x4-LD21-H0.3-F0.6-A4-s42,high,twostage,99,600,14.091,67.0,1,88.0,46.29
S8x4x4-LD21-H0.3-F0.6-A4-s42,high,twostage,99,601,14.113,67.0,1,88.0,46.29
S8x4x4-LD21-H0.3-F0.6-A4-s42,high,twostage,99,602,14.136,67.0,1,88.0,46.29
S8x4x4-LD21-H0.3-F0.6-A4-s42,high,twostage,99,603,14.161,67.0,1,88.0,46.29
S8x4x4-LD21-H0.3-F0.6-A4-s42,high,twostage,99,604,14.184,67.0,1,88.0,46.29
S8x4x4-LD21-H0.3-F0.6-A4-s42,high,twostage,99,605,14.211,67.0,1,88.0,46.29
S8x4x4-LD21-H0.3-F0.6-A4-s42,high,twostage,99,606,14.237,67.0,1,88.0,46.29
S8x4x4-LD21-H0.3-F0.6-A4-s42,high,twostage,99,607,14.261,67.0,1,88.0,46.29
S8x4x4-LD21-H0.3-F0.6-A4-s42,high,twostage,99,608,14.288,67.0,1,88.0,46.29
S8x4x4-LD21-H0.3-F0.6-A4-s42,high,twostage,99,609,14.313,67.0,1,88.0,46.29
S8x4x4-LD21-H0.3-F0.6-A4-s42,high,twostage,99,610,14.339,67.0,1,88.0,46.29
S8x4x4-LD21-H0.3-F0.6-A4-s42,high,twostage,99,611,14.362,67.0,1,88.0,46.29
S8x4x4-LD21-H0.3-F0.6-A4-s42,high,twostage,99,612,14.385,67.0,1,88.0,46.29
S8x4x4-LD21-H0.3-F0.6-A4-s42,high,twostage,99,613,14.413,67.0,1,88.0,46.29
S8x4x4-LD21-H0.3-F0.6-A4-s42,high,twostage,99,614,14.437,67.0,1,88.0,46.29
S8x4x4-LD21-H0.3-F0.6-A4-s42,high,twostage,99,615,14.461,67.0,1,88.0,46.29
S8x4x4-LD21-H0.3-F0.6-A4-s42,high,twostage,99,616,14.484,67.0,1,88.0,46.29
S8x4x4-LD21-H0.3-F0.6-A4-s42,high,twostage,99,617,14.508,67.0,1,88.0,46.29
S8x4x4-LD21-H0.3-F0.6-A4-s42,high,twostage,99,618,14.539,67.0,1,88.0,46.29
S8x4x4-LD21-H0.3-F0.6-A4-s42,high,twostage,99,619,14.562,67.0,1,88.0,46.29
S8x4x4-LD21-H0.3-F0.6-A4-s42,high,twostage,99,620,14.584,67.0,1,88.0,46.29
S8x4x4-LD21-H0.3-F0.6-A4-s42,high,twostage,99,621,14.608,67.0,1,88.0,46.29
S8x4x4-LD21-H0.3-F0.6-A4-s42,high,twostage,99,622,14.631,67.0,1,88.0,46.29
S8x4x4-LD21-H0.3-F0.6-A4-s42,high,twostage,99,623,14.657,67.0,1,88.0,46.29
S8x4x4-LD21-H0.3-F0.6-A4-s42,high,twostage,99,624,14.68,67.0,1,88.0,46.29
S8x4x4-LD21-H0.3-F0.6-A4-s42,high,twostage,99,625,14.703,67.0,1,88.0,46.29
S8x4x4-LD21-H0.3-F0.6-A4-s42,high,twostage,99,626,14.726,67.0,1,88.0,46.29
S8x4x4-LD21-H0.3-F0.6-A4-s42,high,twostage,99,627,14.748,67.0,1,88.0,46.29
S8x4x4-LD21-H0.3-F0.6-A4-s42,high,twostage,99,628,14.774,67.0,1,88.0,46.29
S8x4x4-LD21-H0.3-F0.6-A4-s42,high,twostage,99,629,14.804,67.0,1,88.0,46.29
S8x4x4-LD21-H0.3-F0.6-A4-s42,high,twostage,99,630,14.827,67.0,1,88.0,46.29
S8x4x4-LD21-H0.3-F0.6-A4-s42,high,twostage,99,631,14.851,67.0,1,88.0,46.29
S8x4x4-LD21-H0.3-F0.6-A4-s42,high,twostage,99,632,14.874,67.0,1,88.0,46.29
S8x4x4-LD21-H0.3-F0.6-A4-s42,high,twostage,99,633,14.899,67.0,1,88.0,46.29
S8x4x4-LD21-H0.3-F0.6-A4-s42,high,twostage,99,634,14.921,67.0,1,88.0,46.29
S8x4x4-LD21-H0.3-F0.6-A4-s42,high,twostage,99,635,14.945,67.0,1,88.0,46.29
S8x4x4-LD21-H0.3-F0.6-A4-s42,high,twostage,99,636,14.97,67.0,1,88.0,46.29
S8x4x4-LD21-H0.3-F0.6-A4-s42,high,twostage,99,637,14.995,67.0,1,88.0,46.29
S8x4x4-LD21-H0.3-F0.6-A4-s42,high,twostage,99,638,15.02,67.0,1,88.0,46.29
S8x4x4-LD21-H0.3-F0.6-A4-s42,high,twostage,99,639,15.043,67.0,1,88.0,46.29
S8x4x4-LD21-H0.3-F0.6-A4-s42,high,twostage,99,640,15.066,67.0,1,88.0,46.29
S8x4x4-LD21-H0.3-F0.6-A4-s42,high,twostage,99,641,15.088,67.0,1,88.0,46.29
S8x4x4-LD21-H0.3-F0.6-A4-s42,high,twostage,99,642,15.111,67.0,1,88.0,46.29
S8x4x4-LD21-H0.3-F0.6-A4-s42,high,twostage,99,643,15.136,67.0,1,88.0,46.29
S8x4x4-LD21-H0.3-F0.6-A4-s42,high,twostage,99,644,15.159,67.0,1,88.0,46.29
S8x4x4-LD21-H0.3-F0.6-A4-s42,high,twostage,99,645,15.182,67.0,1,88.0,46.29
S8x4x4-LD21-H0.3-F0.6-A4-s42,high,twostage,99,646,15.204,67.0,1,88.0,46.29
S8x4x4-LD21-H0.3-F0.6-A4-s42,high,twostage,99,647,15.23,67.0,1,88.0,46.29
S8x4x4-LD21-H0.3-F0.6-A4-s42,high,twostage,99,648,15.253,67.0,1,88.0,46.29
S8x4x4-LD21-H0.3-F0.6-A4-s42,high,twostage,99,649,15.275,67.0,1,88.0,46.29
S8x4x4-LD21-H0.3-F0.6-A4-s42,high,twostage,99,650,15.299,67.0,1,88.0,46.29
S8x4x4-LD21-H0.3-F0.6-A4-s42,high,twostage,99,651,15.322,67.0,1,88.0,46.29
S8x4x4-LD21-H0.3-F0.6-A4-s42,high,twostage,99,652,15.347,67.0,1,88.0,46.29
S8x4x4-LD21-H0.3-F0.6-A4-s42,high,twostage,99,653,15.371,67.0,1,88.0,46.29
S8x4x4-LD21-H0.3-F0.6-A4-s42,high,twostage,99,654,15.394,67.0,1,88.0,46.29
S8x4x4-LD21-H0.3-F0.6-A4-s42,high,twostage,99,655,15.417,67.0,1,88.0,46.29
S8x4x4-LD21-H0.3-F0.6-A4-s42,high,twostage,99,656,15.439,67.0,1,88.0,46.29
S8x4x4-LD21-H0.3-F0.6-A4-s42,high,twostage,99,657,15.465,67.0,1,88.0,46.29
S8x4x4-LD21-H0.3-F0.6-A4-s42,high,twostage,99,658,15.488,67.0,1,88.0,46.29
S8x4x4-LD21-H0.3-F0.6-A4-s42,high,twostage,99,659,15.51,67.0,1,88.0,46.29
S8x4x4-LD21-H0.3-F0.6-A4-s42,high,twostage,99,660,15.533,67.0,1,88.0,46.29
S8x4x4-LD21-H0.3-F0.6-A4-s42,high,twostage,99,661,15.555,67.0,1,88.0,46.29
S8x4x4-LD21-H0.3-F0.6-A4-s42,high,twostage,99,662,15.58,67.0,1,88.0,46.29
S8x4x4-LD21-H0.3-F0.6-A4-s42,high,twostage,99,663,15.602,67.0,1,88.0,46.29
S8x4x4-LD21-H0.3-F0.6-A4-s42,high,twostage,99,664,15.627,67.0,1,88.0,46.29
S8x4x4-LD21-H0.3-F0.6-A4-s42,high,twostage,99,665,15.65,67.0,1,88.0,46.29
S8x4x4-LD21-H0.3-F0.6-A4-s42,high,twostage,99,666,15.673,67.0,1,88.0,46.29
S8x4x4-LD21-H0.3-F0.6-A4-s42,high,twostage,99,667,15.698,67.0,1,88.0,46.29
S8x4x4-LD21-H0.3-F0.6-A4-s42,high,twostage,99,668,15.723,67.0,1,88.0,46.29
S8x4x4-LD21-H0.3-F0.6-A4-s42,high,twostage,99,669,15.747,67.0,1,88.0,46.29
S8x4x4-LD21-H0.3-F0.6-A4-s42,high,twostage,99,670,15.77,67.0,1,88.0,46.29
S8x4x4-LD21-H0.3-F0.6-A4-s42,high,twostage,99,671,15.793,67.0,1,88.0,46.29
S8x4x4-LD21-H0.3-F0.6-A4-s42,high,twostage,99,672,15.818,67.0,1,88.0,46.29
S8x4x4-LD21-H0.3-F0.6-A4-s42,high,twostage,99,673,15.842,67.0,1,88.0,46.29
S8x4x4-LD21-H0.3-F0.6-A4-s42,high,twostage,99,674,15.864,67.0,1,88.0,46.29
S8x4x4-LD21-H0.3-F0.6-A4-s42,high,twostage,99,675,15.887,67.0,1,88.0,46.29
S8x4x4-LD21-H0.3-F0.6-A4-s42,high,twostage,99,676,15.91,67.0,1,88.0,46.29
S8x4x4-LD21-H0.3-F0.6-A4-s42,high,twostage,99,677,15.936,67.0,1,88.0,46.29
S8x4x4-LD21-H0.3-F0.6-A4-s42,high,twostage,99,678,15.958,67.0,1,88.0,46.29
S8x4x4-LD21-H0.3-F0.6-A4-s42,high,twostage,99,679,15.98,67.0,1,88.0,46.29
S8x4x4-LD21-H0.3-F0.6-A4-s42,high,twostage,99,680,16.003,67.0,1,88.0,46.29
S8x4x4-LD21-H0.3-F0.6-A4-s42,high,twostage,99,681,16.026,67.0,1,88.0,46.29
S8x4x4-LD21-H0.3-F0.6-A4-s42,high,twostage,99,682,16.052,67.0,1,88.0,46.29
S8x4x4-LD21-H0.3-F0.6-A4-s42,high,twostage,99,683,16.074,67.0,1,88.0,46.29
S8x4x4-LD21-H0.3-F0.6-A4-s42,high,twostage,99,684,16.097,67.0,1,88.0,46.29
S8x4x4-LD21-H0.3-F0.6-A4-s42,high,twostage,99,685,16.12,67.0,1,88.0,46.29
S8x4x4-LD21-H0.3-F0.6-A4-s42,high,twostage,99,686,16.144,67.0,1,88.0,46.29
S8x4x4-LD21-H0.3-F0.6-A4-s42,high,twostage,99,687,16.169,67.0,1,88.0,46.29
S8x4x4-LD21-H0.3-F0.6-A4-s42,high,twostage,99,688,16.192,67.0,1,88.0,46.29
S8x4x4-LD21-H0.3-F0.6-A4-s42,high,twostage,99,689,16.216,67.0,1,88.0,46.29
S8x4x4-LD21-H0.3-F0.6-A4-s42,high,twostage,99,690,16.24,67.0,1,88.0,46.29
S8x4x4-LD21-H0.3-F0.6-A4-s42,high,twostage,99,691,16.263,67.0,1,88.0,46.29
S8x4x4-LD21-H0.3-F0.6-A4-s42,high,twostage,99,692,16.289,67.0,1,88.0,46.29
S8x4x4-LD21-H0.3-F0.6-A4-s42,high,twostage,99,693,16.313,67.0,1,88.0,46.29
S8x4x4-LD21-H0.3-F0.6-A4-s42,high,twostage,99,694,16.337,67.0,1,88.0,46.29
S8x4x4-LD21-H0.3-F0.6-A4-s42,high,twostage,99,695,16.359,67.0,1,88.0,46.29
S8x4x4-LD21-H0.3-F0.6-A4-s42,high,twostage,99,696,16.382,67.0,1,88.0,46.29
S8x4x4-LD21-H0.3-F0.6-A4-s42,high,twostage,99,697,16.409,67.0,1,88.0,46.29
S8x4x4-LD21-H0.3-F0.6-A4-s42,high,twostage,99,698,16.433,67.0,1,88.0,46.29
S8x4x4-LD21-H0.3-F0.6-A4-s42,high,twostage,99,699,16.456,67.0,1,88.0,46.29
S8x4x4-LD21-H0.3-F0.6-A4-s42,high,twostage,99,700,16.477,67.0,1,88.0,46.29
S8x4x4-LD21-H0.3-F0.6-A4-s42,high,twostage,99,701,16.503,67.0,1,88.0,46.29
S8x4x4-LD21-H0.3-F0.6-A4-s42,high,twostage,99,702,16.524,67.0,1,88.0,46.29
S8x4x4-LD21-H0.3-F0.6-A4-s42,high,twostage,99,703,16.547,67.0,1,88.0,46.29
S8x4x4-LD21-H0.3-F0.6-A4-s42,high,twostage,99,704,16.569,67.0,1,88.0,46.29
S8x4x4-LD21-H0.3-F0.6-A4-s42,high,twostage,99,705,16.593,67.0,1,88.0,46.29
S8x4x4-LD21-H0.3-F0.6-A4-s42,high,twostage,99,706,16.62,67.0,1,88.0,46.29
S8x4x4-LD21-H0.3-F0.6-A4-s42,high,twostage,99,707,16.642,67.0,1,88.0,46.29
S8x4x4-LD21-H0.3-F0.6-A4-s42,high,twostage,99,708,16.665,67.0,1,88.0,46.29
S8x4x4-LD21-H0.3-F0.6-A4-s42,high,twostage,99,709,16.688,67.0,1,88.0,46.29
S8x4x4-LD21-H0.3-F0.6-A4-s42,high,twostage,99,710,16.712,67.0,1,88.0,46.29
S8x4x4-LD21-H0.3-F0.6-A4-s42,high,twostage,99,711,16.737,67.0,1,88.0,46.29
S8x4x4-LD21-H0.3-F0.6-A4-s42,high,twostage,99,712,16.76,67.0,1,88.0,46.29
S8x4x4-LD21-H0.3-F0.6-A4-s42,high,twostage,99,713,16.783,67.0,1,88.0,46.29
S8x4x4-LD21-H0.3-F0.6-A4-s42,high,twostage,99,714,16.806,67.0,1,88.0,46.29
S8x4x4-LD21-H0.3-F0.6-A4-s42,high,twostage,99,715,16.832,67.0,1,88.0,46.29
S8x4x4-LD21-H0.3-F0.6-A4-s42,high,twostage,99,716,16.859,67.0,1,88.0,46.29
S8x4x4-LD21-H0.3-F0.6-A4-s42,high,twostage,99,717,16.883,67.0,1,88.0,46.29
S8x4x4-LD21-H0.3-F0.6-A4-s42,high,twostage,99,718,16.906,67.0,1,88.0,46.29
S8x4x4-LD21-H0.3-F0.6-A4-s42,high,twostage,99,719,16.928,67.0,1,88.0,46.29
S8x4x4-LD21-H0.3-F0.6-A4-s42,high,twostage,99,720,16.951,67.0,1,88.0,46.29
S8x4x4-LD21-H0.3-F0.6-A4-s42,high,twostage,99,721,16.977,67.0,1,88.0,46.29
S8x4x4-LD21-H0.3-F0.6-A4-s42,high,twostage,99,722,17.0,67.0,1,88.0,46.29
S8x4x4-LD21-H0.3-F0.6-A4-s42,high,twostage,99,723,17.022,67.0,1,88.0,46.29
S8x4x4-LD21-H0.3-F0.6-A4-s42,high,twostage,99,724,17.045,67.0,1,88.0,46.29
S8x4x4-LD21-H0.3-F0.6-A4-s42,high,twostage,99,725,17.069,67.0,1,88.0,46.29
S8x4x4-LD21-H0.3-F0.6-A4-s42,high,twostage,99,726,17.094,67.0,1,88.0,46.29
S8x4x4-LD21-H0.3-F0.6-A4-s42,high,twostage,99,727,17.116,67.0,1,88.0,46.29
S8x4x4-LD21-H0.3-F0.6-A4-s42,high,twostage,99,728,17.139,67.0,1,88.0,46.29
S8x4x4-LD21-H0.3-F0.6-A4-s42,high,twostage,99,729,17.162,67.0,1,88.0,46.29
S8x4x4-LD21-H0.3-F0.6-A4-s42,high,twostage,99,730,17.184,67.0,1,88.0,46.29
S8x4x4-LD21-H0.3-F0.6-A4-s42,high,twostage,99,731,17.209,67.0,1,88.0,46.29
S8x4x4-LD21-H0.3-F0.6-A4-s42,high,twostage,99,732,17.232,67.0,1,88.0,46.29
S8x4x4-LD21-H0.3-F0.6-A4-s42,high,twostage,99,733,17.255,67.0,1,88.0,46.29
S8x4x4-LD21-H0.3-F0.6-A4-s42,high,twostage,99,734,17.279,67.0,1,88.0,46.29
S8x4x4-LD21-H0.3-F0.6-A4-s42,high,twostage,99,735,17.302,67.0,1,88.0,46.29
S8x4x4-LD21-H0.3-F0.6-A4-s42,high,twostage,99,736,17.328,67.0,1,88.0,46.29
S8x4x4-LD21-H0.3-F0.6-A4-s42,high,twostage,99,737,17.351,67.0,1,88.0,46.29
S8x4x4-LD21-H0.3-F0.6-A4-s42,high,twostage,99,738,17.375,67.0,1,88.0,46.29
S8x4x4-LD21-H0.3-F0.6-A4-s42,high,twostage,99,739,17.398,67.0,1,88.0,46.29
S8x4x4-LD21-H0.3-F0.6-A4-s42,high,twostage,99,740,17.423,67.0,1,88.0,46.29
S8x4x4-LD21-H0.3-F0.6-A4-s42,high,twostage,99,741,17.451,67.0,1,88.0,46.29
S8x4x4-LD21-H0.3-F0.6-A4-s42,high,twostage,99,742,17.475,67.0,1,88.0,46.29
S8x4x4-LD21-H0.3-F0.6-A4-s42,high,twostage,99,743,17.499,67.0,1,88.0,46.29
S8x4x4-LD21-H0.3-F0.6-A4-s42,high,twostage,99,744,17.52,67.0,1,88.0,46.29
S8x4x4-LD21-H0.3-F0.6-A4-s42,high,twostage,99,745,17.543,67.0,1,88.0,46.29
S8x4x4-LD21-H0.3-F0.6-A4-s42,high,twostage,99,746,17.568,67.0,1,88.0,46.29
S8x4x4-LD21-H0.3-F0.6-A4-s42,high,twostage,99,747,17.59,67.0,1,88.0,46.29
S8x4x4-LD21-H0.3-F0.6-A4-s42,high,twostage,99,748,17.613,67.0,1,88.0,46.29
S8x4x4-LD21-H0.3-F0.6-A4-s42,high,twostage,99,749,17.637,67.0,1,88.0,46.29
S8x4x4-LD21-H0.3-F0.6-A4-s42,high,twostage,99,750,17.66,67.0,1,88.0,46.29
S8x4x4-LD21-H0.3-F0.6-A4-s42,high,twostage,99,751,17.684,67.0,1,88.0,46.29
S8x4x4-LD21-H0.3-F0.6-A4-s42,high,twostage,99,752,17.707,67.0,1,88.0,46.29
S8x4x4-LD21-H0.3-F0.6-A4-s42,high,twostage,99,753,17.729,67.0,1,88.0,46.29
S8x4x4-LD21-H0.3-F0.6-A4-s42,high,twostage,99,754,17.753,67.0,1,88.0,46.29
S8x4x4-LD21-H0.3-F0.6-A4-s42,high,twostage,99,755,17.779,67.0,1,88.0,46.29
S8x4x4-LD21-H0.3-F0.6-A4-s42,high,twostage,99,756,17.802,67.0,1,88.0,46.29
S8x4x4-LD21-H0.3-F0.6-A4-s42,high,twostage,99,757,17.827,67.0,1,88.0,46.29
S8x4x4-LD21-H0.3-F0.6-A4-s42,high,twostage,99,758,17.849,67.0,1,88.0,46.29
S8x4x4-LD21-H0.3-F0.6-A4-s42,high,twostage,99,759,17.873,67.0,1,88.0,46.29
S8x4x4-LD21-H0.3-F0.6-A4-s42,high,twostage,99,760,17.899,67.0,1,88.0,46.29
S8x4x4-LD21-H0.3-F0.6-A4-s42,high,twostage,99,761,17.923,67.0,1,88.0,46.29
S8x4x4-LD21-H0.3-F0.6-A4-s42,high,twostage,99,762,17.95,67.0,1,88.0,46.29
S8x4x4-LD21-H0.3-F0.6-A4-s42,high,twostage,99,763,17.972,67.0,1,88.0,46.29
S8x4x4-LD21-H0.3-F0.6-A4-s42,high,twostage,99,764,17.994,67.0,1,88.0,46.29
S8x4x4-LD21-H0.3-F0.6-A4-s42,high,twostage,99,765,18.02,67.0,1,88.0,46.29
S8x4x4-LD21-H0.3-F0.6-A4-s42,high,twostage,99,766,18.042,67.0,1,88.0,46.29
S8x4x4-LD21-H0.3-F0.6-A4-s42,high,twostage,99,767,18.064,67.0,1,88.0,46.29
S8x4x4-LD21-H0.3-F0.6-A4-s42,high,twostage,99,768,18.087,67.0,1,88.0,46.29
S8x4x4-LD21-H0.3-F0.6-A4-s42,high,twostage,99,769,18.11,67.0,1,88.0,46.29
S8x4x4-LD21-H0.3-F0.6-A4-s42,high,twostage,99,770,18.137,67.0,1,88.0,46.29
S8x4x4-LD21-H0.3-F0.6-A4-s42,high,twostage,99,771,18.158,67.0,1,88.0,46.29
S8x4x4-LD21-H0.3-F0.6-A4-s42,high,twostage,99,772,18.181,67.0,1,88.0,46.29
S8x4x4-LD21-H0.3-F0.6-A4-s42,high,twostage,99,773,18.204,67.0,1,88.0,46.29
S8x4x4-LD21-H0.3-F0.6-A4-s42,high,twostage,99,774,18.226,67.0,1,88.0,46.29
S8x4x4-LD21-H0.3-F0.6-A4-s42,high,twostage,99,775,18.253,67.0,1,88.0,46.29
S8x4x4-LD21-H0.3-F0.6-A4-s42,high,twostage,99,776,18.274,67.0,1,88.0,46.29
S8x4x4-LD21-H0.3-F0.6-A4-s42,high,twostage,99,777,18.297,67.0,1,88.0,46.29
S8x4x4-LD21-H0.3-F0.6-A4-s42,high,twostage,99,778,18.32,67.0,1,88.0,46.29
S8x4x4-LD21-H0.3-F0.6-A4-s42,high,twostage,99,779,18.343,67.0,1,88.0,46.29
S8x4x4-LD21-H0.3-F0.6-A4-s42,high,twostage,99,780,18.369,67.0,1,88.0,46.29
S8x4x4-LD21-H0.3-F0.6-A4-s42,high,twostage,99,781,18.391,67.0,1,88.0,46.29
S8x4x4-LD21-H0.3-F0.6-A4-s42,high,twostage,99,782,18.414,67.0,1,88.0,46.29
S8x4x4-LD21-H0.3-F0.6-A4-s42,high,twostage,99,783,18.437,67.0,1,88.0,46.29
S8x4x4-LD21-H0.3-F0.6-A4-s42,high,twostage,99,784,18.461,67.0,1,88.0,46.29
S8x4x4-LD21-H0.3-F0.6-A4-s42,high,twostage,99,785,18.486,67.0,1,88.0,46.29
S8x4x4-LD21-H0.3-F0.6-A4-s42,high,twostage,99,786,18.507,67.0,1,88.0,46.29
S8x4x4-LD21-H0.3-F0.6-A4-s42,high,twostage,99,787,18.53,67.0,1,88.0,46.29
S8x4x4-LD21-H0.3-F0.6-A4-s42,high,twostage,99,788,18.553,67.0,1,88.0,46.29
S8x4x4-LD21-H0.3-F0.6-A4-s42,high,twostage,99,789,18.576,67.0,1,88.0,46.29
S8x4x4-LD21-H0.3-F0.6-A4-s42,high,twostage,99,790,18.601,67.0,1,88.0,46.29
S8x4x4-LD21-H0.3-F0.6-A4-s42,high,twostage,99,791,18.623,67.0,1,88.0,46.29
S8x4x4-LD21-H0.3-F0.6-A4-s42,high,twostage,99,792,18.646,67.0,1,88.0,46.29
S8x4x4-LD21-H0.3-F0.6-A4-s42,high,twostage,99,793,18.669,67.0,1,88.0,46.29
S8x4x4-LD21-H0.3-F0.6-A4-s42,high,twostage,99,794,18.691,67.0,1,88.0,46.29
S8x4x4-LD21-H0.3-F0.6-A4-s42,high,twostage,99,795,18.718,67.0,1,88.0,46.29
S8x4x4-LD21-H0.3-F0.6-A4-s42,high,twostage,99,796,18.741,67.0,1,88.0,46.29
S8x4x4-LD21-H0.3-F0.6-A4-s42,high,twostage,99,797,18.763,67.0,1,88.0,46.29
S8x4x4-LD21-H0.3-F0.6-A4-s42,high,twostage,99,798,18.787,67.0,1,88.0,46.29
S8x4x4-LD21-H0.3-F0.6-A4-s42,high,twostage,99,799,18.809,67.0,1,88.0,46.29
S8x4x4-LD21-H0.3-F0.6-A4-s42,high,twostage,99,800,18.836,67.0,1,88.0,46.29
S8x4x4-LD21-H0.3-F0.6-A4-s42,high,twostage,99,801,18.859,67.0,1,88.0,46.29
S8x4x4-LD21-H0.3-F0.6-A4-s42,high,twostage,99,802,18.881,67.0,1,88.0,46.29
S8x4x4-LD21-H0.3-F0.6-A4-s42,high,twostage,99,803,18.905,67.0,1,88.0,46.29
S8x4x4-LD21-H0.3-F0.6-A4-s42,high,twostage,99,804,18.931,67.0,1,88.0,46.29
S8x4x4-LD21-H0.3-F0.6-A4-s42,high,twostage,99,805,18.955,67.0,1,88.0,46.29
S8x4x4-LD21-H0.3-F0.6-A4-s42,high,twostage,99,806,18.978,67.0,1,88.0,46.29
S8x4x4-LD21-H0.3-F0.6-A4-s42,high,twostage,99,807,19.001,67.0,1,88.0,46.29
S8x4x4-LD21-H0.3-F0.6-A4-s42,high,twostage,99,808,19.024,67.0,1,88.0,46.29
S8x4x4-LD21-H0.3-F0.6-A4-s42,high,twostage,99,809,19.049,67.0,1,88.0,46.29
S8x4x4-LD21-H0.3-F0.6-A4-s42,high,twostage,99,810,19.071,67.0,1,88.0,46.29
S8x4x4-LD21-H0.3-F0.6-A4-s42,high,twostage,99,811,19.095,67.0,1,88.0,46.29
S8x4x4-LD21-H0.3-F0.6-A4-s42,high,twostage,99,812,19.118,67.0,1,88.0,46.29
S8x4x4-LD21-H0.3-F0.6-A4-s42,high,twostage,99,813,19.14,67.0,1,88.0,46.29
S8x4x4-LD21-H0.3-F0.6-A4-s42,high,twostage,99,814,19.165,67.0,1,88.0,46.29
S8x4x4-LD21-H0.3-F0.6-A4-s42,high,twostage,99,815,19.188,67.0,1,88.0,46.29
S8x4x4-LD21-H0.3-F0.6-A4-s42,high,twostage,99,816,19.211,67.0,1,88.0,46.29
S8x4x4-LD21-H0.3-F0.6-A4-s42,high,twostage,99,817,19.235,67.0,1,88.0,46.29
S8x4x4-LD21-H0.3-F0.6-A4-s42,high,twostage,99,818,19.258,67.0,1,88.0,46.29
S8x4x4-LD21-H0.3-F0.6-A4-s42,high,twostage,99,819,19.284,67.0,1,88.0,46.29
S8x4x4-LD21-H0.3-F0.6-A4-s42,high,twostage,99,820,19.308,67.0,1,88.0,46.29
S8x4x4-LD21-H0.3-F0.6-A4-s42,high,twostage,99,821,19.331,67.0,1,88.0,46.29
S8x4x4-LD21-H0.3-F0.6-A4-s42,high,twostage,99,822,19.354,67.0,1,88.0,46.29
S8x4x4-LD21-H0.3-F0.6-A4-s42,high,twostage,99,823,19.376,67.0,1,88.0,46.29
S8x4x4-LD21-H0.3-F0.6-A4-s42,high,twostage,99,824,19.402,67.0,1,88.0,46.29
S8x4x4-LD21-H0.3-F0.6-A4-s42,high,twostage,99,825,19.424,67.0,1,88.0,46.29
S8x4x4-LD21-H0.3-F0.6-A4-s42,high,twostage,99,826,19.45,67.0,1,88.0,46.29
S8x4x4-LD21-H0.3-F0.6-A4-s42,high,twostage,99,827,19.475,67.0,1,88.0,46.29
S8x4x4-LD21-H0.3-F0.6-A4-s42,high,twostage,99,828,19.498,67.0,1,88.0,46.29
S8x4x4-LD21-H0.3-F0.6-A4-s42,high,twostage,99,829,19.526,67.0,1,88.0,46.29
S8x4x4-LD21-H0.3-F0.6-A4-s42,high,twostage,99,830,19.549,67.0,1,88.0,46.29
S8x4x4-LD21-H0.3-F0.6-A4-s42,high,twostage,99,831,19.571,67.0,1,88.0,46.29
S8x4x4-LD21-H0.3-F0.6-A4-s42,high,twostage,99,832,19.593,67.0,1,88.0,46.29
S8x4x4-LD21-H0.3-F0.6-A4-s42,high,twostage,99,833,19.616,67.0,1,88.0,46.29
S8x4x4-LD21-H0.3-F0.6-A4-s42,high,twostage,99,834,19.64,67.0,1,88.0,46.29
S8x4x4-LD21-H0.3-F0.6-A4-s42,high,twostage,99,835,19.663,67.0,1,88.0,46.29
S8x4x4-LD21-H0.3-F0.6-A4-s42,high,twostage,99,836,19.687,67.0,1,88.0,46.29
S8x4x4-LD21-H0.3-F0.6-A4-s42,high,twostage,99,837,19.708,67.0,1,88.0,46.29
S8x4x4-LD21-H0.3-F0.6-A4-s42,high,twostage,99,838,19.732,67.0,1,88.0,46.29
S8x4x4-LD21-H0.3-F0.6-A4-s42,high,twostage,99,839,19.757,67.0,1,88.0,46.29
S8x4x4-LD21-H0.3-F0.6-A4-s42,high,twostage,99,840,19.781,67.0,1,88.0,46.29
S8x4x4-LD21-H0.3-F0.6-A4-s42,high,twostage,99,841,19.804,67.0,1,88.0,46.29
S8x4x4-LD21-H0.3-F0.6-A4-s42,high,twostage,99,842,19.827,67.0,1,88.0,46.29
S8x4x4-LD21-H0.3-F0.6-A4-s42,high,twostage,99,843,19.85,67.0,1,88.0,46.29
S8x4x4-LD21-H0.3-F0.6-A4-s42,high,twostage,99,844,19.876,67.0,1,88.0,46.29
S8x4x4-LD21-H0.3-F0.6-A4-s42,high,twostage,99,845,19.898,67.0,1,88.0,46.29
S8x4x4-LD21-H0.3-F0.6-A4-s42,high,twostage,99,846,19.92,67.0,1,88.0,46.29
S8x4x4-LD21-H0.3-F0.6-A4-s42,high,twostage,99,847,19.943,67.0,1,88.0,46.29
S8x4x4-LD21-H0.3-F0.6-A4-s42,high,twostage,99,848,19.966,67.0,1,88.0,46.29
S8x4x4-LD21-H0.3-F0.6-A4-s42,high,twostage,99,849,19.99,67.0,1,88.0,46.29
S8x4x4-LD21-H0.3-F0.6-A4-s42,high,twostage,99,850,20.013,67.0,1,88.0,46.29
S8x4x4-LD21-H0.3-F0.6-A4-s42,high,twostage,99,851,20.035,67.0,1,88.0,46.29
S8x4x4-LD21-H0.3-F0.6-A4-s42,high,twostage,99,852,20.058,67.0,1,88.0,46.29
S8x4x4-LD21-H0.3-F0.6-A4-s42,high,twostage,99,853,20.085,67.0,1,88.0,46.29
S8x4x4-LD21-H0.3-F0.6-A4-s42,high,twostage,99,854,20.108,67.0,1,88.0,46.29
S8x4x4-LD21-H0.3-F0.6-A4-s42,high,twostage,99,855,20.13,67.0,1,88.0,46.29
S8x4x4-LD21-H0.3-F0.6-A4-s42,high,twostage,99,856,20.153,67.0,1,88.0,46.29
S8x4x4-LD21-H0.3-F0.6-A4-s42,high,twostage,99,857,20.175,67.0,1,88.0,46.29
S8x4x4-LD21-H0.3-F0.6-A4-s42,high,twostage,99,858,20.201,67.0,1,88.0,46.29
S8x4x4-LD21-H0.3-F0.6-A4-s42,high,twostage,99,859,20.223,67.0,1,88.0,46.29
S8x4x4-LD21-H0.3-F0.6-A4-s42,high,twostage,99,860,20.246,67.0,1,88.0,46.29
S8x4x4-LD21-H0.3-F0.6-A4-s42,high,twostage,99,861,20.269,67.0,1,88.0,46.29
S8x4x4-LD21-H0.3-F0.6-A4-s42,high,twostage,99,862,20.291,67.0,1,88.0,46.29
S8x4x4-LD21-H0.3-F0.6-A4-s42,high,twostage,99,863,20.317,67.0,1,88.0,46.29
S8x4x4-LD21-H0.3-F0.6-A4-s42,high,twostage,99,864,20.34,67.0,1,88.0,46.29
S8x4x4-LD21-H0.3-F0.6-A4-s42,high,twostage,99,865,20.363,67.0,1,88.0,46.29
S8x4x4-LD21-H0.3-F0.6-A4-s42,high,twostage,99,866,20.385,67.0,1,88.0,46.29
S8x4x4-LD21-H0.3-F0.6-A4-s42,high,twostage,99,867,20.408,67.0,1,88.0,46.29
S8x4x4-LD21-H0.3-F0.6-A4-s42,high,twostage,99,868,20.435,67.0,1,88.0,46.29
S8x4x4-LD21-H0.3-F0.6-A4-s42,high,twostage,99,869,20.458,67.0,1,88.0,46.29
S8x4x4-LD21-H0.3-F0.6-A4-s42,high,twostage,99,870,20.482,67.0,1,88.0,46.29
S8x4x4-LD21-H0.3-F0.6-A4-s42,high,twostage,99,871,20.504,67.0,1,88.0,46.29
S8x4x4-LD21-H0.3-F0.6-A4-s42,high,twostage,99,872,20.527,67.0,1,88.0,46.29
S8x4x4-LD21-H0.3-F0.6-A4-s42,high,twostage,99,873,20.552,67.0,1,88.0,46.29
S8x4x4-LD21-H0.3-F0.6-A4-s42,high,twostage,99,874,20.575,67.0,1,88.0,46.29
S8x4x4-LD21-H0.3-F0.6-A4-s42,high,twostage,99,875,20.598,67.0,1,88.0,46.29
S8x4x4-LD21-H0.3-F0.6-A4-s42,high,twostage,99,876,20.621,67.0,1,88.0,46.29
S8x4x4-LD21-H0.3-F0.6-A4-s42,high,twostage,99,877,20.644,67.0,1,88.0,46.29
S8x4x4-LD21-H0.3-F0.6-A4-s42,high,twostage,99,878,20.669,67.0,1,88.0,46.29
S8x4x4-LD21-H0.3-F0.6-A4-s42,high,twostage,99,879,20.693,67.0,1,88.0,46.29
S8x4x4-LD21-H0.3-F0.6-A4-s42,high,twostage,99,880,20.716,67.0,1,88.0,46.29
S8x4x4-LD21-H0.3-F0.6-A4-s42,high,twostage,99,881,20.738,67.0,1,88.0,46.29
S8x4x4-LD21-H0.3-F0.6-A4-s42,high,twostage,99,882,20.761,67.0,1,88.0,46.29
S8x4x4-LD21-H0.3-F0.6-A4-s42,high,twostage,99,883,20.786,67.0,1,88.0,46.29
S8x4x4-LD21-H0.3-F0.6-A4-s42,high,twostage,99,884,20.809,67.0,1,88.0,46.29
S8x4x4-LD21-H0.3-F0.6-A4-s42,high,twostage,99,885,20.832,67.0,1,88.0,46.29
S8x4x4-LD21-H0.3-F0.6-A4-s42,high,twostage,99,886,20.855,67.0,1,88.0,46.29
S8x4x4-LD21-H0.3-F0.6-A4-s42,high,twostage,99,887,20.88,67.0,1,88.0,46.29
S8x4x4-LD21-H0.3-F0.6-A4-s42,high,twostage,99,888,20.904,67.0,1,88.0,46.29
S8x4x4-LD21-H0.3-F0.6-A4-s42,high,twostage,99,889,20.927,67.0,1,88.0,46.29
S8x4x4-LD21-H0.3-F0.6-A4-s42,high,twostage,99,890,20.95,67.0,1,88.0,46.29
S8x4x4-LD21-H0.3-F0.6-A4-s42,high,twostage,99,891,20.972,67.0,1,88.0,46.29
S8x4x4-LD21-H0.3-F0.6-A4-s42,high,twostage,99,892,20.995,67.0,1,88.0,46.29
S8x4x4-LD21-H0.3-F0.6-A4-s42,high,twostage,99,893,21.02,67.0,1,88.0,46.29
S8x4x4-LD21-H0.3-F0.6-A4-s42,high,twostage,99,894,21.042,67.0,1,88.0,46.29
S8x4x4-LD21-H0.3-F0.6-A4-s42,high,twostage,99,895,21.064,67.0,1,88.0,46.29
S8x4x4-LD21-H0.3-F0.6-A4-s42,high,twostage,99,896,21.087,67.0,1,88.0,46.29
S8x4x4-LD21-H0.3-F0.6-A4-s42,high,twostage,99,897,21.11,67.0,1,88.0,46.29
S8x4x4-LD21-H0.3-F0.6-A4-s42,high,twostage,99,898,21.135,67.0,1,88.0,46.29
S8x4x4-LD21-H0.3-F0.6-A4-s42,high,twostage,99,899,21.157,67.0,1,88.0,46.29
S8x4x4-LD21-H0.3-F0.6-A4-s42,high,twostage,99,900,21.179,67.0,1,88.0,46.29
S8x4x4-LD21-H0.3-F0.6-A4-s42,high,twostage,99,901,21.202,67.0,1,88.0,46.29
S8x4x4-LD21-H0.3-F0.6-A4-s42,high,twostage,99,902,21.227,67.0,1,88.0,46.29
S8x4x4-LD21-H0.3-F0.6-A4-s42,high,twostage,99,903,21.251,67.0,1,88.0,46.29
S8x4x4-LD21-H0.3-F0.6-A4-s42,high,twostage,99,904,21.273,67.0,1,88.0,46.29
S8x4x4-LD21-H0.3-F0.6-A4-s42,high,twostage,99,905,21.296,67.0,1,88.0,46.29
S8x4x4-LD21-H0.3-F0.6-A4-s42,high,twostage,99,906,21.319,67.0,1,88.0,46.29
S8x4x4-LD21-H0.3-F0.6-A4-s42,high,twostage,99,907,21.345,67.0,1,88.0,46.29
S8x4x4-LD21-H0.3-F0.6-A4-s42,high,twostage,99,908,21.367,67.0,1,88.0,46.29
S8x4x4-LD21-H0.3-F0.6-A4-s42,high,twostage,99,909,21.391,67.0,1,88.0,46.29
S8x4x4-LD21-H0.3-F0.6-A4-s42,high,twostage,99,910,21.413,67.0,1,88.0,46.29
S8x4x4-LD21-H0.3-F0.6-A4-s42,high,twostage,99,911,21.437,67.0,1,88.0,46.29
S8x4x4-LD21-H0.3-F0.6-A4-s42,high,twostage,99,912,21.463,67.0,1,88.0,46.29
S8x4x4-LD21-H0.3-F0.6-A4-s42,high,twostage,99,913,21.486,67.0,1,88.0,46.29
S8x4x4-LD21-H0.3-F0.6-A4-s42,high,twostage,99,914,21.508,67.0,1,88.0,46.29
S8x4x4-LD21-H0.3-F0.6-A4-s42,high,twostage,99,915,21.531,67.0,1,88.0,46.29
S8x4x4-LD21-H0.3-F0.6-A4-s42,high,twostage,99,916,21.553,67.0,1,88.0,46.29
S8x4x4-LD21-H0.3-F0.6-A4-s42,high,twostage,99,917,21.578,67.0,1,88.0,46.29
S8x4x4-LD21-H0.3-F0.6-A4-s42,high,twostage,99,918,21.6,67.0,1,88.0,46.29
S8x4x4-LD21-H0.3-F0.6-A4-s42,high,twostage,99,919,21.623,67.0,1,88.0,46.29
S8x4x4-LD21-H0.3-F0.6-A4-s42,high,twostage,99,920,21.646,67.0,1,88.0,46.29
S8x4x4-LD21-H0.3-F0.6-A4-s42,high,twostage,99,921,21.668,67.0,1,88.0,46.29
S8x4x4-LD21-H0.3-F0.6-A4-s42,high,twostage,99,922,21.694,67.0,1,88.0,46.29
S8x4x4-LD21-H0.3-F0.6-A4-s42,high,twostage,99,923,21.715,67.0,1,88.0,46.29
S8x4x4-LD21-H0.3-F0.6-A4-s42,high,twostage,99,924,21.739,67.0,1,88.0,46.29
S8x4x4-LD21-H0.3-F0.6-A4-s42,high,twostage,99,925,21.762,67.0,1,88.0,46.29
S8x4x4-LD21-H0.3-F0.6-A4-s42,high,twostage,99,926,21.785,67.0,1,88.0,46.29
S8x4x4-LD21-H0.3-F0.6-A4-s42,high,twostage,99,927,21.811,67.0,1,88.0,46.29
S8x4x4-LD21-H0.3-F0.6-A4-s42,high,twostage,99,928,21.833,67.0,1,88.0,46.29
S8x4x4-LD21-H0.3-F0.6-A4-s42,high,twostage,99,929,21.856,67.0,1,88.0,46.29
S8x4x4-LD21-H0.3-F0.6-A4-s42,high,twostage,99,930,21.879,67.0,1,88.0,46.29
S8x4x4-LD21-H0.3-F0.6-A4-s42,high,twostage,99,931,21.901,67.0,1,88.0,46.29
S8x4x4-LD21-H0.3-F0.6-A4-s42,high,twostage,99,932,21.926,67.0,1,88.0,46.29
S8x4x4-LD21-H0.3-F0.6-A4-s42,high,twostage,99,933,21.949,67.0,1,88.0,46.29
S8x4x4-LD21-H0.3-F0.6-A4-s42,high,twostage,99,934,21.972,67.0,1,88.0,46.29
S8x4x4-LD21-H0.3-F0.6-A4-s42,high,twostage,99,935,21.995,67.0,1,88.0,46.29
S8x4x4-LD21-H0.3-F0.6-A4-s42,high,twostage,99,936,22.017,67.0,1,88.0,46.29
S8x4x4-LD21-H0.3-F0.6-A4-s42,high,twostage,99,937,22.043,67.0,1,88.0,46.29
S8x4x4-LD21-H0.3-F0.6-A4-s42,high,twostage,99,938,22.066,67.0,1,88.0,46.29
S8x4x4-LD21-H0.3-F0.6-A4-s42,high,twostage,99,939,22.09,67.0,1,88.0,46.29
S8x4x4-LD21-H0.3-F0.6-A4-s42,high,twostage,99,940,22.113,67.0,1,88.0,46.29
S8x4x4-LD21-H0.3-F0.6-A4-s42,high,twostage,99,941,22.135,67.0,1,88.0,46.29
S8x4x4-LD21-H0.3-F0.6-A4-s42,high,twostage,99,942,22.16,67.0,1,88.0,46.29
S8x4x4-LD21-H0.3-F0.6-A4-s42,high,twostage,99,943,22.183,67.0,1,88.0,46.29
S8x4x4-LD21-H0.3-F0.6-A4-s42,high,twostage,99,944,22.206,67.0,1,88.0,46.29
S8x4x4-LD21-H0.3-F0.6-A4-s42,high,twostage,99,945,22.227,67.0,1,88.0,46.29
S8x4x4-LD21-H0.3-F0.6-A4-s42,high,twostage,99,946,22.25,67.0,1,88.0,46.29
S8x4x4-LD21-H0.3-F0.6-A4-s42,high,twostage,99,947,22.275,67.0,1,88.0,46.29
S8x4x4-LD21-H0.3-F0.6-A4-s42,high,twostage,99,948,22.298,67.0,1,88.0,46.29
S8x4x4-LD21-H0.3-F0.6-A4-s42,high,twostage,99,949,22.321,67.0,1,88.0,46.29
S8x4x4-LD21-H0.3-F0.6-A4-s42,high,twostage,99,950,22.344,67.0,1,88.0,46.29
S8x4x4-LD21-H0.3-F0.6-A4-s42,high,twostage,99,951,22.369,67.0,1,88.0,46.29
S8x4x4-LD21-H0.3-F0.6-A4-s42,high,twostage,99,952,22.392,67.0,1,88.0,46.29
S8x4x4-LD21-H0.3-F0.6-A4-s42,high,twostage,99,953,22.415,67.0,1,88.0,46.29
S8x4x4-LD21-H0.3-F0.6-A4-s42,high,twostage,99,954,22.439,67.0,1,88.0,46.29
S8x4x4-LD21-H0.3-F0.6-A4-s42,high,twostage,99,955,22.462,67.0,1,88.0,46.29
S8x4x4-LD21-H0.3-F0.6-A4-s42,high,twostage,99,956,22.488,67.0,1,88.0,46.29
S8x4x4-LD21-H0.3-F0.6-A4-s42,high,twostage,99,957,22.511,67.0,1,88.0,46.29
S8x4x4-LD21-H0.3-F0.6-A4-s42,high,twostage,99,958,22.534,67.0,1,88.0,46.29
S8x4x4-LD21-H0.3-F0.6-A4-s42,high,twostage,99,959,22.556,67.0,1,88.0,46.29
S8x4x4-LD21-H0.3-F0.6-A4-s42,high,twostage,99,960,22.578,67.0,1,88.0,46.29
S8x4x4-LD21-H0.3-F0.6-A4-s42,high,twostage,99,961,22.603,67.0,1,88.0,46.29
S8x4x4-LD21-H0.3-F0.6-A4-s42,high,twostage,99,962,22.626,67.0,1,88.0,46.29
S8x4x4-LD21-H0.3-F0.6-A4-s42,high,twostage,99,963,22.648,67.0,1,88.0,46.29
S8x4x4-LD21-H0.3-F0.6-A4-s42,high,twostage,99,964,22.67,67.0,1,88.0,46.29
S8x4x4-LD21-H0.3-F0.6-A4-s42,high,twostage,99,965,22.694,67.0,1,88.0,46.29
S8x4x4-LD21-H0.3-F0.6-A4-s42,high,twostage,99,966,22.719,67.0,1,88.0,46.29
S8x4x4-LD21-H0.3-F0.6-A4-s42,high,twostage,99,967,22.742,67.0,1,88.0,46.29
S8x4x4-LD21-H0.3-F0.6-A4-s42,high,twostage,99,968,22.764,67.0,1,88.0,46.29
S8x4x4-LD21-H0.3-F0.6-A4-s42,high,twostage,99,969,22.787,67.0,1,88.0,46.29
S8x4x4-LD21-H0.3-F0.6-A4-s42,high,twostage,99,970,22.81,67.0,1,88.0,46.29
S8x4x4-LD21-H0.3-F0.6-A4-s42,high,twostage,99,971,22.837,67.0,1,88.0,46.29
S8x4x4-LD21-H0.3-F0.6-A4-s42,high,twostage,99,972,22.86,67.0,1,88.0,46.29
S8x4x4-LD21-H0.3-F0.6-A4-s42,high,twostage,99,973,22.882,67.0,1,88.0,46.29
S8x4x4-LD21-H0.3-F0.6-A4-s42,high,twostage,99,974,22.905,67.0,1,88.0,46.29
S8x4x4-LD21-H0.3-F0.6-A4-s42,high,twostage,99,975,22.928,67.0,1,88.0,46.29
S8x4x4-LD21-H0.3-F0.6-A4-s42,high,twostage,99,976,22.953,67.0,1,88.0,46.29
S8x4x4-LD21-H0.3-F0.6-A4-s42,high,twostage,99,977,22.975,67.0,1,88.0,46.29
S8x4x4-LD21-H0.3-F0.6-A4-s42,high,twostage,99,978,22.999,67.0,1,88.0,46.29
S8x4x4-LD21-H0.3-F0.6-A4-s42,high,twostage,99,979,23.022,67.0,1,88.0,46.29
S8x4x4-LD21-H0.3-F0.6-A4-s42,high,twostage,99,980,23.045,67.0,1,88.0,46.29
S8x4x4-LD21-H0.3-F0.6-A4-s42,high,twostage,99,981,23.071,67.0,1,88.0,46.29
S8x4x4-LD21-H0.3-F0.6-A4-s42,high,twostage,99,982,23.093,67.0,1,88.0,46.29
S8x4x4-LD21-H0.3-F0.6-A4-s42,high,twostage,99,983,23.116,67.0,1,88.0,46.29
S8x4x4-LD21-H0.3-F0.6-A4-s42,high,twostage,99,984,23.139,67.0,1,88.0,46.29
S8x4x4-LD21-H0.3-F0.6-A4-s42,high,twostage,99,985,23.162,67.0,1,88.0,46.29
S8x4x4-LD21-H0.3-F0.6-A4-s42,high,twostage,99,986,23.187,67.0,1,88.0,46.29
S8x4x4-LD21-H0.3-F0.6-A4-s42,high,twostage,99,987,23.209,67.0,1,88.0,46.29
S8x4x4-LD21-H0.3-F0.6-A4-s42,high,twostage,99,988,23.232,67.0,1,88.0,46.29
S8x4x4-LD21-H0.3-F0.6-A4-s42,high,twostage,99,989,23.255,67.0,1,88.0,46.29
S8x4x4-LD21-H0.3-F0.6-A4-s42,high,twostage,99,990,23.278,67.0,1,88.0,46.29
S8x4x4-LD21-H0.3-F0.6-A4-s42,high,twostage,99,991,23.303,67.0,1,88.0,46.29
S8x4x4-LD21-H0.3-F0.6-A4-s42,high,twostage,99,992,23.326,67.0,1,88.0,46.29
S8x4x4-LD21-H0.3-F0.6-A4-s42,high,twostage,99,993,23.349,67.0,1,88.0,46.29
S8x4x4-LD21-H0.3-F0.6-A4-s42,high,twostage,99,994,23.372,67.0,1,88.0,46.29
S8x4x4-LD21-H0.3-F0.6-A4-s42,high,twostage,99,995,23.395,67.0,1,88.0,46.29
S8x4x4-LD21-H0.3-F0.6-A4-s42,high,twostage,99,996,23.421,67.0,1,88.0,46.29
S8x4x4-LD21-H0.3-F0.6-A4-s42,high,twostage,99,997,23.444,67.0,1,88.0,46.29
S8x4x4-LD21-H0.3-F0.6-A4-s42,high,twostage,99,998,23.466,67.0,1,88.0,46.29
S8x4x4-LD21-H0.3-F0.6-A4-s42,high,twostage,99,999,23.49,67.0,1,88.0,46.29
S8x4x4-LD21-H0.3-F0.6-A4-s42,high,twostage,99,1000,23.523,67.0,1,88.0,46.29
S8x4x4-LD21-H0.3-F0.6-A4-s42,high,twostage,99,1001,23.546,67.0,1,88.0,46.29
S8x4x4-LD21-H0.3-F0.6-A4-s42,high,twostage,99,1002,23.581,67.0,1,88.0,46.29
S8x4x4-LD21-H0.3-F0.6-A4-s42,high,twostage,99,1003,23.607,67.0,1,88.0,46.29
S8x4x4-LD21-H0.3-F0.6-A4-s42,high,twostage,99,1004,23.638,67.0,1,88.0,46.29
S8x4x4-LD21-H0.3-F0.6-A4-s42,high,twostage,99,1005,23.666,67.0,1,88.0,46.29
S8x4x4-LD21-H0.3-F0.6-A4-s42,high,twostage,99,1006,23.688,67.0,1,88.0,46.29
S8x4x4-LD21-H0.3-F0.6-A4-s42,high,twostage,99,1007,23.713,67.0,1,88.0,46.29
S8x4x4-LD21-H0.3-F0.6-A4-s42,high,twostage,99,1008,23.74,67.0,1,88.0,46.29
S8x4x4-LD21-H0.3-F0.6-A4-s42,high,twostage,99,1009,23.767,67.0,1,88.0,46.29
S8x4x4-LD21-H0.3-F0.6-A4-s42,high,twostage,99,1010,23.796,67.0,1,88.0,46.29
S8x4x4-LD21-H0.3-F0.6-A4-s42,high,twostage,99,1011,23.819,67.0,1,88.0,46.29
S8x4x4-LD21-H0.3-F0.6-A4-s42,high,twostage,99,1012,23.842,67.0,1,88.0,46.29
S8x4x4-LD21-H0.3-F0.6-A4-s42,high,twostage,99,1013,23.864,67.0,1,88.0,46.29
S8x4x4-LD21-H0.3-F0.6-A4-s42,high,twostage,99,1014,23.888,67.0,1,88.0,46.29
S8x4x4-LD21-H0.3-F0.6-A4-s42,high,twostage,99,1015,23.913,67.0,1,88.0,46.29
S8x4x4-LD21-H0.3-F0.6-A4-s42,high,twostage,99,1016,23.936,67.0,1,88.0,46.29
S8x4x4-LD21-H0.3-F0.6-A4-s42,high,twostage,99,1017,23.959,67.0,1,88.0,46.29
S8x4x4-LD21-H0.3-F0.6-A4-s42,high,twostage,99,1018,23.981,67.0,1,88.0,46.29
S8x4x4-LD21-H0.3-F0.6-A4-s42,high,twostage,99,1019,24.003,67.0,1,88.0,46.29
S8x4x4-LD21-H0.3-F0.6-A4-s42,high,twostage,99,1020,24.028,67.0,1,88.0,46.29
S8x4x4-LD21-H0.3-F0.6-A4-s42,high,twostage,99,1021,24.05,67.0,1,88.0,46.29
S8x4x4-LD21-H0.3-F0.6-A4-s42,high,twostage,99,1022,24.071,67.0,1,88.0,46.29
S8x4x4-LD21-H0.3-F0.6-A4-s42,high,twostage,99,1023,24.094,67.0,1,88.0,46.29
S8x4x4-LD21-H0.3-F0.6-A4-s42,high,twostage,99,1024,24.116,67.0,1,88.0,46.29
S8x4x4-LD21-H0.3-F0.6-A4-s42,high,twostage,99,1025,24.141,67.0,1,88.0,46.29
S8x4x4-LD21-H0.3-F0.6-A4-s42,high,twostage,99,1026,24.163,67.0,1,88.0,46.29
S8x4x4-LD21-H0.3-F0.6-A4-s42,high,twostage,99,1027,24.185,67.0,1,88.0,46.29
S8x4x4-LD21-H0.3-F0.6-A4-s42,high,twostage,99,1028,24.208,67.0,1,88.0,46.29
S8x4x4-LD21-H0.3-F0.6-A4-s42,high,twostage,99,1029,24.23,67.0,1,88.0,46.29
S8x4x4-LD21-H0.3-F0.6-A4-s42,high,twostage,99,1030,24.255,67.0,1,88.0,46.29
S8x4x4-LD21-H0.3-F0.6-A4-s42,high,twostage,99,1031,24.277,67.0,1,88.0,46.29
S8x4x4-LD21-H0.3-F0.6-A4-s42,high,twostage,99,1032,24.299,67.0,1,88.0,46.29
S8x4x4-LD21-H0.3-F0.6-A4-s42,high,twostage,99,1033,24.322,67.0,1,88.0,46.29
S8x4x4-LD21-H0.3-F0.6-A4-s42,high,twostage,99,1034,24.345,67.0,1,88.0,46.29
S8x4x4-LD21-H0.3-F0.6-A4-s42,high,twostage,99,1035,24.37,67.0,1,88.0,46.29
S8x4x4-LD21-H0.3-F0.6-A4-s42,high,twostage,99,1036,24.392,67.0,1,88.0,46.29
S8x4x4-LD21-H0.3-F0.6-A4-s42,high,twostage,99,1037,24.415,67.0,1,88.0,46.29
S8x4x4-LD21-H0.3-F0.6-A4-s42,high,twostage,99,1038,24.439,67.0,1,88.0,46.29
S8x4x4-LD21-H0.3-F0.6-A4-s42,high,twostage,99,1039,24.461,67.0,1,88.0,46.29
S8x4x4-LD21-H0.3-F0.6-A4-s42,high,twostage,99,1040,24.486,67.0,1,88.0,46.29
S8x4x4-LD21-H0.3-F0.6-A4-s42,high,twostage,99,1041,24.508,67.0,1,88.0,46.29
S8x4x4-LD21-H0.3-F0.6-A4-s42,high,twostage,99,1042,24.53,67.0,1,88.0,46.29
S8x4x4-LD21-H0.3-F0.6-A4-s42,high,twostage,99,1043,24.553,67.0,1,88.0,46.29
S8x4x4-LD21-H0.3-F0.6-A4-s42,high,twostage,99,1044,24.575,67.0,1,88.0,46.29
S8x4x4-LD21-H0.3-F0.6-A4-s42,high,twostage,99,1045,24.6,67.0,1,88.0,46.29
S8x4x4-LD21-H0.3-F0.6-A4-s42,high,twostage,99,1046,24.621,67.0,1,88.0,46.29
S8x4x4-LD21-H0.3-F0.6-A4-s42,high,twostage,99,1047,24.643,67.0,1,88.0,46.29
S8x4x4-LD21-H0.3-F0.6-A4-s42,high,twostage,99,1048,24.666,67.0,1,88.0,46.29
S8x4x4-LD21-H0.3-F0.6-A4-s42,high,twostage,99,1049,24.691,67.0,1,88.0,46.29
S8x4x4-LD21-H0.3-F0.6-A4-s42,high,twostage,99,1050,24.714,67.0,1,88.0,46.29
S8x4x4-LD21-H0.3-F0.6-A4-s42,high,twostage,99,1051,24.736,67.0,1,88.0,46.29
S8x4x4-LD21-H0.3-F0.6-A4-s42,high,twostage,99,1052,24.758,67.0,1,88.0,46.29
S8x4x4-LD21-H0.3-F0.6-A4-s42,high,twostage,99,1053,24.781,67.0,1,88.0,46.29
S8x4x4-LD21-H0.3-F0.6-A4-s42,high,twostage,99,1054,24.806,67.0,1,88.0,46.29
S8x4x4-LD21-H0.3-F0.6-A4-s42,high,twostage,99,1055,24.829,67.0,1,88.0,46.29
S8x4x4-LD21-H0.3-F0.6-A4-s42,high,twostage,99,1056,24.851,67.0,1,88.0,46.29
S8x4x4-LD21-H0.3-F0.6-A4-s42,high,twostage,99,1057,24.874,67.0,1,88.0,46.29
S8x4x4-LD21-H0.3-F0.6-A4-s42,high,twostage,99,1058,24.896,67.0,1,88.0,46.29
S8x4x4-LD21-H0.3-F0.6-A4-s42,high,twostage,99,1059,24.922,67.0,1,88.0,46.29
S8x4x4-LD21-H0.3-F0.6-A4-s42,high,twostage,99,1060,24.944,67.0,1,88.0,46.29
S8x4x4-LD21-H0.3-F0.6-A4-s42,high,twostage,99,1061,24.966,67.0,1,88.0,46.29
S8x4x4-LD21-H0.3-F0.6-A4-s42,high,twostage,99,1062,24.988,67.0,1,88.0,46.29
S8x4x4-LD21-H0.3-F0.6-A4-s42,high,twostage,99,1063,25.011,67.0,1,88.0,46.29
S8x4x4-LD21-H0.3-F0.6-A4-s42,high,twostage,99,1064,25.036,67.0,1,88.0,46.29
S8x4x4-LD21-H0.3-F0.6-A4-s42,high,twostage,99,1065,25.059,67.0,1,88.0,46.29
S8x4x4-LD21-H0.3-F0.6-A4-s42,high,twostage,99,1066,25.08,67.0,1,88.0,46.29
S8x4x4-LD21-H0.3-F0.6-A4-s42,high,twostage,99,1067,25.102,67.0,1,88.0,46.29
S8x4x4-LD21-H0.3-F0.6-A4-s42,high,twostage,99,1068,25.124,67.0,1,88.0,46.29
S8x4x4-LD21-H0.3-F0.6-A4-s42,high,twostage,99,1069,25.15,67.0,1,88.0,46.29
S8x4x4-LD21-H0.3-F0.6-A4-s42,high,twostage,99,1070,25.172,67.0,1,88.0,46.29
S8x4x4-LD21-H0.3-F0.6-A4-s42,high,twostage,99,1071,25.194,67.0,1,88.0,46.29
S8x4x4-LD21-H0.3-F0.6-A4-s42,high,twostage,99,1072,25.215,67.0,1,88.0,46.29
S8x4x4-LD21-H0.3-F0.6-A4-s42,high,twostage,99,1073,25.238,67.0,1,88.0,46.29
S8x4x4-LD21-H0.3-F0.6-A4-s42,high,twostage,99,1074,25.262,67.0,1,88.0,46.29
S8x4x4-LD21-H0.3-F0.6-A4-s42,high,twostage,99,1075,25.285,67.0,1,88.0,46.29
S8x4x4-LD21-H0.3-F0.6-A4-s42,high,twostage,99,1076,25.306,67.0,1,88.0,46.29
S8x4x4-LD21-H0.3-F0.6-A4-s42,high,twostage,99,1077,25.329,67.0,1,88.0,46.29
S8x4x4-LD21-H0.3-F0.6-A4-s42,high,twostage,99,1078,25.353,67.0,1,88.0,46.29
S8x4x4-LD21-H0.3-F0.6-A4-s42,high,twostage,99,1079,25.377,67.0,1,88.0,46.29
S8x4x4-LD21-H0.3-F0.6-A4-s42,high,twostage,99,1080,25.4,67.0,1,88.0,46.29
S8x4x4-LD21-H0.3-F0.6-A4-s42,high,twostage,99,1081,25.423,67.0,1,88.0,46.29
S8x4x4-LD21-H0.3-F0.6-A4-s42,high,twostage,99,1082,25.446,67.0,1,88.0,46.29
S8x4x4-LD21-H0.3-F0.6-A4-s42,high,twostage,99,1083,25.468,67.0,1,88.0,46.29
S8x4x4-LD21-H0.3-F0.6-A4-s42,high,twostage,99,1084,25.492,67.0,1,88.0,46.29
S8x4x4-LD21-H0.3-F0.6-A4-s42,high,twostage,99,1085,25.516,67.0,1,88.0,46.29
S8x4x4-LD21-H0.3-F0.6-A4-s42,high,twostage,99,1086,25.538,67.0,1,88.0,46.29
S8x4x4-LD21-H0.3-F0.6-A4-s42,high,twostage,99,1087,25.561,67.0,1,88.0,46.29
S8x4x4-LD21-H0.3-F0.6-A4-s42,high,twostage,99,1088,25.583,67.0,1,88.0,46.29
S8x4x4-LD21-H0.3-F0.6-A4-s42,high,twostage,99,1089,25.609,67.0,1,88.0,46.29
S8x4x4-LD21-H0.3-F0.6-A4-s42,high,twostage,99,1090,25.631,67.0,1,88.0,46.29
S8x4x4-LD21-H0.3-F0.6-A4-s42,high,twostage,99,1091,25.654,67.0,1,88.0,46.29
S8x4x4-LD21-H0.3-F0.6-A4-s42,high,twostage,99,1092,25.676,67.0,1,88.0,46.29
S8x4x4-LD21-H0.3-F0.6-A4-s42,high,twostage,99,1093,25.702,67.0,1,88.0,46.29
S8x4x4-LD21-H0.3-F0.6-A4-s42,high,twostage,99,1094,25.724,67.0,1,88.0,46.29
S8x4x4-LD21-H0.3-F0.6-A4-s42,high,twostage,99,1095,25.747,67.0,1,88.0,46.29
S8x4x4-LD21-H0.3-F0.6-A4-s42,high,twostage,99,1096,25.77,67.0,1,88.0,46.29
S8x4x4-LD21-H0.3-F0.6-A4-s42,high,twostage,99,1097,25.792,67.0,1,88.0,46.29
S8x4x4-LD21-H0.3-F0.6-A4-s42,high,twostage,99,1098,25.817,67.0,1,88.0,46.29
S8x4x4-LD21-H0.3-F0.6-A4-s42,high,twostage,99,1099,25.84,67.0,1,88.0,46.29
S8x4x4-LD21-H0.3-F0.6-A4-s42,high,twostage,99,1100,25.863,67.0,1,88.0,46.29
S8x4x4-LD21-H0.3-F0.6-A4-s42,high,twostage,99,1101,25.886,67.0,1,88.0,46.29
S8x4x4-LD21-H0.3-F0.6-A4-s42,high,twostage,99,1102,25.909,67.0,1,88.0,46.29
S8x4x4-LD21-H0.3-F0.6-A4-s42,high,twostage,99,1103,25.935,67.0,1,88.0,46.29
S8x4x4-LD21-H0.3-F0.6-A4-s42,high,twostage,99,1104,25.957,67.0,1,88.0,46.29
S8x4x4-LD21-H0.3-F0.6-A4-s42,high,twostage,99,1105,25.979,67.0,1,88.0,46.29
S8x4x4-LD21-H0.3-F0.6-A4-s42,high,twostage,99,1106,26.002,67.0,1,88.0,46.29
S8x4x4-LD21-H0.3-F0.6-A4-s42,high,twostage,99,1107,26.025,67.0,1,88.0,46.29
S8x4x4-LD21-H0.3-F0.6-A4-s42,high,twostage,99,1108,26.051,67.0,1,88.0,46.29
S8x4x4-LD21-H0.3-F0.6-A4-s42,high,twostage,99,1109,26.074,67.0,1,88.0,46.29
S8x4x4-LD21-H0.3-F0.6-A4-s42,high,twostage,99,1110,26.096,67.0,1,88.0,46.29
S8x4x4-LD21-H0.3-F0.6-A4-s42,high,twostage,99,1111,26.12,67.0,1,88.0,46.29
S8x4x4-LD21-H0.3-F0.6-A4-s42,high,twostage,99,1112,26.141,67.0,1,88.0,46.29
S8x4x4-LD21-H0.3-F0.6-A4-s42,high,twostage,99,1113,26.166,67.0,1,88.0,46.29
S8x4x4-LD21-H0.3-F0.6-A4-s42,high,twostage,99,1114,26.189,67.0,1,88.0,46.29
S8x4x4-LD21-H0.3-F0.6-A4-s42,high,twostage,99,1115,26.211,67.0,1,88.0,46.29
S8x4x4-LD21-H0.3-F0.6-A4-s42,high,twostage,99,1116,26.234,67.0,1,88.0,46.29
S8x4x4-LD21-H0.3-F0.6-A4-s42,high,twostage,99,1117,26.256,67.0,1,88.0,46.29
S8x4x4-LD21-H0.3-F0.6-A4-s42,high,twostage,99,1118,26.28,67.0,1,88.0,46.29
S8x4x4-LD21-H0.3-F0.6-A4-s42,high,twostage,99,1119,26.302,67.0,1,88.0,46.29
S8x4x4-LD21-H0.3-F0.6-A4-s42,high,twostage,99,1120,26.325,67.0,1,88.0,46.29
S8x4x4-LD21-H0.3-F0.6-A4-s42,high,twostage,99,1121,26.347,67.0,1,88.0,46.29
S8x4x4-LD21-H0.3-F0.6-A4-s42,high,twostage,99,1122,26.37,67.0,1,88.0,46.29
S8x4x4-LD21-H0.3-F0.6-A4-s42,high,twostage,99,1123,26.395,67.0,1,88.0,46.29
S8x4x4-LD21-H0.3-F0.6-A4-s42,high,twostage,99,1124,26.418,67.0,1,88.0,46.29
S8x4x4-LD21-H0.3-F0.6-A4-s42,high,twostage,99,1125,26.441,67.0,1,88.0,46.29
S8x4x4-LD21-H0.3-F0.6-A4-s42,high,twostage,99,1126,26.465,67.0,1,88.0,46.29
S8x4x4-LD21-H0.3-F0.6-A4-s42,high,twostage,99,1127,26.486,67.0,1,88.0,46.29
S8x4x4-LD21-H0.3-F0.6-A4-s42,high,twostage,99,1128,26.512,67.0,1,88.0,46.29
S8x4x4-LD21-H0.3-F0.6-A4-s42,high,twostage,99,1129,26.534,67.0,1,88.0,46.29
S8x4x4-LD21-H0.3-F0.6-A4-s42,high,twostage,99,1130,26.557,67.0,1,88.0,46.29
S8x4x4-LD21-H0.3-F0.6-A4-s42,high,twostage,99,1131,26.579,67.0,1,88.0,46.29
S8x4x4-LD21-H0.3-F0.6-A4-s42,high,twostage,99,1132,26.602,67.0,1,88.0,46.29
S8x4x4-LD21-H0.3-F0.6-A4-s42,high,twostage,99,1133,26.626,67.0,1,88.0,46.29
S8x4x4-LD21-H0.3-F0.6-A4-s42,high,twostage,99,1134,26.649,67.0,1,88.0,46.29
S8x4x4-LD21-H0.3-F0.6-A4-s42,high,twostage,99,1135,26.671,67.0,1,88.0,46.29
S8x4x4-LD21-H0.3-F0.6-A4-s42,high,twostage,99,1136,26.695,67.0,1,88.0,46.29
S8x4x4-LD21-H0.3-F0.6-A4-s42,high,twostage,99,1137,26.717,67.0,1,88.0,46.29
S8x4x4-LD21-H0.3-F0.6-A4-s42,high,twostage,99,1138,26.742,67.0,1,88.0,46.29
S8x4x4-LD21-H0.3-F0.6-A4-s42,high,twostage,99,1139,26.764,67.0,1,88.0,46.29
S8x4x4-LD21-H0.3-F0.6-A4-s42,high,twostage,99,1140,26.786,67.0,1,88.0,46.29
S8x4x4-LD21-H0.3-F0.6-A4-s42,high,twostage,99,1141,26.809,67.0,1,88.0,46.29
S8x4x4-LD21-H0.3-F0.6-A4-s42,high,twostage,99,1142,26.831,67.0,1,88.0,46.29
S8x4x4-LD21-H0.3-F0.6-A4-s42,high,twostage,99,1143,26.856,67.0,1,88.0,46.29
S8x4x4-LD21-H0.3-F0.6-A4-s42,high,twostage,99,1144,26.879,67.0,1,88.0,46.29
S8x4x4-LD21-H0.3-F0.6-A4-s42,high,twostage,99,1145,26.902,67.0,1,88.0,46.29
S8x4x4-LD21-H0.3-F0.6-A4-s42,high,twostage,99,1146,26.93,67.0,1,88.0,46.29
S8x4x4-LD21-H0.3-F0.6-A4-s42,high,twostage,99,1147,26.956,67.0,1,88.0,46.29
S8x4x4-LD21-H0.3-F0.6-A4-s42,high,twostage,99,1148,26.979,67.0,1,88.0,46.29
S8x4x4-LD21-H0.3-F0.6-A4-s42,high,twostage,99,1149,27.001,67.0,1,88.0,46.29
S8x4x4-LD21-H0.3-F0.6-A4-s42,high,twostage,99,1150,27.022,67.0,1,88.0,46.29
S8x4x4-LD21-H0.3-F0.6-A4-s42,high,twostage,99,1151,27.045,67.0,1,88.0,46.29
S8x4x4-LD21-H0.3-F0.6-A4-s42,high,twostage,99,1152,27.071,67.0,1,88.0,46.29
S8x4x4-LD21-H0.3-F0.6-A4-s42,high,twostage,99,1153,27.092,67.0,1,88.0,46.29
S8x4x4-LD21-H0.3-F0.6-A4-s42,high,twostage,99,1154,27.115,67.0,1,88.0,46.29
S8x4x4-LD21-H0.3-F0.6-A4-s42,high,twostage,99,1155,27.137,67.0,1,88.0,46.29
S8x4x4-LD21-H0.3-F0.6-A4-s42,high,twostage,99,1156,27.16,67.0,1,88.0,46.29
S8x4x4-LD21-H0.3-F0.6-A4-s42,high,twostage,99,1157,27.185,67.0,1,88.0,46.29
S8x4x4-LD21-H0.3-F0.6-A4-s42,high,twostage,99,1158,27.208,67.0,1,88.0,46.29
S8x4x4-LD21-H0.3-F0.6-A4-s42,high,twostage,99,1159,27.23,67.0,1,88.0,46.29
S8x4x4-LD21-H0.3-F0.6-A4-s42,high,twostage,99,1160,27.253,67.0,1,88.0,46.29
S8x4x4-LD21-H0.3-F0.6-A4-s42,high,twostage,99,1161,27.276,67.0,1,88.0,46.29
S8x4x4-LD21-H0.3-F0.6-A4-s42,high,twostage,99,1162,27.3,67.0,1,88.0,46.29
S8x4x4-LD21-H0.3-F0.6-A4-s42,high,twostage,99,1163,27.323,67.0,1,88.0,46.29
S8x4x4-LD21-H0.3-F0.6-A4-s42,high,twostage,99,1164,27.345,67.0,1,88.0,46.29
S8x4x4-LD21-H0.3-F0.6-A4-s42,high,twostage,99,1165,27.367,67.0,1,88.0,46.29
S8x4x4-LD21-H0.3-F0.6-A4-s42,high,twostage,99,1166,27.39,67.0,1,88.0,46.29
S8x4x4-LD21-H0.3-F0.6-A4-s42,high,twostage,99,1167,27.416,67.0,1,88.0,46.29
S8x4x4-LD21-H0.3-F0.6-A4-s42,high,twostage,99,1168,27.44,67.0,1,88.0,46.29
S8x4x4-LD21-H0.3-F0.6-A4-s42,high,twostage,99,1169,27.461,67.0,1,88.0,46.29
S8x4x4-LD21-H0.3-F0.6-A4-s42,high,twostage,99,1170,27.484,67.0,1,88.0,46.29
S8x4x4-LD21-H0.3-F0.6-A4-s42,high,twostage,99,1171,27.508,67.0,1,88.0,46.29
S8x4x4-LD21-H0.3-F0.6-A4-s42,high,twostage,99,1172,27.541,67.0,1,88.0,46.29
S8x4x4-LD21-H0.3-F0.6-A4-s42,high,twostage,99,1173,27.565,67.0,1,88.0,46.29
S8x4x4-LD21-H0.3-F0.6-A4-s42,high,twostage,99,1174,27.587,67.0,1,88.0,46.29
S8x4x4-LD21-H0.3-F0.6-A4-s42,high,twostage,99,1175,27.61,67.0,1,88.0,46.29
S8x4x4-LD21-H0.3-F0.6-A4-s42,high,twostage,99,1176,27.632,67.0,1,88.0,46.29
S8x4x4-LD21-H0.3-F0.6-A4-s42,high,twostage,99,1177,27.657,67.0,1,88.0,46.29
S8x4x4-LD21-H0.3-F0.6-A4-s42,high,twostage,99,1178,27.679,67.0,1,88.0,46.29
S8x4x4-LD21-H0.3-F0.6-A4-s42,high,twostage,99,1179,27.7,67.0,1,88.0,46.29
S8x4x4-LD21-H0.3-F0.6-A4-s42,high,twostage,99,1180,27.723,67.0,1,88.0,46.29
S8x4x4-LD21-H0.3-F0.6-A4-s42,high,twostage,99,1181,27.746,67.0,1,88.0,46.29
S8x4x4-LD21-H0.3-F0.6-A4-s42,high,twostage,99,1182,27.771,67.0,1,88.0,46.29
S8x4x4-LD21-H0.3-F0.6-A4-s42,high,twostage,99,1183,27.793,67.0,1,88.0,46.29
S8x4x4-LD21-H0.3-F0.6-A4-s42,high,twostage,99,1184,27.815,67.0,1,88.0,46.29
S8x4x4-LD21-H0.3-F0.6-A4-s42,high,twostage,99,1185,27.837,67.0,1,88.0,46.29
S8x4x4-LD21-H0.3-F0.6-A4-s42,high,twostage,99,1186,27.859,67.0,1,88.0,46.29
S8x4x4-LD21-H0.3-F0.6-A4-s42,high,twostage,99,1187,27.884,67.0,1,88.0,46.29
S8x4x4-LD21-H0.3-F0.6-A4-s42,high,twostage,99,1188,27.906,67.0,1,88.0,46.29
S8x4x4-LD21-H0.3-F0.6-A4-s42,high,twostage,99,1189,27.929,67.0,1,88.0,46.29
S8x4x4-LD21-H0.3-F0.6-A4-s42,high,twostage,99,1190,27.952,67.0,1,88.0,46.29
S8x4x4-LD21-H0.3-F0.6-A4-s42,high,twostage,99,1191,27.975,67.0,1,88.0,46.29
S8x4x4-LD21-H0.3-F0.6-A4-s42,high,twostage,99,1192,28.0,67.0,1,88.0,46.29
S8x4x4-LD21-H0.3-F0.6-A4-s42,high,twostage,99,1193,28.022,67.0,1,88.0,46.29
S8x4x4-LD21-H0.3-F0.6-A4-s42,high,twostage,99,1194,28.044,67.0,1,88.0,46.29
S8x4x4-LD21-H0.3-F0.6-A4-s42,high,twostage,99,1195,28.066,67.0,1,88.0,46.29
S8x4x4-LD21-H0.3-F0.6-A4-s42,high,twostage,99,1196,28.089,67.0,1,88.0,46.29
S8x4x4-LD21-H0.3-F0.6-A4-s42,high,twostage,99,1197,28.114,67.0,1,88.0,46.29
S8x4x4-LD21-H0.3-F0.6-A4-s42,high,twostage,99,1198,28.136,67.0,1,88.0,46.29
S8x4x4-LD21-H0.3-F0.6-A4-s42,high,twostage,99,1199,28.158,67.0,1,88.0,46.29
S8x4x4-LD21-H0.3-F0.6-A4-s42,high,twostage,99,1200,28.181,67.0,1,88.0,46.29
S8x4x4-LD21-H0.3-F0.6-A4-s42,high,twostage,99,1201,28.206,67.0,1,88.0,46.29
S8x4x4-LD21-H0.3-F0.6-A4-s42,high,twostage,99,1202,28.228,67.0,1,88.0,46.29
S8x4x4-LD21-H0.3-F0.6-A4-s42,high,twostage,99,1203,28.25,67.0,1,88.0,46.29
S8x4x4-LD21-H0.3-F0.6-A4-s42,high,twostage,99,1204,28.272,67.0,1,88.0,46.29
S8x4x4-LD21-H0.3-F0.6-A4-s42,high,twostage,99,1205,28.294,67.0,1,88.0,46.29
S8x4x4-LD21-H0.3-F0.6-A4-s42,high,twostage,99,1206,28.32,67.0,1,88.0,46.29
S8x4x4-LD21-H0.3-F0.6-A4-s42,high,twostage,99,1207,28.342,67.0,1,88.0,46.29
S8x4x4-LD21-H0.3-F0.6-A4-s42,high,twostage,99,1208,28.364,67.0,1,88.0,46.29
S8x4x4-LD21-H0.3-F0.6-A4-s42,high,twostage,99,1209,28.387,67.0,1,88.0,46.29
S8x4x4-LD21-H0.3-F0.6-A4-s42,high,twostage,99,1210,28.409,67.0,1,88.0,46.29
S8x4x4-LD21-H0.3-F0.6-A4-s42,high,twostage,99,1211,28.436,67.0,1,88.0,46.29
S8x4x4-LD21-H0.3-F0.6-A4-s42,high,twostage,99,1212,28.459,67.0,1,88.0,46.29
S8x4x4-LD21-H0.3-F0.6-A4-s42,high,twostage,99,1213,28.482,67.0,1,88.0,46.29
S8x4x4-LD21-H0.3-F0.6-A4-s42,high,twostage,99,1214,28.505,67.0,1,88.0,46.29
S8x4x4-LD21-H0.3-F0.6-A4-s42,high,twostage,99,1215,28.528,67.0,1,88.0,46.29
S8x4x4-LD21-H0.3-F0.6-A4-s42,high,twostage,99,1216,28.553,67.0,1,88.0,46.29
S8x4x4-LD21-H0.3-F0.6-A4-s42,high,twostage,99,1217,28.574,67.0,1,88.0,46.29
S8x4x4-LD21-H0.3-F0.6-A4-s42,high,twostage,99,1218,28.596,67.0,1,88.0,46.29
S8x4x4-LD21-H0.3-F0.6-A4-s42,high,twostage,99,1219,28.619,67.0,1,88.0,46.29
S8x4x4-LD21-H0.3-F0.6-A4-s42,high,twostage,99,1220,28.642,67.0,1,88.0,46.29
S8x4x4-LD21-H0.3-F0.6-A4-s42,high,twostage,99,1221,28.666,67.0,1,88.0,46.29
S8x4x4-LD21-H0.3-F0.6-A4-s42,high,twostage,99,1222,28.688,67.0,1,88.0,46.29
S8x4x4-LD21-H0.3-F0.6-A4-s42,high,twostage,99,1223,28.711,67.0,1,88.0,46.29
S8x4x4-LD21-H0.3-F0.6-A4-s42,high,twostage,99,1224,28.733,67.0,1,88.0,46.29
S8x4x4-LD21-H0.3-F0.6-A4-s42,high,twostage,99,1225,28.756,67.0,1,88.0,46.29
S8x4x4-LD21-H0.3-F0.6-A4-s42,high,twostage,99,1226,28.781,67.0,1,88.0,46.29
S8x4x4-LD21-H0.3-F0.6-A4-s42,high,twostage,99,1227,28.803,67.0,1,88.0,46.29
S8x4x4-LD21-H0.3-F0.6-A4-s42,high,twostage,99,1228,28.825,67.0,1,88.0,46.29
S8x4x4-LD21-H0.3-F0.6-A4-s42,high,twostage,99,1229,28.848,67.0,1,88.0,46.29
S8x4x4-LD21-H0.3-F0.6-A4-s42,high,twostage,99,1230,28.87,67.0,1,88.0,46.29
S8x4x4-LD21-H0.3-F0.6-A4-s42,high,twostage,99,1231,28.895,67.0,1,88.0,46.29
S8x4x4-LD21-H0.3-F0.6-A4-s42,high,twostage,99,1232,28.918,67.0,1,88.0,46.29
S8x4x4-LD21-H0.3-F0.6-A4-s42,high,twostage,99,1233,28.941,67.0,1,88.0,46.29
S8x4x4-LD21-H0.3-F0.6-A4-s42,high,twostage,99,1234,28.964,67.0,1,88.0,46.29
S8x4x4-LD21-H0.3-F0.6-A4-s42,high,twostage,99,1235,28.986,67.0,1,88.0,46.29
S8x4x4-LD21-H0.3-F0.6-A4-s42,high,twostage,99,1236,29.011,67.0,1,88.0,46.29
S8x4x4-LD21-H0.3-F0.6-A4-s42,high,twostage,99,1237,29.034,67.0,1,88.0,46.29
S8x4x4-LD21-H0.3-F0.6-A4-s42,high,twostage,99,1238,29.056,67.0,1,88.0,46.29
S8x4x4-LD21-H0.3-F0.6-A4-s42,high,twostage,99,1239,29.078,67.0,1,88.0,46.29
S8x4x4-LD21-H0.3-F0.6-A4-s42,high,twostage,99,1240,29.1,67.0,1,88.0,46.29
S8x4x4-LD21-H0.3-F0.6-A4-s42,high,twostage,99,1241,29.124,67.0,1,88.0,46.29
S8x4x4-LD21-H0.3-F0.6-A4-s42,high,twostage,99,1242,29.147,67.0,1,88.0,46.29
S8x4x4-LD21-H0.3-F0.6-A4-s42,high,twostage,99,1243,29.168,67.0,1,88.0,46.29
S8x4x4-LD21-H0.3-F0.6-A4-s42,high,twostage,99,1244,29.191,67.0,1,88.0,46.29
S8x4x4-LD21-H0.3-F0.6-A4-s42,high,twostage,99,1245,29.213,67.0,1,88.0,46.29
S8x4x4-LD21-H0.3-F0.6-A4-s42,high,twostage,99,1246,29.237,67.0,1,88.0,46.29
S8x4x4-LD21-H0.3-F0.6-A4-s42,high,twostage,99,1247,29.259,67.0,1,88.0,46.29
S8x4x4-LD21-H0.3-F0.6-A4-s42,high,twostage,99,1248,29.281,67.0,1,88.0,46.29
S8x4x4-LD21-H0.3-F0.6-A4-s42,high,twostage,99,1249,29.304,67.0,1,88.0,46.29
S8x4x4-LD21-H0.3-F0.6-A4-s42,high,twostage,99,1250,29.328,67.0,1,88.0,46.29
S8x4x4-LD21-H0.3-F0.6-A4-s42,high,twostage,99,1251,29.351,67.0,1,88.0,46.29
S8x4x4-LD21-H0.3-F0.6-A4-s42,high,twostage,99,1252,29.373,67.0,1,88.0,46.29
S8x4x4-LD21-H0.3-F0.6-A4-s42,high,twostage,99,1253,29.396,67.0,1,88.0,46.29
S8x4x4-LD21-H0.3-F0.6-A4-s42,high,twostage,99,1254,29.42,67.0,1,88.0,46.29
S8x4x4-LD21-H0.3-F0.6-A4-s42,high,twostage,99,1255,29.446,67.0,1,88.0,46.29
S8x4x4-LD21-H0.3-F0.6-A4-s42,high,twostage,99,1256,29.468,67.0,1,88.0,46.29
S8x4x4-LD21-H0.3-F0.6-A4-s42,high,twostage,99,1257,29.49,67.0,1,88.0,46.29
S8x4x4-LD21-H0.3-F0.6-A4-s42,high,twostage,99,1258,29.513,67.0,1,88.0,46.29
S8x4x4-LD21-H0.3-F0.6-A4-s42,high,twostage,99,1259,29.535,67.0,1,88.0,46.29
S8x4x4-LD21-H0.3-F0.6-A4-s42,high,twostage,99,1260,29.559,67.0,1,88.0,46.29
S8x4x4-LD21-H0.3-F0.6-A4-s42,high,twostage,99,1261,29.581,67.0,1,88.0,46.29
S8x4x4-LD21-H0.3-F0.6-A4-s42,high,twostage,99,1262,29.603,67.0,1,88.0,46.29
S8x4x4-LD21-H0.3-F0.6-A4-s42,high,twostage,99,1263,29.626,67.0,1,88.0,46.29
S8x4x4-LD21-H0.3-F0.6-A4-s42,high,twostage,99,1264,29.649,67.0,1,88.0,46.29
S8x4x4-LD21-H0.3-F0.6-A4-s42,high,twostage,99,1265,29.673,67.0,1,88.0,46.29
S8x4x4-LD21-H0.3-F0.6-A4-s42,high,twostage,99,1266,29.695,67.0,1,88.0,46.29
S8x4x4-LD21-H0.3-F0.6-A4-s42,high,twostage,99,1267,29.719,67.0,1,88.0,46.29
S8x4x4-LD21-H0.3-F0.6-A4-s42,high,twostage,99,1268,29.742,67.0,1,88.0,46.29
S8x4x4-LD21-H0.3-F0.6-A4-s42,high,twostage,99,1269,29.764,67.0,1,88.0,46.29
S8x4x4-LD21-H0.3-F0.6-A4-s42,high,twostage,99,1270,29.789,67.0,1,88.0,46.29
S8x4x4-LD21-H0.3-F0.6-A4-s42,high,twostage,99,1271,29.811,67.0,1,88.0,46.29
S8x4x4-LD21-H0.3-F0.6-A4-s42,high,twostage,99,1272,29.834,67.0,1,88.0,46.29
S8x4x4-LD21-H0.3-F0.6-A4-s42,high,twostage,99,1273,29.856,67.0,1,88.0,46.29
S8x4x4-LD21-H0.3-F0.6-A4-s42,high,twostage,99,1274,29.879,67.0,1,88.0,46.29
S8x4x4-LD21-H0.3-F0.6-A4-s42,high,twostage,99,1275,29.904,67.0,1,88.0,46.29
S8x4x4-LD21-H0.3-F0.6-A4-s42,high,twostage,99,1276,29.927,67.0,1,88.0,46.29
S8x4x4-LD21-H0.3-F0.6-A4-s42,high,twostage,99,1277,29.949,67.0,1,88.0,46.29
S8x4x4-LD21-H0.3-F0.6-A4-s42,high,twostage,99,1278,29.971,67.0,1,88.0,46.29
S8x4x4-LD21-H0.3-F0.6-A4-s42,high,twostage,99,1279,29.993,67.0,1,88.0,46.29
S8x4x4-LD21-H0.3-F0.6-A4-s42,high,twostage,99,1280,30.018,67.0,1,88.0,46.29
S8x4x4-LD21-H0.3-F0.6-A4-s42,high,twostage,99,1281,30.041,67.0,1,88.0,46.29
S8x4x4-LD21-H0.3-F0.6-A4-s42,high,twostage,99,1282,30.064,67.0,1,88.0,46.29
S8x4x4-LD21-H0.3-F0.6-A4-s42,high,twostage,99,1283,30.086,67.0,1,88.0,46.29
S8x4x4-LD21-H0.3-F0.6-A4-s42,high,twostage,99,1284,30.108,67.0,1,88.0,46.29
S8x4x4-LD21-H0.3-F0.6-A4-s42,high,twostage,99,1285,30.133,67.0,1,88.0,46.29
S8x4x4-LD21-H0.3-F0.6-A4-s42,high,twostage,99,1286,30.155,67.0,1,88.0,46.29
S8x4x4-LD21-H0.3-F0.6-A4-s42,high,twostage,99,1287,30.177,67.0,1,88.0,46.29
S8x4x4-LD21-H0.3-F0.6-A4-s42,high,twostage,99,1288,30.199,67.0,1,88.0,46.29
S8x4x4-LD21-H0.3-F0.6-A4-s42,high,twostage,99,1289,30.221,67.0,1,88.0,46.29
S8x4x4-LD21-H0.3-F0.6-A4-s42,high,twostage,99,1290,30.246,67.0,1,88.0,46.29
S8x4x4-LD21-H0.3-F0.6-A4-s42,high,twostage,99,1291,30.267,67.0,1,88.0,46.29
S8x4x4-LD21-H0.3-F0.6-A4-s42,high,twostage,99,1292,30.289,67.0,1,88.0,46.29
S8x4x4-LD21-H0.3-F0.6-A4-s42,high,twostage,99,1293,30.312,67.0,1,88.0,46.29
S8x4x4-LD21-H0.3-F0.6-A4-s42,high,twostage,99,1294,30.334,67.0,1,88.0,46.29
S8x4x4-LD21-H0.3-F0.6-A4-s42,high,twostage,99,1295,30.358,67.0,1,88.0,46.29
S8x4x4-LD21-H0.3-F0.6-A4-s42,high,twostage,99,1296,30.381,67.0,1,88.0,46.29
S8x4x4-LD21-H0.3-F0.6-A4-s42,high,twostage,99,1297,30.403,67.0,1,88.0,46.29
S8x4x4-LD21-H0.3-F0.6-A4-s42,high,twostage,99,1298,30.426,67.0,1,88.0,46.29
S8x4x4-LD21-H0.3-F0.6-A4-s42,high,twostage,99,1299,30.453,67.0,1,88.0,46.29
S8x4x4-LD21-H0.3-F0.6-A4-s42,high,twostage,99,1300,30.475,67.0,1,88.0,46.29
S8x4x4-LD21-H0.3-F0.6-A4-s42,high,twostage,99,1301,30.498,67.0,1,88.0,46.29
S8x4x4-LD21-H0.3-F0.6-A4-s42,high,twostage,99,1302,30.52,67.0,1,88.0,46.29
S8x4x4-LD21-H0.3-F0.6-A4-s42,high,twostage,99,1303,30.543,67.0,1,88.0,46.29
S8x4x4-LD21-H0.3-F0.6-A4-s42,high,twostage,99,1304,30.568,67.0,1,88.0,46.29
S8x4x4-LD21-H0.3-F0.6-A4-s42,high,twostage,99,1305,30.59,67.0,1,88.0,46.29
S8x4x4-LD21-H0.3-F0.6-A4-s42,high,twostage,99,1306,30.613,67.0,1,88.0,46.29
S8x4x4-LD21-H0.3-F0.6-A4-s42,high,twostage,99,1307,30.636,67.0,1,88.0,46.29
S8x4x4-LD21-H0.3-F0.6-A4-s42,high,twostage,99,1308,30.658,67.0,1,88.0,46.29
S8x4x4-LD21-H0.3-F0.6-A4-s42,high,twostage,99,1309,30.682,67.0,1,88.0,46.29
S8x4x4-LD21-H0.3-F0.6-A4-s42,high,twostage,99,1310,30.704,67.0,1,88.0,46.29
S8x4x4-LD21-H0.3-F0.6-A4-s42,high,twostage,99,1311,30.727,67.0,1,88.0,46.29
S8x4x4-LD21-H0.3-F0.6-A4-s42,high,twostage,99,1312,30.749,67.0,1,88.0,46.29
S8x4x4-LD21-H0.3-F0.6-A4-s42,high,twostage,99,1313,30.771,67.0,1,88.0,46.29
S8x4x4-LD21-H0.3-F0.6-A4-s42,high,twostage,99,1314,30.796,67.0,1,88.0,46.29
S8x4x4-LD21-H0.3-F0.6-A4-s42,high,twostage,99,1315,30.817,67.0,1,88.0,46.29
S8x4x4-LD21-H0.3-F0.6-A4-s42,high,twostage,99,1316,30.84,67.0,1,88.0,46.29
S8x4x4-LD21-H0.3-F0.6-A4-s42,high,twostage,99,1317,30.862,67.0,1,88.0,46.29
S8x4x4-LD21-H0.3-F0.6-A4-s42,high,twostage,99,1318,30.884,67.0,1,88.0,46.29
S8x4x4-LD21-H0.3-F0.6-A4-s42,high,twostage,99,1319,30.909,67.0,1,88.0,46.29
S8x4x4-LD21-H0.3-F0.6-A4-s42,high,twostage,99,1320,30.932,67.0,1,88.0,46.29
S8x4x4-LD21-H0.3-F0.6-A4-s42,high,twostage,99,1321,30.954,67.0,1,88.0,46.29
S8x4x4-LD21-H0.3-F0.6-A4-s42,high,twostage,99,1322,30.976,67.0,1,88.0,46.29
S8x4x4-LD21-H0.3-F0.6-A4-s42,high,twostage,99,1323,30.999,67.0,1,88.0,46.29
S8x4x4-LD21-H0.3-F0.6-A4-s42,high,twostage,99,1324,31.024,67.0,1,88.0,46.29
S8x4x4-LD21-H0.3-F0.6-A4-s42,high,twostage,99,1325,31.047,67.0,1,88.0,46.29
S8x4x4-LD21-H0.3-F0.6-A4-s42,high,twostage,99,1326,31.069,67.0,1,88.0,46.29
S8x4x4-LD21-H0.3-F0.6-A4-s42,high,twostage,99,1327,31.092,67.0,1,88.0,46.29
S8x4x4-LD21-H0.3-F0.6-A4-s42,high,twostage,99,1328,31.114,67.0,1,88.0,46.29
S8x4x4-LD21-H0.3-F0.6-A4-s42,high,twostage,99,1329,31.14,67.0,1,88.0,46.29
S8x4x4-LD21-H0.3-F0.6-A4-s42,high,twostage,99,1330,31.161,67.0,1,88.0,46.29
S8x4x4-LD21-H0.3-F0.6-A4-s42,high,twostage,99,1331,31.183,67.0,1,88.0,46.29
S8x4x4-LD21-H0.3-F0.6-A4-s42,high,twostage,99,1332,31.206,67.0,1,88.0,46.29
S8x4x4-LD21-H0.3-F0.6-A4-s42,high,twostage,99,1333,31.229,67.0,1,88.0,46.29
S8x4x4-LD21-H0.3-F0.6-A4-s42,high,twostage,99,1334,31.253,67.0,1,88.0,46.29
S8x4x4-LD21-H0.3-F0.6-A4-s42,high,twostage,99,1335,31.275,67.0,1,88.0,46.29
S8x4x4-LD21-H0.3-F0.6-A4-s42,high,twostage,99,1336,31.297,67.0,1,88.0,46.29
S8x4x4-LD21-H0.3-F0.6-A4-s42,high,twostage,99,1337,31.32,67.0,1,88.0,46.29
S8x4x4-LD21-H0.3-F0.6-A4-s42,high,twostage,99,1338,31.341,67.0,1,88.0,46.29
S8x4x4-LD21-H0.3-F0.6-A4-s42,high,twostage,99,1339,31.367,67.0,1,88.0,46.29
S8x4x4-LD21-H0.3-F0.6-A4-s42,high,twostage,99,1340,31.388,67.0,1,88.0,46.29
S8x4x4-LD21-H0.3-F0.6-A4-s42,high,twostage,99,1341,31.41,67.0,1,88.0,46.29
S8x4x4-LD21-H0.3-F0.6-A4-s42,high,twostage,99,1342,31.434,67.0,1,88.0,46.29
S8x4x4-LD21-H0.3-F0.6-A4-s42,high,twostage,99,1343,31.458,67.0,1,88.0,46.29
S8x4x4-LD21-H0.3-F0.6-A4-s42,high,twostage,99,1344,31.483,67.0,1,88.0,46.29
S8x4x4-LD21-H0.3-F0.6-A4-s42,high,twostage,99,1345,31.505,67.0,1,88.0,46.29
S8x4x4-LD21-H0.3-F0.6-A4-s42,high,twostage,99,1346,31.527,67.0,1,88.0,46.29
S8x4x4-LD21-H0.3-F0.6-A4-s42,high,twostage,99,1347,31.55,67.0,1,88.0,46.29
S8x4x4-LD21-H0.3-F0.6-A4-s42,high,twostage,99,1348,31.575,67.0,1,88.0,46.29
S8x4x4-LD21-H0.3-F0.6-A4-s42,high,twostage,99,1349,31.598,67.0,1,88.0,46.29
S8x4x4-LD21-H0.3-F0.6-A4-s42,high,twostage,99,1350,31.62,67.0,1,88.0,46.29
S8x4x4-LD21-H0.3-F0.6-A4-s42,high,twostage,99,1351,31.642,67.0,1,88.0,46.29
S8x4x4-LD21-H0.3-F0.6-A4-s42,high,twostage,99,1352,31.664,67.0,1,88.0,46.29
S8x4x4-LD21-H0.3-F0.6-A4-s42,high,twostage,99,1353,31.689,67.0,1,88.0,46.29
S8x4x4-LD21-H0.3-F0.6-A4-s42,high,twostage,99,1354,31.711,67.0,1,88.0,46.29
S8x4x4-LD21-H0.3-F0.6-A4-s42,high,twostage,99,1355,31.734,67.0,1,88.0,46.29
S8x4x4-LD21-H0.3-F0.6-A4-s42,high,twostage,99,1356,31.756,67.0,1,88.0,46.29
S8x4x4-LD21-H0.3-F0.6-A4-s42,high,twostage,99,1357,31.778,67.0,1,88.0,46.29
S8x4x4-LD21-H0.3-F0.6-A4-s42,high,twostage,99,1358,31.802,67.0,1,88.0,46.29
S8x4x4-LD21-H0.3-F0.6-A4-s42,high,twostage,99,1359,31.825,67.0,1,88.0,46.29
S8x4x4-LD21-H0.3-F0.6-A4-s42,high,twostage,99,1360,31.847,67.0,1,88.0,46.29
S8x4x4-LD21-H0.3-F0.6-A4-s42,high,twostage,99,1361,31.869,67.0,1,88.0,46.29
S8x4x4-LD21-H0.3-F0.6-A4-s42,high,twostage,99,1362,31.892,67.0,1,88.0,46.29
S8x4x4-LD21-H0.3-F0.6-A4-s42,high,twostage,99,1363,31.917,67.0,1,88.0,46.29
S8x4x4-LD21-H0.3-F0.6-A4-s42,high,twostage,99,1364,31.939,67.0,1,88.0,46.29
S8x4x4-LD21-H0.3-F0.6-A4-s42,high,twostage,99,1365,31.962,67.0,1,88.0,46.29
S8x4x4-LD21-H0.3-F0.6-A4-s42,high,twostage,99,1366,31.985,67.0,1,88.0,46.29
S8x4x4-LD21-H0.3-F0.6-A4-s42,high,twostage,99,1367,32.007,67.0,1,88.0,46.29
S8x4x4-LD21-H0.3-F0.6-A4-s42,high,twostage,99,1368,32.033,67.0,1,88.0,46.29
S8x4x4-LD21-H0.3-F0.6-A4-s42,high,twostage,99,1369,32.055,67.0,1,88.0,46.29
S8x4x4-LD21-H0.3-F0.6-A4-s42,high,twostage,99,1370,32.077,67.0,1,88.0,46.29
S8x4x4-LD21-H0.3-F0.6-A4-s42,high,twostage,99,1371,32.099,67.0,1,88.0,46.29
S8x4x4-LD21-H0.3-F0.6-A4-s42,high,twostage,99,1372,32.121,67.0,1,88.0,46.29
S8x4x4-LD21-H0.3-F0.6-A4-s42,high,twostage,99,1373,32.145,67.0,1,88.0,46.29
S8x4x4-LD21-H0.3-F0.6-A4-s42,high,twostage,99,1374,32.169,67.0,1,88.0,46.29
S8x4x4-LD21-H0.3-F0.6-A4-s42,high,twostage,99,1375,32.191,67.0,1,88.0,46.29
S8x4x4-LD21-H0.3-F0.6-A4-s42,high,twostage,99,1376,32.213,67.0,1,88.0,46.29
S8x4x4-LD21-H0.3-F0.6-A4-s42,high,twostage,99,1377,32.235,67.0,1,88.0,46.29
S8x4x4-LD21-H0.3-F0.6-A4-s42,high,twostage,99,1378,32.26,67.0,1,88.0,46.29
S8x4x4-LD21-H0.3-F0.6-A4-s42,high,twostage,99,1379,32.283,67.0,1,88.0,46.29
S8x4x4-LD21-H0.3-F0.6-A4-s42,high,twostage,99,1380,32.304,67.0,1,88.0,46.29
S8x4x4-LD21-H0.3-F0.6-A4-s42,high,twostage,99,1381,32.326,67.0,1,88.0,46.29
S8x4x4-LD21-H0.3-F0.6-A4-s42,high,twostage,99,1382,32.349,67.0,1,88.0,46.29
S8x4x4-LD21-H0.3-F0.6-A4-s42,high,twostage,99,1383,32.373,67.0,1,88.0,46.29
S8x4x4-LD21-H0.3-F0.6-A4-s42,high,twostage,99,1384,32.395,67.0,1,88.0,46.29
S8x4x4-LD21-H0.3-F0.6-A4-s42,high,twostage,99,1385,32.418,67.0,1,88.0,46.29
S8x4x4-LD21-H0.3-F0.6-A4-s42,high,twostage,99,1386,32.441,67.0,1,88.0,46.29
S8x4x4-LD21-H0.3-F0.6-A4-s42,high,twostage,99,1387,32.464,67.0,1,88.0,46.29
S8x4x4-LD21-H0.3-F0.6-A4-s42,high,twostage,99,1388,32.489,67.0,1,88.0,46.29
S8x4x4-LD21-H0.3-F0.6-A4-s42,high,twostage,99,1389,32.511,67.0,1,88.0,46.29
S8x4x4-LD21-H0.3-F0.6-A4-s42,high,twostage,99,1390,32.533,67.0,1,88.0,46.29
S8x4x4-LD21-H0.3-F0.6-A4-s42,high,twostage,99,1391,32.556,67.0,1,88.0,46.29
S8x4x4-LD21-H0.3-F0.6-A4-s42,high,twostage,99,1392,32.579,67.0,1,88.0,46.29
S8x4x4-LD21-H0.3-F0.6-A4-s42,high,twostage,99,1393,32.603,67.0,1,88.0,46.29
S8x4x4-LD21-H0.3-F0.6-A4-s42,high,twostage,99,1394,32.625,67.0,1,88.0,46.29
S8x4x4-LD21-H0.3-F0.6-A4-s42,high,twostage,99,1395,32.647,67.0,1,88.0,46.29
S8x4x4-LD21-H0.3-F0.6-A4-s42,high,twostage,99,1396,32.669,67.0,1,88.0,46.29
S8x4x4-LD21-H0.3-F0.6-A4-s42,high,twostage,99,1397,32.695,67.0,1,88.0,46.29
S8x4x4-LD21-H0.3-F0.6-A4-s42,high,twostage,99,1398,32.717,67.0,1,88.0,46.29
S8x4x4-LD21-H0.3-F0.6-A4-s42,high,twostage,99,1399,32.74,67.0,1,88.0,46.29
S8x4x4-LD21-H0.3-F0.6-A4-s42,high,twostage,99,1400,32.763,67.0,1,88.0,46.29
S8x4x4-LD21-H0.3-F0.6-A4-s42,high,twostage,99,1401,32.784,67.0,1,88.0,46.29
S8x4x4-LD21-H0.3-F0.6-A4-s42,high,twostage,99,1402,32.81,67.0,1,88.0,46.29
S8x4x4-LD21-H0.3-F0.6-A4-s42,high,twostage,99,1403,32.832,67.0,1,88.0,46.29
S8x4x4-LD21-H0.3-F0.6-A4-s42,high,twostage,99,1404,32.855,67.0,1,88.0,46.29
S8x4x4-LD21-H0.3-F0.6-A4-s42,high,twostage,99,1405,32.877,67.0,1,88.0,46.29
S8x4x4-LD21-H0.3-F0.6-A4-s42,high,twostage,99,1406,32.899,67.0,1,88.0,46.29
S8x4x4-LD21-H0.3-F0.6-A4-s42,high,twostage,99,1407,32.924,67.0,1,88.0,46.29
S8x4x4-LD21-H0.3-F0.6-A4-s42,high,twostage,99,1408,32.946,67.0,1,88.0,46.29
S8x4x4-LD21-H0.3-F0.6-A4-s42,high,twostage,99,1409,32.97,67.0,1,88.0,46.29
S8x4x4-LD21-H0.3-F0.6-A4-s42,high,twostage,99,1410,32.992,67.0,1,88.0,46.29
S8x4x4-LD21-H0.3-F0.6-A4-s42,high,twostage,99,1411,33.015,67.0,1,88.0,46.29
S8x4x4-LD21-H0.3-F0.6-A4-s42,high,twostage,99,1412,33.04,67.0,1,88.0,46.29
S8x4x4-LD21-H0.3-F0.6-A4-s42,high,twostage,99,1413,33.063,67.0,1,88.0,46.29
S8x4x4-LD21-H0.3-F0.6-A4-s42,high,twostage,99,1414,33.084,67.0,1,88.0,46.29
S8x4x4-LD21-H0.3-F0.6-A4-s42,high,twostage,99,1415,33.107,67.0,1,88.0,46.29
S8x4x4-LD21-H0.3-F0.6-A4-s42,high,twostage,99,1416,33.129,67.0,1,88.0,46.29
S8x4x4-LD21-H0.3-F0.6-A4-s42,high,twostage,99,1417,33.154,67.0,1,88.0,46.29
S8x4x4-LD21-H0.3-F0.6-A4-s42,high,twostage,99,1418,33.176,67.0,1,88.0,46.29
S8x4x4-LD21-H0.3-F0.6-A4-s42,high,twostage,99,1419,33.198,67.0,1,88.0,46.29
S8x4x4-LD21-H0.3-F0.6-A4-s42,high,twostage,99,1420,33.22,67.0,1,88.0,46.29
S8x4x4-LD21-H0.3-F0.6-A4-s42,high,twostage,99,1421,33.243,67.0,1,88.0,46.29
S8x4x4-LD21-H0.3-F0.6-A4-s42,high,twostage,99,1422,33.267,67.0,1,88.0,46.29
S8x4x4-LD21-H0.3-F0.6-A4-s42,high,twostage,99,1423,33.288,67.0,1,88.0,46.29
S8x4x4-LD21-H0.3-F0.6-A4-s42,high,twostage,99,1424,33.311,67.0,1,88.0,46.29
S8x4x4-LD21-H0.3-F0.6-A4-s42,high,twostage,99,1425,33.334,67.0,1,88.0,46.29
S8x4x4-LD21-H0.3-F0.6-A4-s42,high,twostage,99,1426,33.356,67.0,1,88.0,46.29
S8x4x4-LD21-H0.3-F0.6-A4-s42,high,twostage,99,1427,33.381,67.0,1,88.0,46.29
S8x4x4-LD21-H0.3-F0.6-A4-s42,high,twostage,99,1428,33.403,67.0,1,88.0,46.29
S8x4x4-LD21-H0.3-F0.6-A4-s42,high,twostage,99,1429,33.426,67.0,1,88.0,46.29
S8x4x4-LD21-H0.3-F0.6-A4-s42,high,twostage,99,1430,33.449,67.0,1,88.0,46.29
S8x4x4-LD21-H0.3-F0.6-A4-s42,high,twostage,99,1431,33.472,67.0,1,88.0,46.29
S8x4x4-LD21-H0.3-F0.6-A4-s42,high,twostage,99,1432,33.497,67.0,1,88.0,46.29
S8x4x4-LD21-H0.3-F0.6-A4-s42,high,twostage,99,1433,33.52,67.0,1,88.0,46.29
S8x4x4-LD21-H0.3-F0.6-A4-s42,high,twostage,99,1434,33.542,67.0,1,88.0,46.29
S8x4x4-LD21-H0.3-F0.6-A4-s42,high,twostage,99,1435,33.564,67.0,1,88.0,46.29
S8x4x4-LD21-H0.3-F0.6-A4-s42,high,twostage,99,1436,33.587,67.0,1,88.0,46.29
S8x4x4-LD21-H0.3-F0.6-A4-s42,high,twostage,99,1437,33.613,67.0,1,88.0,46.29
S8x4x4-LD21-H0.3-F0.6-A4-s42,high,twostage,99,1438,33.636,67.0,1,88.0,46.29
S8x4x4-LD21-H0.3-F0.6-A4-s42,high,twostage,99,1439,33.658,67.0,1,88.0,46.29
S8x4x4-LD21-H0.3-F0.6-A4-s42,high,twostage,99,1440,33.681,67.0,1,88.0,46.29
S8x4x4-LD21-H0.3-F0.6-A4-s42,high,twostage,99,1441,33.703,67.0,1,88.0,46.29
S8x4x4-LD21-H0.3-F0.6-A4-s42,high,twostage,99,1442,33.728,67.0,1,88.0,46.29
S8x4x4-LD21-H0.3-F0.6-A4-s42,high,twostage,99,1443,33.75,67.0,1,88.0,46.29
S8x4x4-LD21-H0.3-F0.6-A4-s42,high,twostage,99,1444,33.773,67.0,1,88.0,46.29
S8x4x4-LD21-H0.3-F0.6-A4-s42,high,twostage,99,1445,33.796,67.0,1,88.0,46.29
S8x4x4-LD21-H0.3-F0.6-A4-s42,high,twostage,99,1446,33.822,67.0,1,88.0,46.29
S8x4x4-LD21-H0.3-F0.6-A4-s42,high,twostage,99,1447,33.845,67.0,1,88.0,46.29
S8x4x4-LD21-H0.3-F0.6-A4-s42,high,twostage,99,1448,33.867,67.0,1,88.0,46.29
S8x4x4-LD21-H0.3-F0.6-A4-s42,high,twostage,99,1449,33.89,67.0,1,88.0,46.29
S8x4x4-LD21-H0.3-F0.6-A4-s42,high,twostage,99,1450,33.912,67.0,1,88.0,46.29
S8x4x4-LD21-H0.3-F0.6-A4-s42,high,twostage,99,1451,33.937,67.0,1,88.0,46.29
S8x4x4-LD21-H0.3-F0.6-A4-s42,high,twostage,99,1452,33.96,67.0,1,88.0,46.29
S8x4x4-LD21-H0.3-F0.6-A4-s42,high,twostage,99,1453,33.983,67.0,1,88.0,46.29
S8x4x4-LD21-H0.3-F0.6-A4-s42,high,twostage,99,1454,34.006,67.0,1,88.0,46.29
S8x4x4-LD21-H0.3-F0.6-A4-s42,high,twostage,99,1455,34.028,67.0,1,88.0,46.29
S8x4x4-LD21-H0.3-F0.6-A4-s42,high,twostage,99,1456,34.053,67.0,1,88.0,46.29
S8x4x4-LD21-H0.3-F0.6-A4-s42,high,twostage,99,1457,34.075,67.0,1,88.0,46.29
S8x4x4-LD21-H0.3-F0.6-A4-s42,high,twostage,99,1458,34.098,67.0,1,88.0,46.29
S8x4x4-LD21-H0.3-F0.6-A4-s42,high,twostage,99,1459,34.121,67.0,1,88.0,46.29
S8x4x4-LD21-H0.3-F0.6-A4-s42,high,twostage,99,1460,34.143,67.0,1,88.0,46.29
S8x4x4-LD21-H0.3-F0.6-A4-s42,high,twostage,99,1461,34.168,67.0,1,88.0,46.29
S8x4x4-LD21-H0.3-F0.6-A4-s42,high,twostage,99,1462,34.191,67.0,1,88.0,46.29
S8x4x4-LD21-H0.3-F0.6-A4-s42,high,twostage,99,1463,34.212,67.0,1,88.0,46.29
S8x4x4-LD21-H0.3-F0.6-A4-s42,high,twostage,99,1464,34.234,67.0,1,88.0,46.29
S8x4x4-LD21-H0.3-F0.6-A4-s42,high,twostage,99,1465,34.257,67.0,1,88.0,46.29
S8x4x4-LD21-H0.3-F0.6-A4-s42,high,twostage,99,1466,34.281,67.0,1,88.0,46.29
S8x4x4-LD21-H0.3-F0.6-A4-s42,high,twostage,99,1467,34.303,67.0,1,88.0,46.29
S8x4x4-LD21-H0.3-F0.6-A4-s42,high,twostage,99,1468,34.326,67.0,1,88.0,46.29
S8x4x4-LD21-H0.3-F0.6-A4-s42,high,twostage,99,1469,34.349,67.0,1,88.0,46.29
S8x4x4-LD21-H0.3-F0.6-A4-s42,high,twostage,99,1470,34.372,67.0,1,88.0,46.29
S8x4x4-LD21-H0.3-F0.6-A4-s42,high,twostage,99,1471,34.396,67.0,1,88.0,46.29
S8x4x4-LD21-H0.3-F0.6-A4-s42,high,twostage,99,1472,34.419,67.0,1,88.0,46.29
S8x4x4-LD21-H0.3-F0.6-A4-s42,high,twostage,99,1473,34.443,67.0,1,88.0,46.29
S8x4x4-LD21-H0.3-F0.6-A4-s42,high,twostage,99,1474,34.466,67.0,1,88.0,46.29
S8x4x4-LD21-H0.3-F0.6-A4-s42,high,twostage,99,1475,34.489,67.0,1,88.0,46.29
S8x4x4-LD21-H0.3-F0.6-A4-s42,high,twostage,99,1476,34.514,67.0,1,88.0,46.29
S8x4x4-LD21-H0.3-F0.6-A4-s42,high,twostage,99,1477,34.537,67.0,1,88.0,46.29
S8x4x4-LD21-H0.3-F0.6-A4-s42,high,twostage,99,1478,34.559,67.0,1,88.0,46.29
S8x4x4-LD21-H0.3-F0.6-A4-s42,high,twostage,99,1479,34.582,67.0,1,88.0,46.29
S8x4x4-LD21-H0.3-F0.6-A4-s42,high,twostage,99,1480,34.605,67.0,1,88.0,46.29
S8x4x4-LD21-H0.3-F0.6-A4-s42,high,twostage,99,1481,34.63,67.0,1,88.0,46.29
S8x4x4-LD21-H0.3-F0.6-A4-s42,high,twostage,99,1482,34.654,67.0,1,88.0,46.29
S8x4x4-LD21-H0.3-F0.6-A4-s42,high,twostage,99,1483,34.676,67.0,1,88.0,46.29
S8x4x4-LD21-H0.3-F0.6-A4-s42,high,twostage,99,1484,34.699,67.0,1,88.0,46.29
S8x4x4-LD21-H0.3-F0.6-A4-s42,high,twostage,99,1485,34.722,67.0,1,88.0,46.29
S8x4x4-LD21-H0.3-F0.6-A4-s42,high,twostage,99,1486,34.748,67.0,1,88.0,46.29
S8x4x4-LD21-H0.3-F0.6-A4-s42,high,twostage,99,1487,34.771,67.0,1,88.0,46.29
S8x4x4-LD21-H0.3-F0.6-A4-s42,high,twostage,99,1488,34.792,67.0,1,88.0,46.29
S8x4x4-LD21-H0.3-F0.6-A4-s42,high,twostage,99,1489,34.815,67.0,1,88.0,46.29
S8x4x4-LD21-H0.3-F0.6-A4-s42,high,twostage,99,1490,34.838,67.0,1,88.0,46.29
S8x4x4-LD21-H0.3-F0.6-A4-s42,high,twostage,99,1491,34.862,67.0,1,88.0,46.29
S8x4x4-LD21-H0.3-F0.6-A4-s42,high,twostage,99,1492,34.886,67.0,1,88.0,46.29
S8x4x4-LD21-H0.3-F0.6-A4-s42,high,twostage,99,1493,34.908,67.0,1,88.0,46.29
S8x4x4-LD21-H0.3-F0.6-A4-s42,high,twostage,99,1494,34.932,67.0,1,88.0,46.29
S8x4x4-LD21-H0.3-F0.6-A4-s42,high,twostage,99,1495,34.957,67.0,1,88.0,46.29
S8x4x4-LD21-H0.3-F0.6-A4-s42,high,twostage,99,1496,34.98,67.0,1,88.0,46.29
S8x4x4-LD21-H0.3-F0.6-A4-s42,high,twostage,99,1497,35.002,67.0,1,88.0,46.29
S8x4x4-LD21-H0.3-F0.6-A4-s42,high,twostage,99,1498,35.026,67.0,1,88.0,46.29
S8x4x4-LD21-H0.3-F0.6-A4-s42,high,twostage,99,1499,35.049,67.0,1,88.0,46.29
S8x4x4-LD21-H0.3-F0.6-A4-s42,high,twostage,99,1500,35.075,67.0,1,88.0,46.29
S8x4x4-LD21-H0.3-F0.6-A4-s42,high,twostage,99,1501,35.097,67.0,1,88.0,46.29
S8x4x4-LD21-H0.3-F0.6-A4-s42,high,twostage,99,1502,35.12,67.0,1,88.0,46.29
S8x4x4-LD21-H0.3-F0.6-A4-s42,high,twostage,99,1503,35.142,67.0,1,88.0,46.29
S8x4x4-LD21-H0.3-F0.6-A4-s42,high,twostage,99,1504,35.166,67.0,1,88.0,46.29
S8x4x4-LD21-H0.3-F0.6-A4-s42,high,twostage,99,1505,35.191,67.0,1,88.0,46.29
S8x4x4-LD21-H0.3-F0.6-A4-s42,high,twostage,99,1506,35.213,67.0,1,88.0,46.29
S8x4x4-LD21-H0.3-F0.6-A4-s42,high,twostage,99,1507,35.235,67.0,1,88.0,46.29
S8x4x4-LD21-H0.3-F0.6-A4-s42,high,twostage,99,1508,35.258,67.0,1,88.0,46.29
S8x4x4-LD21-H0.3-F0.6-A4-s42,high,twostage,99,1509,35.28,67.0,1,88.0,46.29
S8x4x4-LD21-H0.3-F0.6-A4-s42,high,twostage,99,1510,35.305,67.0,1,88.0,46.29
S8x4x4-LD21-H0.3-F0.6-A4-s42,high,twostage,99,1511,35.328,67.0,1,88.0,46.29
S8x4x4-LD21-H0.3-F0.6-A4-s42,high,twostage,99,1512,35.35,67.0,1,88.0,46.29
S8x4x4-LD21-H0.3-F0.6-A4-s42,high,twostage,99,1513,35.373,67.0,1,88.0,46.29
S8x4x4-LD21-H0.3-F0.6-A4-s42,high,twostage,99,1514,35.396,67.0,1,88.0,46.29
S8x4x4-LD21-H0.3-F0.6-A4-s42,high,twostage,99,1515,35.422,67.0,1,88.0,46.29
S8x4x4-LD21-H0.3-F0.6-A4-s42,high,twostage,99,1516,35.445,67.0,1,88.0,46.29
S8x4x4-LD21-H0.3-F0.6-A4-s42,high,twostage,99,1517,35.469,67.0,1,88.0,46.29
S8x4x4-LD21-H0.3-F0.6-A4-s42,high,twostage,99,1518,35.491,67.0,1,88.0,46.29
S8x4x4-LD21-H0.3-F0.6-A4-s42,high,twostage,99,1519,35.516,67.0,1,88.0,46.29
S8x4x4-LD21-H0.3-F0.6-A4-s42,high,twostage,99,1520,35.541,67.0,1,88.0,46.29
S8x4x4-LD21-H0.3-F0.6-A4-s42,high,twostage,99,1521,35.564,67.0,1,88.0,46.29
S8x4x4-LD21-H0.3-F0.6-A4-s42,high,twostage,99,1522,35.585,67.0,1,88.0,46.29
S8x4x4-LD21-H0.3-F0.6-A4-s42,high,twostage,99,1523,35.608,67.0,1,88.0,46.29
S8x4x4-LD21-H0.3-F0.6-A4-s42,high,twostage,99,1524,35.631,67.0,1,88.0,46.29
S8x4x4-LD21-H0.3-F0.6-A4-s42,high,twostage,99,1525,35.657,67.0,1,88.0,46.29
S8x4x4-LD21-H0.3-F0.6-A4-s42,high,twostage,99,1526,35.679,67.0,1,88.0,46.29
S8x4x4-LD21-H0.3-F0.6-A4-s42,high,twostage,99,1527,35.701,67.0,1,88.0,46.29
S8x4x4-LD21-H0.3-F0.6-A4-s42,high,twostage,99,1528,35.725,67.0,1,88.0,46.29
S8x4x4-LD21-H0.3-F0.6-A4-s42,high,twostage,99,1529,35.747,67.0,1,88.0,46.29
S8x4x4-LD21-H0.3-F0.6-A4-s42,high,twostage,99,1530,35.774,67.0,1,88.0,46.29
S8x4x4-LD21-H0.3-F0.6-A4-s42,high,twostage,99,1531,35.796,67.0,1,88.0,46.29
S8x4x4-LD21-H0.3-F0.6-A4-s42,high,twostage,99,1532,35.819,67.0,1,88.0,46.29
S8x4x4-LD21-H0.3-F0.6-A4-s42,high,twostage,99,1533,35.841,67.0,1,88.0,46.29
S8x4x4-LD21-H0.3-F0.6-A4-s42,high,twostage,99,1534,35.864,67.0,1,88.0,46.29
S8x4x4-LD21-H0.3-F0.6-A4-s42,high,twostage,99,1535,35.889,67.0,1,88.0,46.29
S8x4x4-LD21-H0.3-F0.6-A4-s42,high,twostage,99,1536,35.912,67.0,1,88.0,46.29
S8x4x4-LD21-H0.3-F0.6-A4-s42,high,twostage,99,1537,35.935,67.0,1,88.0,46.29
S8x4x4-LD21-H0.3-F0.6-A4-s42,high,twostage,99,1538,35.958,67.0,1,88.0,46.29
S8x4x4-LD21-H0.3-F0.6-A4-s42,high,twostage,99,1539,35.981,67.0,1,88.0,46.29
S8x4x4-LD21-H0.3-F0.6-A4-s42,high,twostage,99,1540,36.006,67.0,1,88.0,46.29
S8x4x4-LD21-H0.3-F0.6-A4-s42,high,twostage,99,1541,36.029,67.0,1,88.0,46.29
S8x4x4-LD21-H0.3-F0.6-A4-s42,high,twostage,99,1542,36.051,67.0,1,88.0,46.29
S8x4x4-LD21-H0.3-F0.6-A4-s42,high,twostage,99,1543,36.075,67.0,1,88.0,46.29
S8x4x4-LD21-H0.3-F0.6-A4-s42,high,twostage,99,1544,36.1,67.0,1,88.0,46.29
S8x4x4-LD21-H0.3-F0.6-A4-s42,high,twostage,99,1545,36.122,67.0,1,88.0,46.29
S8x4x4-LD21-H0.3-F0.6-A4-s42,high,twostage,99,1546,36.146,67.0,1,88.0,46.29
S8x4x4-LD21-H0.3-F0.6-A4-s42,high,twostage,99,1547,36.168,67.0,1,88.0,46.29
S8x4x4-LD21-H0.3-F0.6-A4-s42,high,twostage,99,1548,36.191,67.0,1,88.0,46.29
S8x4x4-LD21-H0.3-F0.6-A4-s42,high,twostage,99,1549,36.216,67.0,1,88.0,46.29
S8x4x4-LD21-H0.3-F0.6-A4-s42,high,twostage,99,1550,36.238,67.0,1,88.0,46.29
S8x4x4-LD21-H0.3-F0.6-A4-s42,high,twostage,99,1551,36.26,67.0,1,88.0,46.29
S8x4x4-LD21-H0.3-F0.6-A4-s42,high,twostage,99,1552,36.284,67.0,1,88.0,46.29
S8x4x4-LD21-H0.3-F0.6-A4-s42,high,twostage,99,1553,36.307,67.0,1,88.0,46.29
S8x4x4-LD21-H0.3-F0.6-A4-s42,high,twostage,99,1554,36.332,67.0,1,88.0,46.29
S8x4x4-LD21-H0.3-F0.6-A4-s42,high,twostage,99,1555,36.355,67.0,1,88.0,46.29
S8x4x4-LD21-H0.3-F0.6-A4-s42,high,twostage,99,1556,36.378,67.0,1,88.0,46.29
S8x4x4-LD21-H0.3-F0.6-A4-s42,high,twostage,99,1557,36.4,67.0,1,88.0,46.29
S8x4x4-LD21-H0.3-F0.6-A4-s42,high,twostage,99,1558,36.425,67.0,1,88.0,46.29
S8x4x4-LD21-H0.3-F0.6-A4-s42,high,twostage,99,1559,36.45,67.0,1,88.0,46.29
S8x4x4-LD21-H0.3-F0.6-A4-s42,high,twostage,99,1560,36.473,67.0,1,88.0,46.29
S8x4x4-LD21-H0.3-F0.6-A4-s42,high,twostage,99,1561,36.496,67.0,1,88.0,46.29
S8x4x4-LD21-H0.3-F0.6-A4-s42,high,twostage,99,1562,36.519,67.0,1,88.0,46.29
S8x4x4-LD21-H0.3-F0.6-A4-s42,high,twostage,99,1563,36.542,67.0,1,88.0,46.29
S8x4x4-LD21-H0.3-F0.6-A4-s42,high,twostage,99,1564,36.569,67.0,1,88.0,46.29
S8x4x4-LD21-H0.3-F0.6-A4-s42,high,twostage,99,1565,36.592,67.0,1,88.0,46.29
S8x4x4-LD21-H0.3-F0.6-A4-s42,high,twostage,99,1566,36.615,67.0,1,88.0,46.29
S8x4x4-LD21-H0.3-F0.6-A4-s42,high,twostage,99,1567,36.639,67.0,1,88.0,46.29
S8x4x4-LD21-H0.3-F0.6-A4-s42,high,twostage,99,1568,36.662,67.0,1,88.0,46.29
S8x4x4-LD21-H0.3-F0.6-A4-s42,high,twostage,99,1569,36.686,67.0,1,88.0,46.29
S8x4x4-LD21-H0.3-F0.6-A4-s42,high,twostage,99,1570,36.708,67.0,1,88.0,46.29
S8x4x4-LD21-H0.3-F0.6-A4-s42,high,twostage,99,1571,36.731,67.0,1,88.0,46.29
S8x4x4-LD21-H0.3-F0.6-A4-s42,high,twostage,99,1572,36.753,67.0,1,88.0,46.29
S8x4x4-LD21-H0.3-F0.6-A4-s42,high,twostage,99,1573,36.775,67.0,1,88.0,46.29
S8x4x4-LD21-H0.3-F0.6-A4-s42,high,twostage,99,1574,36.801,67.0,1,88.0,46.29
S8x4x4-LD21-H0.3-F0.6-A4-s42,high,twostage,99,1575,36.824,67.0,1,88.0,46.29
S8x4x4-LD21-H0.3-F0.6-A4-s42,high,twostage,99,1576,36.847,67.0,1,88.0,46.29
S8x4x4-LD21-H0.3-F0.6-A4-s42,high,twostage,99,1577,36.87,67.0,1,88.0,46.29
S8x4x4-LD21-H0.3-F0.6-A4-s42,high,twostage,99,1578,36.893,67.0,1,88.0,46.29
S8x4x4-LD21-H0.3-F0.6-A4-s42,high,twostage,99,1579,36.918,67.0,1,88.0,46.29
S8x4x4-LD21-H0.3-F0.6-A4-s42,high,twostage,99,1580,36.941,67.0,1,88.0,46.29
S8x4x4-LD21-H0.3-F0.6-A4-s42,high,twostage,99,1581,36.963,67.0,1,88.0,46.29
S8x4x4-LD21-H0.3-F0.6-A4-s42,high,twostage,99,1582,36.985,67.0,1,88.0,46.29
S8x4x4-LD21-H0.3-F0.6-A4-s42,high,twostage,99,1583,37.01,67.0,1,88.0,46.29
S8x4x4-LD21-H0.3-F0.6-A4-s42,high,twostage,99,1584,37.037,67.0,1,88.0,46.29
S8x4x4-LD21-H0.3-F0.6-A4-s42,high,twostage,99,1585,37.061,67.0,1,88.0,46.29
S8x4x4-LD21-H0.3-F0.6-A4-s42,high,twostage,99,1586,37.083,67.0,1,88.0,46.29
S8x4x4-LD21-H0.3-F0.6-A4-s42,high,twostage,99,1587,37.105,67.0,1,88.0,46.29
S8x4x4-LD21-H0.3-F0.6-A4-s42,high,twostage,99,1588,37.131,67.0,1,88.0,46.29
S8x4x4-LD21-H0.3-F0.6-A4-s42,high,twostage,99,1589,37.153,67.0,1,88.0,46.29
S8x4x4-LD21-H0.3-F0.6-A4-s42,high,twostage,99,1590,37.176,67.0,1,88.0,46.29
S8x4x4-LD21-H0.3-F0.6-A4-s42,high,twostage,99,1591,37.198,67.0,1,88.0,46.29
S8x4x4-LD21-H0.3-F0.6-A4-s42,high,twostage,99,1592,37.221,67.0,1,88.0,46.29
S8x4x4-LD21-H0.3-F0.6-A4-s42,high,twostage,99,1593,37.245,67.0,1,88.0,46.29
S8x4x4-LD21-H0.3-F0.6-A4-s42,high,twostage,99,1594,37.268,67.0,1,88.0,46.29
S8x4x4-LD21-H0.3-F0.6-A4-s42,high,twostage,99,1595,37.29,67.0,1,88.0,46.29
S8x4x4-LD21-H0.3-F0.6-A4-s42,high,twostage,99,1596,37.313,67.0,1,88.0,46.29
S8x4x4-LD21-H0.3-F0.6-A4-s42,high,twostage,99,1597,37.336,67.0,1,88.0,46.29
S8x4x4-LD21-H0.3-F0.6-A4-s42,high,twostage,99,1598,37.362,67.0,1,88.0,46.29
S8x4x4-LD21-H0.3-F0.6-A4-s42,high,twostage,99,1599,37.384,67.0,1,88.0,46.29
S8x4x4-LD21-H0.3-F0.6-A4-s42,high,twostage,99,1600,37.408,67.0,1,88.0,46.29
S8x4x4-LD21-H0.3-F0.6-A4-s42,high,twostage,99,1601,37.432,67.0,1,88.0,46.29
S8x4x4-LD21-H0.3-F0.6-A4-s42,high,twostage,99,1602,37.455,67.0,1,88.0,46.29
S8x4x4-LD21-H0.3-F0.6-A4-s42,high,twostage,99,1603,37.481,67.0,1,88.0,46.29
S8x4x4-LD21-H0.3-F0.6-A4-s42,high,twostage,99,1604,37.503,67.0,1,88.0,46.29
S8x4x4-LD21-H0.3-F0.6-A4-s42,high,twostage,99,1605,37.526,67.0,1,88.0,46.29
S8x4x4-LD21-H0.3-F0.6-A4-s42,high,twostage,99,1606,37.548,67.0,1,88.0,46.29
S8x4x4-LD21-H0.3-F0.6-A4-s42,high,twostage,99,1607,37.57,67.0,1,88.0,46.29
S8x4x4-LD21-H0.3-F0.6-A4-s42,high,twostage,99,1608,37.598,67.0,1,88.0,46.29
S8x4x4-LD21-H0.3-F0.6-A4-s42,high,twostage,99,1609,37.621,67.0,1,88.0,46.29
S8x4x4-LD21-H0.3-F0.6-A4-s42,high,twostage,99,1610,37.645,67.0,1,88.0,46.29
S8x4x4-LD21-H0.3-F0.6-A4-s42,high,twostage,99,1611,37.668,67.0,1,88.0,46.29
S8x4x4-LD21-H0.3-F0.6-A4-s42,high,twostage,99,1612,37.691,67.0,1,88.0,46.29
S8x4x4-LD21-H0.3-F0.6-A4-s42,high,twostage,99,1613,37.716,67.0,1,88.0,46.29
S8x4x4-LD21-H0.3-F0.6-A4-s42,high,twostage,99,1614,37.738,67.0,1,88.0,46.29
S8x4x4-LD21-H0.3-F0.6-A4-s42,high,twostage,99,1615,37.761,67.0,1,88.0,46.29
S8x4x4-LD21-H0.3-F0.6-A4-s42,high,twostage,99,1616,37.784,67.0,1,88.0,46.29
S8x4x4-LD21-H0.3-F0.6-A4-s42,high,twostage,99,1617,37.806,67.0,1,88.0,46.29
S8x4x4-LD21-H0.3-F0.6-A4-s42,high,twostage,99,1618,37.833,67.0,1,88.0,46.29
S8x4x4-LD21-H0.3-F0.6-A4-s42,high,twostage,99,1619,37.854,67.0,1,88.0,46.29
S8x4x4-LD21-H0.3-F0.6-A4-s42,high,twostage,99,1620,37.877,67.0,1,88.0,46.29
S8x4x4-LD21-H0.3-F0.6-A4-s42,high,twostage,99,1621,37.9,67.0,1,88.0,46.29
S8x4x4-LD21-H0.3-F0.6-A4-s42,high,twostage,99,1622,37.923,67.0,1,88.0,46.29
S8x4x4-LD21-H0.3-F0.6-A4-s42,high,twostage,99,1623,37.949,67.0,1,88.0,46.29
S8x4x4-LD21-H0.3-F0.6-A4-s42,high,twostage,99,1624,37.972,67.0,1,88.0,46.29
S8x4x4-LD21-H0.3-F0.6-A4-s42,high,twostage,99,1625,37.995,67.0,1,88.0,46.29
S8x4x4-LD21-H0.3-F0.6-A4-s42,high,twostage,99,1626,38.018,67.0,1,88.0,46.29
S8x4x4-LD21-H0.3-F0.6-A4-s42,high,twostage,99,1627,38.042,67.0,1,88.0,46.29
S8x4x4-LD21-H0.3-F0.6-A4-s42,high,twostage,99,1628,38.069,67.0,1,88.0,46.29
S8x4x4-LD21-H0.3-F0.6-A4-s42,high,twostage,99,1629,38.092,67.0,1,88.0,46.29
S8x4x4-LD21-H0.3-F0.6-A4-s42,high,twostage,99,1630,38.114,67.0,1,88.0,46.29
S8x4x4-LD21-H0.3-F0.6-A4-s42,high,twostage,99,1631,38.138,67.0,1,88.0,46.29
S8x4x4-LD21-H0.3-F0.6-A4-s42,high,twostage,99,1632,38.161,67.0,1,88.0,46.29
S8x4x4-LD21-H0.3-F0.6-A4-s42,high,twostage,99,1633,38.185,67.0,1,88.0,46.29
S8x4x4-LD21-H0.3-F0.6-A4-s42,high,twostage,99,1634,38.207,67.0,1,88.0,46.29
S8x4x4-LD21-H0.3-F0.6-A4-s42,high,twostage,99,1635,38.23,67.0,1,88.0,46.29
S8x4x4-LD21-H0.3-F0.6-A4-s42,high,twostage,99,1636,38.253,67.0,1,88.0,46.29
S8x4x4-LD21-H0.3-F0.6-A4-s42,high,twostage,99,1637,38.276,67.0,1,88.0,46.29
S8x4x4-LD21-H0.3-F0.6-A4-s42,high,twostage,99,1638,38.3,67.0,1,88.0,46.29
S8x4x4-LD21-H0.3-F0.6-A4-s42,high,twostage,99,1639,38.323,67.0,1,88.0,46.29
S8x4x4-LD21-H0.3-F0.6-A4-s42,high,twostage,99,1640,38.345,67.0,1,88.0,46.29
S8x4x4-LD21-H0.3-F0.6-A4-s42,high,twostage,99,1641,38.367,67.0,1,88.0,46.29
S8x4x4-LD21-H0.3-F0.6-A4-s42,high,twostage,99,1642,38.39,67.0,1,88.0,46.29
S8x4x4-LD21-H0.3-F0.6-A4-s42,high,twostage,99,1643,38.414,67.0,1,88.0,46.29
S8x4x4-LD21-H0.3-F0.6-A4-s42,high,twostage,99,1644,38.437,67.0,1,88.0,46.29
S8x4x4-LD21-H0.3-F0.6-A4-s42,high,twostage,99,1645,38.459,67.0,1,88.0,46.29
S8x4x4-LD21-H0.3-F0.6-A4-s42,high,twostage,99,1646,38.482,67.0,1,88.0,46.29
S8x4x4-LD21-H0.3-F0.6-A4-s42,high,twostage,99,1647,38.507,67.0,1,88.0,46.29
S8x4x4-LD21-H0.3-F0.6-A4-s42,high,twostage,99,1648,38.53,67.0,1,88.0,46.29
S8x4x4-LD21-H0.3-F0.6-A4-s42,high,twostage,99,1649,38.553,67.0,1,88.0,46.29
S8x4x4-LD21-H0.3-F0.6-A4-s42,high,twostage,99,1650,38.576,67.0,1,88.0,46.29
S8x4x4-LD21-H0.3-F0.6-A4-s42,high,twostage,99,1651,38.599,67.0,1,88.0,46.29
S8x4x4-LD21-H0.3-F0.6-A4-s42,high,twostage,99,1652,38.624,67.0,1,88.0,46.29
S8x4x4-LD21-H0.3-F0.6-A4-s42,high,twostage,99,1653,38.646,67.0,1,88.0,46.29
S8x4x4-LD21-H0.3-F0.6-A4-s42,high,twostage,99,1654,38.669,67.0,1,88.0,46.29
S8x4x4-LD21-H0.3-F0.6-A4-s42,high,twostage,99,1655,38.691,67.0,1,88.0,46.29
S8x4x4-LD21-H0.3-F0.6-A4-s42,high,twostage,99,1656,38.713,67.0,1,88.0,46.29
S8x4x4-LD21-H0.3-F0.6-A4-s42,high,twostage,99,1657,38.738,67.0,1,88.0,46.29
S8x4x4-LD21-H0.3-F0.6-A4-s42,high,twostage,99,1658,38.761,67.0,1,88.0,46.29
S8x4x4-LD21-H0.3-F0.6-A4-s42,high,twostage,99,1659,38.784,67.0,1,88.0,46.29
S8x4x4-LD21-H0.3-F0.6-A4-s42,high,twostage,99,1660,38.807,67.0,1,88.0,46.29
S8x4x4-LD21-H0.3-F0.6-A4-s42,high,twostage,99,1661,38.831,67.0,1,88.0,46.29
S8x4x4-LD21-H0.3-F0.6-A4-s42,high,twostage,99,1662,38.856,67.0,1,88.0,46.29
S8x4x4-LD21-H0.3-F0.6-A4-s42,high,twostage,99,1663,38.879,67.0,1,88.0,46.29
S8x4x4-LD21-H0.3-F0.6-A4-s42,high,twostage,99,1664,38.9,67.0,1,88.0,46.29
S8x4x4-LD21-H0.3-F0.6-A4-s42,high,twostage,99,1665,38.924,67.0,1,88.0,46.29
S8x4x4-LD21-H0.3-F0.6-A4-s42,high,twostage,99,1666,38.945,67.0,1,88.0,46.29
S8x4x4-LD21-H0.3-F0.6-A4-s42,high,twostage,99,1667,38.971,67.0,1,88.0,46.29
S8x4x4-LD21-H0.3-F0.6-A4-s42,high,twostage,99,1668,38.993,67.0,1,88.0,46.29
S8x4x4-LD21-H0.3-F0.6-A4-s42,high,twostage,99,1669,39.016,67.0,1,88.0,46.29
S8x4x4-LD21-H0.3-F0.6-A4-s42,high,twostage,99,1670,39.038,67.0,1,88.0,46.29
S8x4x4-LD21-H0.3-F0.6-A4-s42,high,twostage,99,1671,39.061,67.0,1,88.0,46.29
S8x4x4-LD21-H0.3-F0.6-A4-s42,high,twostage,99,1672,39.086,67.0,1,88.0,46.29
S8x4x4-LD21-H0.3-F0.6-A4-s42,high,twostage,99,1673,39.108,67.0,1,88.0,46.29
S8x4x4-LD21-H0.3-F0.6-A4-s42,high,twostage,99,1674,39.131,67.0,1,88.0,46.29
S8x4x4-LD21-H0.3-F0.6-A4-s42,high,twostage,99,1675,39.153,67.0,1,88.0,46.29
S8x4x4-LD21-H0.3-F0.6-A4-s42,high,twostage,99,1676,39.176,67.0,1,88.0,46.29
S8x4x4-LD21-H0.3-F0.6-A4-s42,high,twostage,99,1677,39.2,67.0,1,88.0,46.29
S8x4x4-LD21-H0.3-F0.6-A4-s42,high,twostage,99,1678,39.222,67.0,1,88.0,46.29
S8x4x4-LD21-H0.3-F0.6-A4-s42,high,twostage,99,1679,39.244,67.0,1,88.0,46.29
S8x4x4-LD21-H0.3-F0.6-A4-s42,high,twostage,99,1680,39.267,67.0,1,88.0,46.29
S8x4x4-LD21-H0.3-F0.6-A4-s42,high,twostage,99,1681,39.289,67.0,1,88.0,46.29
S8x4x4-LD21-H0.3-F0.6-A4-s42,high,twostage,99,1682,39.313,67.0,1,88.0,46.29
S8x4x4-LD21-H0.3-F0.6-A4-s42,high,twostage,99,1683,39.336,67.0,1,88.0,46.29
S8x4x4-LD21-H0.3-F0.6-A4-s42,high,twostage,99,1684,39.359,67.0,1,88.0,46.29
S8x4x4-LD21-H0.3-F0.6-A4-s42,high,twostage,99,1685,39.382,67.0,1,88.0,46.29
S8x4x4-LD21-H0.3-F0.6-A4-s42,high,twostage,99,1686,39.404,67.0,1,88.0,46.29
S8x4x4-LD21-H0.3-F0.6-A4-s42,high,twostage,99,1687,39.429,67.0,1,88.0,46.29
S8x4x4-LD21-H0.3-F0.6-A4-s42,high,twostage,99,1688,39.452,67.0,1,88.0,46.29
S8x4x4-LD21-H0.3-F0.6-A4-s42,high,twostage,99,1689,39.475,67.0,1,88.0,46.29
S8x4x4-LD21-H0.3-F0.6-A4-s42,high,twostage,99,1690,39.497,67.0,1,88.0,46.29
S8x4x4-LD21-H0.3-F0.6-A4-s42,high,twostage,99,1691,39.519,67.0,1,88.0,46.29
S8x4x4-LD21-H0.3-F0.6-A4-s42,high,twostage,99,1692,39.544,67.0,1,88.0,46.29
S8x4x4-LD21-H0.3-F0.6-A4-s42,high,twostage,99,1693,39.567,67.0,1,88.0,46.29
S8x4x4-LD21-H0.3-F0.6-A4-s42,high,twostage,99,1694,39.59,67.0,1,88.0,46.29
S8x4x4-LD21-H0.3-F0.6-A4-s42,high,twostage,99,1695,39.612,67.0,1,88.0,46.29
S8x4x4-LD21-H0.3-F0.6-A4-s42,high,twostage,99,1696,39.638,67.0,1,88.0,46.29
S8x4x4-LD21-H0.3-F0.6-A4-s42,high,twostage,99,1697,39.66,67.0,1,88.0,46.29
S8x4x4-LD21-H0.3-F0.6-A4-s42,high,twostage,99,1698,39.682,67.0,1,88.0,46.29
S8x4x4-LD21-H0.3-F0.6-A4-s42,high,twostage,99,1699,39.705,67.0,1,88.0,46.29
S8x4x4-LD21-H0.3-F0.6-A4-s42,high,twostage,99,1700,39.727,67.0,1,88.0,46.29
S8x4x4-LD21-H0.3-F0.6-A4-s42,high,twostage,99,1701,39.752,67.0,1,88.0,46.29
S8x4x4-LD21-H0.3-F0.6-A4-s42,high,twostage,99,1702,39.775,67.0,1,88.0,46.29
S8x4x4-LD21-H0.3-F0.6-A4-s42,high,twostage,99,1703,39.797,67.0,1,88.0,46.29
S8x4x4-LD21-H0.3-F0.6-A4-s42,high,twostage,99,1704,39.821,67.0,1,88.0,46.29
S8x4x4-LD21-H0.3-F0.6-A4-s42,high,twostage,99,1705,39.843,67.0,1,88.0,46.29
S8x4x4-LD21-H0.3-F0.6-A4-s42,high,twostage,99,1706,39.868,67.0,1,88.0,46.29
S8x4x4-LD21-H0.3-F0.6-A4-s42,high,twostage,99,1707,39.891,67.0,1,88.0,46.29
S8x4x4-LD21-H0.3-F0.6-A4-s42,high,twostage,99,1708,39.913,67.0,1,88.0,46.29
S8x4x4-LD21-H0.3-F0.6-A4-s42,high,twostage,99,1709,39.935,67.0,1,88.0,46.29
S8x4x4-LD21-H0.3-F0.6-A4-s42,high,twostage,99,1710,39.957,67.0,1,88.0,46.29
S8x4x4-LD21-H0.3-F0.6-A4-s42,high,twostage,99,1711,39.983,67.0,1,88.0,46.29
S8x4x4-LD21-H0.3-F0.6-A4-s42,high,twostage,99,1712,40.005,67.0,1,88.0,46.29
S8x4x4-LD21-H0.3-F0.6-A4-s42,high,twostage,99,1713,40.028,67.0,1,88.0,46.29
S8x4x4-LD21-H0.3-F0.6-A4-s42,high,twostage,99,1714,40.051,67.0,1,88.0,46.29
S8x4x4-LD21-H0.3-F0.6-A4-s42,high,twostage,99,1715,40.074,67.0,1,88.0,46.29
S8x4x4-LD21-H0.3-F0.6-A4-s42,high,twostage,99,1716,40.099,67.0,1,88.0,46.29
S8x4x4-LD21-H0.3-F0.6-A4-s42,high,twostage,99,1717,40.121,67.0,1,88.0,46.29
S8x4x4-LD21-H0.3-F0.6-A4-s42,high,twostage,99,1718,40.144,67.0,1,88.0,46.29
S8x4x4-LD21-H0.3-F0.6-A4-s42,high,twostage,99,1719,40.167,67.0,1,88.0,46.29
S8x4x4-LD21-H0.3-F0.6-A4-s42,high,twostage,99,1720,40.19,67.0,1,88.0,46.29
S8x4x4-LD21-H0.3-F0.6-A4-s42,high,twostage,99,1721,40.214,67.0,1,88.0,46.29
S8x4x4-LD21-H0.3-F0.6-A4-s42,high,twostage,99,1722,40.237,67.0,1,88.0,46.29
S8x4x4-LD21-H0.3-F0.6-A4-s42,high,twostage,99,1723,40.26,67.0,1,88.0,46.29
S8x4x4-LD21-H0.3-F0.6-A4-s42,high,twostage,99,1724,40.282,67.0,1,88.0,46.29
S8x4x4-LD21-H0.3-F0.6-A4-s42,high,twostage,99,1725,40.305,67.0,1,88.0,46.29
S8x4x4-LD21-H0.3-F0.6-A4-s42,high,twostage,99,1726,40.329,67.0,1,88.0,46.29
S8x4x4-LD21-H0.3-F0.6-A4-s42,high,twostage,99,1727,40.352,67.0,1,88.0,46.29
S8x4x4-LD21-H0.3-F0.6-A4-s42,high,twostage,99,1728,40.374,67.0,1,88.0,46.29
S8x4x4-LD21-H0.3-F0.6-A4-s42,high,twostage,99,1729,40.397,67.0,1,88.0,46.29
S8x4x4-LD21-H0.3-F0.6-A4-s42,high,twostage,99,1730,40.419,67.0,1,88.0,46.29
S8x4x4-LD21-H0.3-F0.6-A4-s42,high,twostage,99,1731,40.446,67.0,1,88.0,46.29
S8x4x4-LD21-H0.3-F0.6-A4-s42,high,twostage,99,1732,40.469,67.0,1,88.0,46.29
S8x4x4-LD21-H0.3-F0.6-A4-s42,high,twostage,99,1733,40.492,67.0,1,88.0,46.29
S8x4x4-LD21-H0.3-F0.6-A4-s42,high,twostage,99,1734,40.514,67.0,1,88.0,46.29
S8x4x4-LD21-H0.3-F0.6-A4-s42,high,twostage,99,1735,40.537,67.0,1,88.0,46.29
S8x4x4-LD21-H0.3-F0.6-A4-s42,high,twostage,99,1736,40.563,67.0,1,88.0,46.29
S8x4x4-LD21-H0.3-F0.6-A4-s42,high,twostage,99,1737,40.586,67.0,1,88.0,46.29
S8x4x4-LD21-H0.3-F0.6-A4-s42,high,twostage,99,1738,40.609,67.0,1,88.0,46.29
S8x4x4-LD21-H0.3-F0.6-A4-s42,high,twostage,99,1739,40.631,67.0,1,88.0,46.29
S8x4x4-LD21-H0.3-F0.6-A4-s42,high,twostage,99,1740,40.655,67.0,1,88.0,46.29
S8x4x4-LD21-H0.3-F0.6-A4-s42,high,twostage,99,1741,40.68,67.0,1,88.0,46.29
S8x4x4-LD21-H0.3-F0.6-A4-s42,high,twostage,99,1742,40.703,67.0,1,88.0,46.29
S8x4x4-LD21-H0.3-F0.6-A4-s42,high,twostage,99,1743,40.725,67.0,1,88.0,46.29
S8x4x4-LD21-H0.3-F0.6-A4-s42,high,twostage,99,1744,40.747,67.0,1,88.0,46.29
S8x4x4-LD21-H0.3-F0.6-A4-s42,high,twostage,99,1745,40.773,67.0,1,88.0,46.29
S8x4x4-LD21-H0.3-F0.6-A4-s42,high,twostage,99,1746,40.795,67.0,1,88.0,46.29
S8x4x4-LD21-H0.3-F0.6-A4-s42,high,twostage,99,1747,40.818,67.0,1,88.0,46.29
S8x4x4-LD21-H0.3-F0.6-A4-s42,high,twostage,99,1748,40.84,67.0,1,88.0,46.29
S8x4x4-LD21-H0.3-F0.6-A4-s42,high,twostage,99,1749,40.862,67.0,1,88.0,46.29
S8x4x4-LD21-H0.3-F0.6-A4-s42,high,twostage,99,1750,40.887,67.0,1,88.0,46.29
S8x4x4-LD21-H0.3-F0.6-A4-s42,high,twostage,99,1751,40.91,67.0,1,88.0,46.29
S8x4x4-LD21-H0.3-F0.6-A4-s42,high,twostage,99,1752,40.932,67.0,1,88.0,46.29
S8x4x4-LD21-H0.3-F0.6-A4-s42,high,twostage,99,1753,40.955,67.0,1,88.0,46.29
S8x4x4-LD21-H0.3-F0.6-A4-s42,high,twostage,99,1754,40.977,67.0,1,88.0,46.29
S8x4x4-LD21-H0.3-F0.6-A4-s42,high,twostage,99,1755,41.003,67.0,1,88.0,46.29
S8x4x4-LD21-H0.3-F0.6-A4-s42,high,twostage,99,1756,41.024,67.0,1,88.0,46.29
S8x4x4-LD21-H0.3-F0.6-A4-s42,high,twostage,99,1757,41.048,67.0,1,88.0,46.29
S8x4x4-LD21-H0.3-F0.6-A4-s42,high,twostage,99,1758,41.071,67.0,1,88.0,46.29
S8x4x4-LD21-H0.3-F0.6-A4-s42,high,twostage,99,1759,41.094,67.0,1,88.0,46.29
S8x4x4-LD21-H0.3-F0.6-A4-s42,high,twostage,99,1760,41.12,67.0,1,88.0,46.29
S8x4x4-LD21-H0.3-F0.6-A4-s42,high,twostage,99,1761,41.142,67.0,1,88.0,46.29
S8x4x4-LD21-H0.3-F0.6-A4-s42,high,twostage,99,1762,41.166,67.0,1,88.0,46.29
S8x4x4-LD21-H0.3-F0.6-A4-s42,high,twostage,99,1763,41.188,67.0,1,88.0,46.29
S8x4x4-LD21-H0.3-F0.6-A4-s42,high,twostage,99,1764,41.211,67.0,1,88.0,46.29
S8x4x4-LD21-H0.3-F0.6-A4-s42,high,twostage,99,1765,41.236,67.0,1,88.0,46.29
S8x4x4-LD21-H0.3-F0.6-A4-s42,high,twostage,99,1766,41.259,67.0,1,88.0,46.29
S8x4x4-LD21-H0.3-F0.6-A4-s42,high,twostage,99,1767,41.281,67.0,1,88.0,46.29
S8x4x4-LD21-H0.3-F0.6-A4-s42,high,twostage,99,1768,41.303,67.0,1,88.0,46.29
S8x4x4-LD21-H0.3-F0.6-A4-s42,high,twostage,99,1769,41.325,67.0,1,88.0,46.29
S8x4x4-LD21-H0.3-F0.6-A4-s42,high,twostage,99,1770,41.351,67.0,1,88.0,46.29
S8x4x4-LD21-H0.3-F0.6-A4-s42,high,twostage,99,1771,41.373,67.0,1,88.0,46.29
S8x4x4-LD21-H0.3-F0.6-A4-s42,high,twostage,99,1772,41.394,67.0,1,88.0,46.29
S8x4x4-LD21-H0.3-F0.6-A4-s42,high,twostage,99,1773,41.417,67.0,1,88.0,46.29
S8x4x4-LD21-H0.3-F0.6-A4-s42,high,twostage,99,1774,41.441,67.0,1,88.0,46.29
S8x4x4-LD21-H0.3-F0.6-A4-s42,high,twostage,99,1775,41.466,67.0,1,88.0,46.29
S8x4x4-LD21-H0.3-F0.6-A4-s42,high,twostage,99,1776,41.488,67.0,1,88.0,46.29
S8x4x4-LD21-H0.3-F0.6-A4-s42,high,twostage,99,1777,41.51,67.0,1,88.0,46.29
S8x4x4-LD21-H0.3-F0.6-A4-s42,high,twostage,99,1778,41.532,67.0,1,88.0,46.29
S8x4x4-LD21-H0.3-F0.6-A4-s42,high,twostage,99,1779,41.554,67.0,1,88.0,46.29
S8x4x4-LD21-H0.3-F0.6-A4-s42,high,twostage,99,1780,41.578,67.0,1,88.0,46.29
S8x4x4-LD21-H0.3-F0.6-A4-s42,high,twostage,99,1781,41.601,67.0,1,88.0,46.29
S8x4x4-LD21-H0.3-F0.6-A4-s42,high,twostage,99,1782,41.623,67.0,1,88.0,46.29
S8x4x4-LD21-H0.3-F0.6-A4-s42,high,twostage,99,1783,41.646,67.0,1,88.0,46.29
S8x4x4-LD21-H0.3-F0.6-A4-s42,high,twostage,99,1784,41.669,67.0,1,88.0,46.29
S8x4x4-LD21-H0.3-F0.6-A4-s42,high,twostage,99,1785,41.694,67.0,1,88.0,46.29
S8x4x4-LD21-H0.3-F0.6-A4-s42,high,twostage,99,1786,41.717,67.0,1,88.0,46.29
S8x4x4-LD21-H0.3-F0.6-A4-s42,high,twostage,99,1787,41.739,67.0,1,88.0,46.29
S8x4x4-LD21-H0.3-F0.6-A4-s42,high,twostage,99,1788,41.762,67.0,1,88.0,46.29
S8x4x4-LD21-H0.3-F0.6-A4-s42,high,twostage,99,1789,41.784,67.0,1,88.0,46.29
S8x4x4-LD21-H0.3-F0.6-A4-s42,high,twostage,99,1790,41.81,67.0,1,88.0,46.29
S8x4x4-LD21-H0.3-F0.6-A4-s42,high,twostage,99,1791,41.832,67.0,1,88.0,46.29
S8x4x4-LD21-H0.3-F0.6-A4-s42,high,twostage,99,1792,41.855,67.0,1,88.0,46.29
S8x4x4-LD21-H0.3-F0.6-A4-s42,high,twostage,99,1793,41.876,67.0,1,88.0,46.29
S8x4x4-LD21-H0.3-F0.6-A4-s42,high,twostage,99,1794,41.902,67.0,1,88.0,46.29
S8x4x4-LD21-H0.3-F0.6-A4-s42,high,twostage,99,1795,41.925,67.0,1,88.0,46.29
S8x4x4-LD21-H0.3-F0.6-A4-s42,high,twostage,99,1796,41.947,67.0,1,88.0,46.29
S8x4x4-LD21-H0.3-F0.6-A4-s42,high,twostage,99,1797,41.969,67.0,1,88.0,46.29
S8x4x4-LD21-H0.3-F0.6-A4-s42,high,twostage,99,1798,41.992,67.0,1,88.0,46.29
S8x4x4-LD21-H0.3-F0.6-A4-s42,high,twostage,99,1799,42.017,67.0,1,88.0,46.29
S8x4x4-LD21-H0.3-F0.6-A4-s42,high,twostage,99,1800,42.04,67.0,1,88.0,46.29
S8x4x4-LD21-H0.3-F0.6-A4-s42,high,twostage,99,1801,42.062,67.0,1,88.0,46.29
S8x4x4-LD21-H0.3-F0.6-A4-s42,high,twostage,99,1802,42.086,67.0,1,88.0,46.29
S8x4x4-LD21-H0.3-F0.6-A4-s42,high,twostage,99,1803,42.108,67.0,1,88.0,46.29
S8x4x4-LD21-H0.3-F0.6-A4-s42,high,twostage,99,1804,42.135,67.0,1,88.0,46.29
S8x4x4-LD21-H0.3-F0.6-A4-s42,high,twostage,99,1805,42.157,67.0,1,88.0,46.29
S8x4x4-LD21-H0.3-F0.6-A4-s42,high,twostage,99,1806,42.179,67.0,1,88.0,46.29
S8x4x4-LD21-H0.3-F0.6-A4-s42,high,twostage,99,1807,42.204,67.0,1,88.0,46.29
S8x4x4-LD21-H0.3-F0.6-A4-s42,high,twostage,99,1808,42.226,67.0,1,88.0,46.29
S8x4x4-LD21-H0.3-F0.6-A4-s42,high,twostage,99,1809,42.251,67.0,1,88.0,46.29
S8x4x4-LD21-H0.3-F0.6-A4-s42,high,twostage,99,1810,42.274,67.0,1,88.0,46.29
S8x4x4-LD21-H0.3-F0.6-A4-s42,high,twostage,99,1811,42.296,67.0,1,88.0,46.29
S8x4x4-LD21-H0.3-F0.6-A4-s42,high,twostage,99,1812,42.319,67.0,1,88.0,46.29
S8x4x4-LD21-H0.3-F0.6-A4-s42,high,twostage,99,1813,42.341,67.0,1,88.0,46.29
S8x4x4-LD21-H0.3-F0.6-A4-s42,high,twostage,99,1814,42.367,67.0,1,88.0,46.29
S8x4x4-LD21-H0.3-F0.6-A4-s42,high,twostage,99,1815,42.389,67.0,1,88.0,46.29
S8x4x4-LD21-H0.3-F0.6-A4-s42,high,twostage,99,1816,42.411,67.0,1,88.0,46.29
S8x4x4-LD21-H0.3-F0.6-A4-s42,high,twostage,99,1817,42.442,67.0,1,88.0,46.29
S8x4x4-LD21-H0.3-F0.6-A4-s42,high,twostage,99,1818,42.485,67.0,1,88.0,46.29
S8x4x4-LD21-H0.3-F0.6-A4-s42,high,twostage,99,1819,42.519,67.0,1,88.0,46.29
S8x4x4-LD21-H0.3-F0.6-A4-s42,high,twostage,99,1820,42.547,67.0,1,88.0,46.29
S8x4x4-LD21-H0.3-F0.6-A4-s42,high,twostage,99,1821,42.574,67.0,1,88.0,46.29
S8x4x4-LD21-H0.3-F0.6-A4-s42,high,twostage,99,1822,42.601,67.0,1,88.0,46.29
S8x4x4-LD21-H0.3-F0.6-A4-s42,high,twostage,99,1823,42.634,67.0,1,88.0,46.29
S8x4x4-LD21-H0.3-F0.6-A4-s42,high,twostage,99,1824,42.658,67.0,1,88.0,46.29
S8x4x4-LD21-H0.3-F0.6-A4-s42,high,twostage,99,1825,42.681,67.0,1,88.0,46.29
S8x4x4-LD21-H0.3-F0.6-A4-s42,high,twostage,99,1826,42.704,67.0,1,88.0,46.29
S8x4x4-LD21-H0.3-F0.6-A4-s42,high,twostage,99,1827,42.728,67.0,1,88.0,46.29
S8x4x4-LD21-H0.3-F0.6-A4-s42,high,twostage,99,1828,42.75,67.0,1,88.0,46.29
S8x4x4-LD21-H0.3-F0.6-A4-s42,high,twostage,99,1829,42.774,67.0,1,88.0,46.29
S8x4x4-LD21-H0.3-F0.6-A4-s42,high,twostage,99,1830,42.797,67.0,1,88.0,46.29
S8x4x4-LD21-H0.3-F0.6-A4-s42,high,twostage,99,1831,42.819,67.0,1,88.0,46.29
S8x4x4-LD21-H0.3-F0.6-A4-s42,high,twostage,99,1832,42.842,67.0,1,88.0,46.29
S8x4x4-LD21-H0.3-F0.6-A4-s42,high,twostage,99,1833,42.864,67.0,1,88.0,46.29
S8x4x4-LD21-H0.3-F0.6-A4-s42,high,twostage,99,1834,42.889,67.0,1,88.0,46.29
S8x4x4-LD21-H0.3-F0.6-A4-s42,high,twostage,99,1835,42.911,67.0,1,88.0,46.29
S8x4x4-LD21-H0.3-F0.6-A4-s42,high,twostage,99,1836,42.935,67.0,1,88.0,46.29
S8x4x4-LD21-H0.3-F0.6-A4-s42,high,twostage,99,1837,42.957,67.0,1,88.0,46.29
S8x4x4-LD21-H0.3-F0.6-A4-s42,high,twostage,99,1838,42.98,67.0,1,88.0,46.29
S8x4x4-LD21-H0.3-F0.6-A4-s42,high,twostage,99,1839,43.004,67.0,1,88.0,46.29
S8x4x4-LD21-H0.3-F0.6-A4-s42,high,twostage,99,1840,43.026,67.0,1,88.0,46.29
S8x4x4-LD21-H0.3-F0.6-A4-s42,high,twostage,99,1841,43.049,67.0,1,88.0,46.29
S8x4x4-LD21-H0.3-F0.6-A4-s42,high,twostage,99,1842,43.071,67.0,1,88.0,46.29
S8x4x4-LD21-H0.3-F0.6-A4-s42,high,twostage,99,1843,43.093,67.0,1,88.0,46.29
S8x4x4-LD21-H0.3-F0.6-A4-s42,high,twostage,99,1844,43.117,67.0,1,88.0,46.29
S8x4x4-LD21-H0.3-F0.6-A4-s42,high,twostage,99,1845,43.14,67.0,1,88.0,46.29
S8x4x4-LD21-H0.3-F0.6-A4-s42,high,twostage,99,1846,43.161,67.0,1,88.0,46.29
S8x4x4-LD21-H0.3-F0.6-A4-s42,high,twostage,99,1847,43.185,67.0,1,88.0,46.29
S8x4x4-LD21-H0.3-F0.6-A4-s42,high,twostage,99,1848,43.21,67.0,1,88.0,46.29
S8x4x4-LD21-H0.3-F0.6-A4-s42,high,twostage,99,1849,43.233,67.0,1,88.0,46.29
S8x4x4-LD21-H0.3-F0.6-A4-s42,high,twostage,99,1850,43.255,67.0,1,88.0,46.29
S8x4x4-LD21-H0.3-F0.6-A4-s42,high,twostage,99,1851,43.277,67.0,1,88.0,46.29
S8x4x4-LD21-H0.3-F0.6-A4-s42,high,twostage,99,1852,43.3,67.0,1,88.0,46.29
S8x4x4-LD21-H0.3-F0.6-A4-s42,high,twostage,99,1853,43.325,67.0,1,88.0,46.29
S8x4x4-LD21-H0.3-F0.6-A4-s42,high,twostage,99,1854,43.348,67.0,1,88.0,46.29
S8x4x4-LD21-H0.3-F0.6-A4-s42,high,twostage,99,1855,43.37,67.0,1,88.0,46.29
S8x4x4-LD21-H0.3-F0.6-A4-s42,high,twostage,99,1856,43.392,67.0,1,88.0,46.29
S8x4x4-LD21-H0.3-F0.6-A4-s42,high,twostage,99,1857,43.416,67.0,1,88.0,46.29
S8x4x4-LD21-H0.3-F0.6-A4-s42,high,twostage,99,1858,43.441,67.0,1,88.0,46.29
S8x4x4-LD21-H0.3-F0.6-A4-s42,high,twostage,99,1859,43.464,67.0,1,88.0,46.29
S8x4x4-LD21-H0.3-F0.6-A4-s42,high,twostage,99,1860,43.486,67.0,1,88.0,46.29
S8x4x4-LD21-H0.3-F0.6-A4-s42,high,twostage,99,1861,43.509,67.0,1,88.0,46.29
S8x4x4-LD21-H0.3-F0.6-A4-s42,high,twostage,99,1862,43.531,67.0,1,88.0,46.29
S8x4x4-LD21-H0.3-F0.6-A4-s42,high,twostage,99,1863,43.556,67.0,1,88.0,46.29
S8x4x4-LD21-H0.3-F0.6-A4-s42,high,twostage,99,1864,43.578,67.0,1,88.0,46.29
S8x4x4-LD21-H0.3-F0.6-A4-s42,high,twostage,99,1865,43.601,67.0,1,88.0,46.29
S8x4x4-LD21-H0.3-F0.6-A4-s42,high,twostage,99,1866,43.623,67.0,1,88.0,46.29
S8x4x4-LD21-H0.3-F0.6-A4-s42,high,twostage,99,1867,43.647,67.0,1,88.0,46.29
S8x4x4-LD21-H0.3-F0.6-A4-s42,high,twostage,99,1868,43.671,67.0,1,88.0,46.29
S8x4x4-LD21-H0.3-F0.6-A4-s42,high,twostage,99,1869,43.695,67.0,1,88.0,46.29
S8x4x4-LD21-H0.3-F0.6-A4-s42,high,twostage,99,1870,43.717,67.0,1,88.0,46.29
S8x4x4-LD21-H0.3-F0.6-A4-s42,high,twostage,99,1871,43.741,67.0,1,88.0,46.29
S8x4x4-LD21-H0.3-F0.6-A4-s42,high,twostage,99,1872,43.764,67.0,1,88.0,46.29
S8x4x4-LD21-H0.3-F0.6-A4-s42,high,twostage,99,1873,43.789,67.0,1,88.0,46.29
S8x4x4-LD21-H0.3-F0.6-A4-s42,high,twostage,99,1874,43.812,67.0,1,88.0,46.29
S8x4x4-LD21-H0.3-F0.6-A4-s42,high,twostage,99,1875,43.834,67.0,1,88.0,46.29
S8x4x4-LD21-H0.3-F0.6-A4-s42,high,twostage,99,1876,43.858,67.0,1,88.0,46.29
S8x4x4-LD21-H0.3-F0.6-A4-s42,high,twostage,99,1877,43.881,67.0,1,88.0,46.29
S8x4x4-LD21-H0.3-F0.6-A4-s42,high,twostage,99,1878,43.906,67.0,1,88.0,46.29
S8x4x4-LD21-H0.3-F0.6-A4-s42,high,twostage,99,1879,43.928,67.0,1,88.0,46.29
S8x4x4-LD21-H0.3-F0.6-A4-s42,high,twostage,99,1880,43.95,67.0,1,88.0,46.29
S8x4x4-LD21-H0.3-F0.6-A4-s42,high,twostage,99,1881,43.974,67.0,1,88.0,46.29
S8x4x4-LD21-H0.3-F0.6-A4-s42,high,twostage,99,1882,43.996,67.0,1,88.0,46.29
S8x4x4-LD21-H0.3-F0.6-A4-s42,high,twostage,99,1883,44.021,67.0,1,88.0,46.29
S8x4x4-LD21-H0.3-F0.6-A4-s42,high,twostage,99,1884,44.044,67.0,1,88.0,46.29
S8x4x4-LD21-H0.3-F0.6-A4-s42,high,twostage,99,1885,44.067,67.0,1,88.0,46.29
S8x4x4-LD21-H0.3-F0.6-A4-s42,high,twostage,99,1886,44.089,67.0,1,88.0,46.29
S8x4x4-LD21-H0.3-F0.6-A4-s42,high,twostage,99,1887,44.111,67.0,1,88.0,46.29
S8x4x4-LD21-H0.3-F0.6-A4-s42,high,twostage,99,1888,44.137,67.0,1,88.0,46.29
S8x4x4-LD21-H0.3-F0.6-A4-s42,high,twostage,99,1889,44.159,67.0,1,88.0,46.29
S8x4x4-LD21-H0.3-F0.6-A4-s42,high,twostage,99,1890,44.183,67.0,1,88.0,46.29
S8x4x4-LD21-H0.3-F0.6-A4-s42,high,twostage,99,1891,44.206,67.0,1,88.0,46.29
S8x4x4-LD21-H0.3-F0.6-A4-s42,high,twostage,99,1892,44.231,67.0,1,88.0,46.29
S8x4x4-LD21-H0.3-F0.6-A4-s42,high,twostage,99,1893,44.253,67.0,1,88.0,46.29
S8x4x4-LD21-H0.3-F0.6-A4-s42,high,twostage,99,1894,44.277,67.0,1,88.0,46.29
S8x4x4-LD21-H0.3-F0.6-A4-s42,high,twostage,99,1895,44.3,67.0,1,88.0,46.29
S8x4x4-LD21-H0.3-F0.6-A4-s42,high,twostage,99,1896,44.322,67.0,1,88.0,46.29
S8x4x4-LD21-H0.3-F0.6-A4-s42,high,twostage,99,1897,44.347,67.0,1,88.0,46.29
S8x4x4-LD21-H0.3-F0.6-A4-s42,high,twostage,99,1898,44.37,67.0,1,88.0,46.29
S8x4x4-LD21-H0.3-F0.6-A4-s42,high,twostage,99,1899,44.393,67.0,1,88.0,46.29
S8x4x4-LD21-H0.3-F0.6-A4-s42,high,twostage,99,1900,44.416,67.0,1,88.0,46.29
S8x4x4-LD21-H0.3-F0.6-A4-s42,high,twostage,99,1901,44.439,67.0,1,88.0,46.29
S8x4x4-LD21-H0.3-F0.6-A4-s42,high,twostage,99,1902,44.465,67.0,1,88.0,46.29
S8x4x4-LD21-H0.3-F0.6-A4-s42,high,twostage,99,1903,44.488,67.0,1,88.0,46.29
S8x4x4-LD21-H0.3-F0.6-A4-s42,high,twostage,99,1904,44.51,67.0,1,88.0,46.29
S8x4x4-LD21-H0.3-F0.6-A4-s42,high,twostage,99,1905,44.533,67.0,1,88.0,46.29
S8x4x4-LD21-H0.3-F0.6-A4-s42,high,twostage,99,1906,44.555,67.0,1,88.0,46.29
S8x4x4-LD21-H0.3-F0.6-A4-s42,high,twostage,99,1907,44.58,67.0,1,88.0,46.29
S8x4x4-LD21-H0.3-F0.6-A4-s42,high,twostage,99,1908,44.603,67.0,1,88.0,46.29
S8x4x4-LD21-H0.3-F0.6-A4-s42,high,twostage,99,1909,44.626,67.0,1,88.0,46.29
S8x4x4-LD21-H0.3-F0.6-A4-s42,high,twostage,99,1910,44.649,67.0,1,88.0,46.29
S8x4x4-LD21-H0.3-F0.6-A4-s42,high,twostage,99,1911,44.672,67.0,1,88.0,46.29
S8x4x4-LD21-H0.3-F0.6-A4-s42,high,twostage,99,1912,44.697,67.0,1,88.0,46.29
S8x4x4-LD21-H0.3-F0.6-A4-s42,high,twostage,99,1913,44.721,67.0,1,88.0,46.29
S8x4x4-LD21-H0.3-F0.6-A4-s42,high,twostage,99,1914,44.743,67.0,1,88.0,46.29
S8x4x4-LD21-H0.3-F0.6-A4-s42,high,twostage,99,1915,44.766,67.0,1,88.0,46.29
S8x4x4-LD21-H0.3-F0.6-A4-s42,high,twostage,99,1916,44.789,67.0,1,88.0,46.29
S8x4x4-LD21-H0.3-F0.6-A4-s42,high,twostage,99,1917,44.815,67.0,1,88.0,46.29
S8x4x4-LD21-H0.3-F0.6-A4-s42,high,twostage,99,1918,44.839,67.0,1,88.0,46.29
S8x4x4-LD21-H0.3-F0.6-A4-s42,high,twostage,99,1919,44.862,67.0,1,88.0,46.29
S8x4x4-LD21-H0.3-F0.6-A4-s42,high,twostage,99,1920,44.885,67.0,1,88.0,46.29
S8x4x4-LD21-H0.3-F0.6-A4-s42,high,twostage,99,1921,44.908,67.0,1,88.0,46.29
S8x4x4-LD21-H0.3-F0.6-A4-s42,high,twostage,99,1922,44.934,67.0,1,88.0,46.29
S8x4x4-LD21-H0.3-F0.6-A4-s42,high,twostage,99,1923,44.955,67.0,1,88.0,46.29
S8x4x4-LD21-H0.3-F0.6-A4-s42,high,twostage,99,1924,44.977,67.0,1,88.0,46.29
S8x4x4-LD21-H0.3-F0.6-A4-s42,high,twostage,99,1925,45.0,67.0,1,88.0,46.29
S8x4x4-LD21-H0.3-F0.6-A4-s42,high,twostage,99,1926,45.023,67.0,1,88.0,46.29
S8x4x4-LD21-H0.3-F0.6-A4-s42,high,twostage,99,1927,45.049,67.0,1,88.0,46.29
S8x4x4-LD21-H0.3-F0.6-A4-s42,high,twostage,99,1928,45.071,67.0,1,88.0,46.29
S8x4x4-LD21-H0.3-F0.6-A4-s42,high,twostage,99,1929,45.093,67.0,1,88.0,46.29
S8x4x4-LD21-H0.3-F0.6-A4-s42,high,twostage,99,1930,45.116,67.0,1,88.0,46.29
S8x4x4-LD21-H0.3-F0.6-A4-s42,high,twostage,99,1931,45.14,67.0,1,88.0,46.29
S8x4x4-LD21-H0.3-F0.6-A4-s42,high,twostage,99,1932,45.165,67.0,1,88.0,46.29
S8x4x4-LD21-H0.3-F0.6-A4-s42,high,twostage,99,1933,45.188,67.0,1,88.0,46.29
S8x4x4-LD21-H0.3-F0.6-A4-s42,high,twostage,99,1934,45.212,67.0,1,88.0,46.29
S8x4x4-LD21-H0.3-F0.6-A4-s42,high,twostage,99,1935,45.234,67.0,1,88.0,46.29
S8x4x4-LD21-H0.3-F0.6-A4-s42,high,twostage,99,1936,45.257,67.0,1,88.0,46.29
S8x4x4-LD21-H0.3-F0.6-A4-s42,high,twostage,99,1937,45.282,67.0,1,88.0,46.29
S8x4x4-LD21-H0.3-F0.6-A4-s42,high,twostage,99,1938,45.304,67.0,1,88.0,46.29
S8x4x4-LD21-H0.3-F0.6-A4-s42,high,twostage,99,1939,45.326,67.0,1,88.0,46.29
S8x4x4-LD21-H0.3-F0.6-A4-s42,high,twostage,99,1940,45.349,67.0,1,88.0,46.29
S8x4x4-LD21-H0.3-F0.6-A4-s42,high,twostage,99,1941,45.371,67.0,1,88.0,46.29
S8x4x4-LD21-H0.3-F0.6-A4-s42,high,twostage,99,1942,45.396,67.0,1,88.0,46.29
S8x4x4-LD21-H0.3-F0.6-A4-s42,high,twostage,99,1943,45.418,67.0,1,88.0,46.29
S8x4x4-LD21-H0.3-F0.6-A4-s42,high,twostage,99,1944,45.442,67.0,1,88.0,46.29
S8x4x4-LD21-H0.3-F0.6-A4-s42,high,twostage,99,1945,45.465,67.0,1,88.0,46.29
S8x4x4-LD21-H0.3-F0.6-A4-s42,high,twostage,99,1946,45.491,67.0,1,88.0,46.29
S8x4x4-LD21-H0.3-F0.6-A4-s42,high,twostage,99,1947,45.514,67.0,1,88.0,46.29
S8x4x4-LD21-H0.3-F0.6-A4-s42,high,twostage,99,1948,45.536,67.0,1,88.0,46.29
S8x4x4-LD21-H0.3-F0.6-A4-s42,high,twostage,99,1949,45.558,67.0,1,88.0,46.29
S8x4x4-LD21-H0.3-F0.6-A4-s42,high,twostage,99,1950,45.581,67.0,1,88.0,46.29
S8x4x4-LD21-H0.3-F0.6-A4-s42,high,twostage,99,1951,45.606,67.0,1,88.0,46.29
S8x4x4-LD21-H0.3-F0.6-A4-s42,high,twostage,99,1952,45.629,67.0,1,88.0,46.29
S8x4x4-LD21-H0.3-F0.6-A4-s42,high,twostage,99,1953,45.652,67.0,1,88.0,46.29
S8x4x4-LD21-H0.3-F0.6-A4-s42,high,twostage,99,1954,45.675,67.0,1,88.0,46.29
S8x4x4-LD21-H0.3-F0.6-A4-s42,high,twostage,99,1955,45.698,67.0,1,88.0,46.29
S8x4x4-LD21-H0.3-F0.6-A4-s42,high,twostage,99,1956,45.725,67.0,1,88.0,46.29
S8x4x4-LD21-H0.3-F0.6-A4-s42,high,twostage,99,1957,45.748,67.0,1,88.0,46.29
S8x4x4-LD21-H0.3-F0.6-A4-s42,high,twostage,99,1958,45.771,67.0,1,88.0,46.29
S8x4x4-LD21-H0.3-F0.6-A4-s42,high,twostage,99,1959,45.794,67.0,1,88.0,46.29
S8x4x4-LD21-H0.3-F0.6-A4-s42,high,twostage,99,1960,45.817,67.0,1,88.0,46.29
S8x4x4-LD21-H0.3-F0.6-A4-s42,high,twostage,99,1961,45.842,67.0,1,88.0,46.29
S8x4x4-LD21-H0.3-F0.6-A4-s42,high,twostage,99,1962,45.866,67.0,1,88.0,46.29
S8x4x4-LD21-H0.3-F0.6-A4-s42,high,twostage,99,1963,45.889,67.0,1,88.0,46.29
S8x4x4-LD21-H0.3-F0.6-A4-s42,high,twostage,99,1964,45.91,67.0,1,88.0,46.29
S8x4x4-LD21-H0.3-F0.6-A4-s42,high,twostage,99,1965,45.933,67.0,1,88.0,46.29
S8x4x4-LD21-H0.3-F0.6-A4-s42,high,twostage,99,1966,45.959,67.0,1,88.0,46.29
S8x4x4-LD21-H0.3-F0.6-A4-s42,high,twostage,99,1967,45.981,67.0,1,88.0,46.29
S8x4x4-LD21-H0.3-F0.6-A4-s42,high,twostage,99,1968,46.004,67.0,1,88.0,46.29
S8x4x4-LD21-H0.3-F0.6-A4-s42,high,twostage,99,1969,46.027,67.0,1,88.0,46.29
S8x4x4-LD21-H0.3-F0.6-A4-s42,high,twostage,99,1970,46.049,67.0,1,88.0,46.29
S8x4x4-LD21-H0.3-F0.6-A4-s42,high,twostage,99,1971,46.074,67.0,1,88.0,46.29
S8x4x4-LD21-H0.3-F0.6-A4-s42,high,twostage,99,1972,46.097,67.0,1,88.0,46.29
S8x4x4-LD21-H0.3-F0.6-A4-s42,high,twostage,99,1973,46.119,67.0,1,88.0,46.29
S8x4x4-LD21-H0.3-F0.6-A4-s42,high,twostage,99,1974,46.142,67.0,1,88.0,46.29
S8x4x4-LD21-H0.3-F0.6-A4-s42,high,twostage,99,1975,46.165,67.0,1,88.0,46.29
S8x4x4-LD21-H0.3-F0.6-A4-s42,high,twostage,99,1976,46.19,67.0,1,88.0,46.29
S8x4x4-LD21-H0.3-F0.6-A4-s42,high,twostage,99,1977,46.213,67.0,1,88.0,46.29
S8x4x4-LD21-H0.3-F0.6-A4-s42,high,twostage,99,1978,46.234,67.0,1,88.0,46.29
S8x4x4-LD21-H0.3-F0.6-A4-s42,high,twostage,99,1979,46.257,67.0,1,88.0,46.29
S8x4x4-LD21-H0.3-F0.6-A4-s42,high,twostage,99,1980,46.281,67.0,1,88.0,46.29
S8x4x4-LD21-H0.3-F0.6-A4-s42,high,twostage,99,1981,46.306,67.0,1,88.0,46.29
S8x4x4-LD21-H0.3-F0.6-A4-s42,high,nofeedback,42,1,0.719,99.0,0,69.0,46.29
S8x4x4-LD21-H0.3-F0.6-A4-s42,high,nofeedback,42,2,1.439,99.0,0,69.0,46.29
S8x4x4-LD21-H0.3-F0.6-A4-s42,high,nofeedback,42,3,2.134,90.0,0,69.0,46.29
S8x4x4-LD21-H0.3-F0.6-A4-s42,high,nofeedback,42,4,2.803,90.0,0,69.0,46.29
S8x4x4-LD21-H0.3-F0.6-A4-s42,high,nofeedback,42,5,3.519,90.0,0,69.0,46.29
S8x4x4-LD21-H0.3-F0.6-A4-s42,high,nofeedback,42,6,4.167,89.0,0,69.0,46.29
S8x4x4-LD21-H0.3-F0.6-A4-s42,high,nofeedback,42,7,4.808,89.0,0,69.0,46.29
S8x4x4-LD21-H0.3-F0.6-A4-s42,high,nofeedback,42,8,5.431,87.0,0,69.0,46.29
S8x4x4-LD21-H0.3-F0.6-A4-s42,high,nofeedback,42,9,6.035,86.0,0,69.0,46.29
S8x4x4-LD21-H0.3-F0.6-A4-s42,high,nofeedback,42,10,6.634,86.0,0,69.0,46.29
S8x4x4-LD21-H0.3-F0.6-A4-s42,high,nofeedback,42,11,7.22,79.0,0,69.0,46.29
S8x4x4-LD21-H0.3-F0.6-A4-s42,high,nofeedback,42,12,7.8,79.0,0,69.0,46.29
S8x4x4-LD21-H0.3-F0.6-A4-s42,high,nofeedback,42,13,8.383,79.0,0,69.0,46.29
S8x4x4-LD21-H0.3-F0.6-A4-s42,high,nofeedback,42,14,9.028,79.0,0,69.0,46.29
S8x4x4-LD21-H0.3-F0.6-A4-s42,high,nofeedback,42,15,9.595,77.0,0,69.0,46.29
S8x4x4-LD21-H0.3-F0.6-A4-s42,high,nofeedback,42,16,10.157,77.0,0,69.0,46.29
S8x4x4-LD21-H0.3-F0.6-A4-s42,high,nofeedback,42,17,10.716,73.0,0,69.0,46.29
S8x4x4-LD21-H0.3-F0.6-A4-s42,high,nofeedback,42,18,11.262,72.0,0,69.0,46.29
S8x4x4-LD21-H0.3-F0.6-A4-s42,high,nofeedback,42,19,11.793,72.0,0,69.0,46.29
S8x4x4-LD21-H0.3-F0.6-A4-s42,high,nofeedback,42,20,12.316,72.0,0,69.0,46.29
S8x4x4-LD21-H0.3-F0.6-A4-s42,high,nofeedback,42,21,12.839,72.0,0,69.0,46.29
S8x4x4-LD21-H0.3-F0.6-A4-s42,high,nofeedback,42,22,13.353,72.0,0,69.0,46.29
S8x4x4-LD21-H0.3-F0.6-A4-s42,high,nofeedback,42,23,13.878,72.0,0,69.0,46.29
S8x4x4-LD21-H0.3-F0.6-A4-s42,high,nofeedback,42,24,14.402,72.0,0,69.0,46.29
S8x4x4-LD21-H0.3-F0.6-A4-s42,high,nofeedback,42,25,14.933,71.0,0,69.0,46.29
S8x4x4-LD21-H0.3-F0.6-A4-s42,high,nofeedback,42,26,15.464,71.0,0,69.0,46.29
S8x4x4-LD21-H0.3-F0.6-A4-s42,high,nofeedback,42,27,15.989,71.0,0,69.0,46.29
S8x4x4-LD21-H0.3-F0.6-A4-s42,high,nofeedback,42,28,16.521,71.0,0,69.0,46.29
S8x4x4-LD21-H0.3-F0.6-A4-s42,high,nofeedback,42,29,17.06,71.0,0,69.0,46.29
S8x4x4-LD21-H0.3-F0.6-A4-s42,high,nofeedback,42,30,17.595,71.0,0,69.0,46.29
S8x4x4-LD21-H0.3-F0.6-A4-s42,high,nofeedback,42,31,18.128,71.0,0,69.0,46.29
S8x4x4-LD21-H0.3-F0.6-A4-s42,high,nofeedback,42,32,18.678,71.0,0,69.0,46.29
S8x4x4-LD21-H0.3-F0.6-A4-s42,high,nofeedback,42,33,19.229,71.0,0,69.0,46.29
S8x4x4-LD21-H0.3-F0.6-A4-s42,high,nofeedback,42,34,19.78,71.0,0,69.0,46.29
S8x4x4-LD21-H0.3-F0.6-A4-s42,high,nofeedback,42,35,20.335,71.0,0,69.0,46.29
S8x4x4-LD21-H0.3-F0.6-A4-s42,high,nofeedback,42,36,20.878,70.0,0,69.0,46.29
S8x4x4-LD21-H0.3-F0.6-A4-s42,high,nofeedback,42,37,21.434,70.0,0,69.0,46.29
S8x4x4-LD21-H0.3-F0.6-A4-s42,high,nofeedback,42,38,22.069,70.0,0,69.0,46.29
S8x4x4-LD21-H0.3-F0.6-A4-s42,high,nofeedback,42,39,22.688,70.0,0,69.0,46.29
S8x4x4-LD21-H0.3-F0.6-A4-s42,high,nofeedback,42,40,23.255,70.0,0,69.0,46.29
S8x4x4-LD21-H0.3-F0.6-A4-s42,high,nofeedback,42,41,23.849,70.0,0,69.0,46.29
S8x4x4-LD21-H0.3-F0.6-A4-s42,high,nofeedback,42,42,24.415,70.0,0,69.0,46.29
S8x4x4-LD21-H0.3-F0.6-A4-s42,high,nofeedback,42,43,24.991,70.0,0,69.0,46.29
S8x4x4-LD21-H0.3-F0.6-A4-s42,high,nofeedback,42,44,25.552,70.0,0,69.0,46.29
S8x4x4-LD21-H0.3-F0.6-A4-s42,high,nofeedback,42,45,26.115,70.0,0,69.0,46.29
S8x4x4-LD21-H0.3-F0.6-A4-s42,high,nofeedback,42,46,26.687,70.0,0,69.0,46.29
S8x4x4-LD21-H0.3-F0.6-A4-s42,high,nofeedback,42,47,27.252,70.0,0,69.0,46.29
S8x4x4-LD21-H0.3-F0.6-A4-s42,high,nofeedback,42,48,27.817,70.0,0,69.0,46.29
S8x4x4-LD21-H0.3-F0.6-A4-s42,high,nofeedback,42,49,28.378,70.0,0,69.0,46.29
S8x4x4-LD21-H0.3-F0.6-A4-s42,high,nofeedback,42,50,28.933,70.0,0,69.0,46.29
S8x4x4-LD21-H0.3-F0.6-A4-s42,high,nofeedback,42,51,29.496,70.0,0,69.0,46.29
S8x4x4-LD21-H0.3-F0.6-A4-s42,high,nofeedback,42,52,30.058,70.0,0,69.0,46.29
S8x4x4-LD21-H0.3-F0.6-A4-s42,high,nofeedback,42,53,30.618,70.0,0,69.0,46.29
S8x4x4-LD21-H0.3-F0.6-A4-s42,high,nofeedback,42,54,31.185,70.0,0,69.0,46.29
S8x4x4-LD21-H0.3-F0.6-A4-s42,high,nofeedback,42,55,31.746,70.0,0,69.0,46.29
S8x4x4-LD21-H0.3-F0.6-A4-s42,high,nofeedback,42,56,32.31,70.0,0,69.0,46.29
S8x4x4-LD21-H0.3-F0.6-A4-s42,high,nofeedback,42,57,32.866,70.0,0,69.0,46.29
S8x4x4-LD21-H0.3-F0.6-A4-s42,high,nofeedback,42,58,33.423,70.0,0,69.0,46.29
S8x4x4-LD21-H0.3-F0.6-A4-s42,high,nofeedback,42,59,33.992,70.0,0,69.0,46.29
S8x4x4-LD21-H0.3-F0.6-A4-s42,high,nofeedback,42,60,34.554,70.0,0,69.0,46.29
S8x4x4-LD21-H0.3-F0.6-A4-s42,high,nofeedback,42,61,35.111,70.0,0,69.0,46.29
S8x4x4-LD21-H0.3-F0.6-A4-s42,high,nofeedback,42,62,35.668,70.0,0,69.0,46.29
S8x4x4-LD21-H0.3-F0.6-A4-s42,high,nofeedback,42,63,36.227,70.0,0,69.0,46.29
S8x4x4-LD21-H0.3-F0.6-A4-s42,high,nofeedback,42,64,36.785,70.0,0,69.0,46.29
S8x4x4-LD21-H0.3-F0.6-A4-s42,high,nofeedback,42,65,37.343,70.0,0,69.0,46.29
S8x4x4-LD21-H0.3-F0.6-A4-s42,high,nofeedback,42,66,37.902,70.0,0,69.0,46.29
S8x4x4-LD21-H0.3-F0.6-A4-s42,high,nofeedback,42,67,38.458,70.0,0,69.0,46.29
S8x4x4-LD21-H0.3-F0.6-A4-s42,high,nofeedback,42,68,39.019,70.0,0,69.0,46.29
S8x4x4-LD21-H0.3-F0.6-A4-s42,high,nofeedback,42,69,39.587,70.0,0,69.0,46.29
S8x4x4-LD21-H0.3-F0.6-A4-s42,high,nofeedback,42,70,40.177,70.0,0,69.0,46.29
S8x4x4-LD21-H0.3-F0.6-A4-s42,high,nofeedback,42,71,40.73,70.0,0,69.0,46.29
S8x4x4-LD21-H0.3-F0.6-A4-s42,high,nofeedback,42,72,41.306,69.0,0,69.0,46.29
S8x4x4-LD21-H0.3-F0.6-A4-s42,high,nofeedback,42,73,41.865,69.0,0,69.0,46.29
S8x4x4-LD21-H0.3-F0.6-A4-s42,high,nofeedback,42,74,42.418,69.0,0,69.0,46.29
S8x4x4-LD21-H0.3-F0.6-A4-s42,high,nofeedback,42,75,42.972,69.0,0,69.0,46.29
S8x4x4-LD21-H0.3-F0.6-A4-s42,high,nofeedback,42,76,43.525,69.0,0,69.0,46.29
S8x4x4-LD21-H0.3-F0.6-A4-s42,high,nofeedback,42,77,44.076,69.0,0,69.0,46.29
S8x4x4-LD21-H0.3-F0.6-A4-s42,high,nofeedback,42,78,44.631,69.0,0,69.0,46.29
S8x4x4-LD21-H0.3-F0.6-A4-s42,high,nofeedback,42,79,45.184,69.0,0,69.0,46.29
S8x4x4-LD21-H0.3-F0.6-A4-s42,high,nofeedback,42,80,45.733,69.0,0,69.0,46.29
S8x4x4-LD21-H0.3-F0.6-A4-s42,high,nofeedback,42,81,46.287,69.0,0,69.0,46.29
S8x4x4-LD21-H0.3-F0.6-A4-s42,high,nofeedback,42,82,46.84,69.0,0,69.0,46.29
S8x4x4-LD21-H0.3-F0.6-A4-s42,high,nofeedback,7,1,0.71,100.0,0,69.0,46.29
S8x4x4-LD21-H0.3-F0.6-A4-s42,high,nofeedback,7,2,1.399,100.0,0,69.0,46.29
S8x4x4-LD21-H0.3-F0.6-A4-s42,high,nofeedback,7,3,2.083,100.0,0,69.0,46.29
S8x4x4-LD21-H0.3-F0.6-A4-s42,high,nofeedback,7,4,2.751,100.0,0,69.0,46.29
S8x4x4-LD21-H0.3-F0.6-A4-s42,high,nofeedback,7,5,3.424,92.0,0,69.0,46.29
S8x4x4-LD21-H0.3-F0.6-A4-s42,high,nofeedback,7,6,4.079,92.0,0,69.0,46.29
S8x4x4-LD21-H0.3-F0.6-A4-s42,high,nofeedback,7,7,4.731,91.0,0,69.0,46.29
S8x4x4-LD21-H0.3-F0.6-A4-s42,high,nofeedback,7,8,5.388,91.0,0,69.0,46.29
S8x4x4-LD21-H0.3-F0.6-A4-s42,high,nofeedback,7,9,6.02,87.0,0,69.0,46.29
S8x4x4-LD21-H0.3-F0.6-A4-s42,high,nofeedback,7,10,6.638,83.0,0,69.0,46.29
S8x4x4-LD21-H0.3-F0.6-A4-s42,high,nofeedback,7,11,7.271,76.0,0,69.0,46.29
S8x4x4-LD21-H0.3-F0.6-A4-s42,high,nofeedback,7,12,7.891,76.0,0,69.0,46.29
S8x4x4-LD21-H0.3-F0.6-A4-s42,high,nofeedback,7,13,8.496,76.0,0,69.0,46.29
S8x4x4-LD21-H0.3-F0.6-A4-s42,high,nofeedback,7,14,9.103,76.0,0,69.0,46.29
S8x4x4-LD21-H0.3-F0.6-A4-s42,high,nofeedback,7,15,9.699,76.0,0,69.0,46.29
S8x4x4-LD21-H0.3-F0.6-A4-s42,high,nofeedback,7,16,10.28,76.0,0,69.0,46.29
S8x4x4-LD21-H0.3-F0.6-A4-s42,high,nofeedback,7,17,10.851,76.0,0,69.0,46.29
S8x4x4-LD21-H0.3-F0.6-A4-s42,high,nofeedback,7,18,11.413,76.0,0,69.0,46.29
S8x4x4-LD21-H0.3-F0.6-A4-s42,high,nofeedback,7,19,11.976,75.0,0,69.0,46.29
S8x4x4-LD21-H0.3-F0.6-A4-s42,high,nofeedback,7,20,12.539,75.0,0,69.0,46.29
S8x4x4-LD21-H0.3-F0.6-A4-s42,high,nofeedback,7,21,13.086,74.0,0,69.0,46.29
S8x4x4-LD21-H0.3-F0.6-A4-s42,high,nofeedback,7,22,13.643,74.0,0,69.0,46.29
S8x4x4-LD21-H0.3-F0.6-A4-s42,high,nofeedback,7,23,14.191,73.0,0,69.0,46.29
S8x4x4-LD21-H0.3-F0.6-A4-s42,high,nofeedback,7,24,14.752,73.0,0,69.0,46.29
S8x4x4-LD21-H0.3-F0.6-A4-s42,high,nofeedback,7,25,15.294,73.0,0,69.0,46.29
S8x4x4-LD21-H0.3-F0.6-A4-s42,high,nofeedback,7,26,15.83,72.0,0,69.0,46.29
S8x4x4-LD21-H0.3-F0.6-A4-s42,high,nofeedback,7,27,16.37,69.0,0,69.0,46.29
S8x4x4-LD21-H0.3-F0.6-A4-s42,high,nofeedback,7,28,16.907,69.0,0,69.0,46.29
S8x4x4-LD21-H0.3-F0.6-A4-s42,high,nofeedback,7,29,17.476,69.0,0,69.0,46.29
S8x4x4-LD21-H0.3-F0.6-A4-s42,high,nofeedback,7,30,18.024,69.0,0,69.0,46.29
S8x4x4-LD21-H0.3-F0.6-A4-s42,high,nofeedback,7,31,18.573,69.0,0,69.0,46.29
S8x4x4-LD21-H0.3-F0.6-A4-s42,high,nofeedback,7,32,19.115,69.0,0,69.0,46.29
S8x4x4-LD21-H0.3-F0.6-A4-s42,high,nofeedback,7,33,19.663,69.0,0,69.0,46.29
S8x4x4-LD21-H0.3-F0.6-A4-s42,high,nofeedback,7,34,20.206,69.0,0,69.0,46.29
S8x4x4-LD21-H0.3-F0.6-A4-s42,high,nofeedback,7,35,20.752,69.0,0,69.0,46.29
S8x4x4-LD21-H0.3-F0.6-A4-s42,high,nofeedback,7,36,21.31,69.0,0,69.0,46.29
S8x4x4-LD21-H0.3-F0.6-A4-s42,high,nofeedback,7,37,21.847,69.0,0,69.0,46.29
S8x4x4-LD21-H0.3-F0.6-A4-s42,high,nofeedback,7,38,22.39,69.0,0,69.0,46.29
S8x4x4-LD21-H0.3-F0.6-A4-s42,high,nofeedback,7,39,22.937,69.0,0,69.0,46.29
S8x4x4-LD21-H0.3-F0.6-A4-s42,high,nofeedback,7,40,23.489,69.0,0,69.0,46.29
S8x4x4-LD21-H0.3-F0.6-A4-s42,high,nofeedback,7,41,24.066,69.0,0,69.0,46.29
S8x4x4-LD21-H0.3-F0.6-A4-s42,high,nofeedback,7,42,24.638,69.0,0,69.0,46.29
S8x4x4-LD21-H0.3-F0.6-A4-s42,high,nofeedback,7,43,25.182,69.0,0,69.0,46.29
S8x4x4-LD21-H0.3-F0.6-A4-s42,high,nofeedback,7,44,25.736,69.0,0,69.0,46.29
S8x4x4-LD21-H0.3-F0.6-A4-s42,high,nofeedback,7,45,26.276,69.0,0,69.0,46.29
S8x4x4-LD21-H0.3-F0.6-A4-s42,high,nofeedback,7,46,26.81,69.0,0,69.0,46.29
S8x4x4-LD21-H0.3-F0.6-A4-s42,high,nofeedback,7,47,27.359,69.0,0,69.0,46.29
S8x4x4-LD21-H0.3-F0.6-A4-s42,high,nofeedback,7,48,27.896,69.0,0,69.0,46.29
S8x4x4-LD21-H0.3-F0.6-A4-s42,high,nofeedback,7,49,28.431,69.0,0,69.0,46.29
S8x4x4-LD21-H0.3-F0.6-A4-s42,high,nofeedback,7,50,28.988,69.0,0,69.0,46.29
S8x4x4-LD21-H0.3-F0.6-A4-s42,high,nofeedback,7,51,29.528,69.0,0,69.0,46.29
S8x4x4-LD21-H0.3-F0.6-A4-s42,high,nofeedback,7,52,30.073,69.0,0,69.0,46.29
S8x4x4-LD21-H0.3-F0.6-A4-s42,high,nofeedback,7,53,30.61,69.0,0,69.0,46.29
S8x4x4-LD21-H0.3-F0.6-A4-s42,high,nofeedback,7,54,31.147,69.0,0,69.0,46.29
S8x4x4-LD21-H0.3-F0.6-A4-s42,high,nofeedback,7,55,31.691,69.0,0,69.0,46.29
S8x4x4-LD21-H0.3-F0.6-A4-s42,high,nofeedback,7,56,32.237,69.0,0,69.0,46.29
S8x4x4-LD21-H0.3-F0.6-A4-s42,high,nofeedback,7,57,32.775,69.0,0,69.0,46.29
S8x4x4-LD21-H0.3-F0.6-A4-s42,high,nofeedback,7,58,33.315,69.0,0,69.0,46.29
S8x4x4-LD21-H0.3-F0.6-A4-s42,high,nofeedback,7,59,33.852,69.0,0,69.0,46.29
S8x4x4-LD21-H0.3-F0.6-A4-s42,high,nofeedback,7,60,34.393,69.0,0,69.0,46.29
S8x4x4-LD21-H0.3-F0.6-A4-s42,high,nofeedback,7,61,34.978,69.0,0,69.0,46.29
S8x4x4-LD21-H0.3-F0.6-A4-s42,high,nofeedback,7,62,35.61,69.0,0,69.0,46.29
S8x4x4-LD21-H0.3-F0.6-A4-s42,high,nofeedback,7,63,36.171,69.0,0,69.0,46.29
S8x4x4-LD21-H0.3-F0.6-A4-s42,high,nofeedback,7,64,36.725,69.0,0,69.0,46.29
S8x4x4-LD21-H0.3-F0.6-A4-s42,high,nofeedback,7,65,37.282,69.0,0,69.0,46.29
S8x4x4-LD21-H0.3-F0.6-A4-s42,high,nofeedback,7,66,37.835,69.0,0,69.0,46.29
S8x4x4-LD21-H0.3-F0.6-A4-s42,high,nofeedback,7,67,38.38,69.0,0,69.0,46.29
S8x4x4-LD21-H0.3-F0.6-A4-s42,high,nofeedback,7,68,38.948,69.0,0,69.0,46.29
S8x4x4-LD21-H0.3-F0.6-A4-s42,high,nofeedback,7,69,39.503,69.0,0,69.0,46.29
S8x4x4-LD21-H0.3-F0.6-A4-s42,high,nofeedback,7,70,40.063,69.0,0,69.0,46.29
S8x4x4-LD21-H0.3-F0.6-A4-s42,high,nofeedback,7,71,40.612,69.0,0,69.0,46.29
S8x4x4-LD21-H0.3-F0.6-A4-s42,high,nofeedback,7,72,41.159,69.0,0,69.0,46.29
S8x4x4-LD21-H0.3-F0.6-A4-s42,high,nofeedback,7,73,41.705,69.0,0,69.0,46.29
S8x4x4-LD21-H0.3-F0.6-A4-s42,high,nofeedback,7,74,42.252,69.0,0,69.0,46.29
S8x4x4-LD21-H0.3-F0.6-A4-s42,high,nofeedback,7,75,42.802,69.0,0,69.0,46.29
S8x4x4-LD21-H0.3-F0.6-A4-s42,high,nofeedback,7,76,43.35,69.0,0,69.0,46.29
S8x4x4-LD21-H0.3-F0.6-A4-s42,high,nofeedback,7,77,43.894,69.0,0,69.0,46.29
S8x4x4-LD21-H0.3-F0.6-A4-s42,high,nofeedback,7,78,44.441,69.0,0,69.0,46.29
S8x4x4-LD21-H0.3-F0.6-A4-s42,high,nofeedback,7,79,44.991,69.0,0,69.0,46.29
S8x4x4-LD21-H0.3-F0.6-A4-s42,high,nofeedback,7,80,45.553,69.0,0,69.0,46.29
S8x4x4-LD21-H0.3-F0.6-A4-s42,high,nofeedback,7,81,46.1,69.0,0,69.0,46.29
S8x4x4-LD21-H0.3-F0.6-A4-s42,high,nofeedback,7,82,46.646,69.0,0,69.0,46.29
S8x4x4-LD21-H0.3-F0.6-A4-s42,high,nofeedback,2024,1,0.722,107.0,0,67.0,46.29
S8x4x4-LD21-H0.3-F0.6-A4-s42,high,nofeedback,2024,2,1.431,107.0,0,67.0,46.29
S8x4x4-LD21-H0.3-F0.6-A4-s42,high,nofeedback,2024,3,2.13,96.0,0,67.0,46.29
S8x4x4-LD21-H0.3-F0.6-A4-s42,high,nofeedback,2024,4,2.808,96.0,0,67.0,46.29
S8x4x4-LD21-H0.3-F0.6-A4-s42,high,nofeedback,2024,5,3.474,96.0,0,67.0,46.29
S8x4x4-LD21-H0.3-F0.6-A4-s42,high,nofeedback,2024,6,4.121,96.0,0,67.0,46.29
S8x4x4-LD21-H0.3-F0.6-A4-s42,high,nofeedback,2024,7,4.764,93.0,0,67.0,46.29
S8x4x4-LD21-H0.3-F0.6-A4-s42,high,nofeedback,2024,8,5.394,93.0,0,67.0,46.29
S8x4x4-LD21-H0.3-F0.6-A4-s42,high,nofeedback,2024,9,6.005,90.0,0,67.0,46.29
S8x4x4-LD21-H0.3-F0.6-A4-s42,high,nofeedback,2024,10,6.583,84.0,0,67.0,46.29
S8x4x4-LD21-H0.3-F0.6-A4-s42,high,nofeedback,2024,11,7.156,83.0,0,67.0,46.29
S8x4x4-LD21-H0.3-F0.6-A4-s42,high,nofeedback,2024,12,7.714,81.0,0,67.0,46.29
S8x4x4-LD21-H0.3-F0.6-A4-s42,high,nofeedback,2024,13,8.268,77.0,0,67.0,46.29
S8x4x4-LD21-H0.3-F0.6-A4-s42,high,nofeedback,2024,14,8.852,77.0,0,67.0,46.29
S8x4x4-LD21-H0.3-F0.6-A4-s42,high,nofeedback,2024,15,9.36,77.0,0,67.0,46.29
S8x4x4-LD21-H0.3-F0.6-A4-s42,high,nofeedback,2024,16,9.866,75.0,0,67.0,46.29
S8x4x4-LD21-H0.3-F0.6-A4-s42,high,nofeedback,2024,17,10.367,75.0,0,67.0,46.29
S8x4x4-LD21-H0.3-F0.6-A4-s42,high,nofeedback,2024,18,10.86,75.0,0,67.0,46.29
S8x4x4-LD21-H0.3-F0.6-A4-s42,high,nofeedback,2024,19,11.362,75.0,0,67.0,46.29
S8x4x4-LD21-H0.3-F0.6-A4-s42,high,nofeedback,2024,20,11.85,75.0,0,67.0,46.29
S8x4x4-LD21-H0.3-F0.6-A4-s42,high,nofeedback,2024,21,12.337,74.0,0,67.0,46.29
S8x4x4-LD21-H0.3-F0.6-A4-s42,high,nofeedback,2024,22,12.827,74.0,0,67.0,46.29
S8x4x4-LD21-H0.3-F0.6-A4-s42,high,nofeedback,2024,23,13.312,74.0,0,67.0,46.29
S8x4x4-LD21-H0.3-F0.6-A4-s42,high,nofeedback,2024,24,13.795,74.0,0,67.0,46.29
S8x4x4-LD21-H0.3-F0.6-A4-s42,high,nofeedback,2024,25,14.285,74.0,0,67.0,46.29
S8x4x4-LD21-H0.3-F0.6-A4-s42,high,nofeedback,2024,26,14.777,74.0,0,67.0,46.29
S8x4x4-LD21-H0.3-F0.6-A4-s42,high,nofeedback,2024,27,15.259,74.0,0,67.0,46.29
S8x4x4-LD21-H0.3-F0.6-A4-s42,high,nofeedback,2024,28,15.753,74.0,0,67.0,46.29
S8x4x4-LD21-H0.3-F0.6-A4-s42,high,nofeedback,2024,29,16.238,74.0,0,67.0,46.29
S8x4x4-LD21-H0.3-F0.6-A4-s42,high,nofeedback,2024,30,16.726,74.0,0,67.0,46.29
S8x4x4-LD21-H0.3-F0.6-A4-s42,high,nofeedback,2024,31,17.218,74.0,0,67.0,46.29
S8x4x4-LD21-H0.3-F0.6-A4-s42,high,nofeedback,2024,32,17.708,74.0,0,67.0,46.29
S8x4x4-LD21-H0.3-F0.6-A4-s42,high,nofeedback,2024,33,18.205,74.0,0,67.0,46.29
S8x4x4-LD21-H0.3-F0.6-A4-s42,high,nofeedback,2024,34,18.704,74.0,0,67.0,46.29
S8x4x4-LD21-H0.3-F0.6-A4-s42,high,nofeedback,2024,35,19.205,74.0,0,67.0,46.29
S8x4x4-LD21-H0.3-F0.6-A4-s42,high,nofeedback,2024,36,19.703,74.0,0,67.0,46.29
S8x4x4-LD21-H0.3-F0.6-A4-s42,high,nofeedback,2024,37,20.207,74.0,0,67.0,46.29
S8x4x4-LD21-H0.3-F0.6-A4-s42,high,nofeedback,2024,38,20.714,74.0,0,67.0,46.29
S8x4x4-LD21-H0.3-F0.6-A4-s42,high,nofeedback,2024,39,21.212,74.0,0,67.0,46.29
S8x4x4-LD21-H0.3-F0.6-A4-s42,high,nofeedback,2024,40,21.716,74.0,0,67.0,46.29
S8x4x4-LD21-H0.3-F0.6-A4-s42,high,nofeedback,2024,41,22.215,74.0,0,67.0,46.29
S8x4x4-LD21-H0.3-F0.6-A4-s42,high,nofeedback,2024,42,22.718,74.0,0,67.0,46.29
S8x4x4-LD21-H0.3-F0.6-A4-s42,high,nofeedback,2024,43,23.243,74.0,0,67.0,46.29
S8x4x4-LD21-H0.3-F0.6-A4-s42,high,nofeedback,2024,44,23.742,74.0,0,67.0,46.29
S8x4x4-LD21-H0.3-F0.6-A4-s42,high,nofeedback,2024,45,24.243,74.0,0,67.0,46.29
S8x4x4-LD21-H0.3-F0.6-A4-s42,high,nofeedback,2024,46,24.745,74.0,0,67.0,46.29
S8x4x4-LD21-H0.3-F0.6-A4-s42,high,nofeedback,2024,47,25.231,74.0,0,67.0,46.29
S8x4x4-LD21-H0.3-F0.6-A4-s42,high,nofeedback,2024,48,25.723,73.0,0,67.0,46.29
S8x4x4-LD21-H0.3-F0.6-A4-s42,high,nofeedback,2024,49,26.22,73.0,0,67.0,46.29
S8x4x4-LD21-H0.3-F0.6-A4-s42,high,nofeedback,2024,50,26.71,72.0,0,67.0,46.29
S8x4x4-LD21-H0.3-F0.6-A4-s42,high,nofeedback,2024,51,27.208,72.0,0,67.0,46.29
S8x4x4-LD21-H0.3-F0.6-A4-s42,high,nofeedback,2024,52,27.704,72.0,0,67.0,46.29
S8x4x4-LD21-H0.3-F0.6-A4-s42,high,nofeedback,2024,53,28.19,72.0,0,67.0,46.29
S8x4x4-LD21-H0.3-F0.6-A4-s42,high,nofeedback,2024,54,28.694,71.0,0,67.0,46.29
S8x4x4-LD21-H0.3-F0.6-A4-s42,high,nofeedback,2024,55,29.192,71.0,0,67.0,46.29
S8x4x4-LD21-H0.3-F0.6-A4-s42,high,nofeedback,2024,56,29.684,71.0,0,67.0,46.29
S8x4x4-LD21-H0.3-F0.6-A4-s42,high,nofeedback,2024,57,30.175,71.0,0,67.0,46.29
S8x4x4-LD21-H0.3-F0.6-A4-s42,high,nofeedback,2024,58,30.664,71.0,0,67.0,46.29
S8x4x4-LD21-H0.3-F0.6-A4-s42,high,nofeedback,2024,59,31.177,71.0,0,67.0,46.29
S8x4x4-LD21-H0.3-F0.6-A4-s42,high,nofeedback,2024,60,31.664,71.0,0,67.0,46.29
S8x4x4-LD21-H0.3-F0.6-A4-s42,high,nofeedback,2024,61,32.153,71.0,0,67.0,46.29
S8x4x4-LD21-H0.3-F0.6-A4-s42,high,nofeedback,2024,62,32.634,71.0,0,67.0,46.29
S8x4x4-LD21-H0.3-F0.6-A4-s42,high,nofeedback,2024,63,33.126,71.0,0,67.0,46.29
S8x4x4-LD21-H0.3-F0.6-A4-s42,high,nofeedback,2024,64,33.611,71.0,0,67.0,46.29
S8x4x4-LD21-H0.3-F0.6-A4-s42,high,nofeedback,2024,65,34.108,71.0,0,67.0,46.29
S8x4x4-LD21-H0.3-F0.6-A4-s42,high,nofeedback,2024,66,34.595,71.0,0,67.0,46.29
S8x4x4-LD21-H0.3-F0.6-A4-s42,high,nofeedback,2024,67,35.089,71.0,0,67.0,46.29
S8x4x4-LD21-H0.3-F0.6-A4-s42,high,nofeedback,2024,68,35.575,71.0,0,67.0,46.29
S8x4x4-LD21-H0.3-F0.6-A4-s42,high,nofeedback,2024,69,36.07,71.0,0,67.0,46.29
S8x4x4-LD21-H0.3-F0.6-A4-s42,high,nofeedback,2024,70,36.556,71.0,0,67.0,46.29
S8x4x4-LD21-H0.3-F0.6-A4-s42,high,nofeedback,2024,71,37.043,71.0,0,67.0,46.29
S8x4x4-LD21-H0.3-F0.6-A4-s42,high,nofeedback,2024,72,37.533,71.0,0,67.0,46.29
S8x4x4-LD21-H0.3-F0.6-A4-s42,high,nofeedback,2024,73,38.019,71.0,0,67.0,46.29
S8x4x4-LD21-H0.3-F0.6-A4-s42,high,nofeedback,2024,74,38.511,71.0,0,67.0,46.29
S8x4x4-LD21-H0.3-F0.6-A4-s42,high,nofeedback,2024,75,39.004,71.0,0,67.0,46.29
S8x4x4-LD21-H0.3-F0.6-A4-s42,high,nofeedback,2024,76,39.49,71.0,0,67.0,46.29
S8x4x4-LD21-H0.3-F0.6-A4-s42,high,nofeedback,2024,77,40.041,71.0,0,67.0,46.29
S8x4x4-LD21-H0.3-F0.6-A4-s42,high,nofeedback,2024,78,40.53,68.0,0,67.0,46.29
S8x4x4-LD21-H0.3-F0.6-A4-s42,high,nofeedback,2024,79,41.02,68.0,0,67.0,46.29
S8x4x4-LD21-H0.3-F0.6-A4-s42,high,nofeedback,2024,80,41.502,68.0,0,67.0,46.29
S8x4x4-LD21-H0.3-F0.6-A4-s42,high,nofeedback,2024,81,41.994,68.0,0,67.0,46.29
S8x4x4-LD21-H0.3-F0.6-A4-s42,high,nofeedback,2024,82,42.488,68.0,0,67.0,46.29
S8x4x4-LD21-H0.3-F0.6-A4-s42,high,nofeedback,2024,83,42.989,68.0,0,67.0,46.29
S8x4x4-LD21-H0.3-F0.6-A4-s42,high,nofeedback,2024,84,43.492,68.0,0,67.0,46.29
S8x4x4-LD21-H0.3-F0.6-A4-s42,high,nofeedback,2024,85,43.991,68.0,0,67.0,46.29
S8x4x4-LD21-H0.3-F0.6-A4-s42,high,nofeedback,2024,86,44.495,68.0,0,67.0,46.29
S8x4x4-LD21-H0.3-F0.6-A4-s42,high,nofeedback,2024,87,45.003,67.0,0,67.0,46.29
S8x4x4-LD21-H0.3-F0.6-A4-s42,high,nofeedback,2024,88,45.509,67.0,0,67.0,46.29
S8x4x4-LD21-H0.3-F0.6-A4-s42,high,nofeedback,2024,89,46.015,67.0,0,67.0,46.29
S8x4x4-LD21-H0.3-F0.6-A4-s42,high,nofeedback,2024,90,46.529,67.0,0,67.0,46.29
S8x4x4-LD21-H0.3-F0.6-A4-s42,high,nofeedback,13,1,0.7,106.0,0,69.0,46.29
S8x4x4-LD21-H0.3-F0.6-A4-s42,high,nofeedback,13,2,1.38,97.0,0,69.0,46.29
S8x4x4-LD21-H0.3-F0.6-A4-s42,high,nofeedback,13,3,2.125,96.0,0,69.0,46.29
S8x4x4-LD21-H0.3-F0.6-A4-s42,high,nofeedback,13,4,2.87,96.0,0,69.0,46.29
S8x4x4-LD21-H0.3-F0.6-A4-s42,high,nofeedback,13,5,3.516,93.0,0,69.0,46.29
S8x4x4-LD21-H0.3-F0.6-A4-s42,high,nofeedback,13,6,4.156,87.0,0,69.0,46.29
S8x4x4-LD21-H0.3-F0.6-A4-s42,high,nofeedback,13,7,4.786,87.0,0,69.0,46.29
S8x4x4-LD21-H0.3-F0.6-A4-s42,high,nofeedback,13,8,5.409,86.0,0,69.0,46.29
S8x4x4-LD21-H0.3-F0.6-A4-s42,high,nofeedback,13,9,6.017,86.0,0,69.0,46.29
S8x4x4-LD21-H0.3-F0.6-A4-s42,high,nofeedback,13,10,6.628,84.0,0,69.0,46.29
S8x4x4-LD21-H0.3-F0.6-A4-s42,high,nofeedback,13,11,7.223,78.0,0,69.0,46.29
S8x4x4-LD21-H0.3-F0.6-A4-s42,high,nofeedback,13,12,7.814,78.0,0,69.0,46.29
S8x4x4-LD21-H0.3-F0.6-A4-s42,high,nofeedback,13,13,8.406,78.0,0,69.0,46.29
S8x4x4-LD21-H0.3-F0.6-A4-s42,high,nofeedback,13,14,8.984,78.0,0,69.0,46.29
S8x4x4-LD21-H0.3-F0.6-A4-s42,high,nofeedback,13,15,9.561,77.0,0,69.0,46.29
S8x4x4-LD21-H0.3-F0.6-A4-s42,high,nofeedback,13,16,10.132,75.0,0,69.0,46.29
S8x4x4-LD21-H0.3-F0.6-A4-s42,high,nofeedback,13,17,10.712,75.0,0,69.0,46.29
S8x4x4-LD21-H0.3-F0.6-A4-s42,high,nofeedback,13,18,11.29,74.0,0,69.0,46.29
S8x4x4-LD21-H0.3-F0.6-A4-s42,high,nofeedback,13,19,11.854,74.0,0,69.0,46.29
S8x4x4-LD21-H0.3-F0.6-A4-s42,high,nofeedback,13,20,12.421,74.0,0,69.0,46.29
S8x4x4-LD21-H0.3-F0.6-A4-s42,high,nofeedback,13,21,12.998,74.0,0,69.0,46.29
S8x4x4-LD21-H0.3-F0.6-A4-s42,high,nofeedback,13,22,13.567,74.0,0,69.0,46.29
S8x4x4-LD21-H0.3-F0.6-A4-s42,high,nofeedback,13,23,14.139,74.0,0,69.0,46.29
S8x4x4-LD21-H0.3-F0.6-A4-s42,high,nofeedback,13,24,14.71,74.0,0,69.0,46.29
S8x4x4-LD21-H0.3-F0.6-A4-s42,high,nofeedback,13,25,15.268,74.0,0,69.0,46.29
S8x4x4-LD21-H0.3-F0.6-A4-s42,high,nofeedback,13,26,15.831,73.0,0,69.0,46.29
S8x4x4-LD21-H0.3-F0.6-A4-s42,high,nofeedback,13,27,16.386,73.0,0,69.0,46.29
S8x4x4-LD21-H0.3-F0.6-A4-s42,high,nofeedback,13,28,16.943,73.0,0,69.0,46.29
S8x4x4-LD21-H0.3-F0.6-A4-s42,high,nofeedback,13,29,17.503,73.0,0,69.0,46.29
S8x4x4-LD21-H0.3-F0.6-A4-s42,high,nofeedback,13,30,18.064,73.0,0,69.0,46.29
S8x4x4-LD21-H0.3-F0.6-A4-s42,high,nofeedback,13,31,18.618,73.0,0,69.0,46.29
S8x4x4-LD21-H0.3-F0.6-A4-s42,high,nofeedback,13,32,19.176,73.0,0,69.0,46.29
S8x4x4-LD21-H0.3-F0.6-A4-s42,high,nofeedback,13,33,19.744,73.0,0,69.0,46.29
S8x4x4-LD21-H0.3-F0.6-A4-s42,high,nofeedback,13,34,20.31,73.0,0,69.0,46.29
S8x4x4-LD21-H0.3-F0.6-A4-s42,high,nofeedback,13,35,20.882,73.0,0,69.0,46.29
S8x4x4-LD21-H0.3-F0.6-A4-s42,high,nofeedback,13,36,21.452,73.0,0,69.0,46.29
S8x4x4-LD21-H0.3-F0.6-A4-s42,high,nofeedback,13,37,22.013,73.0,0,69.0,46.29
S8x4x4-LD21-H0.3-F0.6-A4-s42,high,nofeedback,13,38,22.578,73.0,0,69.0,46.29
S8x4x4-LD21-H0.3-F0.6-A4-s42,high,nofeedback,13,39,23.154,73.0,0,69.0,46.29
S8x4x4-LD21-H0.3-F0.6-A4-s42,high,nofeedback,13,40,23.726,73.0,0,69.0,46.29
S8x4x4-LD21-H0.3-F0.6-A4-s42,high,nofeedback,13,41,24.297,73.0,0,69.0,46.29
S8x4x4-LD21-H0.3-F0.6-A4-s42,high,nofeedback,13,42,24.915,73.0,0,69.0,46.29
S8x4x4-LD21-H0.3-F0.6-A4-s42,high,nofeedback,13,43,25.483,73.0,0,69.0,46.29
S8x4x4-LD21-H0.3-F0.6-A4-s42,high,nofeedback,13,44,26.051,73.0,0,69.0,46.29
S8x4x4-LD21-H0.3-F0.6-A4-s42,high,nofeedback,13,45,26.618,73.0,0,69.0,46.29
S8x4x4-LD21-H0.3-F0.6-A4-s42,high,nofeedback,13,46,27.177,73.0,0,69.0,46.29
S8x4x4-LD21-H0.3-F0.6-A4-s42,high,nofeedback,13,47,27.741,73.0,0,69.0,46.29
S8x4x4-LD21-H0.3-F0.6-A4-s42,high,nofeedback,13,48,28.345,72.0,0,69.0,46.29
S8x4x4-LD21-H0.3-F0.6-A4-s42,high,nofeedback,13,49,28.912,72.0,0,69.0,46.29
S8x4x4-LD21-H0.3-F0.6-A4-s42,high,nofeedback,13,50,29.483,72.0,0,69.0,46.29
S8x4x4-LD21-H0.3-F0.6-A4-s42,high,nofeedback,13,51,30.043,72.0,0,69.0,46.29
S8x4x4-LD21-H0.3-F0.6-A4-s42,high,nofeedback,13,52,30.598,72.0,0,69.0,46.29
S8x4x4-LD21-H0.3-F0.6-A4-s42,high,nofeedback,13,53,31.142,72.0,0,69.0,46.29
S8x4x4-LD21-H0.3-F0.6-A4-s42,high,nofeedback,13,54,31.695,72.0,0,69.0,46.29
S8x4x4-LD21-H0.3-F0.6-A4-s42,high,nofeedback,13,55,32.249,72.0,0,69.0,46.29
S8x4x4-LD21-H0.3-F0.6-A4-s42,high,nofeedback,13,56,32.803,72.0,0,69.0,46.29
S8x4x4-LD21-H0.3-F0.6-A4-s42,high,nofeedback,13,57,33.344,70.0,0,69.0,46.29
S8x4x4-LD21-H0.3-F0.6-A4-s42,high,nofeedback,13,58,33.9,70.0,0,69.0,46.29
S8x4x4-LD21-H0.3-F0.6-A4-s42,high,nofeedback,13,59,34.453,70.0,0,69.0,46.29
S8x4x4-LD21-H0.3-F0.6-A4-s42,high,nofeedback,13,60,35.003,70.0,0,69.0,46.29
S8x4x4-LD21-H0.3-F0.6-A4-s42,high,nofeedback,13,61,35.557,70.0,0,69.0,46.29
S8x4x4-LD21-H0.3-F0.6-A4-s42,high,nofeedback,13,62,36.113,70.0,0,69.0,46.29
S8x4x4-LD21-H0.3-F0.6-A4-s42,high,nofeedback,13,63,36.665,70.0,0,69.0,46.29
S8x4x4-LD21-H0.3-F0.6-A4-s42,high,nofeedback,13,64,37.213,70.0,0,69.0,46.29
S8x4x4-LD21-H0.3-F0.6-A4-s42,high,nofeedback,13,65,37.764,70.0,0,69.0,46.29
S8x4x4-LD21-H0.3-F0.6-A4-s42,high,nofeedback,13,66,38.318,69.0,0,69.0,46.29
S8x4x4-LD21-H0.3-F0.6-A4-s42,high,nofeedback,13,67,38.869,69.0,0,69.0,46.29
S8x4x4-LD21-H0.3-F0.6-A4-s42,high,nofeedback,13,68,39.425,69.0,0,69.0,46.29
S8x4x4-LD21-H0.3-F0.6-A4-s42,high,nofeedback,13,69,39.973,69.0,0,69.0,46.29
S8x4x4-LD21-H0.3-F0.6-A4-s42,high,nofeedback,13,70,40.529,69.0,0,69.0,46.29
S8x4x4-LD21-H0.3-F0.6-A4-s42,high,nofeedback,13,71,41.073,69.0,0,69.0,46.29
S8x4x4-LD21-H0.3-F0.6-A4-s42,high,nofeedback,13,72,41.625,69.0,0,69.0,46.29
S8x4x4-LD21-H0.3-F0.6-A4-s42,high,nofeedback,13,73,42.176,69.0,0,69.0,46.29
S8x4x4-LD21-H0.3-F0.6-A4-s42,high,nofeedback,13,74,42.723,69.0,0,69.0,46.29
S8x4x4-LD21-H0.3-F0.6-A4-s42,high,nofeedback,13,75,43.273,69.0,0,69.0,46.29
S8x4x4-LD21-H0.3-F0.6-A4-s42,high,nofeedback,13,76,43.816,69.0,0,69.0,46.29
S8x4x4-LD21-H0.3-F0.6-A4-s42,high,nofeedback,13,77,44.364,69.0,0,69.0,46.29
S8x4x4-LD21-H0.3-F0.6-A4-s42,high,nofeedback,13,78,44.913,69.0,0,69.0,46.29
S8x4x4-LD21-H0.3-F0.6-A4-s42,high,nofeedback,13,79,45.493,69.0,0,69.0,46.29
S8x4x4-LD21-H0.3-F0.6-A4-s42,high,nofeedback,13,80,46.039,69.0,0,69.0,46.29
S8x4x4-LD21-H0.3-F0.6-A4-s42,high,nofeedback,13,81,46.586,69.0,0,69.0,46.29
S8x4x4-LD21-H0.3-F0.6-A4-s42,high,nofeedback,99,1,0.734,112.0,0,73.0,46.29
S8x4x4-LD21-H0.3-F0.6-A4-s42,high,nofeedback,99,2,1.443,110.0,0,73.0,46.29
S8x4x4-LD21-H0.3-F0.6-A4-s42,high,nofeedback,99,3,2.144,103.0,0,73.0,46.29
S8x4x4-LD21-H0.3-F0.6-A4-s42,high,nofeedback,99,4,2.829,97.0,0,73.0,46.29
S8x4x4-LD21-H0.3-F0.6-A4-s42,high,nofeedback,99,5,3.525,97.0,0,73.0,46.29
S8x4x4-LD21-H0.3-F0.6-A4-s42,high,nofeedback,99,6,4.201,97.0,0,73.0,46.29
S8x4x4-LD21-H0.3-F0.6-A4-s42,high,nofeedback,99,7,4.874,90.0,0,73.0,46.29
S8x4x4-LD21-H0.3-F0.6-A4-s42,high,nofeedback,99,8,5.538,87.0,0,73.0,46.29
S8x4x4-LD21-H0.3-F0.6-A4-s42,high,nofeedback,99,9,6.192,87.0,0,73.0,46.29
S8x4x4-LD21-H0.3-F0.6-A4-s42,high,nofeedback,99,10,6.85,87.0,0,73.0,46.29
S8x4x4-LD21-H0.3-F0.6-A4-s42,high,nofeedback,99,11,7.497,83.0,0,73.0,46.29
S8x4x4-LD21-H0.3-F0.6-A4-s42,high,nofeedback,99,12,8.142,83.0,0,73.0,46.29
S8x4x4-LD21-H0.3-F0.6-A4-s42,high,nofeedback,99,13,8.789,83.0,0,73.0,46.29
S8x4x4-LD21-H0.3-F0.6-A4-s42,high,nofeedback,99,14,9.469,82.0,0,73.0,46.29
S8x4x4-LD21-H0.3-F0.6-A4-s42,high,nofeedback,99,15,10.084,78.0,0,73.0,46.29
S8x4x4-LD21-H0.3-F0.6-A4-s42,high,nofeedback,99,16,10.686,78.0,0,73.0,46.29
S8x4x4-LD21-H0.3-F0.6-A4-s42,high,nofeedback,99,17,11.29,78.0,0,73.0,46.29
S8x4x4-LD21-H0.3-F0.6-A4-s42,high,nofeedback,99,18,11.887,78.0,0,73.0,46.29
S8x4x4-LD21-H0.3-F0.6-A4-s42,high,nofeedback,99,19,12.48,78.0,0,73.0,46.29
S8x4x4-LD21-H0.3-F0.6-A4-s42,high,nofeedback,99,20,13.075,78.0,0,73.0,46.29
S8x4x4-LD21-H0.3-F0.6-A4-s42,high,nofeedback,99,21,13.651,78.0,0,73.0,46.29
S8x4x4-LD21-H0.3-F0.6-A4-s42,high,nofeedback,99,22,14.216,78.0,0,73.0,46.29
S8x4x4-LD21-H0.3-F0.6-A4-s42,high,nofeedback,99,23,14.781,78.0,0,73.0,46.29
S8x4x4-LD21-H0.3-F0.6-A4-s42,high,nofeedback,99,24,15.384,78.0,0,73.0,46.29
S8x4x4-LD21-H0.3-F0.6-A4-s42,high,nofeedback,99,25,16.007,76.0,0,73.0,46.29
S8x4x4-LD21-H0.3-F0.6-A4-s42,high,nofeedback,99,26,16.576,76.0,0,73.0,46.29
S8x4x4-LD21-H0.3-F0.6-A4-s42,high,nofeedback,99,27,17.146,76.0,0,73.0,46.29
S8x4x4-LD21-H0.3-F0.6-A4-s42,high,nofeedback,99,28,17.709,76.0,0,73.0,46.29
S8x4x4-LD21-H0.3-F0.6-A4-s42,high,nofeedback,99,29,18.271,75.0,0,73.0,46.29
S8x4x4-LD21-H0.3-F0.6-A4-s42,high,nofeedback,99,30,18.838,75.0,0,73.0,46.29
S8x4x4-LD21-H0.3-F0.6-A4-s42,high,nofeedback,99,31,19.409,75.0,0,73.0,46.29
S8x4x4-LD21-H0.3-F0.6-A4-s42,high,nofeedback,99,32,19.976,75.0,0,73.0,46.29
S8x4x4-LD21-H0.3-F0.6-A4-s42,high,nofeedback,99,33,20.544,74.0,0,73.0,46.29
S8x4x4-LD21-H0.3-F0.6-A4-s42,high,nofeedback,99,34,21.111,73.0,0,73.0,46.29
S8x4x4-LD21-H0.3-F0.6-A4-s42,high,nofeedback,99,35,21.674,73.0,0,73.0,46.29
S8x4x4-LD21-H0.3-F0.6-A4-s42,high,nofeedback,99,36,22.232,73.0,0,73.0,46.29
S8x4x4-LD21-H0.3-F0.6-A4-s42,high,nofeedback,99,37,22.798,73.0,0,73.0,46.29
S8x4x4-LD21-H0.3-F0.6-A4-s42,high,nofeedback,99,38,23.359,73.0,0,73.0,46.29
S8x4x4-LD21-H0.3-F0.6-A4-s42,high,nofeedback,99,39,23.926,73.0,0,73.0,46.29
S8x4x4-LD21-H0.3-F0.6-A4-s42,high,nofeedback,99,40,24.483,73.0,0,73.0,46.29
S8x4x4-LD21-H0.3-F0.6-A4-s42,high,nofeedback,99,41,25.046,73.0,0,73.0,46.29
S8x4x4-LD21-H0.3-F0.6-A4-s42,high,nofeedback,99,42,25.611,73.0,0,73.0,46.29
S8x4x4-LD21-H0.3-F0.6-A4-s42,high,nofeedback,99,43,26.17,73.0,0,73.0,46.29
S8x4x4-LD21-H0.3-F0.6-A4-s42,high,nofeedback,99,44,26.734,73.0,0,73.0,46.29
S8x4x4-LD21-H0.3-F0.6-A4-s42,high,nofeedback,99,45,27.3,73.0,0,73.0,46.29
S8x4x4-LD21-H0.3-F0.6-A4-s42,high,nofeedback,99,46,27.865,73.0,0,73.0,46.29
S8x4x4-LD21-H0.3-F0.6-A4-s42,high,nofeedback,99,47,28.424,73.0,0,73.0,46.29
S8x4x4-LD21-H0.3-F0.6-A4-s42,high,nofeedback,99,48,28.986,73.0,0,73.0,46.29
S8x4x4-LD21-H0.3-F0.6-A4-s42,high,nofeedback,99,49,29.549,73.0,0,73.0,46.29
S8x4x4-LD21-H0.3-F0.6-A4-s42,high,nofeedback,99,50,30.121,73.0,0,73.0,46.29
S8x4x4-LD21-H0.3-F0.6-A4-s42,high,nofeedback,99,51,30.681,73.0,0,73.0,46.29
S8x4x4-LD21-H0.3-F0.6-A4-s42,high,nofeedback,99,52,31.247,73.0,0,73.0,46.29
S8x4x4-LD21-H0.3-F0.6-A4-s42,high,nofeedback,99,53,31.816,73.0,0,73.0,46.29
S8x4x4-LD21-H0.3-F0.6-A4-s42,high,nofeedback,99,54,32.377,73.0,0,73.0,46.29
S8x4x4-LD21-H0.3-F0.6-A4-s42,high,nofeedback,99,55,32.938,73.0,0,73.0,46.29
S8x4x4-LD21-H0.3-F0.6-A4-s42,high,nofeedback,99,56,33.499,73.0,0,73.0,46.29
S8x4x4-LD21-H0.3-F0.6-A4-s42,high,nofeedback,99,57,34.063,73.0,0,73.0,46.29
S8x4x4-LD21-H0.3-F0.6-A4-s42,high,nofeedback,99,58,34.627,73.0,0,73.0,46.29
S8x4x4-LD21-H0.3-F0.6-A4-s42,high,nofeedback,99,59,35.187,73.0,0,73.0,46.29
S8x4x4-LD21-H0.3-F0.6-A4-s42,high,nofeedback,99,60,35.745,73.0,0,73.0,46.29
S8x4x4-LD21-H0.3-F0.6-A4-s42,high,nofeedback,99,61,36.313,73.0,0,73.0,46.29
S8x4x4-LD21-H0.3-F0.6-A4-s42,high,nofeedback,99,62,36.873,73.0,0,73.0,46.29
S8x4x4-LD21-H0.3-F0.6-A4-s42,high,nofeedback,99,63,37.436,73.0,0,73.0,46.29
S8x4x4-LD21-H0.3-F0.6-A4-s42,high,nofeedback,99,64,38.006,73.0,0,73.0,46.29
S8x4x4-LD21-H0.3-F0.6-A4-s42,high,nofeedback,99,65,38.571,73.0,0,73.0,46.29
S8x4x4-LD21-H0.3-F0.6-A4-s42,high,nofeedback,99,66,39.132,73.0,0,73.0,46.29
S8x4x4-LD21-H0.3-F0.6-A4-s42,high,nofeedback,99,67,39.702,73.0,0,73.0,46.29
S8x4x4-LD21-H0.3-F0.6-A4-s42,high,nofeedback,99,68,40.298,73.0,0,73.0,46.29
S8x4x4-LD21-H0.3-F0.6-A4-s42,high,nofeedback,99,69,40.864,73.0,0,73.0,46.29
S8x4x4-LD21-H0.3-F0.6-A4-s42,high,nofeedback,99,70,41.421,73.0,0,73.0,46.29
S8x4x4-LD21-H0.3-F0.6-A4-s42,high,nofeedback,99,71,41.978,73.0,0,73.0,46.29
S8x4x4-LD21-H0.3-F0.6-A4-s42,high,nofeedback,99,72,42.54,73.0,0,73.0,46.29
S8x4x4-LD21-H0.3-F0.6-A4-s42,high,nofeedback,99,73,43.1,73.0,0,73.0,46.29
S8x4x4-LD21-H0.3-F0.6-A4-s42,high,nofeedback,99,74,43.655,73.0,0,73.0,46.29
S8x4x4-LD21-H0.3-F0.6-A4-s42,high,nofeedback,99,75,44.219,73.0,0,73.0,46.29
S8x4x4-LD21-H0.3-F0.6-A4-s42,high,nofeedback,99,76,44.77,73.0,0,73.0,46.29
S8x4x4-LD21-H0.3-F0.6-A4-s42,high,nofeedback,99,77,45.325,73.0,0,73.0,46.29
S8x4x4-LD21-H0.3-F0.6-A4-s42,high,nofeedback,99,78,45.887,73.0,0,73.0,46.29
S8x4x4-LD21-H0.3-F0.6-A4-s42,high,nofeedback,99,79,46.45,73.0,0,73.0,46.29
S8x4x4-LD21-H0.3-F0.6-A4-s42,high,closed,42,1,1.231,95.0,0,71.0,46.29
S8x4x4-LD21-H0.3-F0.6-A4-s42,high,closed,42,2,2.466,87.0,0,71.0,46.29
S8x4x4-LD21-H0.3-F0.6-A4-s42,high,closed,42,3,3.88,81.0,0,71.0,46.29
S8x4x4-LD21-H0.3-F0.6-A4-s42,high,closed,42,4,4.96,81.0,0,71.0,46.29
S8x4x4-LD21-H0.3-F0.6-A4-s42,high,closed,42,5,6.001,81.0,0,71.0,46.29
S8x4x4-LD21-H0.3-F0.6-A4-s42,high,closed,42,6,7.026,81.0,0,71.0,46.29
S8x4x4-LD21-H0.3-F0.6-A4-s42,high,closed,42,7,8.029,81.0,0,71.0,46.29
S8x4x4-LD21-H0.3-F0.6-A4-s42,high,closed,42,8,9.012,80.0,0,71.0,46.29
S8x4x4-LD21-H0.3-F0.6-A4-s42,high,closed,42,9,10.012,75.0,0,71.0,46.29
S8x4x4-LD21-H0.3-F0.6-A4-s42,high,closed,42,10,10.965,75.0,0,71.0,46.29
S8x4x4-LD21-H0.3-F0.6-A4-s42,high,closed,42,11,11.924,75.0,0,71.0,46.29
S8x4x4-LD21-H0.3-F0.6-A4-s42,high,closed,42,12,12.965,75.0,0,71.0,46.29
S8x4x4-LD21-H0.3-F0.6-A4-s42,high,closed,42,13,13.958,75.0,0,71.0,46.29
S8x4x4-LD21-H0.3-F0.6-A4-s42,high,closed,42,14,14.938,75.0,0,71.0,46.29
S8x4x4-LD21-H0.3-F0.6-A4-s42,high,closed,42,15,15.915,75.0,0,71.0,46.29
S8x4x4-LD21-H0.3-F0.6-A4-s42,high,closed,42,16,16.9,71.0,0,71.0,46.29
S8x4x4-LD21-H0.3-F0.6-A4-s42,high,closed,42,17,17.878,71.0,0,71.0,46.29
S8x4x4-LD21-H0.3-F0.6-A4-s42,high,closed,42,18,18.861,71.0,0,71.0,46.29
S8x4x4-LD21-H0.3-F0.6-A4-s42,high,closed,42,19,19.845,71.0,0,71.0,46.29
S8x4x4-LD21-H0.3-F0.6-A4-s42,high,closed,42,20,20.833,71.0,0,71.0,46.29
S8x4x4-LD21-H0.3-F0.6-A4-s42,high,closed,42,21,21.871,71.0,0,71.0,46.29
S8x4x4-LD21-H0.3-F0.6-A4-s42,high,closed,42,22,22.811,71.0,0,71.0,46.29
S8x4x4-LD21-H0.3-F0.6-A4-s42,high,closed,42,23,23.751,71.0,0,71.0,46.29
S8x4x4-LD21-H0.3-F0.6-A4-s42,high,closed,42,24,24.692,71.0,0,71.0,46.29
S8x4x4-LD21-H0.3-F0.6-A4-s42,high,closed,42,25,25.692,71.0,0,71.0,46.29
S8x4x4-LD21-H0.3-F0.6-A4-s42,high,closed,42,26,26.652,71.0,0,71.0,46.29
S8x4x4-LD21-H0.3-F0.6-A4-s42,high,closed,42,27,27.604,71.0,0,71.0,46.29
S8x4x4-LD21-H0.3-F0.6-A4-s42,high,closed,42,28,28.582,71.0,0,71.0,46.29
S8x4x4-LD21-H0.3-F0.6-A4-s42,high,closed,42,29,29.695,71.0,0,71.0,46.29
S8x4x4-LD21-H0.3-F0.6-A4-s42,high,closed,42,30,30.666,71.0,0,71.0,46.29
S8x4x4-LD21-H0.3-F0.6-A4-s42,high,closed,42,31,31.634,71.0,0,71.0,46.29
S8x4x4-LD21-H0.3-F0.6-A4-s42,high,closed,42,32,32.604,71.0,0,71.0,46.29
S8x4x4-LD21-H0.3-F0.6-A4-s42,high,closed,42,33,33.572,71.0,0,71.0,46.29
S8x4x4-LD21-H0.3-F0.6-A4-s42,high,closed,42,34,34.539,71.0,0,71.0,46.29
S8x4x4-LD21-H0.3-F0.6-A4-s42,high,closed,42,35,35.528,71.0,0,71.0,46.29
S8x4x4-LD21-H0.3-F0.6-A4-s42,high,closed,42,36,36.505,71.0,0,71.0,46.29
S8x4x4-LD21-H0.3-F0.6-A4-s42,high,closed,42,37,37.486,71.0,0,71.0,46.29
S8x4x4-LD21-H0.3-F0.6-A4-s42,high,closed,42,38,38.467,71.0,0,71.0,46.29
S8x4x4-LD21-H0.3-F0.6-A4-s42,high,closed,42,39,39.441,71.0,0,71.0,46.29
S8x4x4-LD21-H0.3-F0.6-A4-s42,high,closed,42,40,40.422,71.0,0,71.0,46.29
S8x4x4-LD21-H0.3-F0.6-A4-s42,high,closed,42,41,41.407,71.0,0,71.0,46.29
S8x4x4-LD21-H0.3-F0.6-A4-s42,high,closed,42,42,42.386,71.0,0,71.0,46.29
S8x4x4-LD21-H0.3-F0.6-A4-s42,high,closed,42,43,43.361,71.0,0,71.0,46.29
S8x4x4-LD21-H0.3-F0.6-A4-s42,high,closed,42,44,44.339,71.0,0,71.0,46.29
S8x4x4-LD21-H0.3-F0.6-A4-s42,high,closed,42,45,45.307,71.0,0,71.0,46.29
S8x4x4-LD21-H0.3-F0.6-A4-s42,high,closed,42,46,46.349,71.0,0,71.0,46.29
S8x4x4-LD21-H0.3-F0.6-A4-s42,high,closed,7,1,1.36,90.0,0,69.0,46.29
S8x4x4-LD21-H0.3-F0.6-A4-s42,high,closed,7,2,2.616,84.0,0,69.0,46.29
S8x4x4-LD21-H0.3-F0.6-A4-s42,high,closed,7,3,3.755,83.0,0,69.0,46.29
S8x4x4-LD21-H0.3-F0.6-A4-s42,high,closed,7,4,4.842,83.0,0,69.0,46.29
S8x4x4-LD21-H0.3-F0.6-A4-s42,high,closed,7,5,5.921,83.0,0,69.0,46.29
S8x4x4-LD21-H0.3-F0.6-A4-s42,high,closed,7,6,6.976,83.0,0,69.0,46.29
S8x4x4-LD21-H0.3-F0.6-A4-s42,high,closed,7,7,8.029,83.0,0,69.0,46.29
S8x4x4-LD21-H0.3-F0.6-A4-s42,high,closed,7,8,9.077,83.0,0,69.0,46.29
S8x4x4-LD21-H0.3-F0.6-A4-s42,high,closed,7,9,10.236,77.0,0,69.0,46.29
S8x4x4-LD21-H0.3-F0.6-A4-s42,high,closed,7,10,11.22,77.0,0,69.0,46.29
S8x4x4-LD21-H0.3-F0.6-A4-s42,high,closed,7,11,12.182,77.0,0,69.0,46.29
S8x4x4-LD21-H0.3-F0.6-A4-s42,high,closed,7,12,13.111,77.0,0,69.0,46.29
S8x4x4-LD21-H0.3-F0.6-A4-s42,high,closed,7,13,14.02,77.0,0,69.0,46.29
S8x4x4-LD21-H0.3-F0.6-A4-s42,high,closed,7,14,14.92,76.0,0,69.0,46.29
S8x4x4-LD21-H0.3-F0.6-A4-s42,high,closed,7,15,15.812,76.0,0,69.0,46.29
S8x4x4-LD21-H0.3-F0.6-A4-s42,high,closed,7,16,16.705,76.0,0,69.0,46.29
S8x4x4-LD21-H0.3-F0.6-A4-s42,high,closed,7,17,17.665,75.0,0,69.0,46.29
S8x4x4-LD21-H0.3-F0.6-A4-s42,high,closed,7,18,18.526,75.0,0,69.0,46.29
S8x4x4-LD21-H0.3-F0.6-A4-s42,high,closed,7,19,19.389,75.0,0,69.0,46.29
S8x4x4-LD21-H0.3-F0.6-A4-s42,high,closed,7,20,20.324,72.0,0,69.0,46.29
S8x4x4-LD21-H0.3-F0.6-A4-s42,high,closed,7,21,21.246,72.0,0,69.0,46.29
S8x4x4-LD21-H0.3-F0.6-A4-s42,high,closed,7,22,22.088,72.0,0,69.0,46.29
S8x4x4-LD21-H0.3-F0.6-A4-s42,high,closed,7,23,22.924,72.0,0,69.0,46.29
S8x4x4-LD21-H0.3-F0.6-A4-s42,high,closed,7,24,23.753,71.0,0,69.0,46.29
S8x4x4-LD21-H0.3-F0.6-A4-s42,high,closed,7,25,24.588,71.0,0,69.0,46.29
S8x4x4-LD21-H0.3-F0.6-A4-s42,high,closed,7,26,25.416,71.0,0,69.0,46.29
S8x4x4-LD21-H0.3-F0.6-A4-s42,high,closed,7,27,26.258,70.0,0,69.0,46.29
S8x4x4-LD21-H0.3-F0.6-A4-s42,high,closed,7,28,27.119,70.0,0,69.0,46.29
S8x4x4-LD21-H0.3-F0.6-A4-s42,high,closed,7,29,28.011,70.0,0,69.0,46.29
S8x4x4-LD21-H0.3-F0.6-A4-s42,high,closed,7,30,28.877,70.0,0,69.0,46.29
S8x4x4-LD21-H0.3-F0.6-A4-s42,high,closed,7,31,29.752,70.0,0,69.0,46.29
S8x4x4-LD21-H0.3-F0.6-A4-s42,high,closed,7,32,30.647,70.0,0,69.0,46.29
S8x4x4-LD21-H0.3-F0.6-A4-s42,high,closed,7,33,31.558,70.0,0,69.0,46.29
S8x4x4-LD21-H0.3-F0.6-A4-s42,high,closed,7,34,32.481,70.0,0,69.0,46.29
S8x4x4-LD21-H0.3-F0.6-A4-s42,high,closed,7,35,33.396,70.0,0,69.0,46.29
S8x4x4-LD21-H0.3-F0.6-A4-s42,high,closed,7,36,34.324,69.0,0,69.0,46.29
S8x4x4-LD21-H0.3-F0.6-A4-s42,high,closed,7,37,35.255,69.0,0,69.0,46.29
S8x4x4-LD21-H0.3-F0.6-A4-s42,high,closed,7,38,36.2,69.0,0,69.0,46.29
S8x4x4-LD21-H0.3-F0.6-A4-s42,high,closed,7,39,37.172,69.0,0,69.0,46.29
S8x4x4-LD21-H0.3-F0.6-A4-s42,high,closed,7,40,38.148,69.0,0,69.0,46.29
S8x4x4-LD21-H0.3-F0.6-A4-s42,high,closed,7,41,39.137,69.0,0,69.0,46.29
S8x4x4-LD21-H0.3-F0.6-A4-s42,high,closed,7,42,40.107,69.0,0,69.0,46.29
S8x4x4-LD21-H0.3-F0.6-A4-s42,high,closed,7,43,41.145,69.0,0,69.0,46.29
S8x4x4-LD21-H0.3-F0.6-A4-s42,high,closed,7,44,42.124,69.0,0,69.0,46.29
S8x4x4-LD21-H0.3-F0.6-A4-s42,high,closed,7,45,43.213,69.0,0,69.0,46.29
S8x4x4-LD21-H0.3-F0.6-A4-s42,high,closed,7,46,44.186,69.0,0,69.0,46.29
S8x4x4-LD21-H0.3-F0.6-A4-s42,high,closed,7,47,45.15,69.0,0,69.0,46.29
S8x4x4-LD21-H0.3-F0.6-A4-s42,high,closed,7,48,46.125,69.0,0,69.0,46.29
S8x4x4-LD21-H0.3-F0.6-A4-s42,high,closed,7,49,47.091,69.0,0,69.0,46.29
S8x4x4-LD21-H0.3-F0.6-A4-s42,high,closed,2024,1,1.473,101.0,0,82.0,46.29
S8x4x4-LD21-H0.3-F0.6-A4-s42,high,closed,2024,2,2.767,88.0,0,82.0,46.29
S8x4x4-LD21-H0.3-F0.6-A4-s42,high,closed,2024,3,4.026,87.0,0,82.0,46.29
S8x4x4-LD21-H0.3-F0.6-A4-s42,high,closed,2024,4,5.166,87.0,0,82.0,46.29
S8x4x4-LD21-H0.3-F0.6-A4-s42,high,closed,2024,5,6.289,87.0,0,82.0,46.29
S8x4x4-LD21-H0.3-F0.6-A4-s42,high,closed,2024,6,7.435,87.0,0,82.0,46.29
S8x4x4-LD21-H0.3-F0.6-A4-s42,high,closed,2024,7,8.614,82.0,0,82.0,46.29
S8x4x4-LD21-H0.3-F0.6-A4-s42,high,closed,2024,8,9.759,82.0,0,82.0,46.29
S8x4x4-LD21-H0.3-F0.6-A4-s42,high,closed,2024,9,10.889,82.0,0,82.0,46.29
S8x4x4-LD21-H0.3-F0.6-A4-s42,high,closed,2024,10,12.01,82.0,0,82.0,46.29
S8x4x4-LD21-H0.3-F0.6-A4-s42,high,closed,2024,11,13.13,82.0,0,82.0,46.29
S8x4x4-LD21-H0.3-F0.6-A4-s42,high,closed,2024,12,14.249,82.0,0,82.0,46.29
S8x4x4-LD21-H0.3-F0.6-A4-s42,high,closed,2024,13,15.357,82.0,0,82.0,46.29
S8x4x4-LD21-H0.3-F0.6-A4-s42,high,closed,2024,14,16.464,82.0,0,82.0,46.29
S8x4x4-LD21-H0.3-F0.6-A4-s42,high,closed,2024,15,17.579,82.0,0,82.0,46.29
S8x4x4-LD21-H0.3-F0.6-A4-s42,high,closed,2024,16,18.702,82.0,0,82.0,46.29
S8x4x4-LD21-H0.3-F0.6-A4-s42,high,closed,2024,17,19.805,82.0,0,82.0,46.29
S8x4x4-LD21-H0.3-F0.6-A4-s42,high,closed,2024,18,20.905,82.0,0,82.0,46.29
S8x4x4-LD21-H0.3-F0.6-A4-s42,high,closed,2024,19,22.011,82.0,0,82.0,46.29
S8x4x4-LD21-H0.3-F0.6-A4-s42,high,closed,2024,20,23.115,82.0,0,82.0,46.29
S8x4x4-LD21-H0.3-F0.6-A4-s42,high,closed,2024,21,24.219,82.0,0,82.0,46.29
S8x4x4-LD21-H0.3-F0.6-A4-s42,high,closed,2024,22,25.389,82.0,0,82.0,46.29
S8x4x4-LD21-H0.3-F0.6-A4-s42,high,closed,2024,23,26.49,82.0,0,82.0,46.29
S8x4x4-LD21-H0.3-F0.6-A4-s42,high,closed,2024,24,27.584,82.0,0,82.0,46.29
S8x4x4-LD21-H0.3-F0.6-A4-s42,high,closed,2024,25,28.687,82.0,0,82.0,46.29
S8x4x4-LD21-H0.3-F0.6-A4-s42,high,closed,2024,26,29.785,82.0,0,82.0,46.29
S8x4x4-LD21-H0.3-F0.6-A4-s42,high,closed,2024,27,30.884,82.0,0,82.0,46.29
S8x4x4-LD21-H0.3-F0.6-A4-s42,high,closed,2024,28,31.978,82.0,0,82.0,46.29
S8x4x4-LD21-H0.3-F0.6-A4-s42,high,closed,2024,29,33.076,82.0,0,82.0,46.29
S8x4x4-LD21-H0.3-F0.6-A4-s42,high,closed,2024,30,34.172,82.0,0,82.0,46.29
S8x4x4-LD21-H0.3-F0.6-A4-s42,high,closed,2024,31,35.264,82.0,0,82.0,46.29
S8x4x4-LD21-H0.3-F0.6-A4-s42,high,closed,2024,32,36.371,82.0,0,82.0,46.29
S8x4x4-LD21-H0.3-F0.6-A4-s42,high,closed,2024,33,37.474,82.0,0,82.0,46.29
S8x4x4-LD21-H0.3-F0.6-A4-s42,high,closed,2024,34,38.58,82.0,0,82.0,46.29
S8x4x4-LD21-H0.3-F0.6-A4-s42,high,closed,2024,35,39.687,82.0,0,82.0,46.29
S8x4x4-LD21-H0.3-F0.6-A4-s42,high,closed,2024,36,40.817,82.0,0,82.0,46.29
S8x4x4-LD21-H0.3-F0.6-A4-s42,high,closed,2024,37,41.937,82.0,0,82.0,46.29
S8x4x4-LD21-H0.3-F0.6-A4-s42,high,closed,2024,38,43.04,82.0,0,82.0,46.29
S8x4x4-LD21-H0.3-F0.6-A4-s42,high,closed,2024,39,44.144,82.0,0,82.0,46.29
S8x4x4-LD21-H0.3-F0.6-A4-s42,high,closed,2024,40,45.266,82.0,0,82.0,46.29
S8x4x4-LD21-H0.3-F0.6-A4-s42,high,closed,2024,41,46.378,82.0,0,82.0,46.29
S8x4x4-LD21-H0.3-F0.6-A4-s42,high,closed,13,1,1.165,87.0,0,71.0,46.29
S8x4x4-LD21-H0.3-F0.6-A4-s42,high,closed,13,2,2.351,86.0,0,71.0,46.29
S8x4x4-LD21-H0.3-F0.6-A4-s42,high,closed,13,3,3.431,86.0,0,71.0,46.29
S8x4x4-LD21-H0.3-F0.6-A4-s42,high,closed,13,4,4.409,86.0,0,71.0,46.29
S8x4x4-LD21-H0.3-F0.6-A4-s42,high,closed,13,5,5.37,86.0,0,71.0,46.29
S8x4x4-LD21-H0.3-F0.6-A4-s42,high,closed,13,6,6.319,86.0,0,71.0,46.29
S8x4x4-LD21-H0.3-F0.6-A4-s42,high,closed,13,7,7.332,83.0,0,71.0,46.29
S8x4x4-LD21-H0.3-F0.6-A4-s42,high,closed,13,8,8.336,83.0,0,71.0,46.29
S8x4x4-LD21-H0.3-F0.6-A4-s42,high,closed,13,9,9.512,80.0,0,71.0,46.29
S8x4x4-LD21-H0.3-F0.6-A4-s42,high,closed,13,10,10.575,80.0,0,71.0,46.29
S8x4x4-LD21-H0.3-F0.6-A4-s42,high,closed,13,11,11.573,80.0,0,71.0,46.29
S8x4x4-LD21-H0.3-F0.6-A4-s42,high,closed,13,12,12.534,80.0,0,71.0,46.29
S8x4x4-LD21-H0.3-F0.6-A4-s42,high,closed,13,13,13.466,80.0,0,71.0,46.29
S8x4x4-LD21-H0.3-F0.6-A4-s42,high,closed,13,14,14.376,80.0,0,71.0,46.29
S8x4x4-LD21-H0.3-F0.6-A4-s42,high,closed,13,15,15.278,80.0,0,71.0,46.29
S8x4x4-LD21-H0.3-F0.6-A4-s42,high,closed,13,16,16.183,77.0,0,71.0,46.29
S8x4x4-LD21-H0.3-F0.6-A4-s42,high,closed,13,17,17.121,77.0,0,71.0,46.29
S8x4x4-LD21-H0.3-F0.6-A4-s42,high,closed,13,18,17.943,77.0,0,71.0,46.29
S8x4x4-LD21-H0.3-F0.6-A4-s42,high,closed,13,19,18.765,77.0,0,71.0,46.29
S8x4x4-LD21-H0.3-F0.6-A4-s42,high,closed,13,20,19.58,77.0,0,71.0,46.29
S8x4x4-LD21-H0.3-F0.6-A4-s42,high,closed,13,21,20.409,77.0,0,71.0,46.29
S8x4x4-LD21-H0.3-F0.6-A4-s42,high,closed,13,22,21.244,77.0,0,71.0,46.29
S8x4x4-LD21-H0.3-F0.6-A4-s42,high,closed,13,23,22.091,75.0,0,71.0,46.29
S8x4x4-LD21-H0.3-F0.6-A4-s42,high,closed,13,24,22.935,75.0,0,71.0,46.29
S8x4x4-LD21-H0.3-F0.6-A4-s42,high,closed,13,25,23.786,75.0,0,71.0,46.29
S8x4x4-LD21-H0.3-F0.6-A4-s42,high,closed,13,26,24.654,75.0,0,71.0,46.29
S8x4x4-LD21-H0.3-F0.6-A4-s42,high,closed,13,27,25.561,75.0,0,71.0,46.29
S8x4x4-LD21-H0.3-F0.6-A4-s42,high,closed,13,28,26.5,75.0,0,71.0,46.29
S8x4x4-LD21-H0.3-F0.6-A4-s42,high,closed,13,29,27.502,73.0,0,71.0,46.29
S8x4x4-LD21-H0.3-F0.6-A4-s42,high,closed,13,30,28.455,73.0,0,71.0,46.29
S8x4x4-LD21-H0.3-F0.6-A4-s42,high,closed,13,31,29.339,73.0,0,71.0,46.29
S8x4x4-LD21-H0.3-F0.6-A4-s42,high,closed,13,32,30.218,73.0,0,71.0,46.29
S8x4x4-LD21-H0.3-F0.6-A4-s42,high,closed,13,33,31.098,73.0,0,71.0,46.29
S8x4x4-LD21-H0.3-F0.6-A4-s42,high,closed,13,34,31.998,73.0,0,71.0,46.29
S8x4x4-LD21-H0.3-F0.6-A4-s42,high,closed,13,35,32.889,73.0,0,71.0,46.29
S8x4x4-LD21-H0.3-F0.6-A4-s42,high,closed,13,36,33.774,71.0,0,71.0,46.29
S8x4x4-LD21-H0.3-F0.6-A4-s42,high,closed,13,37,34.663,71.0,0,71.0,46.29
S8x4x4-LD21-H0.3-F0.6-A4-s42,high,closed,13,38,35.544,71.0,0,71.0,46.29
S8x4x4-LD21-H0.3-F0.6-A4-s42,high,closed,13,39,36.421,71.0,0,71.0,46.29
S8x4x4-LD21-H0.3-F0.6-A4-s42,high,closed,13,40,37.3,71.0,0,71.0,46.29
S8x4x4-LD21-H0.3-F0.6-A4-s42,high,closed,13,41,38.187,71.0,0,71.0,46.29
S8x4x4-LD21-H0.3-F0.6-A4-s42,high,closed,13,42,39.066,71.0,0,71.0,46.29
S8x4x4-LD21-H0.3-F0.6-A4-s42,high,closed,13,43,39.947,71.0,0,71.0,46.29
S8x4x4-LD21-H0.3-F0.6-A4-s42,high,closed,13,44,40.827,71.0,0,71.0,46.29
S8x4x4-LD21-H0.3-F0.6-A4-s42,high,closed,13,45,41.735,71.0,0,71.0,46.29
S8x4x4-LD21-H0.3-F0.6-A4-s42,high,closed,13,46,42.603,71.0,0,71.0,46.29
S8x4x4-LD21-H0.3-F0.6-A4-s42,high,closed,13,47,43.475,71.0,0,71.0,46.29
S8x4x4-LD21-H0.3-F0.6-A4-s42,high,closed,13,48,44.342,71.0,0,71.0,46.29
S8x4x4-LD21-H0.3-F0.6-A4-s42,high,closed,13,49,45.216,71.0,0,71.0,46.29
S8x4x4-LD21-H0.3-F0.6-A4-s42,high,closed,13,50,46.096,71.0,0,71.0,46.29
S8x4x4-LD21-H0.3-F0.6-A4-s42,high,closed,13,51,46.966,71.0,0,71.0,46.29
S8x4x4-LD21-H0.3-F0.6-A4-s42,high,closed,99,1,1.244,97.0,0,75.0,46.29
S8x4x4-LD21-H0.3-F0.6-A4-s42,high,closed,99,2,2.571,81.0,0,75.0,46.29
S8x4x4-LD21-H0.3-F0.6-A4-s42,high,closed,99,3,3.744,78.0,0,75.0,46.29
S8x4x4-LD21-H0.3-F0.6-A4-s42,high,closed,99,4,4.762,78.0,0,75.0,46.29
S8x4x4-LD21-H0.3-F0.6-A4-s42,high,closed,99,5,5.732,78.0,0,75.0,46.29
S8x4x4-LD21-H0.3-F0.6-A4-s42,high,closed,99,6,6.646,78.0,0,75.0,46.29
S8x4x4-LD21-H0.3-F0.6-A4-s42,high,closed,99,7,7.542,78.0,0,75.0,46.29
S8x4x4-LD21-H0.3-F0.6-A4-s42,high,closed,99,8,8.458,78.0,0,75.0,46.29
S8x4x4-LD21-H0.3-F0.6-A4-s42,high,closed,99,9,9.296,78.0,0,75.0,46.29
S8x4x4-LD21-H0.3-F0.6-A4-s42,high,closed,99,10,10.13,78.0,0,75.0,46.29
S8x4x4-LD21-H0.3-F0.6-A4-s42,high,closed,99,11,10.98,75.0,0,75.0,46.29
S8x4x4-LD21-H0.3-F0.6-A4-s42,high,closed,99,12,11.812,75.0,0,75.0,46.29
S8x4x4-LD21-H0.3-F0.6-A4-s42,high,closed,99,13,12.687,75.0,0,75.0,46.29
S8x4x4-LD21-H0.3-F0.6-A4-s42,high,closed,99,14,13.55,75.0,0,75.0,46.29
S8x4x4-LD21-H0.3-F0.6-A4-s42,high,closed,99,15,14.433,75.0,0,75.0,46.29
S8x4x4-LD21-H0.3-F0.6-A4-s42,high,closed,99,16,15.351,75.0,0,75.0,46.29
S8x4x4-LD21-H0.3-F0.6-A4-s42,high,closed,99,17,16.298,75.0,0,75.0,46.29
S8x4x4-LD21-H0.3-F0.6-A4-s42,high,closed,99,18,17.232,75.0,0,75.0,46.29
S8x4x4-LD21-H0.3-F0.6-A4-s42,high,closed,99,19,18.169,75.0,0,75.0,46.29
S8x4x4-LD21-H0.3-F0.6-A4-s42,high,closed,99,20,19.107,75.0,0,75.0,46.29
S8x4x4-LD21-H0.3-F0.6-A4-s42,high,closed,99,21,20.043,75.0,0,75.0,46.29
S8x4x4-LD21-H0.3-F0.6-A4-s42,high,closed,99,22,20.974,75.0,0,75.0,46.29
S8x4x4-LD21-H0.3-F0.6-A4-s42,high,closed,99,23,21.947,75.0,0,75.0,46.29
S8x4x4-LD21-H0.3-F0.6-A4-s42,high,closed,99,24,22.989,75.0,0,75.0,46.29
S8x4x4-LD21-H0.3-F0.6-A4-s42,high,closed,99,25,23.921,75.0,0,75.0,46.29
S8x4x4-LD21-H0.3-F0.6-A4-s42,high,closed,99,26,24.858,75.0,0,75.0,46.29
S8x4x4-LD21-H0.3-F0.6-A4-s42,high,closed,99,27,25.827,75.0,0,75.0,46.29
S8x4x4-LD21-H0.3-F0.6-A4-s42,high,closed,99,28,26.748,75.0,0,75.0,46.29
S8x4x4-LD21-H0.3-F0.6-A4-s42,high,closed,99,29,27.677,75.0,0,75.0,46.29
S8x4x4-LD21-H0.3-F0.6-A4-s42,high,closed,99,30,28.599,75.0,0,75.0,46.29
S8x4x4-LD21-H0.3-F0.6-A4-s42,high,closed,99,31,29.525,75.0,0,75.0,46.29
S8x4x4-LD21-H0.3-F0.6-A4-s42,high,closed,99,32,30.448,75.0,0,75.0,46.29
S8x4x4-LD21-H0.3-F0.6-A4-s42,high,closed,99,33,31.376,75.0,0,75.0,46.29
S8x4x4-LD21-H0.3-F0.6-A4-s42,high,closed,99,34,32.305,75.0,0,75.0,46.29
S8x4x4-LD21-H0.3-F0.6-A4-s42,high,closed,99,35,33.227,75.0,0,75.0,46.29
S8x4x4-LD21-H0.3-F0.6-A4-s42,high,closed,99,36,34.157,75.0,0,75.0,46.29
S8x4x4-LD21-H0.3-F0.6-A4-s42,high,closed,99,37,35.082,75.0,0,75.0,46.29
S8x4x4-LD21-H0.3-F0.6-A4-s42,high,closed,99,38,36.01,75.0,0,75.0,46.29
S8x4x4-LD21-H0.3-F0.6-A4-s42,high,closed,99,39,36.939,75.0,0,75.0,46.29
S8x4x4-LD21-H0.3-F0.6-A4-s42,high,closed,99,40,37.87,75.0,0,75.0,46.29
S8x4x4-LD21-H0.3-F0.6-A4-s42,high,closed,99,41,38.802,75.0,0,75.0,46.29
S8x4x4-LD21-H0.3-F0.6-A4-s42,high,closed,99,42,39.741,75.0,0,75.0,46.29
S8x4x4-LD21-H0.3-F0.6-A4-s42,high,closed,99,43,40.68,75.0,0,75.0,46.29
S8x4x4-LD21-H0.3-F0.6-A4-s42,high,closed,99,44,41.618,75.0,0,75.0,46.29
S8x4x4-LD21-H0.3-F0.6-A4-s42,high,closed,99,45,42.545,75.0,0,75.0,46.29
S8x4x4-LD21-H0.3-F0.6-A4-s42,high,closed,99,46,43.482,75.0,0,75.0,46.29
S8x4x4-LD21-H0.3-F0.6-A4-s42,high,closed,99,47,44.417,75.0,0,75.0,46.29
S8x4x4-LD21-H0.3-F0.6-A4-s42,high,closed,99,48,45.358,75.0,0,75.0,46.29
S8x4x4-LD21-H0.3-F0.6-A4-s42,high,closed,99,49,46.301,75.0,0,75.0,46.29
