instance,tag,het,arm,seed,makespan,runtime_sec,generations,evaluations,ms_per_eval,stopped_by,valid,lower_bound,gap_upper,budget_sec,run
S8x4x4-LG21-H0-F0.6-A4-s42,low,0.0,rule,3,179.0,0.0,,,,,1,39.75,0.7779,47.65,lowmid
S8x4x4-LG21-H0-F0.6-A4-s42,low,0.0,rule,7,179.0,0.0,,,,,1,39.75,0.7779,47.65,lowmid
S8x4x4-LG21-H0-F0.6-A4-s42,low,0.0,rule,11,179.0,0.0,,,,,1,39.75,0.7779,47.65,lowmid
S8x4x4-LG21-H0-F0.6-A4-s42,low,0.0,rule,19,179.0,0.0,,,,,1,39.75,0.7779,47.65,lowmid
S8x4x4-LG21-H0-F0.6-A4-s42,low,0.0,rule,23,179.0,0.0,,,,,1,39.75,0.7779,47.65,lowmid
S8x4x4-LG21-H0-F0.6-A4-s42,low,0.0,rule,31,179.0,0.0,,,,,1,39.75,0.7779,47.65,lowmid
S8x4x4-LG21-H0-F0.6-A4-s42,low,0.0,rule,42,179.0,0.0,,,,,1,39.75,0.7779,47.65,lowmid
S8x4x4-LG21-H0-F0.6-A4-s42,low,0.0,rule,47,179.0,0.0,,,,,1,39.75,0.7779,47.65,lowmid
S8x4x4-LG21-H0-F0.6-A4-s42,low,0.0,rule,53,179.0,0.0,,,,,1,39.75,0.7779,47.65,lowmid
S8x4x4-LG21-H0-F0.6-A4-s42,low,0.0,rule,2024,179.0,0.0,,,,,1,39.75,0.7779,47.65,lowmid
S8x4x4-LG21-H0-F0.6-A4-s42,low,0.0,twostage,3,81.0,47.66,2042,122520,0.389,budget,1,39.75,0.5093,47.65,lowmid
S8x4x4-LG21-H0-F0.6-A4-s42,low,0.0,twostage,7,78.0,47.67,2224,133440,0.357,budget,1,39.75,0.4904,47.65,lowmid
S8x4x4-LG21-H0-F0.6-A4-s42,low,0.0,twostage,11,75.0,47.67,2237,134220,0.355,budget,1,39.75,0.47,47.65,lowmid
S8x4x4-LG21-H0-F0.6-A4-s42,low,0.0,twostage,19,81.0,47.66,2106,126360,0.377,budget,1,39.75,0.5093,47.65,lowmid
S8x4x4-LG21-H0-F0.6-A4-s42,low,0.0,twostage,23,86.0,47.67,2212,132720,0.359,budget,1,39.75,0.5378,47.65,lowmid
S8x4x4-LG21-H0-F0.6-A4-s42,low,0.0,twostage,31,97.0,47.67,2098,125880,0.379,budget,1,39.75,0.5902,47.65,lowmid
S8x4x4-LG21-H0-F0.6-A4-s42,low,0.0,twostage,42,85.0,47.66,1989,119340,0.399,budget,1,39.75,0.5324,47.65,lowmid
S8x4x4-LG21-H0-F0.6-A4-s42,low,0.0,twostage,47,86.0,47.66,2092,125520,0.38,budget,1,39.75,0.5378,47.65,lowmid
S8x4x4-LG21-H0-F0.6-A4-s42,low,0.0,twostage,53,79.0,47.67,2002,120120,0.397,budget,1,39.75,0.4968,47.65,lowmid
S8x4x4-LG21-H0-F0.6-A4-s42,low,0.0,twostage,2024,95.0,47.66,1998,119880,0.398,budget,1,39.75,0.5816,47.65,lowmid
S8x4x4-LG21-H0-F0.6-A4-s42,low,0.0,nofeedback,3,80.0,47.69,92,5520,8.639,budget,1,39.75,0.5031,47.65,lowmid
S8x4x4-LG21-H0-F0.6-A4-s42,low,0.0,nofeedback,7,76.0,47.86,103,6180,7.744,budget,1,39.75,0.477,47.65,lowmid
S8x4x4-LG21-H0-F0.6-A4-s42,low,0.0,nofeedback,11,75.0,47.77,95,5700,8.381,budget,1,39.75,0.47,47.65,lowmid
S8x4x4-LG21-H0-F0.6-A4-s42,low,0.0,nofeedback,19,79.0,47.78,98,5880,8.126,budget,1,39.75,0.4968,47.65,lowmid
S8x4x4-LG21-H0-F0.6-A4-s42,low,0.0,nofeedback,23,77.0,47.86,94,5640,8.486,budget,1,39.75,0.4838,47.65,lowmid
S8x4x4-LG21-H0-F0.6-A4-s42,low,0.0,nofeedback,31,82.0,47.74,87,5220,9.146,budget,1,39.75,0.5152,47.65,lowmid
S8x4x4-LG21-H0-F0.6-A4-s42,low,0.0,nofeedback,42,76.0,47.73,91,5460,8.742,budget,1,39.75,0.477,47.65,lowmid
S8x4x4-LG21-H0-F0.6-A4-s42,low,0.0,nofeedback,47,77.0,47.67,97,5820,8.191,budget,1,39.75,0.4838,47.65,lowmid
S8x4x4-LG21-H0-F0.6-A4-s42,low,0.0,nofeedback,53,74.0,47.69,100,6000,7.948,budget,1,39.75,0.4628,47.65,lowmid
S8x4x4-LG21-H0-F0.6-A4-s42,low,0.0,nofeedback,2024,86.0,48.2,80,4800,10.042,budget,1,39.75,0.5378,47.65,lowmid
S8x4x4-LG21-H0-F0.6-A4-s42,low,0.0,opendispatch,3,78.0,47.72,261,15660,3.047,budget,1,39.75,0.4904,47.65,lowmid
S8x4x4-LG21-H0-F0.6-A4-s42,low,0.0,opendispatch,7,75.0,47.7,302,18120,2.632,budget,1,39.75,0.47,47.65,lowmid
S8x4x4-LG21-H0-F0.6-A4-s42,low,0.0,opendispatch,11,74.0,47.7,316,18960,2.516,budget,1,39.75,0.4628,47.65,lowmid
S8x4x4-LG21-H0-F0.6-A4-s42,low,0.0,opendispatch,19,78.0,47.73,283,16980,2.811,budget,1,39.75,0.4904,47.65,lowmid
S8x4x4-LG21-H0-F0.6-A4-s42,low,0.0,opendispatch,23,78.0,47.76,289,17340,2.754,budget,1,39.75,0.4904,47.65,lowmid
S8x4x4-LG21-H0-F0.6-A4-s42,low,0.0,opendispatch,31,79.0,47.7,296,17760,2.686,budget,1,39.75,0.4968,47.65,lowmid
S8x4x4-LG21-H0-F0.6-A4-s42,low,0.0,opendispatch,42,81.0,47.73,257,15420,3.095,budget,1,39.75,0.5093,47.65,lowmid
S8x4x4-LG21-H0-F0.6-A4-s42,low,0.0,opendispatch,47,71.0,47.71,323,19380,2.462,budget,1,39.75,0.4401,47.65,lowmid
S8x4x4-LG21-H0-F0.6-A4-s42,low,0.0,opendispatch,53,76.0,47.79,276,16560,2.886,budget,1,39.75,0.477,47.65,lowmid
S8x4x4-LG21-H0-F0.6-A4-s42,low,0.0,opendispatch,2024,80.0,47.68,244,14640,3.257,budget,1,39.75,0.5031,47.65,lowmid
S8x4x4-LG21-H0-F0.6-A4-s42,low,0.0,opendispatch_nols,3,73.0,47.68,433,25980,1.835,budget,1,39.75,0.4555,47.65,lowmid
S8x4x4-LG21-H0-F0.6-A4-s42,low,0.0,opendispatch_nols,7,73.0,47.67,471,28260,1.687,budget,1,39.75,0.4555,47.65,lowmid
S8x4x4-LG21-H0-F0.6-A4-s42,low,0.0,opendispatch_nols,11,72.0,47.71,464,27840,1.714,budget,1,39.75,0.4479,47.65,lowmid
S8x4x4-LG21-H0-F0.6-A4-s42,low,0.0,opendispatch_nols,19,75.0,47.73,434,26040,1.833,budget,1,39.75,0.47,47.65,lowmid
S8x4x4-LG21-H0-F0.6-A4-s42,low,0.0,opendispatch_nols,23,76.0,47.66,449,26940,1.769,budget,1,39.75,0.477,47.65,lowmid
S8x4x4-LG21-H0-F0.6-A4-s42,low,0.0,opendispatch_nols,31,82.0,47.66,407,24420,1.952,budget,1,39.75,0.5152,47.65,lowmid
S8x4x4-LG21-H0-F0.6-A4-s42,low,0.0,opendispatch_nols,42,75.0,47.67,463,27780,1.716,budget,1,39.75,0.47,47.65,lowmid
S8x4x4-LG21-H0-F0.6-A4-s42,low,0.0,opendispatch_nols,47,73.0,47.67,472,28320,1.683,budget,1,39.75,0.4555,47.65,lowmid
S8x4x4-LG21-H0-F0.6-A4-s42,low,0.0,opendispatch_nols,53,75.0,47.68,436,26160,1.823,budget,1,39.75,0.47,47.65,lowmid
S8x4x4-LG21-H0-F0.6-A4-s42,low,0.0,opendispatch_nols,2024,80.0,47.66,434,26040,1.83,budget,1,39.75,0.5031,47.65,lowmid
S8x4x4-LG21-H0-F0.6-A4-s42,low,0.0,nostagger,3,77.0,48.1,63,3780,12.725,budget,1,39.75,0.4838,47.65,lowmid
S8x4x4-LG21-H0-F0.6-A4-s42,low,0.0,nostagger,7,74.0,47.79,64,3840,12.445,budget,1,39.75,0.4628,47.65,lowmid
S8x4x4-LG21-H0-F0.6-A4-s42,low,0.0,nostagger,11,78.0,48.1,68,4080,11.789,budget,1,39.75,0.4904,47.65,lowmid
S8x4x4-LG21-H0-F0.6-A4-s42,low,0.0,nostagger,19,87.0,48.13,63,3780,12.733,budget,1,39.75,0.5431,47.65,lowmid
S8x4x4-LG21-H0-F0.6-A4-s42,low,0.0,nostagger,23,71.0,47.95,63,3780,12.685,budget,1,39.75,0.4401,47.65,lowmid
S8x4x4-LG21-H0-F0.6-A4-s42,low,0.0,nostagger,31,80.0,48.16,63,3780,12.741,budget,1,39.75,0.5031,47.65,lowmid
S8x4x4-LG21-H0-F0.6-A4-s42,low,0.0,nostagger,42,78.0,48.27,65,3900,12.377,budget,1,39.75,0.4904,47.65,lowmid
S8x4x4-LG21-H0-F0.6-A4-s42,low,0.0,nostagger,47,77.0,47.84,63,3780,12.656,budget,1,39.75,0.4838,47.65,lowmid
S8x4x4-LG21-H0-F0.6-A4-s42,low,0.0,nostagger,53,81.0,48.16,65,3900,12.349,budget,1,39.75,0.5093,47.65,lowmid
S8x4x4-LG21-H0-F0.6-A4-s42,low,0.0,nostagger,2024,82.0,47.75,59,3540,13.489,budget,1,39.75,0.5152,47.65,lowmid
S8x4x4-LG21-H0-F0.6-A4-s42,low,0.0,closed,3,78.0,47.73,55,3300,14.464,budget,1,39.75,0.4904,47.65,lowmid
S8x4x4-LG21-H0-F0.6-A4-s42,low,0.0,closed,7,69.0,48.22,72,4320,11.162,budget,1,39.75,0.4239,47.65,lowmid
S8x4x4-LG21-H0-F0.6-A4-s42,low,0.0,closed,11,78.0,48.0,58,3480,13.793,budget,1,39.75,0.4904,47.65,lowmid
S8x4x4-LG21-H0-F0.6-A4-s42,low,0.0,closed,19,78.0,48.03,57,3420,14.044,budget,1,39.75,0.4904,47.65,lowmid
S8x4x4-LG21-H0-F0.6-A4-s42,low,0.0,closed,23,85.0,47.68,56,3360,14.19,budget,1,39.75,0.5324,47.65,lowmid
S8x4x4-LG21-H0-F0.6-A4-s42,low,0.0,closed,31,82.0,48.33,59,3540,13.653,budget,1,39.75,0.5152,47.65,lowmid
S8x4x4-LG21-H0-F0.6-A4-s42,low,0.0,closed,42,80.0,48.24,60,3600,13.4,budget,1,39.75,0.5031,47.65,lowmid
S8x4x4-LG21-H0-F0.6-A4-s42,low,0.0,closed,47,75.0,47.77,58,3480,13.727,budget,1,39.75,0.47,47.65,lowmid
S8x4x4-LG21-H0-F0.6-A4-s42,low,0.0,closed,53,75.0,48.05,66,3960,12.134,budget,1,39.75,0.47,47.65,lowmid
S8x4x4-LG21-H0-F0.6-A4-s42,low,0.0,closed,2024,80.0,48.16,53,3180,15.145,budget,1,39.75,0.5031,47.65,lowmid
S8x4x4-LG21-H0-F0.6-A4-s42,low,0.0,priced,3,85.0,49.83,11,660,75.5,budget,1,39.75,0.5324,47.65,lowmid
S8x4x4-LG21-H0-F0.6-A4-s42,low,0.0,priced,7,85.0,48.18,11,660,73.0,budget,1,39.75,0.5324,47.65,lowmid
S8x4x4-LG21-H0-F0.6-A4-s42,low,0.0,priced,11,80.0,48.41,11,660,73.348,budget,1,39.75,0.5031,47.65,lowmid
S8x4x4-LG21-H0-F0.6-A4-s42,low,0.0,priced,19,79.0,48.93,11,660,74.136,budget,1,39.75,0.4968,47.65,lowmid
S8x4x4-LG21-H0-F0.6-A4-s42,low,0.0,priced,23,83.0,51.05,12,720,70.903,budget,1,39.75,0.5211,47.65,lowmid
S8x4x4-LG21-H0-F0.6-A4-s42,low,0.0,priced,31,82.0,50.34,11,660,76.273,budget,1,39.75,0.5152,47.65,lowmid
S8x4x4-LG21-H0-F0.6-A4-s42,low,0.0,priced,42,82.0,51.16,11,660,77.515,budget,1,39.75,0.5152,47.65,lowmid
S8x4x4-LG21-H0-F0.6-A4-s42,low,0.0,priced,47,79.0,50.19,12,720,69.708,budget,1,39.75,0.4968,47.65,lowmid
S8x4x4-LG21-H0-F0.6-A4-s42,low,0.0,priced,53,86.0,50.05,12,720,69.514,budget,1,39.75,0.5378,47.65,lowmid
S8x4x4-LG21-H0-F0.6-A4-s42,low,0.0,priced,2024,87.0,51.24,11,660,77.636,budget,1,39.75,0.5431,47.65,lowmid
S8x4x4-LG21-H0.15-F0.6-A4-s42,low,0.15,rule,3,144.0,0.0,,,,,1,36.0,0.75,47.44,lowmid
S8x4x4-LG21-H0.15-F0.6-A4-s42,low,0.15,rule,7,144.0,0.0,,,,,1,36.0,0.75,47.44,lowmid
S8x4x4-LG21-H0.15-F0.6-A4-s42,low,0.15,rule,11,144.0,0.0,,,,,1,36.0,0.75,47.44,lowmid
S8x4x4-LG21-H0.15-F0.6-A4-s42,low,0.15,rule,19,144.0,0.0,,,,,1,36.0,0.75,47.44,lowmid
S8x4x4-LG21-H0.15-F0.6-A4-s42,low,0.15,rule,23,144.0,0.0,,,,,1,36.0,0.75,47.44,lowmid
S8x4x4-LG21-H0.15-F0.6-A4-s42,low,0.15,rule,31,144.0,0.0,,,,,1,36.0,0.75,47.44,lowmid
S8x4x4-LG21-H0.15-F0.6-A4-s42,low,0.15,rule,42,144.0,0.0,,,,,1,36.0,0.75,47.44,lowmid
S8x4x4-LG21-H0.15-F0.6-A4-s42,low,0.15,rule,47,144.0,0.0,,,,,1,36.0,0.75,47.44,lowmid
S8x4x4-LG21-H0.15-F0.6-A4-s42,low,0.15,rule,53,144.0,0.0,,,,,1,36.0,0.75,47.44,lowmid
S8x4x4-LG21-H0.15-F0.6-A4-s42,low,0.15,rule,2024,144.0,0.0,,,,,1,36.0,0.75,47.44,lowmid
S8x4x4-LG21-H0.15-F0.6-A4-s42,low,0.15,twostage,3,76.0,47.46,2034,122040,0.389,budget,1,36.0,0.5263,47.44,lowmid
S8x4x4-LG21-H0.15-F0.6-A4-s42,low,0.15,twostage,7,81.0,47.46,2151,129060,0.368,budget,1,36.0,0.5556,47.44,lowmid
S8x4x4-LG21-H0.15-F0.6-A4-s42,low,0.15,twostage,11,83.0,47.46,2104,126240,0.376,budget,1,36.0,0.5663,47.44,lowmid
S8x4x4-LG21-H0.15-F0.6-A4-s42,low,0.15,twostage,19,89.0,47.45,2096,125760,0.377,budget,1,36.0,0.5955,47.44,lowmid
S8x4x4-LG21-H0.15-F0.6-A4-s42,low,0.15,twostage,23,76.0,47.46,2143,128580,0.369,budget,1,36.0,0.5263,47.44,lowmid
S8x4x4-LG21-H0.15-F0.6-A4-s42,low,0.15,twostage,31,86.0,47.45,2039,122340,0.388,budget,1,36.0,0.5814,47.44,lowmid
S8x4x4-LG21-H0.15-F0.6-A4-s42,low,0.15,twostage,42,82.0,47.45,2238,134280,0.353,budget,1,36.0,0.561,47.44,lowmid
S8x4x4-LG21-H0.15-F0.6-A4-s42,low,0.15,twostage,47,76.0,47.45,2119,127140,0.373,budget,1,36.0,0.5263,47.44,lowmid
S8x4x4-LG21-H0.15-F0.6-A4-s42,low,0.15,twostage,53,83.0,47.46,2079,124740,0.38,budget,1,36.0,0.5663,47.44,lowmid
S8x4x4-LG21-H0.15-F0.6-A4-s42,low,0.15,twostage,2024,82.0,47.44,2007,120420,0.394,budget,1,36.0,0.561,47.44,lowmid
S8x4x4-LG21-H0.15-F0.6-A4-s42,low,0.15,nofeedback,3,75.0,47.56,91,5460,8.711,budget,1,36.0,0.52,47.44,lowmid
S8x4x4-LG21-H0.15-F0.6-A4-s42,low,0.15,nofeedback,7,78.0,47.87,94,5640,8.488,budget,1,36.0,0.5385,47.44,lowmid
S8x4x4-LG21-H0.15-F0.6-A4-s42,low,0.15,nofeedback,11,80.0,47.53,96,5760,8.252,budget,1,36.0,0.55,47.44,lowmid
S8x4x4-LG21-H0.15-F0.6-A4-s42,low,0.15,nofeedback,19,79.0,47.72,99,5940,8.034,budget,1,36.0,0.5443,47.44,lowmid
S8x4x4-LG21-H0.15-F0.6-A4-s42,low,0.15,nofeedback,23,76.0,47.73,95,5700,8.374,budget,1,36.0,0.5263,47.44,lowmid
S8x4x4-LG21-H0.15-F0.6-A4-s42,low,0.15,nofeedback,31,79.0,47.59,91,5460,8.716,budget,1,36.0,0.5443,47.44,lowmid
S8x4x4-LG21-H0.15-F0.6-A4-s42,low,0.15,nofeedback,42,83.0,47.65,86,5160,9.234,budget,1,36.0,0.5663,47.44,lowmid
S8x4x4-LG21-H0.15-F0.6-A4-s42,low,0.15,nofeedback,47,78.0,47.89,93,5580,8.582,budget,1,36.0,0.5385,47.44,lowmid
S8x4x4-LG21-H0.15-F0.6-A4-s42,low,0.15,nofeedback,53,73.0,47.7,102,6120,7.794,budget,1,36.0,0.5068,47.44,lowmid
S8x4x4-LG21-H0.15-F0.6-A4-s42,low,0.15,nofeedback,2024,75.0,47.74,92,5520,8.649,budget,1,36.0,0.52,47.44,lowmid
S8x4x4-LG21-H0.15-F0.6-A4-s42,low,0.15,opendispatch,3,76.0,47.48,266,15960,2.975,budget,1,36.0,0.5263,47.44,lowmid
S8x4x4-LG21-H0.15-F0.6-A4-s42,low,0.15,opendispatch,7,77.0,47.62,260,15600,3.053,budget,1,36.0,0.5325,47.44,lowmid
S8x4x4-LG21-H0.15-F0.6-A4-s42,low,0.15,opendispatch,11,75.0,47.48,313,18780,2.528,budget,1,36.0,0.52,47.44,lowmid
S8x4x4-LG21-H0.15-F0.6-A4-s42,low,0.15,opendispatch,19,75.0,47.49,287,17220,2.758,budget,1,36.0,0.52,47.44,lowmid
S8x4x4-LG21-H0.15-F0.6-A4-s42,low,0.15,opendispatch,23,79.0,47.47,279,16740,2.836,budget,1,36.0,0.5443,47.44,lowmid
S8x4x4-LG21-H0.15-F0.6-A4-s42,low,0.15,opendispatch,31,81.0,47.54,241,14460,3.288,budget,1,36.0,0.5556,47.44,lowmid
S8x4x4-LG21-H0.15-F0.6-A4-s42,low,0.15,opendispatch,42,78.0,47.54,261,15660,3.036,budget,1,36.0,0.5385,47.44,lowmid
S8x4x4-LG21-H0.15-F0.6-A4-s42,low,0.15,opendispatch,47,81.0,47.56,272,16320,2.914,budget,1,36.0,0.5556,47.44,lowmid
S8x4x4-LG21-H0.15-F0.6-A4-s42,low,0.15,opendispatch,53,75.0,47.59,263,15780,3.016,budget,1,36.0,0.52,47.44,lowmid
S8x4x4-LG21-H0.15-F0.6-A4-s42,low,0.15,opendispatch,2024,83.0,47.56,262,15720,3.025,budget,1,36.0,0.5663,47.44,lowmid
S8x4x4-LG21-H0.15-F0.6-A4-s42,low,0.15,opendispatch_nols,3,77.0,47.53,454,27240,1.745,budget,1,36.0,0.5325,47.44,lowmid
S8x4x4-LG21-H0.15-F0.6-A4-s42,low,0.15,opendispatch_nols,7,74.0,47.53,452,27120,1.753,budget,1,36.0,0.5135,47.44,lowmid
S8x4x4-LG21-H0.15-F0.6-A4-s42,low,0.15,opendispatch_nols,11,78.0,47.52,436,26160,1.817,budget,1,36.0,0.5385,47.44,lowmid
S8x4x4-LG21-H0.15-F0.6-A4-s42,low,0.15,opendispatch_nols,19,72.0,47.44,437,26220,1.809,budget,1,36.0,0.5,47.44,lowmid
S8x4x4-LG21-H0.15-F0.6-A4-s42,low,0.15,opendispatch_nols,23,74.0,47.51,436,26160,1.816,budget,1,36.0,0.5135,47.44,lowmid
S8x4x4-LG21-H0.15-F0.6-A4-s42,low,0.15,opendispatch_nols,31,77.0,47.54,454,27240,1.745,budget,1,36.0,0.5325,47.44,lowmid
S8x4x4-LG21-H0.15-F0.6-A4-s42,low,0.15,opendispatch_nols,42,74.0,47.47,435,26100,1.819,budget,1,36.0,0.5135,47.44,lowmid
S8x4x4-LG21-H0.15-F0.6-A4-s42,low,0.15,opendispatch_nols,47,80.0,47.48,400,24000,1.978,budget,1,36.0,0.55,47.44,lowmid
S8x4x4-LG21-H0.15-F0.6-A4-s42,low,0.15,opendispatch_nols,53,76.0,47.52,463,27780,1.711,budget,1,36.0,0.5263,47.44,lowmid
S8x4x4-LG21-H0.15-F0.6-A4-s42,low,0.15,opendispatch_nols,2024,84.0,47.57,392,23520,2.023,budget,1,36.0,0.5714,47.44,lowmid
S8x4x4-LG21-H0.15-F0.6-A4-s42,low,0.15,nostagger,3,75.0,47.96,62,3720,12.892,budget,1,36.0,0.52,47.44,lowmid
S8x4x4-LG21-H0.15-F0.6-A4-s42,low,0.15,nostagger,7,76.0,47.68,66,3960,12.04,budget,1,36.0,0.5263,47.44,lowmid
S8x4x4-LG21-H0.15-F0.6-A4-s42,low,0.15,nostagger,11,77.0,48.0,64,3840,12.5,budget,1,36.0,0.5325,47.44,lowmid
S8x4x4-LG21-H0.15-F0.6-A4-s42,low,0.15,nostagger,19,77.0,47.66,65,3900,12.221,budget,1,36.0,0.5325,47.44,lowmid
S8x4x4-LG21-H0.15-F0.6-A4-s42,low,0.15,nostagger,23,77.0,47.98,66,3960,12.116,budget,1,36.0,0.5325,47.44,lowmid
S8x4x4-LG21-H0.15-F0.6-A4-s42,low,0.15,nostagger,31,74.0,47.83,63,3780,12.653,budget,1,36.0,0.5135,47.44,lowmid
S8x4x4-LG21-H0.15-F0.6-A4-s42,low,0.15,nostagger,42,79.0,47.54,67,4020,11.826,budget,1,36.0,0.5443,47.44,lowmid
S8x4x4-LG21-H0.15-F0.6-A4-s42,low,0.15,nostagger,47,74.0,48.21,61,3660,13.172,budget,1,36.0,0.5135,47.44,lowmid
S8x4x4-LG21-H0.15-F0.6-A4-s42,low,0.15,nostagger,53,79.0,47.47,68,4080,11.635,budget,1,36.0,0.5443,47.44,lowmid
S8x4x4-LG21-H0.15-F0.6-A4-s42,low,0.15,nostagger,2024,82.0,47.54,59,3540,13.429,budget,1,36.0,0.561,47.44,lowmid
S8x4x4-LG21-H0.15-F0.6-A4-s42,low,0.15,closed,3,74.0,47.63,64,3840,12.404,budget,1,36.0,0.5135,47.44,lowmid
S8x4x4-LG21-H0.15-F0.6-A4-s42,low,0.15,closed,7,76.0,47.58,59,3540,13.441,budget,1,36.0,0.5263,47.44,lowmid
S8x4x4-LG21-H0.15-F0.6-A4-s42,low,0.15,closed,11,80.0,48.22,59,3540,13.621,budget,1,36.0,0.55,47.44,lowmid
S8x4x4-LG21-H0.15-F0.6-A4-s42,low,0.15,closed,19,76.0,48.02,54,3240,14.821,budget,1,36.0,0.5263,47.44,lowmid
S8x4x4-LG21-H0.15-F0.6-A4-s42,low,0.15,closed,23,75.0,47.47,62,3720,12.761,budget,1,36.0,0.52,47.44,lowmid
S8x4x4-LG21-H0.15-F0.6-A4-s42,low,0.15,closed,31,77.0,48.12,54,3240,14.852,budget,1,36.0,0.5325,47.44,lowmid
S8x4x4-LG21-H0.15-F0.6-A4-s42,low,0.15,closed,42,79.0,47.56,58,3480,13.667,budget,1,36.0,0.5443,47.44,lowmid
S8x4x4-LG21-H0.15-F0.6-A4-s42,low,0.15,closed,47,78.0,48.03,55,3300,14.555,budget,1,36.0,0.5385,47.44,lowmid
S8x4x4-LG21-H0.15-F0.6-A4-s42,low,0.15,closed,53,79.0,48.09,59,3540,13.585,budget,1,36.0,0.5443,47.44,lowmid
S8x4x4-LG21-H0.15-F0.6-A4-s42,low,0.15,closed,2024,80.0,47.67,53,3180,14.991,budget,1,36.0,0.55,47.44,lowmid
S8x4x4-LG21-H0.15-F0.6-A4-s42,low,0.15,priced,3,82.0,51.63,11,660,78.227,budget,1,36.0,0.561,47.44,lowmid
S8x4x4-LG21-H0.15-F0.6-A4-s42,low,0.15,priced,7,83.0,50.12,12,720,69.611,budget,1,36.0,0.5663,47.44,lowmid
S8x4x4-LG21-H0.15-F0.6-A4-s42,low,0.15,priced,11,82.0,51.08,11,660,77.394,budget,1,36.0,0.561,47.44,lowmid
S8x4x4-LG21-H0.15-F0.6-A4-s42,low,0.15,priced,19,88.0,50.69,12,720,70.403,budget,1,36.0,0.5909,47.44,lowmid
S8x4x4-LG21-H0.15-F0.6-A4-s42,low,0.15,priced,23,85.0,49.27,11,660,74.652,budget,1,36.0,0.5765,47.44,lowmid
S8x4x4-LG21-H0.15-F0.6-A4-s42,low,0.15,priced,31,85.0,47.66,11,660,72.212,budget,1,36.0,0.5765,47.44,lowmid
S8x4x4-LG21-H0.15-F0.6-A4-s42,low,0.15,priced,42,85.0,47.53,10,600,79.217,budget,1,36.0,0.5765,47.44,lowmid
S8x4x4-LG21-H0.15-F0.6-A4-s42,low,0.15,priced,47,83.0,48.23,11,660,73.076,budget,1,36.0,0.5663,47.44,lowmid
S8x4x4-LG21-H0.15-F0.6-A4-s42,low,0.15,priced,53,84.0,50.36,11,660,76.303,budget,1,36.0,0.5714,47.44,lowmid
S8x4x4-LG21-H0.15-F0.6-A4-s42,low,0.15,priced,2024,81.0,48.62,10,600,81.033,budget,1,36.0,0.5556,47.44,lowmid
S8x4x4-LG21-H0.3-F0.6-A4-s42,low,0.3,rule,3,130.0,0.0,,,,,1,32.0,0.7538,60.42,lowmid
S8x4x4-LG21-H0.3-F0.6-A4-s42,low,0.3,rule,7,130.0,0.0,,,,,1,32.0,0.7538,60.42,lowmid
S8x4x4-LG21-H0.3-F0.6-A4-s42,low,0.3,rule,11,130.0,0.0,,,,,1,32.0,0.7538,60.42,lowmid
S8x4x4-LG21-H0.3-F0.6-A4-s42,low,0.3,rule,19,130.0,0.0,,,,,1,32.0,0.7538,60.42,lowmid
S8x4x4-LG21-H0.3-F0.6-A4-s42,low,0.3,rule,23,130.0,0.0,,,,,1,32.0,0.7538,60.42,lowmid
S8x4x4-LG21-H0.3-F0.6-A4-s42,low,0.3,rule,31,130.0,0.0,,,,,1,32.0,0.7538,60.42,lowmid
S8x4x4-LG21-H0.3-F0.6-A4-s42,low,0.3,rule,42,130.0,0.0,,,,,1,32.0,0.7538,60.42,lowmid
S8x4x4-LG21-H0.3-F0.6-A4-s42,low,0.3,rule,47,130.0,0.0,,,,,1,32.0,0.7538,60.42,lowmid
S8x4x4-LG21-H0.3-F0.6-A4-s42,low,0.3,rule,53,130.0,0.0,,,,,1,32.0,0.7538,60.42,lowmid
S8x4x4-LG21-H0.3-F0.6-A4-s42,low,0.3,rule,2024,130.0,0.0,,,,,1,32.0,0.7538,60.42,lowmid
S8x4x4-LG21-H0.3-F0.6-A4-s42,low,0.3,twostage,3,76.0,60.43,2592,155520,0.389,budget,1,32.0,0.5789,60.42,lowmid
S8x4x4-LG21-H0.3-F0.6-A4-s42,low,0.3,twostage,7,78.0,60.43,3138,188280,0.321,budget,1,32.0,0.5897,60.42,lowmid
S8x4x4-LG21-H0.3-F0.6-A4-s42,low,0.3,twostage,11,83.0,60.43,2496,149760,0.404,budget,1,32.0,0.6145,60.42,lowmid
S8x4x4-LG21-H0.3-F0.6-A4-s42,low,0.3,twostage,19,83.0,60.45,2595,155700,0.388,budget,1,32.0,0.6145,60.42,lowmid
S8x4x4-LG21-H0.3-F0.6-A4-s42,low,0.3,twostage,23,85.0,60.44,2672,160320,0.377,budget,1,32.0,0.6235,60.42,lowmid
S8x4x4-LG21-H0.3-F0.6-A4-s42,low,0.3,twostage,31,90.0,60.43,2668,160080,0.377,budget,1,32.0,0.6444,60.42,lowmid
S8x4x4-LG21-H0.3-F0.6-A4-s42,low,0.3,twostage,42,81.0,60.43,2575,154500,0.391,budget,1,32.0,0.6049,60.42,lowmid
S8x4x4-LG21-H0.3-F0.6-A4-s42,low,0.3,twostage,47,86.0,60.43,2182,130920,0.462,budget,1,32.0,0.6279,60.42,lowmid
S8x4x4-LG21-H0.3-F0.6-A4-s42,low,0.3,twostage,53,88.0,60.45,2260,135600,0.446,budget,1,32.0,0.6364,60.42,lowmid
S8x4x4-LG21-H0.3-F0.6-A4-s42,low,0.3,twostage,2024,75.0,60.44,2905,174300,0.347,budget,1,32.0,0.5733,60.42,lowmid
S8x4x4-LG21-H0.3-F0.6-A4-s42,low,0.3,nofeedback,3,76.0,60.61,121,7260,8.348,budget,1,32.0,0.5789,60.42,lowmid
S8x4x4-LG21-H0.3-F0.6-A4-s42,low,0.3,nofeedback,7,78.0,60.57,122,7320,8.275,budget,1,32.0,0.5897,60.42,lowmid
S8x4x4-LG21-H0.3-F0.6-A4-s42,low,0.3,nofeedback,11,73.0,60.72,114,6840,8.877,budget,1,32.0,0.5616,60.42,lowmid
S8x4x4-LG21-H0.3-F0.6-A4-s42,low,0.3,nofeedback,19,75.0,60.87,116,6960,8.746,budget,1,32.0,0.5733,60.42,lowmid
S8x4x4-LG21-H0.3-F0.6-A4-s42,low,0.3,nofeedback,23,75.0,60.44,120,7200,8.394,budget,1,32.0,0.5733,60.42,lowmid
S8x4x4-LG21-H0.3-F0.6-A4-s42,low,0.3,nofeedback,31,78.0,60.92,112,6720,9.065,budget,1,32.0,0.5897,60.42,lowmid
S8x4x4-LG21-H0.3-F0.6-A4-s42,low,0.3,nofeedback,42,78.0,60.74,112,6720,9.039,budget,1,32.0,0.5897,60.42,lowmid
S8x4x4-LG21-H0.3-F0.6-A4-s42,low,0.3,nofeedback,47,79.0,60.74,107,6420,9.461,budget,1,32.0,0.5949,60.42,lowmid
S8x4x4-LG21-H0.3-F0.6-A4-s42,low,0.3,nofeedback,53,74.0,60.57,111,6660,9.095,budget,1,32.0,0.5676,60.42,lowmid
S8x4x4-LG21-H0.3-F0.6-A4-s42,low,0.3,nofeedback,2024,77.0,60.48,120,7200,8.4,budget,1,32.0,0.5844,60.42,lowmid
S8x4x4-LG21-H0.3-F0.6-A4-s42,low,0.3,opendispatch,3,77.0,60.47,326,19560,3.092,budget,1,32.0,0.5844,60.42,lowmid
S8x4x4-LG21-H0.3-F0.6-A4-s42,low,0.3,opendispatch,7,71.0,60.56,392,23520,2.575,budget,1,32.0,0.5493,60.42,lowmid
S8x4x4-LG21-H0.3-F0.6-A4-s42,low,0.3,opendispatch,11,78.0,60.49,339,20340,2.974,budget,1,32.0,0.5897,60.42,lowmid
S8x4x4-LG21-H0.3-F0.6-A4-s42,low,0.3,opendispatch,19,75.0,60.57,369,22140,2.736,budget,1,32.0,0.5733,60.42,lowmid
S8x4x4-LG21-H0.3-F0.6-A4-s42,low,0.3,opendispatch,23,75.0,60.44,360,21600,2.798,budget,1,32.0,0.5733,60.42,lowmid
S8x4x4-LG21-H0.3-F0.6-A4-s42,low,0.3,opendispatch,31,82.0,60.55,359,21540,2.811,budget,1,32.0,0.6098,60.42,lowmid
S8x4x4-LG21-H0.3-F0.6-A4-s42,low,0.3,opendispatch,42,76.0,60.52,347,20820,2.907,budget,1,32.0,0.5789,60.42,lowmid
S8x4x4-LG21-H0.3-F0.6-A4-s42,low,0.3,opendispatch,47,75.0,60.44,334,20040,3.016,budget,1,32.0,0.5733,60.42,lowmid
S8x4x4-LG21-H0.3-F0.6-A4-s42,low,0.3,opendispatch,53,82.0,60.5,291,17460,3.465,budget,1,32.0,0.6098,60.42,lowmid
S8x4x4-LG21-H0.3-F0.6-A4-s42,low,0.3,opendispatch,2024,76.0,60.56,375,22500,2.692,budget,1,32.0,0.5789,60.42,lowmid
S8x4x4-LG21-H0.3-F0.6-A4-s42,low,0.3,opendispatch_nols,3,76.0,60.43,580,34800,1.736,budget,1,32.0,0.5789,60.42,lowmid
S8x4x4-LG21-H0.3-F0.6-A4-s42,low,0.3,opendispatch_nols,7,75.0,60.45,582,34920,1.731,budget,1,32.0,0.5733,60.42,lowmid
S8x4x4-LG21-H0.3-F0.6-A4-s42,low,0.3,opendispatch_nols,11,79.0,60.5,557,33420,1.81,budget,1,32.0,0.5949,60.42,lowmid
S8x4x4-LG21-H0.3-F0.6-A4-s42,low,0.3,opendispatch_nols,19,78.0,60.51,554,33240,1.82,budget,1,32.0,0.5897,60.42,lowmid
S8x4x4-LG21-H0.3-F0.6-A4-s42,low,0.3,opendispatch_nols,23,76.0,60.44,577,34620,1.746,budget,1,32.0,0.5789,60.42,lowmid
S8x4x4-LG21-H0.3-F0.6-A4-s42,low,0.3,opendispatch_nols,31,76.0,60.48,553,33180,1.823,budget,1,32.0,0.5789,60.42,lowmid
S8x4x4-LG21-H0.3-F0.6-A4-s42,low,0.3,opendispatch_nols,42,68.0,60.43,593,35580,1.698,budget,1,32.0,0.5294,60.42,lowmid
S8x4x4-LG21-H0.3-F0.6-A4-s42,low,0.3,opendispatch_nols,47,72.0,60.48,563,33780,1.79,budget,1,32.0,0.5556,60.42,lowmid
S8x4x4-LG21-H0.3-F0.6-A4-s42,low,0.3,opendispatch_nols,53,76.0,60.52,537,32220,1.878,budget,1,32.0,0.5789,60.42,lowmid
S8x4x4-LG21-H0.3-F0.6-A4-s42,low,0.3,opendispatch_nols,2024,74.0,60.5,559,33540,1.804,budget,1,32.0,0.5676,60.42,lowmid
S8x4x4-LG21-H0.3-F0.6-A4-s42,low,0.3,nostagger,3,75.0,60.87,83,4980,12.223,budget,1,32.0,0.5733,60.42,lowmid
S8x4x4-LG21-H0.3-F0.6-A4-s42,low,0.3,nostagger,7,80.0,60.85,85,5100,11.931,budget,1,32.0,0.6,60.42,lowmid
S8x4x4-LG21-H0.3-F0.6-A4-s42,low,0.3,nostagger,11,75.0,61.01,81,4860,12.553,budget,1,32.0,0.5733,60.42,lowmid
S8x4x4-LG21-H0.3-F0.6-A4-s42,low,0.3,nostagger,19,78.0,60.95,73,4380,13.916,budget,1,32.0,0.5897,60.42,lowmid
S8x4x4-LG21-H0.3-F0.6-A4-s42,low,0.3,nostagger,23,75.0,60.46,81,4860,12.44,budget,1,32.0,0.5733,60.42,lowmid
S8x4x4-LG21-H0.3-F0.6-A4-s42,low,0.3,nostagger,31,78.0,60.93,77,4620,13.188,budget,1,32.0,0.5897,60.42,lowmid
S8x4x4-LG21-H0.3-F0.6-A4-s42,low,0.3,nostagger,42,78.0,60.59,76,4560,13.287,budget,1,32.0,0.5897,60.42,lowmid
S8x4x4-LG21-H0.3-F0.6-A4-s42,low,0.3,nostagger,47,77.0,61.03,75,4500,13.562,budget,1,32.0,0.5844,60.42,lowmid
S8x4x4-LG21-H0.3-F0.6-A4-s42,low,0.3,nostagger,53,77.0,61.26,74,4440,13.797,budget,1,32.0,0.5844,60.42,lowmid
S8x4x4-LG21-H0.3-F0.6-A4-s42,low,0.3,nostagger,2024,76.0,60.88,80,4800,12.683,budget,1,32.0,0.5789,60.42,lowmid
S8x4x4-LG21-H0.3-F0.6-A4-s42,low,0.3,closed,3,75.0,61.07,75,4500,13.571,budget,1,32.0,0.5733,60.42,lowmid
S8x4x4-LG21-H0.3-F0.6-A4-s42,low,0.3,closed,7,80.0,60.85,85,5100,11.931,budget,1,32.0,0.6,60.42,lowmid
S8x4x4-LG21-H0.3-F0.6-A4-s42,low,0.3,closed,11,82.0,60.93,82,4920,12.384,budget,1,32.0,0.6098,60.42,lowmid
S8x4x4-LG21-H0.3-F0.6-A4-s42,low,0.3,closed,19,72.0,61.05,70,4200,14.536,budget,1,32.0,0.5556,60.42,lowmid
S8x4x4-LG21-H0.3-F0.6-A4-s42,low,0.3,closed,23,76.0,60.84,82,4920,12.366,budget,1,32.0,0.5789,60.42,lowmid
S8x4x4-LG21-H0.3-F0.6-A4-s42,low,0.3,closed,31,76.0,60.61,70,4200,14.431,budget,1,32.0,0.5789,60.42,lowmid
S8x4x4-LG21-H0.3-F0.6-A4-s42,low,0.3,closed,42,81.0,61.13,63,3780,16.172,budget,1,32.0,0.6049,60.42,lowmid
S8x4x4-LG21-H0.3-F0.6-A4-s42,low,0.3,closed,47,79.0,60.71,70,4200,14.455,budget,1,32.0,0.5949,60.42,lowmid
S8x4x4-LG21-H0.3-F0.6-A4-s42,low,0.3,closed,53,74.0,61.22,65,3900,15.697,budget,1,32.0,0.5676,60.42,lowmid
S8x4x4-LG21-H0.3-F0.6-A4-s42,low,0.3,closed,2024,76.0,60.99,75,4500,13.553,budget,1,32.0,0.5789,60.42,lowmid
S8x4x4-LG21-H0.3-F0.6-A4-s42,low,0.3,priced,3,75.0,64.32,14,840,76.571,budget,1,32.0,0.5733,60.42,lowmid
S8x4x4-LG21-H0.3-F0.6-A4-s42,low,0.3,priced,7,85.0,62.73,15,900,69.7,budget,1,32.0,0.6235,60.42,lowmid
S8x4x4-LG21-H0.3-F0.6-A4-s42,low,0.3,priced,11,82.0,62.74,14,840,74.69,budget,1,32.0,0.6098,60.42,lowmid
S8x4x4-LG21-H0.3-F0.6-A4-s42,low,0.3,priced,19,81.0,62.56,14,840,74.476,budget,1,32.0,0.6049,60.42,lowmid
S8x4x4-LG21-H0.3-F0.6-A4-s42,low,0.3,priced,23,77.0,61.68,15,900,68.533,budget,1,32.0,0.5844,60.42,lowmid
S8x4x4-LG21-H0.3-F0.6-A4-s42,low,0.3,priced,31,80.0,60.42,13,780,77.462,budget,1,32.0,0.6,60.42,lowmid
S8x4x4-LG21-H0.3-F0.6-A4-s42,low,0.3,priced,42,82.0,61.6,13,780,78.974,budget,1,32.0,0.6098,60.42,lowmid
S8x4x4-LG21-H0.3-F0.6-A4-s42,low,0.3,priced,47,86.0,60.86,12,720,84.528,budget,1,32.0,0.6279,60.42,lowmid
S8x4x4-LG21-H0.3-F0.6-A4-s42,low,0.3,priced,53,82.0,61.5,13,780,78.846,budget,1,32.0,0.6098,60.42,lowmid
S8x4x4-LG21-H0.3-F0.6-A4-s42,low,0.3,priced,2024,80.0,60.45,13,780,77.5,budget,1,32.0,0.6,60.42,lowmid
S8x4x4-LG21-H0.5-F0.6-A4-s42,low,0.5,rule,3,130.0,0.0,,,,,1,27.0,0.7923,55.44,lowmid
S8x4x4-LG21-H0.5-F0.6-A4-s42,low,0.5,rule,7,130.0,0.0,,,,,1,27.0,0.7923,55.44,lowmid
S8x4x4-LG21-H0.5-F0.6-A4-s42,low,0.5,rule,11,130.0,0.0,,,,,1,27.0,0.7923,55.44,lowmid
S8x4x4-LG21-H0.5-F0.6-A4-s42,low,0.5,rule,19,130.0,0.0,,,,,1,27.0,0.7923,55.44,lowmid
S8x4x4-LG21-H0.5-F0.6-A4-s42,low,0.5,rule,23,130.0,0.0,,,,,1,27.0,0.7923,55.44,lowmid
S8x4x4-LG21-H0.5-F0.6-A4-s42,low,0.5,rule,31,130.0,0.0,,,,,1,27.0,0.7923,55.44,lowmid
S8x4x4-LG21-H0.5-F0.6-A4-s42,low,0.5,rule,42,130.0,0.0,,,,,1,27.0,0.7923,55.44,lowmid
S8x4x4-LG21-H0.5-F0.6-A4-s42,low,0.5,rule,47,130.0,0.0,,,,,1,27.0,0.7923,55.44,lowmid
S8x4x4-LG21-H0.5-F0.6-A4-s42,low,0.5,rule,53,130.0,0.0,,,,,1,27.0,0.7923,55.44,lowmid
S8x4x4-LG21-H0.5-F0.6-A4-s42,low,0.5,rule,2024,130.0,0.0,,,,,1,27.0,0.7923,55.44,lowmid
S8x4x4-LG21-H0.5-F0.6-A4-s42,low,0.5,twostage,3,75.0,55.45,2060,123600,0.449,budget,1,27.0,0.64,55.44,lowmid
S8x4x4-LG21-H0.5-F0.6-A4-s42,low,0.5,twostage,7,82.0,55.46,2355,141300,0.392,budget,1,27.0,0.6707,55.44,lowmid
S8x4x4-LG21-H0.5-F0.6-A4-s42,low,0.5,twostage,11,90.0,55.46,2357,141420,0.392,budget,1,27.0,0.7,55.44,lowmid
S8x4x4-LG21-H0.5-F0.6-A4-s42,low,0.5,twostage,19,81.0,55.46,2554,153240,0.362,budget,1,27.0,0.6667,55.44,lowmid
S8x4x4-LG21-H0.5-F0.6-A4-s42,low,0.5,twostage,23,91.0,55.45,2436,146160,0.379,budget,1,27.0,0.7033,55.44,lowmid
S8x4x4-LG21-H0.5-F0.6-A4-s42,low,0.5,twostage,31,78.0,55.45,2575,154500,0.359,budget,1,27.0,0.6538,55.44,lowmid
S8x4x4-LG21-H0.5-F0.6-A4-s42,low,0.5,twostage,42,75.0,55.45,2240,134400,0.413,budget,1,27.0,0.64,55.44,lowmid
S8x4x4-LG21-H0.5-F0.6-A4-s42,low,0.5,twostage,47,86.0,55.45,2310,138600,0.4,budget,1,27.0,0.686,55.44,lowmid
S8x4x4-LG21-H0.5-F0.6-A4-s42,low,0.5,twostage,53,85.0,55.44,2603,156180,0.355,budget,1,27.0,0.6824,55.44,lowmid
S8x4x4-LG21-H0.5-F0.6-A4-s42,low,0.5,twostage,2024,91.0,55.45,2221,133260,0.416,budget,1,27.0,0.7033,55.44,lowmid
S8x4x4-LG21-H0.5-F0.6-A4-s42,low,0.5,nofeedback,3,79.0,55.86,104,6240,8.952,budget,1,27.0,0.6582,55.44,lowmid
S8x4x4-LG21-H0.5-F0.6-A4-s42,low,0.5,nofeedback,7,76.0,55.91,100,6000,9.318,budget,1,27.0,0.6447,55.44,lowmid
S8x4x4-LG21-H0.5-F0.6-A4-s42,low,0.5,nofeedback,11,75.0,55.5,110,6600,8.409,budget,1,27.0,0.64,55.44,lowmid
S8x4x4-LG21-H0.5-F0.6-A4-s42,low,0.5,nofeedback,19,78.0,55.52,104,6240,8.897,budget,1,27.0,0.6538,55.44,lowmid
S8x4x4-LG21-H0.5-F0.6-A4-s42,low,0.5,nofeedback,23,75.0,55.77,109,6540,8.528,budget,1,27.0,0.64,55.44,lowmid
S8x4x4-LG21-H0.5-F0.6-A4-s42,low,0.5,nofeedback,31,77.0,55.87,101,6060,9.219,budget,1,27.0,0.6494,55.44,lowmid
S8x4x4-LG21-H0.5-F0.6-A4-s42,low,0.5,nofeedback,42,78.0,55.56,93,5580,9.957,budget,1,27.0,0.6538,55.44,lowmid
S8x4x4-LG21-H0.5-F0.6-A4-s42,low,0.5,nofeedback,47,75.0,55.66,106,6360,8.752,budget,1,27.0,0.64,55.44,lowmid
S8x4x4-LG21-H0.5-F0.6-A4-s42,low,0.5,nofeedback,53,74.0,55.66,108,6480,8.59,budget,1,27.0,0.6351,55.44,lowmid
S8x4x4-LG21-H0.5-F0.6-A4-s42,low,0.5,nofeedback,2024,73.0,55.53,99,5940,9.348,budget,1,27.0,0.6301,55.44,lowmid
S8x4x4-LG21-H0.5-F0.6-A4-s42,low,0.5,opendispatch,3,78.0,55.59,344,20640,2.693,budget,1,27.0,0.6538,55.44,lowmid
S8x4x4-LG21-H0.5-F0.6-A4-s42,low,0.5,opendispatch,7,72.0,55.49,317,19020,2.917,budget,1,27.0,0.625,55.44,lowmid
S8x4x4-LG21-H0.5-F0.6-A4-s42,low,0.5,opendispatch,11,79.0,55.48,292,17520,3.167,budget,1,27.0,0.6582,55.44,lowmid
S8x4x4-LG21-H0.5-F0.6-A4-s42,low,0.5,opendispatch,19,77.0,55.54,306,18360,3.025,budget,1,27.0,0.6494,55.44,lowmid
S8x4x4-LG21-H0.5-F0.6-A4-s42,low,0.5,opendispatch,23,75.0,55.62,295,17700,3.142,budget,1,27.0,0.64,55.44,lowmid
S8x4x4-LG21-H0.5-F0.6-A4-s42,low,0.5,opendispatch,31,76.0,55.46,296,17760,3.123,budget,1,27.0,0.6447,55.44,lowmid
S8x4x4-LG21-H0.5-F0.6-A4-s42,low,0.5,opendispatch,42,75.0,55.49,315,18900,2.936,budget,1,27.0,0.64,55.44,lowmid
S8x4x4-LG21-H0.5-F0.6-A4-s42,low,0.5,opendispatch,47,75.0,55.57,344,20640,2.692,budget,1,27.0,0.64,55.44,lowmid
S8x4x4-LG21-H0.5-F0.6-A4-s42,low,0.5,opendispatch,53,76.0,55.56,317,19020,2.921,budget,1,27.0,0.6447,55.44,lowmid
S8x4x4-LG21-H0.5-F0.6-A4-s42,low,0.5,opendispatch,2024,74.0,55.5,310,18600,2.984,budget,1,27.0,0.6351,55.44,lowmid
S8x4x4-LG21-H0.5-F0.6-A4-s42,low,0.5,opendispatch_nols,3,74.0,55.51,506,30360,1.828,budget,1,27.0,0.6351,55.44,lowmid
S8x4x4-LG21-H0.5-F0.6-A4-s42,low,0.5,opendispatch_nols,7,71.0,55.48,531,31860,1.741,budget,1,27.0,0.6197,55.44,lowmid
S8x4x4-LG21-H0.5-F0.6-A4-s42,low,0.5,opendispatch_nols,11,72.0,55.52,506,30360,1.829,budget,1,27.0,0.625,55.44,lowmid
S8x4x4-LG21-H0.5-F0.6-A4-s42,low,0.5,opendispatch_nols,19,75.0,55.52,506,30360,1.829,budget,1,27.0,0.64,55.44,lowmid
S8x4x4-LG21-H0.5-F0.6-A4-s42,low,0.5,opendispatch_nols,23,74.0,55.53,495,29700,1.87,budget,1,27.0,0.6351,55.44,lowmid
S8x4x4-LG21-H0.5-F0.6-A4-s42,low,0.5,opendispatch_nols,31,77.0,55.5,490,29400,1.888,budget,1,27.0,0.6494,55.44,lowmid
S8x4x4-LG21-H0.5-F0.6-A4-s42,low,0.5,opendispatch_nols,42,78.0,55.52,488,29280,1.896,budget,1,27.0,0.6538,55.44,lowmid
S8x4x4-LG21-H0.5-F0.6-A4-s42,low,0.5,opendispatch_nols,47,75.0,55.46,476,28560,1.942,budget,1,27.0,0.64,55.44,lowmid
S8x4x4-LG21-H0.5-F0.6-A4-s42,low,0.5,opendispatch_nols,53,74.0,55.5,515,30900,1.796,budget,1,27.0,0.6351,55.44,lowmid
S8x4x4-LG21-H0.5-F0.6-A4-s42,low,0.5,opendispatch_nols,2024,73.0,55.5,540,32400,1.713,budget,1,27.0,0.6301,55.44,lowmid
S8x4x4-LG21-H0.5-F0.6-A4-s42,low,0.5,nostagger,3,75.0,55.64,69,4140,13.44,budget,1,27.0,0.64,55.44,lowmid
S8x4x4-LG21-H0.5-F0.6-A4-s42,low,0.5,nostagger,7,76.0,55.62,69,4140,13.435,budget,1,27.0,0.6447,55.44,lowmid
S8x4x4-LG21-H0.5-F0.6-A4-s42,low,0.5,nostagger,11,74.0,55.57,73,4380,12.687,budget,1,27.0,0.6351,55.44,lowmid
S8x4x4-LG21-H0.5-F0.6-A4-s42,low,0.5,nostagger,19,81.0,55.47,66,3960,14.008,budget,1,27.0,0.6667,55.44,lowmid
S8x4x4-LG21-H0.5-F0.6-A4-s42,low,0.5,nostagger,23,76.0,56.27,71,4260,13.209,budget,1,27.0,0.6447,55.44,lowmid
S8x4x4-LG21-H0.5-F0.6-A4-s42,low,0.5,nostagger,31,77.0,55.94,71,4260,13.131,budget,1,27.0,0.6494,55.44,lowmid
S8x4x4-LG21-H0.5-F0.6-A4-s42,low,0.5,nostagger,42,77.0,55.94,63,3780,14.799,budget,1,27.0,0.6494,55.44,lowmid
S8x4x4-LG21-H0.5-F0.6-A4-s42,low,0.5,nostagger,47,84.0,56.23,68,4080,13.782,budget,1,27.0,0.6786,55.44,lowmid
S8x4x4-LG21-H0.5-F0.6-A4-s42,low,0.5,nostagger,53,80.0,55.69,75,4500,12.376,budget,1,27.0,0.6625,55.44,lowmid
S8x4x4-LG21-H0.5-F0.6-A4-s42,low,0.5,nostagger,2024,78.0,55.5,66,3960,14.015,budget,1,27.0,0.6538,55.44,lowmid
S8x4x4-LG21-H0.5-F0.6-A4-s42,low,0.5,closed,3,75.0,55.61,62,3720,14.949,budget,1,27.0,0.64,55.44,lowmid
S8x4x4-LG21-H0.5-F0.6-A4-s42,low,0.5,closed,7,73.0,55.69,63,3780,14.733,budget,1,27.0,0.6301,55.44,lowmid
S8x4x4-LG21-H0.5-F0.6-A4-s42,low,0.5,closed,11,78.0,56.03,65,3900,14.367,budget,1,27.0,0.6538,55.44,lowmid
S8x4x4-LG21-H0.5-F0.6-A4-s42,low,0.5,closed,19,81.0,55.95,60,3600,15.542,budget,1,27.0,0.6667,55.44,lowmid
S8x4x4-LG21-H0.5-F0.6-A4-s42,low,0.5,closed,23,78.0,55.58,64,3840,14.474,budget,1,27.0,0.6538,55.44,lowmid
S8x4x4-LG21-H0.5-F0.6-A4-s42,low,0.5,closed,31,77.0,56.06,61,3660,15.317,budget,1,27.0,0.6494,55.44,lowmid
S8x4x4-LG21-H0.5-F0.6-A4-s42,low,0.5,closed,42,74.0,56.34,59,3540,15.915,budget,1,27.0,0.6351,55.44,lowmid
S8x4x4-LG21-H0.5-F0.6-A4-s42,low,0.5,closed,47,84.0,55.87,60,3600,15.519,budget,1,27.0,0.6786,55.44,lowmid
S8x4x4-LG21-H0.5-F0.6-A4-s42,low,0.5,closed,53,73.0,55.96,71,4260,13.136,budget,1,27.0,0.6301,55.44,lowmid
S8x4x4-LG21-H0.5-F0.6-A4-s42,low,0.5,closed,2024,73.0,56.16,62,3720,15.097,budget,1,27.0,0.6301,55.44,lowmid
S8x4x4-LG21-H0.5-F0.6-A4-s42,low,0.5,priced,3,81.0,56.33,12,720,78.236,budget,1,27.0,0.6667,55.44,lowmid
S8x4x4-LG21-H0.5-F0.6-A4-s42,low,0.5,priced,7,83.0,57.4,12,720,79.722,budget,1,27.0,0.6747,55.44,lowmid
S8x4x4-LG21-H0.5-F0.6-A4-s42,low,0.5,priced,11,78.0,58.51,13,780,75.013,budget,1,27.0,0.6538,55.44,lowmid
S8x4x4-LG21-H0.5-F0.6-A4-s42,low,0.5,priced,19,84.0,56.86,13,780,72.897,budget,1,27.0,0.6786,55.44,lowmid
S8x4x4-LG21-H0.5-F0.6-A4-s42,low,0.5,priced,23,80.0,55.65,12,720,77.292,budget,1,27.0,0.6625,55.44,lowmid
S8x4x4-LG21-H0.5-F0.6-A4-s42,low,0.5,priced,31,78.0,55.53,12,720,77.125,budget,1,27.0,0.6538,55.44,lowmid
S8x4x4-LG21-H0.5-F0.6-A4-s42,low,0.5,priced,42,81.0,56.01,12,720,77.792,budget,1,27.0,0.6667,55.44,lowmid
S8x4x4-LG21-H0.5-F0.6-A4-s42,low,0.5,priced,47,84.0,55.96,13,780,71.744,budget,1,27.0,0.6786,55.44,lowmid
S8x4x4-LG21-H0.5-F0.6-A4-s42,low,0.5,priced,53,81.0,58.35,13,780,74.808,budget,1,27.0,0.6667,55.44,lowmid
S8x4x4-LG21-H0.5-F0.6-A4-s42,low,0.5,priced,2024,76.0,58.94,12,720,81.861,budget,1,27.0,0.6447,55.44,lowmid
S8x4x4-LD22-H0-F0.6-A4-s42,mid,0.0,rule,3,187.0,0.0,,,,,1,44.75,0.7607,72.93,lowmid
S8x4x4-LD22-H0-F0.6-A4-s42,mid,0.0,rule,7,187.0,0.0,,,,,1,44.75,0.7607,72.93,lowmid
S8x4x4-LD22-H0-F0.6-A4-s42,mid,0.0,rule,11,187.0,0.0,,,,,1,44.75,0.7607,72.93,lowmid
S8x4x4-LD22-H0-F0.6-A4-s42,mid,0.0,rule,19,187.0,0.0,,,,,1,44.75,0.7607,72.93,lowmid
S8x4x4-LD22-H0-F0.6-A4-s42,mid,0.0,rule,23,187.0,0.0,,,,,1,44.75,0.7607,72.93,lowmid
S8x4x4-LD22-H0-F0.6-A4-s42,mid,0.0,rule,31,187.0,0.0,,,,,1,44.75,0.7607,72.93,lowmid
S8x4x4-LD22-H0-F0.6-A4-s42,mid,0.0,rule,42,187.0,0.0,,,,,1,44.75,0.7607,72.93,lowmid
S8x4x4-LD22-H0-F0.6-A4-s42,mid,0.0,rule,47,187.0,0.0,,,,,1,44.75,0.7607,72.93,lowmid
S8x4x4-LD22-H0-F0.6-A4-s42,mid,0.0,rule,53,187.0,0.0,,,,,1,44.75,0.7607,72.93,lowmid
S8x4x4-LD22-H0-F0.6-A4-s42,mid,0.0,rule,2024,187.0,0.0,,,,,1,44.75,0.7607,72.93,lowmid
S8x4x4-LD22-H0-F0.6-A4-s42,mid,0.0,twostage,3,69.0,72.94,3003,180180,0.405,budget,1,44.75,0.3514,72.93,lowmid
S8x4x4-LD22-H0-F0.6-A4-s42,mid,0.0,twostage,7,66.0,72.93,3257,195420,0.373,budget,1,44.75,0.322,72.93,lowmid
S8x4x4-LD22-H0-F0.6-A4-s42,mid,0.0,twostage,11,76.0,72.95,3042,182520,0.4,budget,1,44.75,0.4112,72.93,lowmid
S8x4x4-LD22-H0-F0.6-A4-s42,mid,0.0,twostage,19,75.0,72.94,3044,182640,0.399,budget,1,44.75,0.4033,72.93,lowmid
S8x4x4-LD22-H0-F0.6-A4-s42,mid,0.0,twostage,23,76.0,72.94,3056,183360,0.398,budget,1,44.75,0.4112,72.93,lowmid
S8x4x4-LD22-H0-F0.6-A4-s42,mid,0.0,twostage,31,84.0,72.95,3083,184980,0.394,budget,1,44.75,0.4673,72.93,lowmid
S8x4x4-LD22-H0-F0.6-A4-s42,mid,0.0,twostage,42,78.0,72.94,3021,181260,0.402,budget,1,44.75,0.4263,72.93,lowmid
S8x4x4-LD22-H0-F0.6-A4-s42,mid,0.0,twostage,47,72.0,72.94,3053,183180,0.398,budget,1,44.75,0.3785,72.93,lowmid
S8x4x4-LD22-H0-F0.6-A4-s42,mid,0.0,twostage,53,71.0,72.94,3333,199980,0.365,budget,1,44.75,0.3697,72.93,lowmid
S8x4x4-LD22-H0-F0.6-A4-s42,mid,0.0,twostage,2024,74.0,72.95,3123,187380,0.389,budget,1,44.75,0.3953,72.93,lowmid
S8x4x4-LD22-H0-F0.6-A4-s42,mid,0.0,nofeedback,3,70.0,73.52,118,7080,10.384,budget,1,44.75,0.3607,72.93,lowmid
S8x4x4-LD22-H0-F0.6-A4-s42,mid,0.0,nofeedback,7,64.0,73.47,122,7320,10.037,budget,1,44.75,0.3008,72.93,lowmid
S8x4x4-LD22-H0-F0.6-A4-s42,mid,0.0,nofeedback,11,69.0,73.08,123,7380,9.902,budget,1,44.75,0.3514,72.93,lowmid
S8x4x4-LD22-H0-F0.6-A4-s42,mid,0.0,nofeedback,19,70.0,73.07,112,6720,10.874,budget,1,44.75,0.3607,72.93,lowmid
S8x4x4-LD22-H0-F0.6-A4-s42,mid,0.0,nofeedback,23,73.0,73.35,118,7080,10.36,budget,1,44.75,0.387,72.93,lowmid
S8x4x4-LD22-H0-F0.6-A4-s42,mid,0.0,nofeedback,31,76.0,73.41,113,6780,10.827,budget,1,44.75,0.4112,72.93,lowmid
S8x4x4-LD22-H0-F0.6-A4-s42,mid,0.0,nofeedback,42,68.0,73.46,115,6900,10.646,budget,1,44.75,0.3419,72.93,lowmid
S8x4x4-LD22-H0-F0.6-A4-s42,mid,0.0,nofeedback,47,65.0,73.1,126,7560,9.669,budget,1,44.75,0.3115,72.93,lowmid
S8x4x4-LD22-H0-F0.6-A4-s42,mid,0.0,nofeedback,53,72.0,73.07,125,7500,9.743,budget,1,44.75,0.3785,72.93,lowmid
S8x4x4-LD22-H0-F0.6-A4-s42,mid,0.0,nofeedback,2024,72.0,73.23,131,7860,9.317,budget,1,44.75,0.3785,72.93,lowmid
S8x4x4-LD22-H0-F0.6-A4-s42,mid,0.0,opendispatch,3,67.0,73.15,375,22500,3.251,budget,1,44.75,0.3321,72.93,lowmid
S8x4x4-LD22-H0-F0.6-A4-s42,mid,0.0,opendispatch,7,70.0,73.11,322,19320,3.784,budget,1,44.75,0.3607,72.93,lowmid
S8x4x4-LD22-H0-F0.6-A4-s42,mid,0.0,opendispatch,11,71.0,72.98,363,21780,3.351,budget,1,44.75,0.3697,72.93,lowmid
S8x4x4-LD22-H0-F0.6-A4-s42,mid,0.0,opendispatch,19,77.0,72.99,322,19320,3.778,budget,1,44.75,0.4188,72.93,lowmid
S8x4x4-LD22-H0-F0.6-A4-s42,mid,0.0,opendispatch,23,68.0,73.01,342,20520,3.558,budget,1,44.75,0.3419,72.93,lowmid
S8x4x4-LD22-H0-F0.6-A4-s42,mid,0.0,opendispatch,31,68.0,73.03,321,19260,3.792,budget,1,44.75,0.3419,72.93,lowmid
S8x4x4-LD22-H0-F0.6-A4-s42,mid,0.0,opendispatch,42,74.0,73.08,385,23100,3.164,budget,1,44.75,0.3953,72.93,lowmid
S8x4x4-LD22-H0-F0.6-A4-s42,mid,0.0,opendispatch,47,78.0,73.13,340,20400,3.585,budget,1,44.75,0.4263,72.93,lowmid
S8x4x4-LD22-H0-F0.6-A4-s42,mid,0.0,opendispatch,53,68.0,72.95,386,23160,3.15,budget,1,44.75,0.3419,72.93,lowmid
S8x4x4-LD22-H0-F0.6-A4-s42,mid,0.0,opendispatch,2024,76.0,72.95,342,20520,3.555,budget,1,44.75,0.4112,72.93,lowmid
S8x4x4-LD22-H0-F0.6-A4-s42,mid,0.0,opendispatch_nols,3,70.0,73.07,491,29460,2.48,budget,1,44.75,0.3607,72.93,lowmid
S8x4x4-LD22-H0-F0.6-A4-s42,mid,0.0,opendispatch_nols,7,69.0,72.94,559,33540,2.175,budget,1,44.75,0.3514,72.93,lowmid
S8x4x4-LD22-H0-F0.6-A4-s42,mid,0.0,opendispatch_nols,11,73.0,72.97,495,29700,2.457,budget,1,44.75,0.387,72.93,lowmid
S8x4x4-LD22-H0-F0.6-A4-s42,mid,0.0,opendispatch_nols,19,74.0,73.08,473,28380,2.575,budget,1,44.75,0.3953,72.93,lowmid
S8x4x4-LD22-H0-F0.6-A4-s42,mid,0.0,opendispatch_nols,23,71.0,72.95,543,32580,2.239,budget,1,44.75,0.3697,72.93,lowmid
S8x4x4-LD22-H0-F0.6-A4-s42,mid,0.0,opendispatch_nols,31,78.0,72.96,492,29520,2.472,budget,1,44.75,0.4263,72.93,lowmid
S8x4x4-LD22-H0-F0.6-A4-s42,mid,0.0,opendispatch_nols,42,71.0,72.94,561,33660,2.167,budget,1,44.75,0.3697,72.93,lowmid
S8x4x4-LD22-H0-F0.6-A4-s42,mid,0.0,opendispatch_nols,47,69.0,72.95,547,32820,2.223,budget,1,44.75,0.3514,72.93,lowmid
S8x4x4-LD22-H0-F0.6-A4-s42,mid,0.0,opendispatch_nols,53,69.0,73.02,564,33840,2.158,budget,1,44.75,0.3514,72.93,lowmid
S8x4x4-LD22-H0-F0.6-A4-s42,mid,0.0,opendispatch_nols,2024,71.0,73.05,499,29940,2.44,budget,1,44.75,0.3697,72.93,lowmid
S8x4x4-LD22-H0-F0.6-A4-s42,mid,0.0,nostagger,3,71.0,73.34,78,4680,15.671,budget,1,44.75,0.3697,72.93,lowmid
S8x4x4-LD22-H0-F0.6-A4-s42,mid,0.0,nostagger,7,69.0,73.21,82,4920,14.88,budget,1,44.75,0.3514,72.93,lowmid
S8x4x4-LD22-H0-F0.6-A4-s42,mid,0.0,nostagger,11,72.0,73.09,82,4920,14.856,budget,1,44.75,0.3785,72.93,lowmid
S8x4x4-LD22-H0-F0.6-A4-s42,mid,0.0,nostagger,19,78.0,73.7,70,4200,17.548,budget,1,44.75,0.4263,72.93,lowmid
S8x4x4-LD22-H0-F0.6-A4-s42,mid,0.0,nostagger,23,70.0,73.63,83,4980,14.785,budget,1,44.75,0.3607,72.93,lowmid
S8x4x4-LD22-H0-F0.6-A4-s42,mid,0.0,nostagger,31,71.0,73.13,72,4320,16.928,budget,1,44.75,0.3697,72.93,lowmid
S8x4x4-LD22-H0-F0.6-A4-s42,mid,0.0,nostagger,42,74.0,73.31,74,4440,16.511,budget,1,44.75,0.3953,72.93,lowmid
S8x4x4-LD22-H0-F0.6-A4-s42,mid,0.0,nostagger,47,75.0,73.29,79,4740,15.462,budget,1,44.75,0.4033,72.93,lowmid
S8x4x4-LD22-H0-F0.6-A4-s42,mid,0.0,nostagger,53,73.0,73.59,78,4680,15.724,budget,1,44.75,0.387,72.93,lowmid
S8x4x4-LD22-H0-F0.6-A4-s42,mid,0.0,nostagger,2024,75.0,73.53,75,4500,16.34,budget,1,44.75,0.4033,72.93,lowmid
S8x4x4-LD22-H0-F0.6-A4-s42,mid,0.0,closed,3,73.0,73.05,78,4680,15.609,budget,1,44.75,0.387,72.93,lowmid
S8x4x4-LD22-H0-F0.6-A4-s42,mid,0.0,closed,7,68.0,73.9,71,4260,17.347,budget,1,44.75,0.3419,72.93,lowmid
S8x4x4-LD22-H0-F0.6-A4-s42,mid,0.0,closed,11,73.0,73.43,69,4140,17.737,budget,1,44.75,0.387,72.93,lowmid
S8x4x4-LD22-H0-F0.6-A4-s42,mid,0.0,closed,19,75.0,73.24,63,3780,19.376,budget,1,44.75,0.4033,72.93,lowmid
S8x4x4-LD22-H0-F0.6-A4-s42,mid,0.0,closed,23,73.0,73.81,76,4560,16.186,budget,1,44.75,0.387,72.93,lowmid
S8x4x4-LD22-H0-F0.6-A4-s42,mid,0.0,closed,31,75.0,73.69,80,4800,15.352,budget,1,44.75,0.4033,72.93,lowmid
S8x4x4-LD22-H0-F0.6-A4-s42,mid,0.0,closed,42,75.0,73.9,68,4080,18.113,budget,1,44.75,0.4033,72.93,lowmid
S8x4x4-LD22-H0-F0.6-A4-s42,mid,0.0,closed,47,75.0,73.74,78,4680,15.756,budget,1,44.75,0.4033,72.93,lowmid
S8x4x4-LD22-H0-F0.6-A4-s42,mid,0.0,closed,53,72.0,73.6,72,4320,17.037,budget,1,44.75,0.3785,72.93,lowmid
S8x4x4-LD22-H0-F0.6-A4-s42,mid,0.0,closed,2024,75.0,73.49,72,4320,17.012,budget,1,44.75,0.4033,72.93,lowmid
S8x4x4-LD22-H0-F0.6-A4-s42,mid,0.0,priced,3,75.0,73.91,15,900,82.122,budget,1,44.75,0.4033,72.93,lowmid
S8x4x4-LD22-H0-F0.6-A4-s42,mid,0.0,priced,7,73.0,76.11,15,900,84.567,budget,1,44.75,0.387,72.93,lowmid
S8x4x4-LD22-H0-F0.6-A4-s42,mid,0.0,priced,11,77.0,73.07,13,780,93.679,budget,1,44.75,0.4188,72.93,lowmid
S8x4x4-LD22-H0-F0.6-A4-s42,mid,0.0,priced,19,83.0,73.3,13,780,93.974,budget,1,44.75,0.4608,72.93,lowmid
S8x4x4-LD22-H0-F0.6-A4-s42,mid,0.0,priced,23,73.0,75.73,15,900,84.144,budget,1,44.75,0.387,72.93,lowmid
S8x4x4-LD22-H0-F0.6-A4-s42,mid,0.0,priced,31,87.0,77.46,14,840,92.214,budget,1,44.75,0.4856,72.93,lowmid
S8x4x4-LD22-H0-F0.6-A4-s42,mid,0.0,priced,42,79.0,77.79,15,900,86.433,budget,1,44.75,0.4335,72.93,lowmid
S8x4x4-LD22-H0-F0.6-A4-s42,mid,0.0,priced,47,79.0,75.82,15,900,84.244,budget,1,44.75,0.4335,72.93,lowmid
S8x4x4-LD22-H0-F0.6-A4-s42,mid,0.0,priced,53,78.0,76.16,16,960,79.333,budget,1,44.75,0.4263,72.93,lowmid
S8x4x4-LD22-H0-F0.6-A4-s42,mid,0.0,priced,2024,77.0,74.8,16,960,77.917,budget,1,44.75,0.4188,72.93,lowmid
S8x4x4-LD22-H0.15-F0.6-A4-s42,mid,0.15,rule,3,137.0,0.0,,,,,1,38.75,0.7172,49.52,lowmid
S8x4x4-LD22-H0.15-F0.6-A4-s42,mid,0.15,rule,7,137.0,0.0,,,,,1,38.75,0.7172,49.52,lowmid
S8x4x4-LD22-H0.15-F0.6-A4-s42,mid,0.15,rule,11,137.0,0.0,,,,,1,38.75,0.7172,49.52,lowmid
S8x4x4-LD22-H0.15-F0.6-A4-s42,mid,0.15,rule,19,137.0,0.0,,,,,1,38.75,0.7172,49.52,lowmid
S8x4x4-LD22-H0.15-F0.6-A4-s42,mid,0.15,rule,23,137.0,0.0,,,,,1,38.75,0.7172,49.52,lowmid
S8x4x4-LD22-H0.15-F0.6-A4-s42,mid,0.15,rule,31,137.0,0.0,,,,,1,38.75,0.7172,49.52,lowmid
S8x4x4-LD22-H0.15-F0.6-A4-s42,mid,0.15,rule,42,137.0,0.0,,,,,1,38.75,0.7172,49.52,lowmid
S8x4x4-LD22-H0.15-F0.6-A4-s42,mid,0.15,rule,47,137.0,0.0,,,,,1,38.75,0.7172,49.52,lowmid
S8x4x4-LD22-H0.15-F0.6-A4-s42,mid,0.15,rule,53,137.0,0.0,,,,,1,38.75,0.7172,49.52,lowmid
S8x4x4-LD22-H0.15-F0.6-A4-s42,mid,0.15,rule,2024,137.0,0.0,,,,,1,38.75,0.7172,49.52,lowmid
S8x4x4-LD22-H0.15-F0.6-A4-s42,mid,0.15,twostage,3,73.0,49.54,2247,134820,0.367,budget,1,38.75,0.4692,49.52,lowmid
S8x4x4-LD22-H0.15-F0.6-A4-s42,mid,0.15,twostage,7,74.0,49.55,2084,125040,0.396,budget,1,38.75,0.4764,49.52,lowmid
S8x4x4-LD22-H0.15-F0.6-A4-s42,mid,0.15,twostage,11,71.0,49.53,2083,124980,0.396,budget,1,38.75,0.4542,49.52,lowmid
S8x4x4-LD22-H0.15-F0.6-A4-s42,mid,0.15,twostage,19,80.0,49.54,2137,128220,0.386,budget,1,38.75,0.5156,49.52,lowmid
S8x4x4-LD22-H0.15-F0.6-A4-s42,mid,0.15,twostage,23,71.0,49.55,2071,124260,0.399,budget,1,38.75,0.4542,49.52,lowmid
S8x4x4-LD22-H0.15-F0.6-A4-s42,mid,0.15,twostage,31,68.0,49.54,2168,130080,0.381,budget,1,38.75,0.4301,49.52,lowmid
S8x4x4-LD22-H0.15-F0.6-A4-s42,mid,0.15,twostage,42,81.0,49.54,2126,127560,0.388,budget,1,38.75,0.5216,49.52,lowmid
S8x4x4-LD22-H0.15-F0.6-A4-s42,mid,0.15,twostage,47,71.0,49.54,2126,127560,0.388,budget,1,38.75,0.4542,49.52,lowmid
S8x4x4-LD22-H0.15-F0.6-A4-s42,mid,0.15,twostage,53,67.0,49.55,2223,133380,0.371,budget,1,38.75,0.4216,49.52,lowmid
S8x4x4-LD22-H0.15-F0.6-A4-s42,mid,0.15,twostage,2024,72.0,49.53,2046,122760,0.403,budget,1,38.75,0.4618,49.52,lowmid
S8x4x4-LD22-H0.15-F0.6-A4-s42,mid,0.15,nofeedback,3,73.0,49.92,76,4560,10.947,budget,1,38.75,0.4692,49.52,lowmid
S8x4x4-LD22-H0.15-F0.6-A4-s42,mid,0.15,nofeedback,7,68.0,49.57,80,4800,10.327,budget,1,38.75,0.4301,49.52,lowmid
S8x4x4-LD22-H0.15-F0.6-A4-s42,mid,0.15,nofeedback,11,72.0,49.74,79,4740,10.494,budget,1,38.75,0.4618,49.52,lowmid
S8x4x4-LD22-H0.15-F0.6-A4-s42,mid,0.15,nofeedback,19,69.0,49.53,76,4560,10.862,budget,1,38.75,0.4384,49.52,lowmid
S8x4x4-LD22-H0.15-F0.6-A4-s42,mid,0.15,nofeedback,23,69.0,49.95,88,5280,9.46,budget,1,38.75,0.4384,49.52,lowmid
S8x4x4-LD22-H0.15-F0.6-A4-s42,mid,0.15,nofeedback,31,69.0,49.83,77,4620,10.786,budget,1,38.75,0.4384,49.52,lowmid
S8x4x4-LD22-H0.15-F0.6-A4-s42,mid,0.15,nofeedback,42,71.0,49.73,80,4800,10.36,budget,1,38.75,0.4542,49.52,lowmid
S8x4x4-LD22-H0.15-F0.6-A4-s42,mid,0.15,nofeedback,47,70.0,49.82,78,4680,10.645,budget,1,38.75,0.4464,49.52,lowmid
S8x4x4-LD22-H0.15-F0.6-A4-s42,mid,0.15,nofeedback,53,69.0,50.04,75,4500,11.12,budget,1,38.75,0.4384,49.52,lowmid
S8x4x4-LD22-H0.15-F0.6-A4-s42,mid,0.15,nofeedback,2024,68.0,50.0,77,4620,10.823,budget,1,38.75,0.4301,49.52,lowmid
S8x4x4-LD22-H0.15-F0.6-A4-s42,mid,0.15,opendispatch,3,71.0,49.54,288,17280,2.867,budget,1,38.75,0.4542,49.52,lowmid
S8x4x4-LD22-H0.15-F0.6-A4-s42,mid,0.15,opendispatch,7,68.0,49.57,244,14640,3.386,budget,1,38.75,0.4301,49.52,lowmid
S8x4x4-LD22-H0.15-F0.6-A4-s42,mid,0.15,opendispatch,11,71.0,49.63,218,13080,3.794,budget,1,38.75,0.4542,49.52,lowmid
S8x4x4-LD22-H0.15-F0.6-A4-s42,mid,0.15,opendispatch,19,74.0,49.55,235,14100,3.514,budget,1,38.75,0.4764,49.52,lowmid
S8x4x4-LD22-H0.15-F0.6-A4-s42,mid,0.15,opendispatch,23,72.0,49.57,235,14100,3.516,budget,1,38.75,0.4618,49.52,lowmid
S8x4x4-LD22-H0.15-F0.6-A4-s42,mid,0.15,opendispatch,31,66.0,49.7,257,15420,3.223,budget,1,38.75,0.4129,49.52,lowmid
S8x4x4-LD22-H0.15-F0.6-A4-s42,mid,0.15,opendispatch,42,72.0,49.64,226,13560,3.661,budget,1,38.75,0.4618,49.52,lowmid
S8x4x4-LD22-H0.15-F0.6-A4-s42,mid,0.15,opendispatch,47,68.0,49.72,231,13860,3.587,budget,1,38.75,0.4301,49.52,lowmid
S8x4x4-LD22-H0.15-F0.6-A4-s42,mid,0.15,opendispatch,53,69.0,49.66,246,14760,3.364,budget,1,38.75,0.4384,49.52,lowmid
S8x4x4-LD22-H0.15-F0.6-A4-s42,mid,0.15,opendispatch,2024,68.0,49.54,245,14700,3.37,budget,1,38.75,0.4301,49.52,lowmid
S8x4x4-LD22-H0.15-F0.6-A4-s42,mid,0.15,opendispatch_nols,3,69.0,49.64,380,22800,2.177,budget,1,38.75,0.4384,49.52,lowmid
S8x4x4-LD22-H0.15-F0.6-A4-s42,mid,0.15,opendispatch_nols,7,72.0,49.62,392,23520,2.11,budget,1,38.75,0.4618,49.52,lowmid
S8x4x4-LD22-H0.15-F0.6-A4-s42,mid,0.15,opendispatch_nols,11,67.0,49.6,384,23040,2.153,budget,1,38.75,0.4216,49.52,lowmid
S8x4x4-LD22-H0.15-F0.6-A4-s42,mid,0.15,opendispatch_nols,19,70.0,49.65,357,21420,2.318,budget,1,38.75,0.4464,49.52,lowmid
S8x4x4-LD22-H0.15-F0.6-A4-s42,mid,0.15,opendispatch_nols,23,71.0,49.54,369,22140,2.238,budget,1,38.75,0.4542,49.52,lowmid
S8x4x4-LD22-H0.15-F0.6-A4-s42,mid,0.15,opendispatch_nols,31,71.0,49.6,376,22560,2.199,budget,1,38.75,0.4542,49.52,lowmid
S8x4x4-LD22-H0.15-F0.6-A4-s42,mid,0.15,opendispatch_nols,42,72.0,49.57,384,23040,2.151,budget,1,38.75,0.4618,49.52,lowmid
S8x4x4-LD22-H0.15-F0.6-A4-s42,mid,0.15,opendispatch_nols,47,69.0,49.55,369,22140,2.238,budget,1,38.75,0.4384,49.52,lowmid
S8x4x4-LD22-H0.15-F0.6-A4-s42,mid,0.15,opendispatch_nols,53,68.0,49.53,364,21840,2.268,budget,1,38.75,0.4301,49.52,lowmid
S8x4x4-LD22-H0.15-F0.6-A4-s42,mid,0.15,opendispatch_nols,2024,68.0,49.61,391,23460,2.115,budget,1,38.75,0.4301,49.52,lowmid
S8x4x4-LD22-H0.15-F0.6-A4-s42,mid,0.15,nostagger,3,64.0,50.1,57,3420,14.649,budget,1,38.75,0.3945,49.52,lowmid
S8x4x4-LD22-H0.15-F0.6-A4-s42,mid,0.15,nostagger,7,72.0,49.53,51,3060,16.186,budget,1,38.75,0.4618,49.52,lowmid
S8x4x4-LD22-H0.15-F0.6-A4-s42,mid,0.15,nostagger,11,66.0,49.67,57,3420,14.523,budget,1,38.75,0.4129,49.52,lowmid
S8x4x4-LD22-H0.15-F0.6-A4-s42,mid,0.15,nostagger,19,71.0,50.38,50,3000,16.793,budget,1,38.75,0.4542,49.52,lowmid
S8x4x4-LD22-H0.15-F0.6-A4-s42,mid,0.15,nostagger,23,70.0,50.42,54,3240,15.562,budget,1,38.75,0.4464,49.52,lowmid
S8x4x4-LD22-H0.15-F0.6-A4-s42,mid,0.15,nostagger,31,69.0,49.94,54,3240,15.414,budget,1,38.75,0.4384,49.52,lowmid
S8x4x4-LD22-H0.15-F0.6-A4-s42,mid,0.15,nostagger,42,73.0,49.87,53,3180,15.682,budget,1,38.75,0.4692,49.52,lowmid
S8x4x4-LD22-H0.15-F0.6-A4-s42,mid,0.15,nostagger,47,71.0,50.02,50,3000,16.673,budget,1,38.75,0.4542,49.52,lowmid
S8x4x4-LD22-H0.15-F0.6-A4-s42,mid,0.15,nostagger,53,69.0,50.2,57,3420,14.678,budget,1,38.75,0.4384,49.52,lowmid
S8x4x4-LD22-H0.15-F0.6-A4-s42,mid,0.15,nostagger,2024,71.0,49.65,52,3120,15.913,budget,1,38.75,0.4542,49.52,lowmid
S8x4x4-LD22-H0.15-F0.6-A4-s42,mid,0.15,closed,3,71.0,49.72,52,3120,15.936,budget,1,38.75,0.4542,49.52,lowmid
S8x4x4-LD22-H0.15-F0.6-A4-s42,mid,0.15,closed,7,68.0,49.85,54,3240,15.386,budget,1,38.75,0.4301,49.52,lowmid
S8x4x4-LD22-H0.15-F0.6-A4-s42,mid,0.15,closed,11,69.0,49.91,48,2880,17.33,budget,1,38.75,0.4384,49.52,lowmid
S8x4x4-LD22-H0.15-F0.6-A4-s42,mid,0.15,closed,19,67.0,50.36,48,2880,17.486,budget,1,38.75,0.4216,49.52,lowmid
S8x4x4-LD22-H0.15-F0.6-A4-s42,mid,0.15,closed,23,71.0,49.96,53,3180,15.711,budget,1,38.75,0.4542,49.52,lowmid
S8x4x4-LD22-H0.15-F0.6-A4-s42,mid,0.15,closed,31,70.0,49.89,46,2760,18.076,budget,1,38.75,0.4464,49.52,lowmid
S8x4x4-LD22-H0.15-F0.6-A4-s42,mid,0.15,closed,42,75.0,49.61,45,2700,18.374,budget,1,38.75,0.4833,49.52,lowmid
S8x4x4-LD22-H0.15-F0.6-A4-s42,mid,0.15,closed,47,68.0,49.71,49,2940,16.908,budget,1,38.75,0.4301,49.52,lowmid
S8x4x4-LD22-H0.15-F0.6-A4-s42,mid,0.15,closed,53,65.0,50.14,51,3060,16.386,budget,1,38.75,0.4038,49.52,lowmid
S8x4x4-LD22-H0.15-F0.6-A4-s42,mid,0.15,closed,2024,68.0,50.4,50,3000,16.8,budget,1,38.75,0.4301,49.52,lowmid
S8x4x4-LD22-H0.15-F0.6-A4-s42,mid,0.15,priced,3,76.0,53.74,11,660,81.424,budget,1,38.75,0.4901,49.52,lowmid
S8x4x4-LD22-H0.15-F0.6-A4-s42,mid,0.15,priced,7,75.0,51.14,10,600,85.233,budget,1,38.75,0.4833,49.52,lowmid
S8x4x4-LD22-H0.15-F0.6-A4-s42,mid,0.15,priced,11,75.0,53.74,11,660,81.424,budget,1,38.75,0.4833,49.52,lowmid
S8x4x4-LD22-H0.15-F0.6-A4-s42,mid,0.15,priced,19,77.0,53.7,10,600,89.5,budget,1,38.75,0.4968,49.52,lowmid
S8x4x4-LD22-H0.15-F0.6-A4-s42,mid,0.15,priced,23,80.0,50.19,10,600,83.65,budget,1,38.75,0.5156,49.52,lowmid
S8x4x4-LD22-H0.15-F0.6-A4-s42,mid,0.15,priced,31,86.0,51.06,10,600,85.1,budget,1,38.75,0.5494,49.52,lowmid
S8x4x4-LD22-H0.15-F0.6-A4-s42,mid,0.15,priced,42,77.0,52.9,10,600,88.167,budget,1,38.75,0.4968,49.52,lowmid
S8x4x4-LD22-H0.15-F0.6-A4-s42,mid,0.15,priced,47,77.0,51.62,10,600,86.033,budget,1,38.75,0.4968,49.52,lowmid
S8x4x4-LD22-H0.15-F0.6-A4-s42,mid,0.15,priced,53,75.0,50.61,10,600,84.35,budget,1,38.75,0.4833,49.52,lowmid
S8x4x4-LD22-H0.15-F0.6-A4-s42,mid,0.15,priced,2024,76.0,52.34,10,600,87.233,budget,1,38.75,0.4901,49.52,lowmid
S8x4x4-LD22-H0.3-F0.6-A4-s42,mid,0.3,rule,3,123.0,0.0,,,,,1,31.25,0.7459,37.77,lowmid
S8x4x4-LD22-H0.3-F0.6-A4-s42,mid,0.3,rule,7,123.0,0.0,,,,,1,31.25,0.7459,37.77,lowmid
S8x4x4-LD22-H0.3-F0.6-A4-s42,mid,0.3,rule,11,123.0,0.0,,,,,1,31.25,0.7459,37.77,lowmid
S8x4x4-LD22-H0.3-F0.6-A4-s42,mid,0.3,rule,19,123.0,0.0,,,,,1,31.25,0.7459,37.77,lowmid
S8x4x4-LD22-H0.3-F0.6-A4-s42,mid,0.3,rule,23,123.0,0.0,,,,,1,31.25,0.7459,37.77,lowmid
S8x4x4-LD22-H0.3-F0.6-A4-s42,mid,0.3,rule,31,123.0,0.0,,,,,1,31.25,0.7459,37.77,lowmid
S8x4x4-LD22-H0.3-F0.6-A4-s42,mid,0.3,rule,42,123.0,0.0,,,,,1,31.25,0.7459,37.77,lowmid
S8x4x4-LD22-H0.3-F0.6-A4-s42,mid,0.3,rule,47,123.0,0.0,,,,,1,31.25,0.7459,37.77,lowmid
S8x4x4-LD22-H0.3-F0.6-A4-s42,mid,0.3,rule,53,123.0,0.0,,,,,1,31.25,0.7459,37.77,lowmid
S8x4x4-LD22-H0.3-F0.6-A4-s42,mid,0.3,rule,2024,123.0,0.0,,,,,1,31.25,0.7459,37.77,lowmid
S8x4x4-LD22-H0.3-F0.6-A4-s42,mid,0.3,twostage,3,65.0,37.78,1577,94620,0.399,budget,1,31.25,0.5192,37.77,lowmid
S8x4x4-LD22-H0.3-F0.6-A4-s42,mid,0.3,twostage,7,74.0,37.79,1650,99000,0.382,budget,1,31.25,0.5777,37.77,lowmid
S8x4x4-LD22-H0.3-F0.6-A4-s42,mid,0.3,twostage,11,73.0,37.79,1569,94140,0.401,budget,1,31.25,0.5719,37.77,lowmid
S8x4x4-LD22-H0.3-F0.6-A4-s42,mid,0.3,twostage,19,74.0,37.79,1594,95640,0.395,budget,1,31.25,0.5777,37.77,lowmid
S8x4x4-LD22-H0.3-F0.6-A4-s42,mid,0.3,twostage,23,71.0,37.77,1574,94440,0.4,budget,1,31.25,0.5599,37.77,lowmid
S8x4x4-LD22-H0.3-F0.6-A4-s42,mid,0.3,twostage,31,74.0,37.79,1630,97800,0.386,budget,1,31.25,0.5777,37.77,lowmid
S8x4x4-LD22-H0.3-F0.6-A4-s42,mid,0.3,twostage,42,67.0,37.79,1693,101580,0.372,budget,1,31.25,0.5336,37.77,lowmid
S8x4x4-LD22-H0.3-F0.6-A4-s42,mid,0.3,twostage,47,70.0,37.78,1668,100080,0.377,budget,1,31.25,0.5536,37.77,lowmid
S8x4x4-LD22-H0.3-F0.6-A4-s42,mid,0.3,twostage,53,68.0,37.8,1725,103500,0.365,budget,1,31.25,0.5404,37.77,lowmid
S8x4x4-LD22-H0.3-F0.6-A4-s42,mid,0.3,twostage,2024,73.0,37.79,1638,98280,0.385,budget,1,31.25,0.5719,37.77,lowmid
S8x4x4-LD22-H0.3-F0.6-A4-s42,mid,0.3,nofeedback,3,70.0,37.98,60,3600,10.55,budget,1,31.25,0.5536,37.77,lowmid
S8x4x4-LD22-H0.3-F0.6-A4-s42,mid,0.3,nofeedback,7,69.0,38.05,58,3480,10.934,budget,1,31.25,0.5471,37.77,lowmid
S8x4x4-LD22-H0.3-F0.6-A4-s42,mid,0.3,nofeedback,11,69.0,37.81,60,3600,10.503,budget,1,31.25,0.5471,37.77,lowmid
S8x4x4-LD22-H0.3-F0.6-A4-s42,mid,0.3,nofeedback,19,69.0,37.86,56,3360,11.268,budget,1,31.25,0.5471,37.77,lowmid
S8x4x4-LD22-H0.3-F0.6-A4-s42,mid,0.3,nofeedback,23,65.0,38.29,60,3600,10.636,budget,1,31.25,0.5192,37.77,lowmid
S8x4x4-LD22-H0.3-F0.6-A4-s42,mid,0.3,nofeedback,31,62.0,38.11,59,3540,10.766,budget,1,31.25,0.496,37.77,lowmid
S8x4x4-LD22-H0.3-F0.6-A4-s42,mid,0.3,nofeedback,42,73.0,38.35,55,3300,11.621,budget,1,31.25,0.5719,37.77,lowmid
S8x4x4-LD22-H0.3-F0.6-A4-s42,mid,0.3,nofeedback,47,71.0,37.85,58,3480,10.876,budget,1,31.25,0.5599,37.77,lowmid
S8x4x4-LD22-H0.3-F0.6-A4-s42,mid,0.3,nofeedback,53,72.0,38.3,57,3420,11.199,budget,1,31.25,0.566,37.77,lowmid
S8x4x4-LD22-H0.3-F0.6-A4-s42,mid,0.3,nofeedback,2024,71.0,37.82,62,3720,10.167,budget,1,31.25,0.5599,37.77,lowmid
S8x4x4-LD22-H0.3-F0.6-A4-s42,mid,0.3,opendispatch,3,65.0,37.81,211,12660,2.987,budget,1,31.25,0.5192,37.77,lowmid
S8x4x4-LD22-H0.3-F0.6-A4-s42,mid,0.3,opendispatch,7,69.0,37.89,184,11040,3.432,budget,1,31.25,0.5471,37.77,lowmid
S8x4x4-LD22-H0.3-F0.6-A4-s42,mid,0.3,opendispatch,11,69.0,37.78,176,10560,3.578,budget,1,31.25,0.5471,37.77,lowmid
S8x4x4-LD22-H0.3-F0.6-A4-s42,mid,0.3,opendispatch,19,67.0,37.94,162,9720,3.903,budget,1,31.25,0.5336,37.77,lowmid
S8x4x4-LD22-H0.3-F0.6-A4-s42,mid,0.3,opendispatch,23,65.0,37.97,184,11040,3.439,budget,1,31.25,0.5192,37.77,lowmid
S8x4x4-LD22-H0.3-F0.6-A4-s42,mid,0.3,opendispatch,31,70.0,37.94,180,10800,3.513,budget,1,31.25,0.5536,37.77,lowmid
S8x4x4-LD22-H0.3-F0.6-A4-s42,mid,0.3,opendispatch,42,69.0,37.9,181,10860,3.49,budget,1,31.25,0.5471,37.77,lowmid
S8x4x4-LD22-H0.3-F0.6-A4-s42,mid,0.3,opendispatch,47,72.0,37.9,174,10440,3.63,budget,1,31.25,0.566,37.77,lowmid
S8x4x4-LD22-H0.3-F0.6-A4-s42,mid,0.3,opendispatch,53,66.0,37.95,178,10680,3.553,budget,1,31.25,0.5265,37.77,lowmid
S8x4x4-LD22-H0.3-F0.6-A4-s42,mid,0.3,opendispatch,2024,70.0,37.84,187,11220,3.373,budget,1,31.25,0.5536,37.77,lowmid
S8x4x4-LD22-H0.3-F0.6-A4-s42,mid,0.3,opendispatch_nols,3,66.0,37.8,282,16920,2.234,budget,1,31.25,0.5265,37.77,lowmid
S8x4x4-LD22-H0.3-F0.6-A4-s42,mid,0.3,opendispatch_nols,7,66.0,37.81,302,18120,2.087,budget,1,31.25,0.5265,37.77,lowmid
S8x4x4-LD22-H0.3-F0.6-A4-s42,mid,0.3,opendispatch_nols,11,72.0,37.85,284,17040,2.221,budget,1,31.25,0.566,37.77,lowmid
S8x4x4-LD22-H0.3-F0.6-A4-s42,mid,0.3,opendispatch_nols,19,68.0,37.85,288,17280,2.19,budget,1,31.25,0.5404,37.77,lowmid
S8x4x4-LD22-H0.3-F0.6-A4-s42,mid,0.3,opendispatch_nols,23,66.0,37.81,278,16680,2.267,budget,1,31.25,0.5265,37.77,lowmid
S8x4x4-LD22-H0.3-F0.6-A4-s42,mid,0.3,opendispatch_nols,31,67.0,37.86,287,17220,2.199,budget,1,31.25,0.5336,37.77,lowmid
S8x4x4-LD22-H0.3-F0.6-A4-s42,mid,0.3,opendispatch_nols,42,65.0,37.79,288,17280,2.187,budget,1,31.25,0.5192,37.77,lowmid
S8x4x4-LD22-H0.3-F0.6-A4-s42,mid,0.3,opendispatch_nols,47,66.0,37.79,309,18540,2.038,budget,1,31.25,0.5265,37.77,lowmid
S8x4x4-LD22-H0.3-F0.6-A4-s42,mid,0.3,opendispatch_nols,53,69.0,37.86,315,18900,2.003,budget,1,31.25,0.5471,37.77,lowmid
S8x4x4-LD22-H0.3-F0.6-A4-s42,mid,0.3,opendispatch_nols,2024,71.0,37.83,294,17640,2.145,budget,1,31.25,0.5599,37.77,lowmid
S8x4x4-LD22-H0.3-F0.6-A4-s42,mid,0.3,nostagger,3,69.0,38.49,40,2400,16.038,budget,1,31.25,0.5471,37.77,lowmid
S8x4x4-LD22-H0.3-F0.6-A4-s42,mid,0.3,nostagger,7,67.0,38.51,40,2400,16.046,budget,1,31.25,0.5336,37.77,lowmid
S8x4x4-LD22-H0.3-F0.6-A4-s42,mid,0.3,nostagger,11,78.0,37.88,36,2160,17.537,budget,1,31.25,0.5994,37.77,lowmid
S8x4x4-LD22-H0.3-F0.6-A4-s42,mid,0.3,nostagger,19,73.0,38.46,36,2160,17.806,budget,1,31.25,0.5719,37.77,lowmid
S8x4x4-LD22-H0.3-F0.6-A4-s42,mid,0.3,nostagger,23,67.0,38.58,39,2340,16.487,budget,1,31.25,0.5336,37.77,lowmid
S8x4x4-LD22-H0.3-F0.6-A4-s42,mid,0.3,nostagger,31,70.0,38.38,40,2400,15.992,budget,1,31.25,0.5536,37.77,lowmid
S8x4x4-LD22-H0.3-F0.6-A4-s42,mid,0.3,nostagger,42,68.0,37.84,40,2400,15.767,budget,1,31.25,0.5404,37.77,lowmid
S8x4x4-LD22-H0.3-F0.6-A4-s42,mid,0.3,nostagger,47,74.0,37.86,40,2400,15.775,budget,1,31.25,0.5777,37.77,lowmid
S8x4x4-LD22-H0.3-F0.6-A4-s42,mid,0.3,nostagger,53,67.0,37.9,40,2400,15.792,budget,1,31.25,0.5336,37.77,lowmid
S8x4x4-LD22-H0.3-F0.6-A4-s42,mid,0.3,nostagger,2024,69.0,37.96,43,2580,14.713,budget,1,31.25,0.5471,37.77,lowmid
S8x4x4-LD22-H0.3-F0.6-A4-s42,mid,0.3,closed,3,69.0,38.47,39,2340,16.44,budget,1,31.25,0.5471,37.77,lowmid
S8x4x4-LD22-H0.3-F0.6-A4-s42,mid,0.3,closed,7,68.0,38.46,40,2400,16.025,budget,1,31.25,0.5404,37.77,lowmid
S8x4x4-LD22-H0.3-F0.6-A4-s42,mid,0.3,closed,11,67.0,38.02,38,2280,16.675,budget,1,31.25,0.5336,37.77,lowmid
S8x4x4-LD22-H0.3-F0.6-A4-s42,mid,0.3,closed,19,73.0,37.94,35,2100,18.067,budget,1,31.25,0.5719,37.77,lowmid
S8x4x4-LD22-H0.3-F0.6-A4-s42,mid,0.3,closed,23,66.0,38.1,36,2160,17.639,budget,1,31.25,0.5265,37.77,lowmid
S8x4x4-LD22-H0.3-F0.6-A4-s42,mid,0.3,closed,31,70.0,38.73,36,2160,17.931,budget,1,31.25,0.5536,37.77,lowmid
S8x4x4-LD22-H0.3-F0.6-A4-s42,mid,0.3,closed,42,81.0,38.33,33,1980,19.359,budget,1,31.25,0.6142,37.77,lowmid
S8x4x4-LD22-H0.3-F0.6-A4-s42,mid,0.3,closed,47,74.0,37.93,39,2340,16.209,budget,1,31.25,0.5777,37.77,lowmid
S8x4x4-LD22-H0.3-F0.6-A4-s42,mid,0.3,closed,53,68.0,38.02,38,2280,16.675,budget,1,31.25,0.5404,37.77,lowmid
S8x4x4-LD22-H0.3-F0.6-A4-s42,mid,0.3,closed,2024,69.0,37.99,40,2400,15.829,budget,1,31.25,0.5471,37.77,lowmid
S8x4x4-LD22-H0.3-F0.6-A4-s42,mid,0.3,priced,3,78.0,41.87,8,480,87.229,budget,1,31.25,0.5994,37.77,lowmid
S8x4x4-LD22-H0.3-F0.6-A4-s42,mid,0.3,priced,7,78.0,43.2,8,480,90.0,budget,1,31.25,0.5994,37.77,lowmid
S8x4x4-LD22-H0.3-F0.6-A4-s42,mid,0.3,priced,11,75.0,42.08,8,480,87.667,budget,1,31.25,0.5833,37.77,lowmid
S8x4x4-LD22-H0.3-F0.6-A4-s42,mid,0.3,priced,19,77.0,41.64,7,420,99.143,budget,1,31.25,0.5942,37.77,lowmid
S8x4x4-LD22-H0.3-F0.6-A4-s42,mid,0.3,priced,23,81.0,42.74,8,480,89.042,budget,1,31.25,0.6142,37.77,lowmid
S8x4x4-LD22-H0.3-F0.6-A4-s42,mid,0.3,priced,31,83.0,40.29,7,420,95.929,budget,1,31.25,0.6235,37.77,lowmid
S8x4x4-LD22-H0.3-F0.6-A4-s42,mid,0.3,priced,42,80.0,40.44,7,420,96.286,budget,1,31.25,0.6094,37.77,lowmid
S8x4x4-LD22-H0.3-F0.6-A4-s42,mid,0.3,priced,47,74.0,41.82,8,480,87.125,budget,1,31.25,0.5777,37.77,lowmid
S8x4x4-LD22-H0.3-F0.6-A4-s42,mid,0.3,priced,53,73.0,37.91,7,420,90.262,budget,1,31.25,0.5719,37.77,lowmid
S8x4x4-LD22-H0.3-F0.6-A4-s42,mid,0.3,priced,2024,78.0,38.15,7,420,90.833,budget,1,31.25,0.5994,37.77,lowmid
S8x4x4-LD22-H0.5-F0.6-A4-s42,mid,0.5,rule,3,122.0,0.0,,,,,1,25.0,0.7951,46.67,lowmid
S8x4x4-LD22-H0.5-F0.6-A4-s42,mid,0.5,rule,7,122.0,0.0,,,,,1,25.0,0.7951,46.67,lowmid
S8x4x4-LD22-H0.5-F0.6-A4-s42,mid,0.5,rule,11,122.0,0.0,,,,,1,25.0,0.7951,46.67,lowmid
S8x4x4-LD22-H0.5-F0.6-A4-s42,mid,0.5,rule,19,122.0,0.0,,,,,1,25.0,0.7951,46.67,lowmid
S8x4x4-LD22-H0.5-F0.6-A4-s42,mid,0.5,rule,23,122.0,0.0,,,,,1,25.0,0.7951,46.67,lowmid
S8x4x4-LD22-H0.5-F0.6-A4-s42,mid,0.5,rule,31,122.0,0.0,,,,,1,25.0,0.7951,46.67,lowmid
S8x4x4-LD22-H0.5-F0.6-A4-s42,mid,0.5,rule,42,122.0,0.0,,,,,1,25.0,0.7951,46.67,lowmid
S8x4x4-LD22-H0.5-F0.6-A4-s42,mid,0.5,rule,47,122.0,0.0,,,,,1,25.0,0.7951,46.67,lowmid
S8x4x4-LD22-H0.5-F0.6-A4-s42,mid,0.5,rule,53,122.0,0.0,,,,,1,25.0,0.7951,46.67,lowmid
S8x4x4-LD22-H0.5-F0.6-A4-s42,mid,0.5,rule,2024,122.0,0.0,,,,,1,25.0,0.7951,46.67,lowmid
S8x4x4-LD22-H0.5-F0.6-A4-s42,mid,0.5,twostage,3,67.0,46.69,1939,116340,0.401,budget,1,25.0,0.6269,46.67,lowmid
S8x4x4-LD22-H0.5-F0.6-A4-s42,mid,0.5,twostage,7,71.0,46.69,1892,113520,0.411,budget,1,25.0,0.6479,46.67,lowmid
S8x4x4-LD22-H0.5-F0.6-A4-s42,mid,0.5,twostage,11,65.0,46.68,1973,118380,0.394,budget,1,25.0,0.6154,46.67,lowmid
S8x4x4-LD22-H0.5-F0.6-A4-s42,mid,0.5,twostage,19,66.0,46.68,2142,128520,0.363,budget,1,25.0,0.6212,46.67,lowmid
S8x4x4-LD22-H0.5-F0.6-A4-s42,mid,0.5,twostage,23,62.0,46.68,2269,136140,0.343,budget,1,25.0,0.5968,46.67,lowmid
S8x4x4-LD22-H0.5-F0.6-A4-s42,mid,0.5,twostage,31,67.0,46.69,1972,118320,0.395,budget,1,25.0,0.6269,46.67,lowmid
S8x4x4-LD22-H0.5-F0.6-A4-s42,mid,0.5,twostage,42,68.0,46.68,2029,121740,0.383,budget,1,25.0,0.6324,46.67,lowmid
S8x4x4-LD22-H0.5-F0.6-A4-s42,mid,0.5,twostage,47,71.0,46.69,1985,119100,0.392,budget,1,25.0,0.6479,46.67,lowmid
S8x4x4-LD22-H0.5-F0.6-A4-s42,mid,0.5,twostage,53,61.0,46.68,2071,124260,0.376,budget,1,25.0,0.5902,46.67,lowmid
S8x4x4-LD22-H0.5-F0.6-A4-s42,mid,0.5,twostage,2024,67.0,46.68,2148,128880,0.362,budget,1,25.0,0.6269,46.67,lowmid
S8x4x4-LD22-H0.5-F0.6-A4-s42,mid,0.5,nofeedback,3,62.0,46.87,74,4440,10.556,budget,1,25.0,0.5968,46.67,lowmid
S8x4x4-LD22-H0.5-F0.6-A4-s42,mid,0.5,nofeedback,7,66.0,47.08,72,4320,10.898,budget,1,25.0,0.6212,46.67,lowmid
S8x4x4-LD22-H0.5-F0.6-A4-s42,mid,0.5,nofeedback,11,65.0,46.92,76,4560,10.289,budget,1,25.0,0.6154,46.67,lowmid
S8x4x4-LD22-H0.5-F0.6-A4-s42,mid,0.5,nofeedback,19,65.0,47.22,77,4620,10.221,budget,1,25.0,0.6154,46.67,lowmid
S8x4x4-LD22-H0.5-F0.6-A4-s42,mid,0.5,nofeedback,23,64.0,47.13,76,4560,10.336,budget,1,25.0,0.6094,46.67,lowmid
S8x4x4-LD22-H0.5-F0.6-A4-s42,mid,0.5,nofeedback,31,66.0,46.76,73,4380,10.676,budget,1,25.0,0.6212,46.67,lowmid
S8x4x4-LD22-H0.5-F0.6-A4-s42,mid,0.5,nofeedback,42,66.0,47.03,76,4560,10.314,budget,1,25.0,0.6212,46.67,lowmid
S8x4x4-LD22-H0.5-F0.6-A4-s42,mid,0.5,nofeedback,47,69.0,47.15,75,4500,10.478,budget,1,25.0,0.6377,46.67,lowmid
S8x4x4-LD22-H0.5-F0.6-A4-s42,mid,0.5,nofeedback,53,60.0,46.82,80,4800,9.754,budget,1,25.0,0.5833,46.67,lowmid
S8x4x4-LD22-H0.5-F0.6-A4-s42,mid,0.5,nofeedback,2024,69.0,47.05,75,4500,10.456,budget,1,25.0,0.6377,46.67,lowmid
S8x4x4-LD22-H0.5-F0.6-A4-s42,mid,0.5,opendispatch,3,61.0,46.84,247,14820,3.161,budget,1,25.0,0.5902,46.67,lowmid
S8x4x4-LD22-H0.5-F0.6-A4-s42,mid,0.5,opendispatch,7,66.0,46.81,232,13920,3.363,budget,1,25.0,0.6212,46.67,lowmid
S8x4x4-LD22-H0.5-F0.6-A4-s42,mid,0.5,opendispatch,11,65.0,46.84,239,14340,3.266,budget,1,25.0,0.6154,46.67,lowmid
S8x4x4-LD22-H0.5-F0.6-A4-s42,mid,0.5,opendispatch,19,64.0,46.68,255,15300,3.051,budget,1,25.0,0.6094,46.67,lowmid
S8x4x4-LD22-H0.5-F0.6-A4-s42,mid,0.5,opendispatch,23,62.0,46.68,223,13380,3.489,budget,1,25.0,0.5968,46.67,lowmid
S8x4x4-LD22-H0.5-F0.6-A4-s42,mid,0.5,opendispatch,31,70.0,46.77,229,13740,3.404,budget,1,25.0,0.6429,46.67,lowmid
S8x4x4-LD22-H0.5-F0.6-A4-s42,mid,0.5,opendispatch,42,65.0,46.84,245,14700,3.186,budget,1,25.0,0.6154,46.67,lowmid
S8x4x4-LD22-H0.5-F0.6-A4-s42,mid,0.5,opendispatch,47,65.0,46.69,217,13020,3.586,budget,1,25.0,0.6154,46.67,lowmid
S8x4x4-LD22-H0.5-F0.6-A4-s42,mid,0.5,opendispatch,53,67.0,46.68,225,13500,3.458,budget,1,25.0,0.6269,46.67,lowmid
S8x4x4-LD22-H0.5-F0.6-A4-s42,mid,0.5,opendispatch,2024,64.0,46.86,214,12840,3.65,budget,1,25.0,0.6094,46.67,lowmid
S8x4x4-LD22-H0.5-F0.6-A4-s42,mid,0.5,opendispatch_nols,3,65.0,46.68,365,21900,2.132,budget,1,25.0,0.6154,46.67,lowmid
S8x4x4-LD22-H0.5-F0.6-A4-s42,mid,0.5,opendispatch_nols,7,64.0,46.74,388,23280,2.008,budget,1,25.0,0.6094,46.67,lowmid
S8x4x4-LD22-H0.5-F0.6-A4-s42,mid,0.5,opendispatch_nols,11,65.0,46.75,414,24840,1.882,budget,1,25.0,0.6154,46.67,lowmid
S8x4x4-LD22-H0.5-F0.6-A4-s42,mid,0.5,opendispatch_nols,19,62.0,46.74,424,25440,1.837,budget,1,25.0,0.5968,46.67,lowmid
S8x4x4-LD22-H0.5-F0.6-A4-s42,mid,0.5,opendispatch_nols,23,60.0,46.77,377,22620,2.068,budget,1,25.0,0.5833,46.67,lowmid
S8x4x4-LD22-H0.5-F0.6-A4-s42,mid,0.5,opendispatch_nols,31,60.0,46.72,377,22620,2.065,budget,1,25.0,0.5833,46.67,lowmid
S8x4x4-LD22-H0.5-F0.6-A4-s42,mid,0.5,opendispatch_nols,42,67.0,46.72,345,20700,2.257,budget,1,25.0,0.6269,46.67,lowmid
S8x4x4-LD22-H0.5-F0.6-A4-s42,mid,0.5,opendispatch_nols,47,68.0,46.73,347,20820,2.244,budget,1,25.0,0.6324,46.67,lowmid
S8x4x4-LD22-H0.5-F0.6-A4-s42,mid,0.5,opendispatch_nols,53,60.0,46.75,380,22800,2.05,budget,1,25.0,0.5833,46.67,lowmid
S8x4x4-LD22-H0.5-F0.6-A4-s42,mid,0.5,opendispatch_nols,2024,65.0,46.79,369,22140,2.113,budget,1,25.0,0.6154,46.67,lowmid
S8x4x4-LD22-H0.5-F0.6-A4-s42,mid,0.5,nostagger,3,66.0,47.14,49,2940,16.034,budget,1,25.0,0.6212,46.67,lowmid
S8x4x4-LD22-H0.5-F0.6-A4-s42,mid,0.5,nostagger,7,69.0,47.18,47,2820,16.73,budget,1,25.0,0.6377,46.67,lowmid
S8x4x4-LD22-H0.5-F0.6-A4-s42,mid,0.5,nostagger,11,64.0,47.23,48,2880,16.399,budget,1,25.0,0.6094,46.67,lowmid
S8x4x4-LD22-H0.5-F0.6-A4-s42,mid,0.5,nostagger,19,65.0,46.79,50,3000,15.597,budget,1,25.0,0.6154,46.67,lowmid
S8x4x4-LD22-H0.5-F0.6-A4-s42,mid,0.5,nostagger,23,69.0,47.27,49,2940,16.078,budget,1,25.0,0.6377,46.67,lowmid
S8x4x4-LD22-H0.5-F0.6-A4-s42,mid,0.5,nostagger,31,68.0,47.16,48,2880,16.375,budget,1,25.0,0.6324,46.67,lowmid
S8x4x4-LD22-H0.5-F0.6-A4-s42,mid,0.5,nostagger,42,68.0,46.99,48,2880,16.316,budget,1,25.0,0.6324,46.67,lowmid
S8x4x4-LD22-H0.5-F0.6-A4-s42,mid,0.5,nostagger,47,66.0,47.38,52,3120,15.186,budget,1,25.0,0.6212,46.67,lowmid
S8x4x4-LD22-H0.5-F0.6-A4-s42,mid,0.5,nostagger,53,66.0,46.76,49,2940,15.905,budget,1,25.0,0.6212,46.67,lowmid
S8x4x4-LD22-H0.5-F0.6-A4-s42,mid,0.5,nostagger,2024,64.0,47.17,51,3060,15.415,budget,1,25.0,0.6094,46.67,lowmid
S8x4x4-LD22-H0.5-F0.6-A4-s42,mid,0.5,closed,3,64.0,46.74,46,2760,16.935,budget,1,25.0,0.6094,46.67,lowmid
S8x4x4-LD22-H0.5-F0.6-A4-s42,mid,0.5,closed,7,69.0,46.84,44,2640,17.742,budget,1,25.0,0.6377,46.67,lowmid
S8x4x4-LD22-H0.5-F0.6-A4-s42,mid,0.5,closed,11,63.0,46.82,46,2760,16.964,budget,1,25.0,0.6032,46.67,lowmid
S8x4x4-LD22-H0.5-F0.6-A4-s42,mid,0.5,closed,19,64.0,47.17,45,2700,17.47,budget,1,25.0,0.6094,46.67,lowmid
S8x4x4-LD22-H0.5-F0.6-A4-s42,mid,0.5,closed,23,66.0,46.89,46,2760,16.989,budget,1,25.0,0.6212,46.67,lowmid
S8x4x4-LD22-H0.5-F0.6-A4-s42,mid,0.5,closed,31,65.0,47.3,47,2820,16.773,budget,1,25.0,0.6154,46.67,lowmid
S8x4x4-LD22-H0.5-F0.6-A4-s42,mid,0.5,closed,42,68.0,47.6,48,2880,16.528,budget,1,25.0,0.6324,46.67,lowmid
S8x4x4-LD22-H0.5-F0.6-A4-s42,mid,0.5,closed,47,64.0,46.83,49,2940,15.929,budget,1,25.0,0.6094,46.67,lowmid
S8x4x4-LD22-H0.5-F0.6-A4-s42,mid,0.5,closed,53,61.0,47.09,46,2760,17.062,budget,1,25.0,0.5902,46.67,lowmid
S8x4x4-LD22-H0.5-F0.6-A4-s42,mid,0.5,closed,2024,62.0,46.99,45,2700,17.404,budget,1,25.0,0.5968,46.67,lowmid
S8x4x4-LD22-H0.5-F0.6-A4-s42,mid,0.5,priced,3,70.0,50.09,9,540,92.759,budget,1,25.0,0.6429,46.67,lowmid
S8x4x4-LD22-H0.5-F0.6-A4-s42,mid,0.5,priced,7,71.0,49.45,9,540,91.574,budget,1,25.0,0.6479,46.67,lowmid
S8x4x4-LD22-H0.5-F0.6-A4-s42,mid,0.5,priced,11,71.0,49.33,10,600,82.217,budget,1,25.0,0.6479,46.67,lowmid
S8x4x4-LD22-H0.5-F0.6-A4-s42,mid,0.5,priced,19,72.0,46.71,9,540,86.5,budget,1,25.0,0.6528,46.67,lowmid
S8x4x4-LD22-H0.5-F0.6-A4-s42,mid,0.5,priced,23,71.0,48.02,9,540,88.926,budget,1,25.0,0.6479,46.67,lowmid
S8x4x4-LD22-H0.5-F0.6-A4-s42,mid,0.5,priced,31,72.0,50.05,10,600,83.417,budget,1,25.0,0.6528,46.67,lowmid
S8x4x4-LD22-H0.5-F0.6-A4-s42,mid,0.5,priced,42,69.0,52.41,9,540,97.056,budget,1,25.0,0.6377,46.67,lowmid
S8x4x4-LD22-H0.5-F0.6-A4-s42,mid,0.5,priced,47,75.0,48.39,9,540,89.611,budget,1,25.0,0.6667,46.67,lowmid
S8x4x4-LD22-H0.5-F0.6-A4-s42,mid,0.5,priced,53,67.0,48.01,9,540,88.907,budget,1,25.0,0.6269,46.67,lowmid
S8x4x4-LD22-H0.5-F0.6-A4-s42,mid,0.5,priced,2024,76.0,47.23,8,480,98.396,budget,1,25.0,0.6711,46.67,lowmid
S8x4x4-LD21-H0-F0.6-A4-s42,high,0.0,rule,3,187.0,0.0,,,,,1,44.75,0.7607,40.79,p3
S8x4x4-LD21-H0-F0.6-A4-s42,high,0.0,rule,7,187.0,0.0,,,,,1,44.75,0.7607,40.79,p3
S8x4x4-LD21-H0-F0.6-A4-s42,high,0.0,rule,11,187.0,0.0,,,,,1,44.75,0.7607,40.79,p3
S8x4x4-LD21-H0-F0.6-A4-s42,high,0.0,rule,19,187.0,0.0,,,,,1,44.75,0.7607,40.79,p3
S8x4x4-LD21-H0-F0.6-A4-s42,high,0.0,rule,23,187.0,0.0,,,,,1,44.75,0.7607,40.79,p3
S8x4x4-LD21-H0-F0.6-A4-s42,high,0.0,rule,31,187.0,0.0,,,,,1,44.75,0.7607,40.79,p3
S8x4x4-LD21-H0-F0.6-A4-s42,high,0.0,rule,42,187.0,0.0,,,,,1,44.75,0.7607,40.79,p3
S8x4x4-LD21-H0-F0.6-A4-s42,high,0.0,rule,47,187.0,0.0,,,,,1,44.75,0.7607,40.79,p3
S8x4x4-LD21-H0-F0.6-A4-s42,high,0.0,rule,53,187.0,0.0,,,,,1,44.75,0.7607,40.79,p3
S8x4x4-LD21-H0-F0.6-A4-s42,high,0.0,rule,2024,187.0,0.0,,,,,1,44.75,0.7607,40.79,p3
S8x4x4-LD21-H0-F0.6-A4-s42,high,0.0,twostage,3,69.0,40.81,1480,88800,0.46,budget,1,44.75,0.3514,40.79,p3
S8x4x4-LD21-H0-F0.6-A4-s42,high,0.0,twostage,7,80.0,40.8,1619,97140,0.42,budget,1,44.75,0.4406,40.79,p3
S8x4x4-LD21-H0-F0.6-A4-s42,high,0.0,twostage,11,80.0,40.82,1533,91980,0.444,budget,1,44.75,0.4406,40.79,p3
S8x4x4-LD21-H0-F0.6-A4-s42,high,0.0,twostage,19,80.0,40.81,1545,92700,0.44,budget,1,44.75,0.4406,40.79,p3
S8x4x4-LD21-H0-F0.6-A4-s42,high,0.0,twostage,23,82.0,40.8,1668,100080,0.408,budget,1,44.75,0.4543,40.79,p3
S8x4x4-LD21-H0-F0.6-A4-s42,high,0.0,twostage,31,85.0,40.81,1627,97620,0.418,budget,1,44.75,0.4735,40.79,p3
S8x4x4-LD21-H0-F0.6-A4-s42,high,0.0,twostage,42,84.0,40.79,1503,90180,0.452,budget,1,44.75,0.4673,40.79,p3
S8x4x4-LD21-H0-F0.6-A4-s42,high,0.0,twostage,47,73.0,40.81,1631,97860,0.417,budget,1,44.75,0.387,40.79,p3
S8x4x4-LD21-H0-F0.6-A4-s42,high,0.0,twostage,53,92.0,40.81,1801,108060,0.378,budget,1,44.75,0.5136,40.79,p3
S8x4x4-LD21-H0-F0.6-A4-s42,high,0.0,twostage,2024,80.0,40.81,1535,92100,0.443,budget,1,44.75,0.4406,40.79,p3
S8x4x4-LD21-H0-F0.6-A4-s42,high,0.0,nofeedback,3,70.0,41.13,63,3780,10.881,budget,1,44.75,0.3607,40.79,p3
S8x4x4-LD21-H0-F0.6-A4-s42,high,0.0,nofeedback,7,74.0,41.11,64,3840,10.706,budget,1,44.75,0.3953,40.79,p3
S8x4x4-LD21-H0-F0.6-A4-s42,high,0.0,nofeedback,11,70.0,40.87,69,4140,9.872,budget,1,44.75,0.3607,40.79,p3
S8x4x4-LD21-H0-F0.6-A4-s42,high,0.0,nofeedback,19,76.0,41.02,65,3900,10.518,budget,1,44.75,0.4112,40.79,p3
S8x4x4-LD21-H0-F0.6-A4-s42,high,0.0,nofeedback,23,72.0,41.04,72,4320,9.5,budget,1,44.75,0.3785,40.79,p3
S8x4x4-LD21-H0-F0.6-A4-s42,high,0.0,nofeedback,31,77.0,41.15,69,4140,9.94,budget,1,44.75,0.4188,40.79,p3
S8x4x4-LD21-H0-F0.6-A4-s42,high,0.0,nofeedback,42,74.0,41.13,67,4020,10.231,budget,1,44.75,0.3953,40.79,p3
S8x4x4-LD21-H0-F0.6-A4-s42,high,0.0,nofeedback,47,72.0,41.26,75,4500,9.169,budget,1,44.75,0.3785,40.79,p3
S8x4x4-LD21-H0-F0.6-A4-s42,high,0.0,nofeedback,53,74.0,41.12,69,4140,9.932,budget,1,44.75,0.3953,40.79,p3
S8x4x4-LD21-H0-F0.6-A4-s42,high,0.0,nofeedback,2024,72.0,40.98,71,4260,9.62,budget,1,44.75,0.3785,40.79,p3
S8x4x4-LD21-H0-F0.6-A4-s42,high,0.0,opendispatch,3,70.0,40.88,174,10440,3.916,budget,1,44.75,0.3607,40.79,p3
S8x4x4-LD21-H0-F0.6-A4-s42,high,0.0,opendispatch,7,71.0,40.93,201,12060,3.394,budget,1,44.75,0.3697,40.79,p3
S8x4x4-LD21-H0-F0.6-A4-s42,high,0.0,opendispatch,11,73.0,40.93,207,12420,3.295,budget,1,44.75,0.387,40.79,p3
S8x4x4-LD21-H0-F0.6-A4-s42,high,0.0,opendispatch,19,83.0,40.85,209,12540,3.258,budget,1,44.75,0.4608,40.79,p3
S8x4x4-LD21-H0-F0.6-A4-s42,high,0.0,opendispatch,23,73.0,40.91,221,13260,3.085,budget,1,44.75,0.387,40.79,p3
S8x4x4-LD21-H0-F0.6-A4-s42,high,0.0,opendispatch,31,78.0,40.93,197,11820,3.463,budget,1,44.75,0.4263,40.79,p3
S8x4x4-LD21-H0-F0.6-A4-s42,high,0.0,opendispatch,42,76.0,40.89,181,10860,3.765,budget,1,44.75,0.4112,40.79,p3
S8x4x4-LD21-H0-F0.6-A4-s42,high,0.0,opendispatch,47,69.0,40.92,209,12540,3.263,budget,1,44.75,0.3514,40.79,p3
S8x4x4-LD21-H0-F0.6-A4-s42,high,0.0,opendispatch,53,83.0,40.96,191,11460,3.574,budget,1,44.75,0.4608,40.79,p3
S8x4x4-LD21-H0-F0.6-A4-s42,high,0.0,opendispatch,2024,74.0,40.95,184,11040,3.709,budget,1,44.75,0.3953,40.79,p3
S8x4x4-LD21-H0-F0.6-A4-s42,high,0.0,opendispatch_nols,3,74.0,40.84,315,18900,2.161,budget,1,44.75,0.3953,40.79,p3
S8x4x4-LD21-H0-F0.6-A4-s42,high,0.0,opendispatch_nols,7,74.0,40.92,313,18780,2.179,budget,1,44.75,0.3953,40.79,p3
S8x4x4-LD21-H0-F0.6-A4-s42,high,0.0,opendispatch_nols,11,71.0,40.8,325,19500,2.092,budget,1,44.75,0.3697,40.79,p3
S8x4x4-LD21-H0-F0.6-A4-s42,high,0.0,opendispatch_nols,19,70.0,40.88,340,20400,2.004,budget,1,44.75,0.3607,40.79,p3
S8x4x4-LD21-H0-F0.6-A4-s42,high,0.0,opendispatch_nols,23,68.0,40.87,327,19620,2.083,budget,1,44.75,0.3419,40.79,p3
S8x4x4-LD21-H0-F0.6-A4-s42,high,0.0,opendispatch_nols,31,68.0,40.88,325,19500,2.096,budget,1,44.75,0.3419,40.79,p3
S8x4x4-LD21-H0-F0.6-A4-s42,high,0.0,opendispatch_nols,42,71.0,40.82,315,18900,2.16,budget,1,44.75,0.3697,40.79,p3
S8x4x4-LD21-H0-F0.6-A4-s42,high,0.0,opendispatch_nols,47,68.0,40.86,323,19380,2.108,budget,1,44.75,0.3419,40.79,p3
S8x4x4-LD21-H0-F0.6-A4-s42,high,0.0,opendispatch_nols,53,73.0,40.88,328,19680,2.077,budget,1,44.75,0.387,40.79,p3
S8x4x4-LD21-H0-F0.6-A4-s42,high,0.0,opendispatch_nols,2024,73.0,40.81,301,18060,2.26,budget,1,44.75,0.387,40.79,p3
S8x4x4-LD21-H0-F0.6-A4-s42,high,0.0,nostagger,3,72.0,40.9,42,2520,16.23,budget,1,44.75,0.3785,40.79,p3
S8x4x4-LD21-H0-F0.6-A4-s42,high,0.0,nostagger,7,74.0,41.51,39,2340,17.739,budget,1,44.75,0.3953,40.79,p3
S8x4x4-LD21-H0-F0.6-A4-s42,high,0.0,nostagger,11,77.0,40.86,46,2760,14.804,budget,1,44.75,0.4188,40.79,p3
S8x4x4-LD21-H0-F0.6-A4-s42,high,0.0,nostagger,19,80.0,41.21,42,2520,16.353,budget,1,44.75,0.4406,40.79,p3
S8x4x4-LD21-H0-F0.6-A4-s42,high,0.0,nostagger,23,80.0,40.82,44,2640,15.462,budget,1,44.75,0.4406,40.79,p3
S8x4x4-LD21-H0-F0.6-A4-s42,high,0.0,nostagger,31,75.0,41.37,46,2760,14.989,budget,1,44.75,0.4033,40.79,p3
S8x4x4-LD21-H0-F0.6-A4-s42,high,0.0,nostagger,42,85.0,41.97,39,2340,17.936,budget,1,44.75,0.4735,40.79,p3
S8x4x4-LD21-H0-F0.6-A4-s42,high,0.0,nostagger,47,70.0,41.18,44,2640,15.598,budget,1,44.75,0.3607,40.79,p3
S8x4x4-LD21-H0-F0.6-A4-s42,high,0.0,nostagger,53,70.0,41.53,49,2940,14.126,budget,1,44.75,0.3607,40.79,p3
S8x4x4-LD21-H0-F0.6-A4-s42,high,0.0,nostagger,2024,70.0,41.34,45,2700,15.311,budget,1,44.75,0.3607,40.79,p3
S8x4x4-LD21-H0-F0.6-A4-s42,high,0.0,closed,3,76.0,41.02,36,2160,18.991,budget,1,44.75,0.4112,40.79,p3
S8x4x4-LD21-H0-F0.6-A4-s42,high,0.0,closed,7,73.0,41.38,35,2100,19.705,budget,1,44.75,0.387,40.79,p3
S8x4x4-LD21-H0-F0.6-A4-s42,high,0.0,closed,11,68.0,41.1,43,2580,15.93,budget,1,44.75,0.3419,40.79,p3
S8x4x4-LD21-H0-F0.6-A4-s42,high,0.0,closed,19,69.0,41.63,40,2400,17.346,budget,1,44.75,0.3514,40.79,p3
S8x4x4-LD21-H0-F0.6-A4-s42,high,0.0,closed,23,80.0,41.2,44,2640,15.606,budget,1,44.75,0.4406,40.79,p3
S8x4x4-LD21-H0-F0.6-A4-s42,high,0.0,closed,31,73.0,41.2,44,2640,15.606,budget,1,44.75,0.387,40.79,p3
S8x4x4-LD21-H0-F0.6-A4-s42,high,0.0,closed,42,84.0,41.45,35,2100,19.738,budget,1,44.75,0.4673,40.79,p3
S8x4x4-LD21-H0-F0.6-A4-s42,high,0.0,closed,47,74.0,40.81,41,2460,16.589,budget,1,44.75,0.3953,40.79,p3
S8x4x4-LD21-H0-F0.6-A4-s42,high,0.0,closed,53,68.0,40.89,45,2700,15.144,budget,1,44.75,0.3419,40.79,p3
S8x4x4-LD21-H0-F0.6-A4-s42,high,0.0,closed,2024,74.0,40.81,40,2400,17.004,budget,1,44.75,0.3953,40.79,p3
S8x4x4-LD21-H0-F0.6-A4-s42,high,0.0,priced,3,77.0,42.47,8,480,88.479,budget,1,44.75,0.4188,40.79,p3
S8x4x4-LD21-H0-F0.6-A4-s42,high,0.0,priced,7,82.0,43.12,8,480,89.833,budget,1,44.75,0.4543,40.79,p3
S8x4x4-LD21-H0-F0.6-A4-s42,high,0.0,priced,11,80.0,41.67,9,540,77.167,budget,1,44.75,0.4406,40.79,p3
S8x4x4-LD21-H0-F0.6-A4-s42,high,0.0,priced,19,89.0,41.44,8,480,86.333,budget,1,44.75,0.4972,40.79,p3
S8x4x4-LD21-H0-F0.6-A4-s42,high,0.0,priced,23,82.0,42.87,9,540,79.389,budget,1,44.75,0.4543,40.79,p3
S8x4x4-LD21-H0-F0.6-A4-s42,high,0.0,priced,31,85.0,43.82,9,540,81.148,budget,1,44.75,0.4735,40.79,p3
S8x4x4-LD21-H0-F0.6-A4-s42,high,0.0,priced,42,85.0,45.34,9,540,83.963,budget,1,44.75,0.4735,40.79,p3
S8x4x4-LD21-H0-F0.6-A4-s42,high,0.0,priced,47,84.0,45.8,9,540,84.815,budget,1,44.75,0.4673,40.79,p3
S8x4x4-LD21-H0-F0.6-A4-s42,high,0.0,priced,53,86.0,43.56,9,540,80.667,budget,1,44.75,0.4797,40.79,p3
S8x4x4-LD21-H0-F0.6-A4-s42,high,0.0,priced,2024,84.0,42.97,8,480,89.521,budget,1,44.75,0.4673,40.79,p3
S8x4x4-LD21-H0.15-F0.6-A4-s42,high,0.15,rule,3,151.0,0.0,,,,,1,38.75,0.7434,42.19,p3
S8x4x4-LD21-H0.15-F0.6-A4-s42,high,0.15,rule,7,151.0,0.0,,,,,1,38.75,0.7434,42.19,p3
S8x4x4-LD21-H0.15-F0.6-A4-s42,high,0.15,rule,11,151.0,0.0,,,,,1,38.75,0.7434,42.19,p3
S8x4x4-LD21-H0.15-F0.6-A4-s42,high,0.15,rule,19,151.0,0.0,,,,,1,38.75,0.7434,42.19,p3
S8x4x4-LD21-H0.15-F0.6-A4-s42,high,0.15,rule,23,151.0,0.0,,,,,1,38.75,0.7434,42.19,p3
S8x4x4-LD21-H0.15-F0.6-A4-s42,high,0.15,rule,31,151.0,0.0,,,,,1,38.75,0.7434,42.19,p3
S8x4x4-LD21-H0.15-F0.6-A4-s42,high,0.15,rule,42,151.0,0.0,,,,,1,38.75,0.7434,42.19,p3
S8x4x4-LD21-H0.15-F0.6-A4-s42,high,0.15,rule,47,151.0,0.0,,,,,1,38.75,0.7434,42.19,p3
S8x4x4-LD21-H0.15-F0.6-A4-s42,high,0.15,rule,53,151.0,0.0,,,,,1,38.75,0.7434,42.19,p3
S8x4x4-LD21-H0.15-F0.6-A4-s42,high,0.15,rule,2024,151.0,0.0,,,,,1,38.75,0.7434,42.19,p3
S8x4x4-LD21-H0.15-F0.6-A4-s42,high,0.15,twostage,3,73.0,42.21,1882,112920,0.374,budget,1,38.75,0.4692,42.19,p3
S8x4x4-LD21-H0.15-F0.6-A4-s42,high,0.15,twostage,7,78.0,42.21,1747,104820,0.403,budget,1,38.75,0.5032,42.19,p3
S8x4x4-LD21-H0.15-F0.6-A4-s42,high,0.15,twostage,11,81.0,42.22,1745,104700,0.403,budget,1,38.75,0.5216,42.19,p3
S8x4x4-LD21-H0.15-F0.6-A4-s42,high,0.15,twostage,19,81.0,42.2,1785,107100,0.394,budget,1,38.75,0.5216,42.19,p3
S8x4x4-LD21-H0.15-F0.6-A4-s42,high,0.15,twostage,23,78.0,42.21,1736,104160,0.405,budget,1,38.75,0.5032,42.19,p3
S8x4x4-LD21-H0.15-F0.6-A4-s42,high,0.15,twostage,31,78.0,42.21,1821,109260,0.386,budget,1,38.75,0.5032,42.19,p3
S8x4x4-LD21-H0.15-F0.6-A4-s42,high,0.15,twostage,42,80.0,42.2,1751,105060,0.402,budget,1,38.75,0.5156,42.19,p3
S8x4x4-LD21-H0.15-F0.6-A4-s42,high,0.15,twostage,47,80.0,42.2,1783,106980,0.394,budget,1,38.75,0.5156,42.19,p3
S8x4x4-LD21-H0.15-F0.6-A4-s42,high,0.15,twostage,53,75.0,42.2,1859,111540,0.378,budget,1,38.75,0.4833,42.19,p3
S8x4x4-LD21-H0.15-F0.6-A4-s42,high,0.15,twostage,2024,78.0,42.21,1751,105060,0.402,budget,1,38.75,0.5032,42.19,p3
S8x4x4-LD21-H0.15-F0.6-A4-s42,high,0.15,nofeedback,3,67.0,42.42,73,4380,9.685,budget,1,38.75,0.4216,42.19,p3
S8x4x4-LD21-H0.15-F0.6-A4-s42,high,0.15,nofeedback,7,73.0,42.63,72,4320,9.868,budget,1,38.75,0.4692,42.19,p3
S8x4x4-LD21-H0.15-F0.6-A4-s42,high,0.15,nofeedback,11,75.0,42.36,81,4860,8.716,budget,1,38.75,0.4833,42.19,p3
S8x4x4-LD21-H0.15-F0.6-A4-s42,high,0.15,nofeedback,19,69.0,42.65,73,4380,9.737,budget,1,38.75,0.4384,42.19,p3
S8x4x4-LD21-H0.15-F0.6-A4-s42,high,0.15,nofeedback,23,67.0,42.3,75,4500,9.4,budget,1,38.75,0.4216,42.19,p3
S8x4x4-LD21-H0.15-F0.6-A4-s42,high,0.15,nofeedback,31,75.0,42.66,69,4140,10.304,budget,1,38.75,0.4833,42.19,p3
S8x4x4-LD21-H0.15-F0.6-A4-s42,high,0.15,nofeedback,42,73.0,42.69,69,4140,10.312,budget,1,38.75,0.4692,42.19,p3
S8x4x4-LD21-H0.15-F0.6-A4-s42,high,0.15,nofeedback,47,73.0,42.7,75,4500,9.489,budget,1,38.75,0.4692,42.19,p3
S8x4x4-LD21-H0.15-F0.6-A4-s42,high,0.15,nofeedback,53,71.0,42.58,79,4740,8.983,budget,1,38.75,0.4542,42.19,p3
S8x4x4-LD21-H0.15-F0.6-A4-s42,high,0.15,nofeedback,2024,70.0,42.61,78,4680,9.105,budget,1,38.75,0.4464,42.19,p3
S8x4x4-LD21-H0.15-F0.6-A4-s42,high,0.15,opendispatch,3,72.0,42.22,235,14100,2.994,budget,1,38.75,0.4618,42.19,p3
S8x4x4-LD21-H0.15-F0.6-A4-s42,high,0.15,opendispatch,7,77.0,42.26,202,12120,3.487,budget,1,38.75,0.4968,42.19,p3
S8x4x4-LD21-H0.15-F0.6-A4-s42,high,0.15,opendispatch,11,72.0,42.29,250,15000,2.819,budget,1,38.75,0.4618,42.19,p3
S8x4x4-LD21-H0.15-F0.6-A4-s42,high,0.15,opendispatch,19,71.0,42.34,206,12360,3.426,budget,1,38.75,0.4542,42.19,p3
S8x4x4-LD21-H0.15-F0.6-A4-s42,high,0.15,opendispatch,23,73.0,42.3,219,13140,3.219,budget,1,38.75,0.4692,42.19,p3
S8x4x4-LD21-H0.15-F0.6-A4-s42,high,0.15,opendispatch,31,72.0,42.35,202,12120,3.494,budget,1,38.75,0.4618,42.19,p3
S8x4x4-LD21-H0.15-F0.6-A4-s42,high,0.15,opendispatch,42,72.0,42.3,213,12780,3.31,budget,1,38.75,0.4618,42.19,p3
S8x4x4-LD21-H0.15-F0.6-A4-s42,high,0.15,opendispatch,47,76.0,42.34,196,11760,3.6,budget,1,38.75,0.4901,42.19,p3
S8x4x4-LD21-H0.15-F0.6-A4-s42,high,0.15,opendispatch,53,67.0,42.29,231,13860,3.051,budget,1,38.75,0.4216,42.19,p3
S8x4x4-LD21-H0.15-F0.6-A4-s42,high,0.15,opendispatch,2024,74.0,42.33,218,13080,3.236,budget,1,38.75,0.4764,42.19,p3
S8x4x4-LD21-H0.15-F0.6-A4-s42,high,0.15,opendispatch_nols,3,69.0,42.28,332,19920,2.122,budget,1,38.75,0.4384,42.19,p3
S8x4x4-LD21-H0.15-F0.6-A4-s42,high,0.15,opendispatch_nols,7,72.0,42.22,316,18960,2.227,budget,1,38.75,0.4618,42.19,p3
S8x4x4-LD21-H0.15-F0.6-A4-s42,high,0.15,opendispatch_nols,11,73.0,42.23,353,21180,1.994,budget,1,38.75,0.4692,42.19,p3
S8x4x4-LD21-H0.15-F0.6-A4-s42,high,0.15,opendispatch_nols,19,70.0,42.27,347,20820,2.03,budget,1,38.75,0.4464,42.19,p3
S8x4x4-LD21-H0.15-F0.6-A4-s42,high,0.15,opendispatch_nols,23,67.0,42.25,354,21240,1.989,budget,1,38.75,0.4216,42.19,p3
S8x4x4-LD21-H0.15-F0.6-A4-s42,high,0.15,opendispatch_nols,31,72.0,42.2,345,20700,2.039,budget,1,38.75,0.4618,42.19,p3
S8x4x4-LD21-H0.15-F0.6-A4-s42,high,0.15,opendispatch_nols,42,70.0,42.26,334,20040,2.109,budget,1,38.75,0.4464,42.19,p3
S8x4x4-LD21-H0.15-F0.6-A4-s42,high,0.15,opendispatch_nols,47,74.0,42.27,329,19740,2.141,budget,1,38.75,0.4764,42.19,p3
S8x4x4-LD21-H0.15-F0.6-A4-s42,high,0.15,opendispatch_nols,53,73.0,42.19,313,18780,2.247,budget,1,38.75,0.4692,42.19,p3
S8x4x4-LD21-H0.15-F0.6-A4-s42,high,0.15,opendispatch_nols,2024,78.0,42.3,336,20160,2.098,budget,1,38.75,0.5032,42.19,p3
S8x4x4-LD21-H0.15-F0.6-A4-s42,high,0.15,nostagger,3,73.0,42.36,52,3120,13.577,budget,1,38.75,0.4692,42.19,p3
S8x4x4-LD21-H0.15-F0.6-A4-s42,high,0.15,nostagger,7,74.0,42.41,49,2940,14.425,budget,1,38.75,0.4764,42.19,p3
S8x4x4-LD21-H0.15-F0.6-A4-s42,high,0.15,nostagger,11,71.0,42.88,48,2880,14.889,budget,1,38.75,0.4542,42.19,p3
S8x4x4-LD21-H0.15-F0.6-A4-s42,high,0.15,nostagger,19,70.0,42.46,48,2880,14.743,budget,1,38.75,0.4464,42.19,p3
S8x4x4-LD21-H0.15-F0.6-A4-s42,high,0.15,nostagger,23,67.0,42.6,48,2880,14.792,budget,1,38.75,0.4216,42.19,p3
S8x4x4-LD21-H0.15-F0.6-A4-s42,high,0.15,nostagger,31,76.0,42.26,47,2820,14.986,budget,1,38.75,0.4901,42.19,p3
S8x4x4-LD21-H0.15-F0.6-A4-s42,high,0.15,nostagger,42,79.0,43.06,47,2820,15.27,budget,1,38.75,0.5095,42.19,p3
S8x4x4-LD21-H0.15-F0.6-A4-s42,high,0.15,nostagger,47,72.0,42.66,54,3240,13.167,budget,1,38.75,0.4618,42.19,p3
S8x4x4-LD21-H0.15-F0.6-A4-s42,high,0.15,nostagger,53,73.0,42.42,50,3000,14.14,budget,1,38.75,0.4692,42.19,p3
S8x4x4-LD21-H0.15-F0.6-A4-s42,high,0.15,nostagger,2024,70.0,42.94,52,3120,13.763,budget,1,38.75,0.4464,42.19,p3
S8x4x4-LD21-H0.15-F0.6-A4-s42,high,0.15,closed,3,71.0,42.36,46,2760,15.348,budget,1,38.75,0.4542,42.19,p3
S8x4x4-LD21-H0.15-F0.6-A4-s42,high,0.15,closed,7,72.0,42.79,49,2940,14.554,budget,1,38.75,0.4618,42.19,p3
S8x4x4-LD21-H0.15-F0.6-A4-s42,high,0.15,closed,11,68.0,42.74,49,2940,14.537,budget,1,38.75,0.4301,42.19,p3
S8x4x4-LD21-H0.15-F0.6-A4-s42,high,0.15,closed,19,70.0,42.97,47,2820,15.238,budget,1,38.75,0.4464,42.19,p3
S8x4x4-LD21-H0.15-F0.6-A4-s42,high,0.15,closed,23,77.0,42.6,46,2760,15.435,budget,1,38.75,0.4968,42.19,p3
S8x4x4-LD21-H0.15-F0.6-A4-s42,high,0.15,closed,31,72.0,42.64,45,2700,15.793,budget,1,38.75,0.4618,42.19,p3
S8x4x4-LD21-H0.15-F0.6-A4-s42,high,0.15,closed,42,79.0,43.14,42,2520,17.119,budget,1,38.75,0.5095,42.19,p3
S8x4x4-LD21-H0.15-F0.6-A4-s42,high,0.15,closed,47,71.0,42.58,46,2760,15.428,budget,1,38.75,0.4542,42.19,p3
S8x4x4-LD21-H0.15-F0.6-A4-s42,high,0.15,closed,53,75.0,42.97,45,2700,15.915,budget,1,38.75,0.4833,42.19,p3
S8x4x4-LD21-H0.15-F0.6-A4-s42,high,0.15,closed,2024,70.0,42.63,50,3000,14.21,budget,1,38.75,0.4464,42.19,p3
S8x4x4-LD21-H0.15-F0.6-A4-s42,high,0.15,priced,3,78.0,45.98,10,600,76.633,budget,1,38.75,0.5032,42.19,p3
S8x4x4-LD21-H0.15-F0.6-A4-s42,high,0.15,priced,7,83.0,43.93,10,600,73.217,budget,1,38.75,0.5331,42.19,p3
S8x4x4-LD21-H0.15-F0.6-A4-s42,high,0.15,priced,11,81.0,44.75,10,600,74.583,budget,1,38.75,0.5216,42.19,p3
S8x4x4-LD21-H0.15-F0.6-A4-s42,high,0.15,priced,19,81.0,42.97,9,540,79.574,budget,1,38.75,0.5216,42.19,p3
S8x4x4-LD21-H0.15-F0.6-A4-s42,high,0.15,priced,23,79.0,42.68,9,540,79.037,budget,1,38.75,0.5095,42.19,p3
S8x4x4-LD21-H0.15-F0.6-A4-s42,high,0.15,priced,31,88.0,43.64,9,540,80.815,budget,1,38.75,0.5597,42.19,p3
S8x4x4-LD21-H0.15-F0.6-A4-s42,high,0.15,priced,42,78.0,46.0,10,600,76.667,budget,1,38.75,0.5032,42.19,p3
S8x4x4-LD21-H0.15-F0.6-A4-s42,high,0.15,priced,47,81.0,42.79,10,600,71.317,budget,1,38.75,0.5216,42.19,p3
S8x4x4-LD21-H0.15-F0.6-A4-s42,high,0.15,priced,53,85.0,43.31,10,600,72.183,budget,1,38.75,0.5441,42.19,p3
S8x4x4-LD21-H0.15-F0.6-A4-s42,high,0.15,priced,2024,82.0,45.87,10,600,76.45,budget,1,38.75,0.5274,42.19,p3
S8x4x4-LD21-H0.3-F0.6-A4-s42,high,0.3,rule,3,133.0,0.0,,,,,1,31.25,0.765,46.71,p3
S8x4x4-LD21-H0.3-F0.6-A4-s42,high,0.3,rule,7,133.0,0.0,,,,,1,31.25,0.765,46.71,p3
S8x4x4-LD21-H0.3-F0.6-A4-s42,high,0.3,rule,11,133.0,0.0,,,,,1,31.25,0.765,46.71,p3
S8x4x4-LD21-H0.3-F0.6-A4-s42,high,0.3,rule,19,133.0,0.0,,,,,1,31.25,0.765,46.71,p3
S8x4x4-LD21-H0.3-F0.6-A4-s42,high,0.3,rule,23,133.0,0.0,,,,,1,31.25,0.765,46.71,p3
S8x4x4-LD21-H0.3-F0.6-A4-s42,high,0.3,rule,31,133.0,0.0,,,,,1,31.25,0.765,46.71,p3
S8x4x4-LD21-H0.3-F0.6-A4-s42,high,0.3,rule,42,133.0,0.0,,,,,1,31.25,0.765,46.71,p3
S8x4x4-LD21-H0.3-F0.6-A4-s42,high,0.3,rule,47,133.0,0.0,,,,,1,31.25,0.765,46.71,p3
S8x4x4-LD21-H0.3-F0.6-A4-s42,high,0.3,rule,53,133.0,0.0,,,,,1,31.25,0.765,46.71,p3
S8x4x4-LD21-H0.3-F0.6-A4-s42,high,0.3,rule,2024,133.0,0.0,,,,,1,31.25,0.765,46.71,p3
S8x4x4-LD21-H0.3-F0.6-A4-s42,high,0.3,twostage,3,63.0,46.72,1920,115200,0.406,budget,1,31.25,0.504,46.71,p3
S8x4x4-LD21-H0.3-F0.6-A4-s42,high,0.3,twostage,7,83.0,46.73,1993,119580,0.391,budget,1,31.25,0.6235,46.71,p3
S8x4x4-LD21-H0.3-F0.6-A4-s42,high,0.3,twostage,11,74.0,46.74,1928,115680,0.404,budget,1,31.25,0.5777,46.71,p3
S8x4x4-LD21-H0.3-F0.6-A4-s42,high,0.3,twostage,19,79.0,46.73,1973,118380,0.395,budget,1,31.25,0.6044,46.71,p3
S8x4x4-LD21-H0.3-F0.6-A4-s42,high,0.3,twostage,23,75.0,46.72,1960,117600,0.397,budget,1,31.25,0.5833,46.71,p3
S8x4x4-LD21-H0.3-F0.6-A4-s42,high,0.3,twostage,31,81.0,46.73,1968,118080,0.396,budget,1,31.25,0.6142,46.71,p3
S8x4x4-LD21-H0.3-F0.6-A4-s42,high,0.3,twostage,42,81.0,46.72,2091,125460,0.372,budget,1,31.25,0.6142,46.71,p3
S8x4x4-LD21-H0.3-F0.6-A4-s42,high,0.3,twostage,47,73.0,46.73,2011,120660,0.387,budget,1,31.25,0.5719,46.71,p3
S8x4x4-LD21-H0.3-F0.6-A4-s42,high,0.3,twostage,53,79.0,46.72,2078,124680,0.375,budget,1,31.25,0.6044,46.71,p3
S8x4x4-LD21-H0.3-F0.6-A4-s42,high,0.3,twostage,2024,86.0,46.72,1971,118260,0.395,budget,1,31.25,0.6366,46.71,p3
S8x4x4-LD21-H0.3-F0.6-A4-s42,high,0.3,nofeedback,3,73.0,47.28,82,4920,9.61,budget,1,31.25,0.5719,46.71,p3
S8x4x4-LD21-H0.3-F0.6-A4-s42,high,0.3,nofeedback,7,69.0,46.91,83,4980,9.42,budget,1,31.25,0.5471,46.71,p3
S8x4x4-LD21-H0.3-F0.6-A4-s42,high,0.3,nofeedback,11,71.0,46.78,85,5100,9.173,budget,1,31.25,0.5599,46.71,p3
S8x4x4-LD21-H0.3-F0.6-A4-s42,high,0.3,nofeedback,19,72.0,46.93,85,5100,9.202,budget,1,31.25,0.566,46.71,p3
S8x4x4-LD21-H0.3-F0.6-A4-s42,high,0.3,nofeedback,23,72.0,47.04,83,4980,9.446,budget,1,31.25,0.566,46.71,p3
S8x4x4-LD21-H0.3-F0.6-A4-s42,high,0.3,nofeedback,31,68.0,46.93,77,4620,10.158,budget,1,31.25,0.5404,46.71,p3
S8x4x4-LD21-H0.3-F0.6-A4-s42,high,0.3,nofeedback,42,69.0,47.1,82,4920,9.573,budget,1,31.25,0.5471,46.71,p3
S8x4x4-LD21-H0.3-F0.6-A4-s42,high,0.3,nofeedback,47,70.0,47.16,89,5340,8.831,budget,1,31.25,0.5536,46.71,p3
S8x4x4-LD21-H0.3-F0.6-A4-s42,high,0.3,nofeedback,53,67.0,47.11,88,5280,8.922,budget,1,31.25,0.5336,46.71,p3
S8x4x4-LD21-H0.3-F0.6-A4-s42,high,0.3,nofeedback,2024,67.0,46.93,90,5400,8.691,budget,1,31.25,0.5336,46.71,p3
S8x4x4-LD21-H0.3-F0.6-A4-s42,high,0.3,opendispatch,3,69.0,46.8,242,14520,3.223,budget,1,31.25,0.5471,46.71,p3
S8x4x4-LD21-H0.3-F0.6-A4-s42,high,0.3,opendispatch,7,68.0,46.73,229,13740,3.401,budget,1,31.25,0.5404,46.71,p3
S8x4x4-LD21-H0.3-F0.6-A4-s42,high,0.3,opendispatch,11,71.0,46.73,276,16560,2.822,budget,1,31.25,0.5599,46.71,p3
S8x4x4-LD21-H0.3-F0.6-A4-s42,high,0.3,opendispatch,19,70.0,46.77,257,15420,3.033,budget,1,31.25,0.5536,46.71,p3
S8x4x4-LD21-H0.3-F0.6-A4-s42,high,0.3,opendispatch,23,75.0,46.87,236,14160,3.31,budget,1,31.25,0.5833,46.71,p3
S8x4x4-LD21-H0.3-F0.6-A4-s42,high,0.3,opendispatch,31,67.0,46.87,263,15780,2.97,budget,1,31.25,0.5336,46.71,p3
S8x4x4-LD21-H0.3-F0.6-A4-s42,high,0.3,opendispatch,42,75.0,46.9,227,13620,3.443,budget,1,31.25,0.5833,46.71,p3
S8x4x4-LD21-H0.3-F0.6-A4-s42,high,0.3,opendispatch,47,68.0,46.76,241,14460,3.234,budget,1,31.25,0.5404,46.71,p3
S8x4x4-LD21-H0.3-F0.6-A4-s42,high,0.3,opendispatch,53,71.0,46.89,215,12900,3.635,budget,1,31.25,0.5599,46.71,p3
S8x4x4-LD21-H0.3-F0.6-A4-s42,high,0.3,opendispatch,2024,72.0,46.78,243,14580,3.209,budget,1,31.25,0.566,46.71,p3
S8x4x4-LD21-H0.3-F0.6-A4-s42,high,0.3,opendispatch_nols,3,69.0,46.79,376,22560,2.074,budget,1,31.25,0.5471,46.71,p3
S8x4x4-LD21-H0.3-F0.6-A4-s42,high,0.3,opendispatch_nols,7,72.0,46.77,362,21720,2.153,budget,1,31.25,0.566,46.71,p3
S8x4x4-LD21-H0.3-F0.6-A4-s42,high,0.3,opendispatch_nols,11,70.0,46.79,368,22080,2.119,budget,1,31.25,0.5536,46.71,p3
S8x4x4-LD21-H0.3-F0.6-A4-s42,high,0.3,opendispatch_nols,19,65.0,46.76,370,22200,2.106,budget,1,31.25,0.5192,46.71,p3
S8x4x4-LD21-H0.3-F0.6-A4-s42,high,0.3,opendispatch_nols,23,64.0,46.8,374,22440,2.086,budget,1,31.25,0.5117,46.71,p3
S8x4x4-LD21-H0.3-F0.6-A4-s42,high,0.3,opendispatch_nols,31,70.0,46.71,387,23220,2.012,budget,1,31.25,0.5536,46.71,p3
S8x4x4-LD21-H0.3-F0.6-A4-s42,high,0.3,opendispatch_nols,42,69.0,46.79,364,21840,2.142,budget,1,31.25,0.5471,46.71,p3
S8x4x4-LD21-H0.3-F0.6-A4-s42,high,0.3,opendispatch_nols,47,66.0,46.78,380,22800,2.052,budget,1,31.25,0.5265,46.71,p3
S8x4x4-LD21-H0.3-F0.6-A4-s42,high,0.3,opendispatch_nols,53,72.0,46.82,357,21420,2.186,budget,1,31.25,0.566,46.71,p3
S8x4x4-LD21-H0.3-F0.6-A4-s42,high,0.3,opendispatch_nols,2024,70.0,46.76,377,22620,2.067,budget,1,31.25,0.5536,46.71,p3
S8x4x4-LD21-H0.3-F0.6-A4-s42,high,0.3,nostagger,3,69.0,47.33,57,3420,13.839,budget,1,31.25,0.5471,46.71,p3
S8x4x4-LD21-H0.3-F0.6-A4-s42,high,0.3,nostagger,7,67.0,46.95,54,3240,14.491,budget,1,31.25,0.5336,46.71,p3
S8x4x4-LD21-H0.3-F0.6-A4-s42,high,0.3,nostagger,11,70.0,46.92,51,3060,15.333,budget,1,31.25,0.5536,46.71,p3
S8x4x4-LD21-H0.3-F0.6-A4-s42,high,0.3,nostagger,19,68.0,46.92,57,3420,13.719,budget,1,31.25,0.5404,46.71,p3
S8x4x4-LD21-H0.3-F0.6-A4-s42,high,0.3,nostagger,23,69.0,46.73,56,3360,13.908,budget,1,31.25,0.5471,46.71,p3
S8x4x4-LD21-H0.3-F0.6-A4-s42,high,0.3,nostagger,31,72.0,47.22,56,3360,14.054,budget,1,31.25,0.566,46.71,p3
S8x4x4-LD21-H0.3-F0.6-A4-s42,high,0.3,nostagger,42,66.0,47.52,56,3360,14.143,budget,1,31.25,0.5265,46.71,p3
S8x4x4-LD21-H0.3-F0.6-A4-s42,high,0.3,nostagger,47,73.0,46.77,53,3180,14.708,budget,1,31.25,0.5719,46.71,p3
S8x4x4-LD21-H0.3-F0.6-A4-s42,high,0.3,nostagger,53,66.0,46.95,58,3480,13.491,budget,1,31.25,0.5265,46.71,p3
S8x4x4-LD21-H0.3-F0.6-A4-s42,high,0.3,nostagger,2024,72.0,46.84,52,3120,15.013,budget,1,31.25,0.566,46.71,p3
S8x4x4-LD21-H0.3-F0.6-A4-s42,high,0.3,closed,3,70.0,47.15,49,2940,16.037,budget,1,31.25,0.5536,46.71,p3
S8x4x4-LD21-H0.3-F0.6-A4-s42,high,0.3,closed,7,69.0,47.09,49,2940,16.017,budget,1,31.25,0.5471,46.71,p3
S8x4x4-LD21-H0.3-F0.6-A4-s42,high,0.3,closed,11,71.0,47.21,51,3060,15.428,budget,1,31.25,0.5599,46.71,p3
S8x4x4-LD21-H0.3-F0.6-A4-s42,high,0.3,closed,19,69.0,47.01,53,3180,14.783,budget,1,31.25,0.5471,46.71,p3
S8x4x4-LD21-H0.3-F0.6-A4-s42,high,0.3,closed,23,67.0,47.18,50,3000,15.727,budget,1,31.25,0.5336,46.71,p3
S8x4x4-LD21-H0.3-F0.6-A4-s42,high,0.3,closed,31,72.0,46.8,53,3180,14.717,budget,1,31.25,0.566,46.71,p3
S8x4x4-LD21-H0.3-F0.6-A4-s42,high,0.3,closed,42,71.0,47.4,47,2820,16.809,budget,1,31.25,0.5599,46.71,p3
S8x4x4-LD21-H0.3-F0.6-A4-s42,high,0.3,closed,47,71.0,46.93,53,3180,14.758,budget,1,31.25,0.5599,46.71,p3
S8x4x4-LD21-H0.3-F0.6-A4-s42,high,0.3,closed,53,66.0,47.53,53,3180,14.947,budget,1,31.25,0.5265,46.71,p3
S8x4x4-LD21-H0.3-F0.6-A4-s42,high,0.3,closed,2024,82.0,46.74,41,2460,19.0,budget,1,31.25,0.6189,46.71,p3
S8x4x4-LD21-H0.3-F0.6-A4-s42,high,0.3,priced,3,77.0,49.83,10,600,83.05,budget,1,31.25,0.5942,46.71,p3
S8x4x4-LD21-H0.3-F0.6-A4-s42,high,0.3,priced,7,81.0,50.08,10,600,83.467,budget,1,31.25,0.6142,46.71,p3
S8x4x4-LD21-H0.3-F0.6-A4-s42,high,0.3,priced,11,80.0,49.57,10,600,82.617,budget,1,31.25,0.6094,46.71,p3
S8x4x4-LD21-H0.3-F0.6-A4-s42,high,0.3,priced,19,74.0,48.56,10,600,80.933,budget,1,31.25,0.5777,46.71,p3
S8x4x4-LD21-H0.3-F0.6-A4-s42,high,0.3,priced,23,72.0,47.39,10,600,78.983,budget,1,31.25,0.566,46.71,p3
S8x4x4-LD21-H0.3-F0.6-A4-s42,high,0.3,priced,31,78.0,49.59,11,660,75.136,budget,1,31.25,0.5994,46.71,p3
S8x4x4-LD21-H0.3-F0.6-A4-s42,high,0.3,priced,42,74.0,47.2,10,600,78.667,budget,1,31.25,0.5777,46.71,p3
S8x4x4-LD21-H0.3-F0.6-A4-s42,high,0.3,priced,47,74.0,50.47,11,660,76.47,budget,1,31.25,0.5777,46.71,p3
S8x4x4-LD21-H0.3-F0.6-A4-s42,high,0.3,priced,53,66.0,49.56,11,660,75.091,budget,1,31.25,0.5265,46.71,p3
S8x4x4-LD21-H0.3-F0.6-A4-s42,high,0.3,priced,2024,84.0,50.23,10,600,83.717,budget,1,31.25,0.628,46.71,p3
S8x4x4-LD21-H0.5-F0.6-A4-s42,high,0.5,rule,3,131.0,0.0,,,,,1,25.0,0.8092,50.32,p3
S8x4x4-LD21-H0.5-F0.6-A4-s42,high,0.5,rule,7,131.0,0.0,,,,,1,25.0,0.8092,50.32,p3
S8x4x4-LD21-H0.5-F0.6-A4-s42,high,0.5,rule,11,131.0,0.0,,,,,1,25.0,0.8092,50.32,p3
S8x4x4-LD21-H0.5-F0.6-A4-s42,high,0.5,rule,19,131.0,0.0,,,,,1,25.0,0.8092,50.32,p3
S8x4x4-LD21-H0.5-F0.6-A4-s42,high,0.5,rule,23,131.0,0.0,,,,,1,25.0,0.8092,50.32,p3
S8x4x4-LD21-H0.5-F0.6-A4-s42,high,0.5,rule,31,131.0,0.0,,,,,1,25.0,0.8092,50.32,p3
S8x4x4-LD21-H0.5-F0.6-A4-s42,high,0.5,rule,42,131.0,0.0,,,,,1,25.0,0.8092,50.32,p3
S8x4x4-LD21-H0.5-F0.6-A4-s42,high,0.5,rule,47,131.0,0.0,,,,,1,25.0,0.8092,50.32,p3
S8x4x4-LD21-H0.5-F0.6-A4-s42,high,0.5,rule,53,131.0,0.0,,,,,1,25.0,0.8092,50.32,p3
S8x4x4-LD21-H0.5-F0.6-A4-s42,high,0.5,rule,2024,131.0,0.0,,,,,1,25.0,0.8092,50.32,p3
S8x4x4-LD21-H0.5-F0.6-A4-s42,high,0.5,twostage,3,73.0,50.35,2035,122100,0.412,budget,1,25.0,0.6575,50.32,p3
S8x4x4-LD21-H0.5-F0.6-A4-s42,high,0.5,twostage,7,73.0,50.33,1978,118680,0.424,budget,1,25.0,0.6575,50.32,p3
S8x4x4-LD21-H0.5-F0.6-A4-s42,high,0.5,twostage,11,66.0,50.34,2079,124740,0.404,budget,1,25.0,0.6212,50.32,p3
S8x4x4-LD21-H0.5-F0.6-A4-s42,high,0.5,twostage,19,71.0,50.33,2270,136200,0.37,budget,1,25.0,0.6479,50.32,p3
S8x4x4-LD21-H0.5-F0.6-A4-s42,high,0.5,twostage,23,67.0,50.34,2430,145800,0.345,budget,1,25.0,0.6269,50.32,p3
S8x4x4-LD21-H0.5-F0.6-A4-s42,high,0.5,twostage,31,67.0,50.33,2108,126480,0.398,budget,1,25.0,0.6269,50.32,p3
S8x4x4-LD21-H0.5-F0.6-A4-s42,high,0.5,twostage,42,71.0,50.34,2153,129180,0.39,budget,1,25.0,0.6479,50.32,p3
S8x4x4-LD21-H0.5-F0.6-A4-s42,high,0.5,twostage,47,79.0,50.33,2121,127260,0.395,budget,1,25.0,0.6835,50.32,p3
S8x4x4-LD21-H0.5-F0.6-A4-s42,high,0.5,twostage,53,67.0,50.34,2195,131700,0.382,budget,1,25.0,0.6269,50.32,p3
S8x4x4-LD21-H0.5-F0.6-A4-s42,high,0.5,twostage,2024,69.0,50.32,2253,135180,0.372,budget,1,25.0,0.6377,50.32,p3
S8x4x4-LD21-H0.5-F0.6-A4-s42,high,0.5,nofeedback,3,66.0,50.36,91,5460,9.223,budget,1,25.0,0.6212,50.32,p3
S8x4x4-LD21-H0.5-F0.6-A4-s42,high,0.5,nofeedback,7,61.0,50.75,86,5160,9.835,budget,1,25.0,0.5902,50.32,p3
S8x4x4-LD21-H0.5-F0.6-A4-s42,high,0.5,nofeedback,11,69.0,50.33,88,5280,9.532,budget,1,25.0,0.6377,50.32,p3
S8x4x4-LD21-H0.5-F0.6-A4-s42,high,0.5,nofeedback,19,66.0,50.46,91,5460,9.242,budget,1,25.0,0.6212,50.32,p3
S8x4x4-LD21-H0.5-F0.6-A4-s42,high,0.5,nofeedback,23,62.0,50.33,91,5460,9.218,budget,1,25.0,0.5968,50.32,p3
S8x4x4-LD21-H0.5-F0.6-A4-s42,high,0.5,nofeedback,31,65.0,50.76,87,5220,9.724,budget,1,25.0,0.6154,50.32,p3
S8x4x4-LD21-H0.5-F0.6-A4-s42,high,0.5,nofeedback,42,64.0,50.52,91,5460,9.253,budget,1,25.0,0.6094,50.32,p3
S8x4x4-LD21-H0.5-F0.6-A4-s42,high,0.5,nofeedback,47,66.0,50.64,93,5580,9.075,budget,1,25.0,0.6212,50.32,p3
S8x4x4-LD21-H0.5-F0.6-A4-s42,high,0.5,nofeedback,53,63.0,50.63,91,5460,9.273,budget,1,25.0,0.6032,50.32,p3
S8x4x4-LD21-H0.5-F0.6-A4-s42,high,0.5,nofeedback,2024,65.0,50.42,95,5700,8.846,budget,1,25.0,0.6154,50.32,p3
S8x4x4-LD21-H0.5-F0.6-A4-s42,high,0.5,opendispatch,3,63.0,50.34,271,16260,3.096,budget,1,25.0,0.6032,50.32,p3
S8x4x4-LD21-H0.5-F0.6-A4-s42,high,0.5,opendispatch,7,70.0,50.49,268,16080,3.14,budget,1,25.0,0.6429,50.32,p3
S8x4x4-LD21-H0.5-F0.6-A4-s42,high,0.5,opendispatch,11,66.0,50.47,257,15420,3.273,budget,1,25.0,0.6212,50.32,p3
S8x4x4-LD21-H0.5-F0.6-A4-s42,high,0.5,opendispatch,19,71.0,50.39,260,15600,3.23,budget,1,25.0,0.6479,50.32,p3
S8x4x4-LD21-H0.5-F0.6-A4-s42,high,0.5,opendispatch,23,68.0,50.33,325,19500,2.581,budget,1,25.0,0.6324,50.32,p3
S8x4x4-LD21-H0.5-F0.6-A4-s42,high,0.5,opendispatch,31,63.0,50.43,287,17220,2.929,budget,1,25.0,0.6032,50.32,p3
S8x4x4-LD21-H0.5-F0.6-A4-s42,high,0.5,opendispatch,42,70.0,50.5,246,14760,3.421,budget,1,25.0,0.6429,50.32,p3
S8x4x4-LD21-H0.5-F0.6-A4-s42,high,0.5,opendispatch,47,67.0,50.38,266,15960,3.157,budget,1,25.0,0.6269,50.32,p3
S8x4x4-LD21-H0.5-F0.6-A4-s42,high,0.5,opendispatch,53,64.0,50.41,256,15360,3.282,budget,1,25.0,0.6094,50.32,p3
S8x4x4-LD21-H0.5-F0.6-A4-s42,high,0.5,opendispatch,2024,72.0,50.47,279,16740,3.015,budget,1,25.0,0.6528,50.32,p3
S8x4x4-LD21-H0.5-F0.6-A4-s42,high,0.5,opendispatch_nols,3,61.0,50.35,427,25620,1.965,budget,1,25.0,0.5902,50.32,p3
S8x4x4-LD21-H0.5-F0.6-A4-s42,high,0.5,opendispatch_nols,7,62.0,50.43,395,23700,2.128,budget,1,25.0,0.5968,50.32,p3
S8x4x4-LD21-H0.5-F0.6-A4-s42,high,0.5,opendispatch_nols,11,65.0,50.35,383,22980,2.191,budget,1,25.0,0.6154,50.32,p3
S8x4x4-LD21-H0.5-F0.6-A4-s42,high,0.5,opendispatch_nols,19,62.0,50.37,417,25020,2.013,budget,1,25.0,0.5968,50.32,p3
S8x4x4-LD21-H0.5-F0.6-A4-s42,high,0.5,opendispatch_nols,23,66.0,50.37,392,23520,2.142,budget,1,25.0,0.6212,50.32,p3
S8x4x4-LD21-H0.5-F0.6-A4-s42,high,0.5,opendispatch_nols,31,61.0,50.36,432,25920,1.943,budget,1,25.0,0.5902,50.32,p3
S8x4x4-LD21-H0.5-F0.6-A4-s42,high,0.5,opendispatch_nols,42,65.0,50.37,435,26100,1.93,budget,1,25.0,0.6154,50.32,p3
S8x4x4-LD21-H0.5-F0.6-A4-s42,high,0.5,opendispatch_nols,47,71.0,50.35,411,24660,2.042,budget,1,25.0,0.6479,50.32,p3
S8x4x4-LD21-H0.5-F0.6-A4-s42,high,0.5,opendispatch_nols,53,66.0,50.33,361,21660,2.324,budget,1,25.0,0.6212,50.32,p3
S8x4x4-LD21-H0.5-F0.6-A4-s42,high,0.5,opendispatch_nols,2024,67.0,50.39,409,24540,2.053,budget,1,25.0,0.6269,50.32,p3
S8x4x4-LD21-H0.5-F0.6-A4-s42,high,0.5,nostagger,3,66.0,50.56,64,3840,13.167,budget,1,25.0,0.6212,50.32,p3
S8x4x4-LD21-H0.5-F0.6-A4-s42,high,0.5,nostagger,7,65.0,50.42,58,3480,14.489,budget,1,25.0,0.6154,50.32,p3
S8x4x4-LD21-H0.5-F0.6-A4-s42,high,0.5,nostagger,11,65.0,50.72,63,3780,13.418,budget,1,25.0,0.6154,50.32,p3
S8x4x4-LD21-H0.5-F0.6-A4-s42,high,0.5,nostagger,19,72.0,50.72,57,3420,14.83,budget,1,25.0,0.6528,50.32,p3
S8x4x4-LD21-H0.5-F0.6-A4-s42,high,0.5,nostagger,23,62.0,50.62,62,3720,13.608,budget,1,25.0,0.5968,50.32,p3
S8x4x4-LD21-H0.5-F0.6-A4-s42,high,0.5,nostagger,31,69.0,50.83,60,3600,14.119,budget,1,25.0,0.6377,50.32,p3
S8x4x4-LD21-H0.5-F0.6-A4-s42,high,0.5,nostagger,42,58.0,50.59,61,3660,13.822,budget,1,25.0,0.569,50.32,p3
S8x4x4-LD21-H0.5-F0.6-A4-s42,high,0.5,nostagger,47,73.0,50.76,62,3720,13.645,budget,1,25.0,0.6575,50.32,p3
S8x4x4-LD21-H0.5-F0.6-A4-s42,high,0.5,nostagger,53,65.0,50.66,62,3720,13.618,budget,1,25.0,0.6154,50.32,p3
S8x4x4-LD21-H0.5-F0.6-A4-s42,high,0.5,nostagger,2024,70.0,51.18,57,3420,14.965,budget,1,25.0,0.6429,50.32,p3
S8x4x4-LD21-H0.5-F0.6-A4-s42,high,0.5,closed,3,72.0,51.05,51,3060,16.683,budget,1,25.0,0.6528,50.32,p3
S8x4x4-LD21-H0.5-F0.6-A4-s42,high,0.5,closed,7,66.0,50.68,54,3240,15.642,budget,1,25.0,0.6212,50.32,p3
S8x4x4-LD21-H0.5-F0.6-A4-s42,high,0.5,closed,11,67.0,50.41,55,3300,15.276,budget,1,25.0,0.6269,50.32,p3
S8x4x4-LD21-H0.5-F0.6-A4-s42,high,0.5,closed,19,67.0,50.64,52,3120,16.231,budget,1,25.0,0.6269,50.32,p3
S8x4x4-LD21-H0.5-F0.6-A4-s42,high,0.5,closed,23,66.0,50.55,56,3360,15.045,budget,1,25.0,0.6212,50.32,p3
S8x4x4-LD21-H0.5-F0.6-A4-s42,high,0.5,closed,31,65.0,51.32,50,3000,17.107,budget,1,25.0,0.6154,50.32,p3
S8x4x4-LD21-H0.5-F0.6-A4-s42,high,0.5,closed,42,65.0,51.18,53,3180,16.094,budget,1,25.0,0.6154,50.32,p3
S8x4x4-LD21-H0.5-F0.6-A4-s42,high,0.5,closed,47,79.0,51.28,51,3060,16.758,budget,1,25.0,0.6835,50.32,p3
S8x4x4-LD21-H0.5-F0.6-A4-s42,high,0.5,closed,53,62.0,50.79,57,3420,14.851,budget,1,25.0,0.5968,50.32,p3
S8x4x4-LD21-H0.5-F0.6-A4-s42,high,0.5,closed,2024,70.0,50.64,50,3000,16.88,budget,1,25.0,0.6429,50.32,p3
S8x4x4-LD21-H0.5-F0.6-A4-s42,high,0.5,priced,3,72.0,54.56,12,720,75.778,budget,1,25.0,0.6528,50.32,p3
S8x4x4-LD21-H0.5-F0.6-A4-s42,high,0.5,priced,7,69.0,53.58,11,660,81.182,budget,1,25.0,0.6377,50.32,p3
S8x4x4-LD21-H0.5-F0.6-A4-s42,high,0.5,priced,11,76.0,53.04,11,660,80.364,budget,1,25.0,0.6711,50.32,p3
S8x4x4-LD21-H0.5-F0.6-A4-s42,high,0.5,priced,19,77.0,52.89,11,660,80.136,budget,1,25.0,0.6753,50.32,p3
S8x4x4-LD21-H0.5-F0.6-A4-s42,high,0.5,priced,23,69.0,51.53,11,660,78.076,budget,1,25.0,0.6377,50.32,p3
S8x4x4-LD21-H0.5-F0.6-A4-s42,high,0.5,priced,31,76.0,53.82,12,720,74.75,budget,1,25.0,0.6711,50.32,p3
S8x4x4-LD21-H0.5-F0.6-A4-s42,high,0.5,priced,42,72.0,54.09,11,660,81.955,budget,1,25.0,0.6528,50.32,p3
S8x4x4-LD21-H0.5-F0.6-A4-s42,high,0.5,priced,47,78.0,54.38,12,720,75.528,budget,1,25.0,0.6795,50.32,p3
S8x4x4-LD21-H0.5-F0.6-A4-s42,high,0.5,priced,53,69.0,53.23,11,660,80.652,budget,1,25.0,0.6377,50.32,p3
S8x4x4-LD21-H0.5-F0.6-A4-s42,high,0.5,priced,2024,71.0,54.12,11,660,82.0,budget,1,25.0,0.6479,50.32,p3
S8x4x4-LD11-H0-F0.6-A4-s42,funnel,0.0,rule,3,188.0,0.0,,,,,1,44.75,0.762,46.6,p3
S8x4x4-LD11-H0-F0.6-A4-s42,funnel,0.0,rule,7,188.0,0.0,,,,,1,44.75,0.762,46.6,p3
S8x4x4-LD11-H0-F0.6-A4-s42,funnel,0.0,rule,11,188.0,0.0,,,,,1,44.75,0.762,46.6,p3
S8x4x4-LD11-H0-F0.6-A4-s42,funnel,0.0,rule,19,188.0,0.0,,,,,1,44.75,0.762,46.6,p3
S8x4x4-LD11-H0-F0.6-A4-s42,funnel,0.0,rule,23,188.0,0.0,,,,,1,44.75,0.762,46.6,p3
S8x4x4-LD11-H0-F0.6-A4-s42,funnel,0.0,rule,31,188.0,0.0,,,,,1,44.75,0.762,46.6,p3
S8x4x4-LD11-H0-F0.6-A4-s42,funnel,0.0,rule,42,188.0,0.0,,,,,1,44.75,0.762,46.6,p3
S8x4x4-LD11-H0-F0.6-A4-s42,funnel,0.0,rule,47,188.0,0.0,,,,,1,44.75,0.762,46.6,p3
S8x4x4-LD11-H0-F0.6-A4-s42,funnel,0.0,rule,53,188.0,0.0,,,,,1,44.75,0.762,46.6,p3
S8x4x4-LD11-H0-F0.6-A4-s42,funnel,0.0,rule,2024,188.0,0.0,,,,,1,44.75,0.762,46.6,p3
S8x4x4-LD11-H0-F0.6-A4-s42,funnel,0.0,twostage,3,71.0,46.62,1877,112620,0.414,budget,1,44.75,0.3697,46.6,p3
S8x4x4-LD11-H0-F0.6-A4-s42,funnel,0.0,twostage,7,74.0,46.6,2042,122520,0.38,budget,1,44.75,0.3953,46.6,p3
S8x4x4-LD11-H0-F0.6-A4-s42,funnel,0.0,twostage,11,87.0,46.61,1928,115680,0.403,budget,1,44.75,0.4856,46.6,p3
S8x4x4-LD11-H0-F0.6-A4-s42,funnel,0.0,twostage,19,80.0,46.62,1927,115620,0.403,budget,1,44.75,0.4406,46.6,p3
S8x4x4-LD11-H0-F0.6-A4-s42,funnel,0.0,twostage,23,85.0,46.61,1935,116100,0.401,budget,1,44.75,0.4735,46.6,p3
S8x4x4-LD11-H0-F0.6-A4-s42,funnel,0.0,twostage,31,81.0,46.62,1990,119400,0.39,budget,1,44.75,0.4475,46.6,p3
S8x4x4-LD11-H0-F0.6-A4-s42,funnel,0.0,twostage,42,86.0,46.62,1882,112920,0.413,budget,1,44.75,0.4797,46.6,p3
S8x4x4-LD11-H0-F0.6-A4-s42,funnel,0.0,twostage,47,74.0,46.61,1937,116220,0.401,budget,1,44.75,0.3953,46.6,p3
S8x4x4-LD11-H0-F0.6-A4-s42,funnel,0.0,twostage,53,86.0,46.6,2100,126000,0.37,budget,1,44.75,0.4797,46.6,p3
S8x4x4-LD11-H0-F0.6-A4-s42,funnel,0.0,twostage,2024,87.0,46.61,1979,118740,0.393,budget,1,44.75,0.4856,46.6,p3
S8x4x4-LD11-H0-F0.6-A4-s42,funnel,0.0,nofeedback,3,72.0,46.78,92,5520,8.475,budget,1,44.75,0.3785,46.6,p3
S8x4x4-LD11-H0-F0.6-A4-s42,funnel,0.0,nofeedback,7,73.0,47.08,91,5460,8.623,budget,1,44.75,0.387,46.6,p3
S8x4x4-LD11-H0-F0.6-A4-s42,funnel,0.0,nofeedback,11,73.0,46.64,90,5400,8.637,budget,1,44.75,0.387,46.6,p3
S8x4x4-LD11-H0-F0.6-A4-s42,funnel,0.0,nofeedback,19,75.0,47.05,92,5520,8.524,budget,1,44.75,0.4033,46.6,p3
S8x4x4-LD11-H0-F0.6-A4-s42,funnel,0.0,nofeedback,23,78.0,46.89,91,5460,8.588,budget,1,44.75,0.4263,46.6,p3
S8x4x4-LD11-H0-F0.6-A4-s42,funnel,0.0,nofeedback,31,73.0,46.65,94,5640,8.271,budget,1,44.75,0.387,46.6,p3
S8x4x4-LD11-H0-F0.6-A4-s42,funnel,0.0,nofeedback,42,74.0,46.81,90,5400,8.669,budget,1,44.75,0.3953,46.6,p3
S8x4x4-LD11-H0-F0.6-A4-s42,funnel,0.0,nofeedback,47,73.0,46.69,93,5580,8.367,budget,1,44.75,0.387,46.6,p3
S8x4x4-LD11-H0-F0.6-A4-s42,funnel,0.0,nofeedback,53,71.0,46.94,92,5520,8.504,budget,1,44.75,0.3697,46.6,p3
S8x4x4-LD11-H0-F0.6-A4-s42,funnel,0.0,nofeedback,2024,73.0,46.68,96,5760,8.104,budget,1,44.75,0.387,46.6,p3
S8x4x4-LD11-H0-F0.6-A4-s42,funnel,0.0,opendispatch,3,73.0,46.62,264,15840,2.943,budget,1,44.75,0.387,46.6,p3
S8x4x4-LD11-H0-F0.6-A4-s42,funnel,0.0,opendispatch,7,78.0,46.68,249,14940,3.124,budget,1,44.75,0.4263,46.6,p3
S8x4x4-LD11-H0-F0.6-A4-s42,funnel,0.0,opendispatch,11,77.0,46.67,277,16620,2.808,budget,1,44.75,0.4188,46.6,p3
S8x4x4-LD11-H0-F0.6-A4-s42,funnel,0.0,opendispatch,19,72.0,46.75,266,15960,2.929,budget,1,44.75,0.3785,46.6,p3
S8x4x4-LD11-H0-F0.6-A4-s42,funnel,0.0,opendispatch,23,79.0,46.75,251,15060,3.104,budget,1,44.75,0.4335,46.6,p3
S8x4x4-LD11-H0-F0.6-A4-s42,funnel,0.0,opendispatch,31,73.0,46.72,298,17880,2.613,budget,1,44.75,0.387,46.6,p3
S8x4x4-LD11-H0-F0.6-A4-s42,funnel,0.0,opendispatch,42,80.0,46.67,252,15120,3.087,budget,1,44.75,0.4406,46.6,p3
S8x4x4-LD11-H0-F0.6-A4-s42,funnel,0.0,opendispatch,47,73.0,46.67,294,17640,2.646,budget,1,44.75,0.387,46.6,p3
S8x4x4-LD11-H0-F0.6-A4-s42,funnel,0.0,opendispatch,53,74.0,46.77,269,16140,2.898,budget,1,44.75,0.3953,46.6,p3
S8x4x4-LD11-H0-F0.6-A4-s42,funnel,0.0,opendispatch,2024,83.0,46.77,251,15060,3.106,budget,1,44.75,0.4608,46.6,p3
S8x4x4-LD11-H0-F0.6-A4-s42,funnel,0.0,opendispatch_nols,3,73.0,46.63,379,22740,2.051,budget,1,44.75,0.387,46.6,p3
S8x4x4-LD11-H0-F0.6-A4-s42,funnel,0.0,opendispatch_nols,7,76.0,46.68,365,21900,2.132,budget,1,44.75,0.4112,46.6,p3
S8x4x4-LD11-H0-F0.6-A4-s42,funnel,0.0,opendispatch_nols,11,72.0,46.71,400,24000,1.946,budget,1,44.75,0.3785,46.6,p3
S8x4x4-LD11-H0-F0.6-A4-s42,funnel,0.0,opendispatch_nols,19,72.0,46.61,407,24420,1.909,budget,1,44.75,0.3785,46.6,p3
S8x4x4-LD11-H0-F0.6-A4-s42,funnel,0.0,opendispatch_nols,23,72.0,46.66,432,25920,1.8,budget,1,44.75,0.3785,46.6,p3
S8x4x4-LD11-H0-F0.6-A4-s42,funnel,0.0,opendispatch_nols,31,76.0,46.69,406,24360,1.917,budget,1,44.75,0.4112,46.6,p3
S8x4x4-LD11-H0-F0.6-A4-s42,funnel,0.0,opendispatch_nols,42,72.0,46.63,388,23280,2.003,budget,1,44.75,0.3785,46.6,p3
S8x4x4-LD11-H0-F0.6-A4-s42,funnel,0.0,opendispatch_nols,47,72.0,46.62,466,27960,1.667,budget,1,44.75,0.3785,46.6,p3
S8x4x4-LD11-H0-F0.6-A4-s42,funnel,0.0,opendispatch_nols,53,75.0,46.62,395,23700,1.967,budget,1,44.75,0.4033,46.6,p3
S8x4x4-LD11-H0-F0.6-A4-s42,funnel,0.0,opendispatch_nols,2024,72.0,46.61,378,22680,2.055,budget,1,44.75,0.3785,46.6,p3
S8x4x4-LD11-H0-F0.6-A4-s42,funnel,0.0,nostagger,3,76.0,46.62,59,3540,13.169,budget,1,44.75,0.4112,46.6,p3
S8x4x4-LD11-H0-F0.6-A4-s42,funnel,0.0,nostagger,7,72.0,46.65,65,3900,11.962,budget,1,44.75,0.3785,46.6,p3
S8x4x4-LD11-H0-F0.6-A4-s42,funnel,0.0,nostagger,11,74.0,47.13,62,3720,12.669,budget,1,44.75,0.3953,46.6,p3
S8x4x4-LD11-H0-F0.6-A4-s42,funnel,0.0,nostagger,19,77.0,47.19,56,3360,14.045,budget,1,44.75,0.4188,46.6,p3
S8x4x4-LD11-H0-F0.6-A4-s42,funnel,0.0,nostagger,23,84.0,47.39,57,3420,13.857,budget,1,44.75,0.4673,46.6,p3
S8x4x4-LD11-H0-F0.6-A4-s42,funnel,0.0,nostagger,31,80.0,46.68,59,3540,13.186,budget,1,44.75,0.4406,46.6,p3
S8x4x4-LD11-H0-F0.6-A4-s42,funnel,0.0,nostagger,42,76.0,47.15,62,3720,12.675,budget,1,44.75,0.4112,46.6,p3
S8x4x4-LD11-H0-F0.6-A4-s42,funnel,0.0,nostagger,47,76.0,46.66,61,3660,12.749,budget,1,44.75,0.4112,46.6,p3
S8x4x4-LD11-H0-F0.6-A4-s42,funnel,0.0,nostagger,53,71.0,47.04,61,3660,12.852,budget,1,44.75,0.3697,46.6,p3
S8x4x4-LD11-H0-F0.6-A4-s42,funnel,0.0,nostagger,2024,77.0,46.9,57,3420,13.713,budget,1,44.75,0.4188,46.6,p3
S8x4x4-LD11-H0-F0.6-A4-s42,funnel,0.0,closed,3,71.0,46.7,54,3240,14.414,budget,1,44.75,0.3697,46.6,p3
S8x4x4-LD11-H0-F0.6-A4-s42,funnel,0.0,closed,7,69.0,47.0,60,3600,13.056,budget,1,44.75,0.3514,46.6,p3
S8x4x4-LD11-H0-F0.6-A4-s42,funnel,0.0,closed,11,75.0,47.08,57,3420,13.766,budget,1,44.75,0.4033,46.6,p3
S8x4x4-LD11-H0-F0.6-A4-s42,funnel,0.0,closed,19,73.0,47.5,52,3120,15.224,budget,1,44.75,0.387,46.6,p3
S8x4x4-LD11-H0-F0.6-A4-s42,funnel,0.0,closed,23,72.0,47.1,55,3300,14.273,budget,1,44.75,0.3785,46.6,p3
S8x4x4-LD11-H0-F0.6-A4-s42,funnel,0.0,closed,31,76.0,46.73,60,3600,12.981,budget,1,44.75,0.4112,46.6,p3
S8x4x4-LD11-H0-F0.6-A4-s42,funnel,0.0,closed,42,75.0,46.95,53,3180,14.764,budget,1,44.75,0.4033,46.6,p3
S8x4x4-LD11-H0-F0.6-A4-s42,funnel,0.0,closed,47,76.0,46.64,56,3360,13.881,budget,1,44.75,0.4112,46.6,p3
S8x4x4-LD11-H0-F0.6-A4-s42,funnel,0.0,closed,53,73.0,47.3,56,3360,14.077,budget,1,44.75,0.387,46.6,p3
S8x4x4-LD11-H0-F0.6-A4-s42,funnel,0.0,closed,2024,74.0,47.2,55,3300,14.303,budget,1,44.75,0.3953,46.6,p3
S8x4x4-LD11-H0-F0.6-A4-s42,funnel,0.0,priced,3,81.0,47.39,12,720,65.819,budget,1,44.75,0.4475,46.6,p3
S8x4x4-LD11-H0-F0.6-A4-s42,funnel,0.0,priced,7,81.0,48.44,12,720,67.278,budget,1,44.75,0.4475,46.6,p3
S8x4x4-LD11-H0-F0.6-A4-s42,funnel,0.0,priced,11,84.0,49.29,12,720,68.458,budget,1,44.75,0.4673,46.6,p3
S8x4x4-LD11-H0-F0.6-A4-s42,funnel,0.0,priced,19,78.0,49.39,11,660,74.833,budget,1,44.75,0.4263,46.6,p3
S8x4x4-LD11-H0-F0.6-A4-s42,funnel,0.0,priced,23,82.0,48.54,12,720,67.417,budget,1,44.75,0.4543,46.6,p3
S8x4x4-LD11-H0-F0.6-A4-s42,funnel,0.0,priced,31,79.0,48.13,12,720,66.847,budget,1,44.75,0.4335,46.6,p3
S8x4x4-LD11-H0-F0.6-A4-s42,funnel,0.0,priced,42,78.0,49.71,13,780,63.731,budget,1,44.75,0.4263,46.6,p3
S8x4x4-LD11-H0-F0.6-A4-s42,funnel,0.0,priced,47,77.0,47.3,11,660,71.667,budget,1,44.75,0.4188,46.6,p3
S8x4x4-LD11-H0-F0.6-A4-s42,funnel,0.0,priced,53,77.0,47.4,12,720,65.833,budget,1,44.75,0.4188,46.6,p3
S8x4x4-LD11-H0-F0.6-A4-s42,funnel,0.0,priced,2024,83.0,47.17,11,660,71.47,budget,1,44.75,0.4608,46.6,p3
S8x4x4-LD11-H0.15-F0.6-A4-s42,funnel,0.15,rule,3,152.0,0.0,,,,,1,38.75,0.7451,30.21,p3
S8x4x4-LD11-H0.15-F0.6-A4-s42,funnel,0.15,rule,7,152.0,0.0,,,,,1,38.75,0.7451,30.21,p3
S8x4x4-LD11-H0.15-F0.6-A4-s42,funnel,0.15,rule,11,152.0,0.0,,,,,1,38.75,0.7451,30.21,p3
S8x4x4-LD11-H0.15-F0.6-A4-s42,funnel,0.15,rule,19,152.0,0.0,,,,,1,38.75,0.7451,30.21,p3
S8x4x4-LD11-H0.15-F0.6-A4-s42,funnel,0.15,rule,23,152.0,0.0,,,,,1,38.75,0.7451,30.21,p3
S8x4x4-LD11-H0.15-F0.6-A4-s42,funnel,0.15,rule,31,152.0,0.0,,,,,1,38.75,0.7451,30.21,p3
S8x4x4-LD11-H0.15-F0.6-A4-s42,funnel,0.15,rule,42,152.0,0.0,,,,,1,38.75,0.7451,30.21,p3
S8x4x4-LD11-H0.15-F0.6-A4-s42,funnel,0.15,rule,47,152.0,0.0,,,,,1,38.75,0.7451,30.21,p3
S8x4x4-LD11-H0.15-F0.6-A4-s42,funnel,0.15,rule,53,152.0,0.0,,,,,1,38.75,0.7451,30.21,p3
S8x4x4-LD11-H0.15-F0.6-A4-s42,funnel,0.15,rule,2024,152.0,0.0,,,,,1,38.75,0.7451,30.21,p3
S8x4x4-LD11-H0.15-F0.6-A4-s42,funnel,0.15,twostage,3,76.0,30.21,1359,81540,0.37,budget,1,38.75,0.4901,30.21,p3
S8x4x4-LD11-H0.15-F0.6-A4-s42,funnel,0.15,twostage,7,78.0,30.24,1261,75660,0.4,budget,1,38.75,0.5032,30.21,p3
S8x4x4-LD11-H0.15-F0.6-A4-s42,funnel,0.15,twostage,11,80.0,30.22,1275,76500,0.395,budget,1,38.75,0.5156,30.21,p3
S8x4x4-LD11-H0.15-F0.6-A4-s42,funnel,0.15,twostage,19,83.0,30.22,1272,76320,0.396,budget,1,38.75,0.5331,30.21,p3
S8x4x4-LD11-H0.15-F0.6-A4-s42,funnel,0.15,twostage,23,79.0,30.23,1246,74760,0.404,budget,1,38.75,0.5095,30.21,p3
S8x4x4-LD11-H0.15-F0.6-A4-s42,funnel,0.15,twostage,31,79.0,30.21,1305,78300,0.386,budget,1,38.75,0.5095,30.21,p3
S8x4x4-LD11-H0.15-F0.6-A4-s42,funnel,0.15,twostage,42,81.0,30.21,1276,76560,0.395,budget,1,38.75,0.5216,30.21,p3
S8x4x4-LD11-H0.15-F0.6-A4-s42,funnel,0.15,twostage,47,81.0,30.22,1285,77100,0.392,budget,1,38.75,0.5216,30.21,p3
S8x4x4-LD11-H0.15-F0.6-A4-s42,funnel,0.15,twostage,53,77.0,30.23,1342,80520,0.375,budget,1,38.75,0.4968,30.21,p3
S8x4x4-LD11-H0.15-F0.6-A4-s42,funnel,0.15,twostage,2024,81.0,30.23,1235,74100,0.408,budget,1,38.75,0.5216,30.21,p3
S8x4x4-LD11-H0.15-F0.6-A4-s42,funnel,0.15,nofeedback,3,69.0,30.47,61,3660,8.325,budget,1,38.75,0.4384,30.21,p3
S8x4x4-LD11-H0.15-F0.6-A4-s42,funnel,0.15,nofeedback,7,76.0,30.21,55,3300,9.155,budget,1,38.75,0.4901,30.21,p3
S8x4x4-LD11-H0.15-F0.6-A4-s42,funnel,0.15,nofeedback,11,69.0,30.35,60,3600,8.431,budget,1,38.75,0.4384,30.21,p3
S8x4x4-LD11-H0.15-F0.6-A4-s42,funnel,0.15,nofeedback,19,76.0,30.22,54,3240,9.327,budget,1,38.75,0.4901,30.21,p3
S8x4x4-LD11-H0.15-F0.6-A4-s42,funnel,0.15,nofeedback,23,71.0,30.48,62,3720,8.194,budget,1,38.75,0.4542,30.21,p3
S8x4x4-LD11-H0.15-F0.6-A4-s42,funnel,0.15,nofeedback,31,71.0,30.28,62,3720,8.14,budget,1,38.75,0.4542,30.21,p3
S8x4x4-LD11-H0.15-F0.6-A4-s42,funnel,0.15,nofeedback,42,71.0,30.43,58,3480,8.744,budget,1,38.75,0.4542,30.21,p3
S8x4x4-LD11-H0.15-F0.6-A4-s42,funnel,0.15,nofeedback,47,77.0,30.49,62,3720,8.196,budget,1,38.75,0.4968,30.21,p3
S8x4x4-LD11-H0.15-F0.6-A4-s42,funnel,0.15,nofeedback,53,74.0,30.28,62,3720,8.14,budget,1,38.75,0.4764,30.21,p3
S8x4x4-LD11-H0.15-F0.6-A4-s42,funnel,0.15,nofeedback,2024,71.0,30.32,63,3780,8.021,budget,1,38.75,0.4542,30.21,p3
S8x4x4-LD11-H0.15-F0.6-A4-s42,funnel,0.15,opendispatch,3,74.0,30.24,174,10440,2.897,budget,1,38.75,0.4764,30.21,p3
S8x4x4-LD11-H0.15-F0.6-A4-s42,funnel,0.15,opendispatch,7,75.0,30.23,162,9720,3.11,budget,1,38.75,0.4833,30.21,p3
S8x4x4-LD11-H0.15-F0.6-A4-s42,funnel,0.15,opendispatch,11,75.0,30.24,189,11340,2.667,budget,1,38.75,0.4833,30.21,p3
S8x4x4-LD11-H0.15-F0.6-A4-s42,funnel,0.15,opendispatch,19,72.0,30.32,155,9300,3.26,budget,1,38.75,0.4618,30.21,p3
S8x4x4-LD11-H0.15-F0.6-A4-s42,funnel,0.15,opendispatch,23,74.0,30.3,160,9600,3.156,budget,1,38.75,0.4764,30.21,p3
S8x4x4-LD11-H0.15-F0.6-A4-s42,funnel,0.15,opendispatch,31,74.0,30.35,165,9900,3.066,budget,1,38.75,0.4764,30.21,p3
S8x4x4-LD11-H0.15-F0.6-A4-s42,funnel,0.15,opendispatch,42,76.0,30.41,165,9900,3.072,budget,1,38.75,0.4901,30.21,p3
S8x4x4-LD11-H0.15-F0.6-A4-s42,funnel,0.15,opendispatch,47,71.0,30.28,178,10680,2.835,budget,1,38.75,0.4542,30.21,p3
S8x4x4-LD11-H0.15-F0.6-A4-s42,funnel,0.15,opendispatch,53,71.0,30.23,163,9780,3.091,budget,1,38.75,0.4542,30.21,p3
S8x4x4-LD11-H0.15-F0.6-A4-s42,funnel,0.15,opendispatch,2024,76.0,30.3,175,10500,2.886,budget,1,38.75,0.4901,30.21,p3
S8x4x4-LD11-H0.15-F0.6-A4-s42,funnel,0.15,opendispatch_nols,3,71.0,30.25,296,17760,1.703,budget,1,38.75,0.4542,30.21,p3
S8x4x4-LD11-H0.15-F0.6-A4-s42,funnel,0.15,opendispatch_nols,7,71.0,30.27,274,16440,1.841,budget,1,38.75,0.4542,30.21,p3
S8x4x4-LD11-H0.15-F0.6-A4-s42,funnel,0.15,opendispatch_nols,11,67.0,30.32,286,17160,1.767,budget,1,38.75,0.4216,30.21,p3
S8x4x4-LD11-H0.15-F0.6-A4-s42,funnel,0.15,opendispatch_nols,19,73.0,30.24,281,16860,1.794,budget,1,38.75,0.4692,30.21,p3
S8x4x4-LD11-H0.15-F0.6-A4-s42,funnel,0.15,opendispatch_nols,23,78.0,30.3,274,16440,1.843,budget,1,38.75,0.5032,30.21,p3
S8x4x4-LD11-H0.15-F0.6-A4-s42,funnel,0.15,opendispatch_nols,31,70.0,30.29,276,16560,1.829,budget,1,38.75,0.4464,30.21,p3
S8x4x4-LD11-H0.15-F0.6-A4-s42,funnel,0.15,opendispatch_nols,42,75.0,30.24,270,16200,1.867,budget,1,38.75,0.4833,30.21,p3
S8x4x4-LD11-H0.15-F0.6-A4-s42,funnel,0.15,opendispatch_nols,47,77.0,30.26,263,15780,1.918,budget,1,38.75,0.4968,30.21,p3
S8x4x4-LD11-H0.15-F0.6-A4-s42,funnel,0.15,opendispatch_nols,53,70.0,30.28,283,16980,1.783,budget,1,38.75,0.4464,30.21,p3
S8x4x4-LD11-H0.15-F0.6-A4-s42,funnel,0.15,opendispatch_nols,2024,74.0,30.24,269,16140,1.874,budget,1,38.75,0.4764,30.21,p3
S8x4x4-LD11-H0.15-F0.6-A4-s42,funnel,0.15,nostagger,3,74.0,30.76,42,2520,12.206,budget,1,38.75,0.4764,30.21,p3
S8x4x4-LD11-H0.15-F0.6-A4-s42,funnel,0.15,nostagger,7,75.0,30.85,39,2340,13.184,budget,1,38.75,0.4833,30.21,p3
S8x4x4-LD11-H0.15-F0.6-A4-s42,funnel,0.15,nostagger,11,74.0,30.65,40,2400,12.771,budget,1,38.75,0.4764,30.21,p3
S8x4x4-LD11-H0.15-F0.6-A4-s42,funnel,0.15,nostagger,19,71.0,30.68,39,2340,13.111,budget,1,38.75,0.4542,30.21,p3
S8x4x4-LD11-H0.15-F0.6-A4-s42,funnel,0.15,nostagger,23,70.0,30.61,41,2460,12.443,budget,1,38.75,0.4464,30.21,p3
S8x4x4-LD11-H0.15-F0.6-A4-s42,funnel,0.15,nostagger,31,73.0,30.34,38,2280,13.307,budget,1,38.75,0.4692,30.21,p3
S8x4x4-LD11-H0.15-F0.6-A4-s42,funnel,0.15,nostagger,42,70.0,30.9,40,2400,12.875,budget,1,38.75,0.4464,30.21,p3
S8x4x4-LD11-H0.15-F0.6-A4-s42,funnel,0.15,nostagger,47,70.0,31.04,37,2220,13.982,budget,1,38.75,0.4464,30.21,p3
S8x4x4-LD11-H0.15-F0.6-A4-s42,funnel,0.15,nostagger,53,69.0,30.43,40,2400,12.679,budget,1,38.75,0.4384,30.21,p3
S8x4x4-LD11-H0.15-F0.6-A4-s42,funnel,0.15,nostagger,2024,72.0,30.81,38,2280,13.513,budget,1,38.75,0.4618,30.21,p3
S8x4x4-LD11-H0.15-F0.6-A4-s42,funnel,0.15,closed,3,74.0,30.27,36,2160,14.014,budget,1,38.75,0.4764,30.21,p3
S8x4x4-LD11-H0.15-F0.6-A4-s42,funnel,0.15,closed,7,72.0,30.83,36,2160,14.273,budget,1,38.75,0.4618,30.21,p3
S8x4x4-LD11-H0.15-F0.6-A4-s42,funnel,0.15,closed,11,75.0,30.55,36,2160,14.144,budget,1,38.75,0.4833,30.21,p3
S8x4x4-LD11-H0.15-F0.6-A4-s42,funnel,0.15,closed,19,70.0,30.59,35,2100,14.567,budget,1,38.75,0.4464,30.21,p3
S8x4x4-LD11-H0.15-F0.6-A4-s42,funnel,0.15,closed,23,72.0,30.5,36,2160,14.12,budget,1,38.75,0.4618,30.21,p3
S8x4x4-LD11-H0.15-F0.6-A4-s42,funnel,0.15,closed,31,74.0,30.25,33,1980,15.278,budget,1,38.75,0.4764,30.21,p3
S8x4x4-LD11-H0.15-F0.6-A4-s42,funnel,0.15,closed,42,87.0,30.64,32,1920,15.958,budget,1,38.75,0.5546,30.21,p3
S8x4x4-LD11-H0.15-F0.6-A4-s42,funnel,0.15,closed,47,81.0,30.54,32,1920,15.906,budget,1,38.75,0.5216,30.21,p3
S8x4x4-LD11-H0.15-F0.6-A4-s42,funnel,0.15,closed,53,72.0,30.44,35,2100,14.495,budget,1,38.75,0.4618,30.21,p3
S8x4x4-LD11-H0.15-F0.6-A4-s42,funnel,0.15,closed,2024,71.0,30.69,36,2160,14.208,budget,1,38.75,0.4542,30.21,p3
S8x4x4-LD11-H0.15-F0.6-A4-s42,funnel,0.15,priced,3,76.0,32.42,8,480,67.542,budget,1,38.75,0.4901,30.21,p3
S8x4x4-LD11-H0.15-F0.6-A4-s42,funnel,0.15,priced,7,84.0,32.37,8,480,67.437,budget,1,38.75,0.5387,30.21,p3
S8x4x4-LD11-H0.15-F0.6-A4-s42,funnel,0.15,priced,11,84.0,30.69,8,480,63.938,budget,1,38.75,0.5387,30.21,p3
S8x4x4-LD11-H0.15-F0.6-A4-s42,funnel,0.15,priced,19,84.0,31.94,8,480,66.542,budget,1,38.75,0.5387,30.21,p3
S8x4x4-LD11-H0.15-F0.6-A4-s42,funnel,0.15,priced,23,78.0,31.25,8,480,65.104,budget,1,38.75,0.5032,30.21,p3
S8x4x4-LD11-H0.15-F0.6-A4-s42,funnel,0.15,priced,31,89.0,30.76,7,420,73.238,budget,1,38.75,0.5646,30.21,p3
S8x4x4-LD11-H0.15-F0.6-A4-s42,funnel,0.15,priced,42,87.0,31.73,8,480,66.104,budget,1,38.75,0.5546,30.21,p3
S8x4x4-LD11-H0.15-F0.6-A4-s42,funnel,0.15,priced,47,81.0,32.73,8,480,68.187,budget,1,38.75,0.5216,30.21,p3
S8x4x4-LD11-H0.15-F0.6-A4-s42,funnel,0.15,priced,53,86.0,31.72,8,480,66.083,budget,1,38.75,0.5494,30.21,p3
S8x4x4-LD11-H0.15-F0.6-A4-s42,funnel,0.15,priced,2024,82.0,33.13,8,480,69.021,budget,1,38.75,0.5274,30.21,p3
S8x4x4-LD11-H0.3-F0.6-A4-s42,funnel,0.3,rule,3,134.0,0.0,,,,,1,31.25,0.7668,60.09,p3
S8x4x4-LD11-H0.3-F0.6-A4-s42,funnel,0.3,rule,7,134.0,0.0,,,,,1,31.25,0.7668,60.09,p3
S8x4x4-LD11-H0.3-F0.6-A4-s42,funnel,0.3,rule,11,134.0,0.0,,,,,1,31.25,0.7668,60.09,p3
S8x4x4-LD11-H0.3-F0.6-A4-s42,funnel,0.3,rule,19,134.0,0.0,,,,,1,31.25,0.7668,60.09,p3
S8x4x4-LD11-H0.3-F0.6-A4-s42,funnel,0.3,rule,23,134.0,0.0,,,,,1,31.25,0.7668,60.09,p3
S8x4x4-LD11-H0.3-F0.6-A4-s42,funnel,0.3,rule,31,134.0,0.0,,,,,1,31.25,0.7668,60.09,p3
S8x4x4-LD11-H0.3-F0.6-A4-s42,funnel,0.3,rule,42,134.0,0.0,,,,,1,31.25,0.7668,60.09,p3
S8x4x4-LD11-H0.3-F0.6-A4-s42,funnel,0.3,rule,47,134.0,0.0,,,,,1,31.25,0.7668,60.09,p3
S8x4x4-LD11-H0.3-F0.6-A4-s42,funnel,0.3,rule,53,134.0,0.0,,,,,1,31.25,0.7668,60.09,p3
S8x4x4-LD11-H0.3-F0.6-A4-s42,funnel,0.3,rule,2024,134.0,0.0,,,,,1,31.25,0.7668,60.09,p3
S8x4x4-LD11-H0.3-F0.6-A4-s42,funnel,0.3,twostage,3,67.0,60.09,2449,146940,0.409,budget,1,31.25,0.5336,60.09,p3
S8x4x4-LD11-H0.3-F0.6-A4-s42,funnel,0.3,twostage,7,83.0,60.1,2581,154860,0.388,budget,1,31.25,0.6235,60.09,p3
S8x4x4-LD11-H0.3-F0.6-A4-s42,funnel,0.3,twostage,11,76.0,60.1,2474,148440,0.405,budget,1,31.25,0.5888,60.09,p3
S8x4x4-LD11-H0.3-F0.6-A4-s42,funnel,0.3,twostage,19,81.0,60.11,2553,153180,0.392,budget,1,31.25,0.6142,60.09,p3
S8x4x4-LD11-H0.3-F0.6-A4-s42,funnel,0.3,twostage,23,77.0,60.1,2553,153180,0.392,budget,1,31.25,0.5942,60.09,p3
S8x4x4-LD11-H0.3-F0.6-A4-s42,funnel,0.3,twostage,31,82.0,60.11,2260,135600,0.443,budget,1,31.25,0.6189,60.09,p3
S8x4x4-LD11-H0.3-F0.6-A4-s42,funnel,0.3,twostage,42,80.0,60.09,2743,164580,0.365,budget,1,31.25,0.6094,60.09,p3
S8x4x4-LD11-H0.3-F0.6-A4-s42,funnel,0.3,twostage,47,83.0,60.12,2211,132660,0.453,budget,1,31.25,0.6235,60.09,p3
S8x4x4-LD11-H0.3-F0.6-A4-s42,funnel,0.3,twostage,53,80.0,60.12,2275,136500,0.44,budget,1,31.25,0.6094,60.09,p3
S8x4x4-LD11-H0.3-F0.6-A4-s42,funnel,0.3,twostage,2024,86.0,60.09,2547,152820,0.393,budget,1,31.25,0.6366,60.09,p3
S8x4x4-LD11-H0.3-F0.6-A4-s42,funnel,0.3,nofeedback,3,70.0,60.46,123,7380,8.192,budget,1,31.25,0.5536,60.09,p3
S8x4x4-LD11-H0.3-F0.6-A4-s42,funnel,0.3,nofeedback,7,69.0,60.44,126,7560,7.995,budget,1,31.25,0.5471,60.09,p3
S8x4x4-LD11-H0.3-F0.6-A4-s42,funnel,0.3,nofeedback,11,69.0,60.36,125,7500,8.048,budget,1,31.25,0.5471,60.09,p3
S8x4x4-LD11-H0.3-F0.6-A4-s42,funnel,0.3,nofeedback,19,69.0,60.13,122,7320,8.214,budget,1,31.25,0.5471,60.09,p3
S8x4x4-LD11-H0.3-F0.6-A4-s42,funnel,0.3,nofeedback,23,70.0,60.27,124,7440,8.101,budget,1,31.25,0.5536,60.09,p3
S8x4x4-LD11-H0.3-F0.6-A4-s42,funnel,0.3,nofeedback,31,66.0,60.14,110,6600,9.112,budget,1,31.25,0.5265,60.09,p3
S8x4x4-LD11-H0.3-F0.6-A4-s42,funnel,0.3,nofeedback,42,69.0,60.13,122,7320,8.214,budget,1,31.25,0.5471,60.09,p3
S8x4x4-LD11-H0.3-F0.6-A4-s42,funnel,0.3,nofeedback,47,76.0,60.26,113,6780,8.888,budget,1,31.25,0.5888,60.09,p3
S8x4x4-LD11-H0.3-F0.6-A4-s42,funnel,0.3,nofeedback,53,69.0,60.12,111,6660,9.027,budget,1,31.25,0.5471,60.09,p3
S8x4x4-LD11-H0.3-F0.6-A4-s42,funnel,0.3,nofeedback,2024,69.0,60.26,115,6900,8.733,budget,1,31.25,0.5471,60.09,p3
S8x4x4-LD11-H0.3-F0.6-A4-s42,funnel,0.3,opendispatch,3,67.0,60.1,356,21360,2.814,budget,1,31.25,0.5336,60.09,p3
S8x4x4-LD11-H0.3-F0.6-A4-s42,funnel,0.3,opendispatch,7,67.0,60.18,357,21420,2.81,budget,1,31.25,0.5336,60.09,p3
S8x4x4-LD11-H0.3-F0.6-A4-s42,funnel,0.3,opendispatch,11,73.0,60.18,327,19620,3.067,budget,1,31.25,0.5719,60.09,p3
S8x4x4-LD11-H0.3-F0.6-A4-s42,funnel,0.3,opendispatch,19,67.0,60.18,334,20040,3.003,budget,1,31.25,0.5336,60.09,p3
S8x4x4-LD11-H0.3-F0.6-A4-s42,funnel,0.3,opendispatch,23,68.0,60.15,317,19020,3.162,budget,1,31.25,0.5404,60.09,p3
S8x4x4-LD11-H0.3-F0.6-A4-s42,funnel,0.3,opendispatch,31,67.0,60.1,297,17820,3.373,budget,1,31.25,0.5336,60.09,p3
S8x4x4-LD11-H0.3-F0.6-A4-s42,funnel,0.3,opendispatch,42,72.0,60.17,364,21840,2.755,budget,1,31.25,0.566,60.09,p3
S8x4x4-LD11-H0.3-F0.6-A4-s42,funnel,0.3,opendispatch,47,76.0,60.18,308,18480,3.256,budget,1,31.25,0.5888,60.09,p3
S8x4x4-LD11-H0.3-F0.6-A4-s42,funnel,0.3,opendispatch,53,70.0,60.12,338,20280,2.964,budget,1,31.25,0.5536,60.09,p3
S8x4x4-LD11-H0.3-F0.6-A4-s42,funnel,0.3,opendispatch,2024,66.0,60.26,306,18360,3.282,budget,1,31.25,0.5265,60.09,p3
S8x4x4-LD11-H0.3-F0.6-A4-s42,funnel,0.3,opendispatch_nols,3,70.0,60.1,538,32280,1.862,budget,1,31.25,0.5536,60.09,p3
S8x4x4-LD11-H0.3-F0.6-A4-s42,funnel,0.3,opendispatch_nols,7,74.0,60.12,535,32100,1.873,budget,1,31.25,0.5777,60.09,p3
S8x4x4-LD11-H0.3-F0.6-A4-s42,funnel,0.3,opendispatch_nols,11,71.0,60.13,556,33360,1.802,budget,1,31.25,0.5599,60.09,p3
S8x4x4-LD11-H0.3-F0.6-A4-s42,funnel,0.3,opendispatch_nols,19,81.0,60.19,503,30180,1.994,budget,1,31.25,0.6142,60.09,p3
S8x4x4-LD11-H0.3-F0.6-A4-s42,funnel,0.3,opendispatch_nols,23,67.0,60.15,591,35460,1.696,budget,1,31.25,0.5336,60.09,p3
S8x4x4-LD11-H0.3-F0.6-A4-s42,funnel,0.3,opendispatch_nols,31,71.0,60.09,568,34080,1.763,budget,1,31.25,0.5599,60.09,p3
S8x4x4-LD11-H0.3-F0.6-A4-s42,funnel,0.3,opendispatch_nols,42,69.0,60.17,574,34440,1.747,budget,1,31.25,0.5471,60.09,p3
S8x4x4-LD11-H0.3-F0.6-A4-s42,funnel,0.3,opendispatch_nols,47,68.0,60.14,573,34380,1.749,budget,1,31.25,0.5404,60.09,p3
S8x4x4-LD11-H0.3-F0.6-A4-s42,funnel,0.3,opendispatch_nols,53,67.0,60.16,589,35340,1.702,budget,1,31.25,0.5336,60.09,p3
S8x4x4-LD11-H0.3-F0.6-A4-s42,funnel,0.3,opendispatch_nols,2024,80.0,60.16,502,30120,1.997,budget,1,31.25,0.6094,60.09,p3
S8x4x4-LD11-H0.3-F0.6-A4-s42,funnel,0.3,nostagger,3,71.0,60.28,80,4800,12.558,budget,1,31.25,0.5599,60.09,p3
S8x4x4-LD11-H0.3-F0.6-A4-s42,funnel,0.3,nostagger,7,71.0,60.51,82,4920,12.299,budget,1,31.25,0.5599,60.09,p3
S8x4x4-LD11-H0.3-F0.6-A4-s42,funnel,0.3,nostagger,11,74.0,60.8,77,4620,13.16,budget,1,31.25,0.5777,60.09,p3
S8x4x4-LD11-H0.3-F0.6-A4-s42,funnel,0.3,nostagger,19,75.0,60.76,78,4680,12.983,budget,1,31.25,0.5833,60.09,p3
S8x4x4-LD11-H0.3-F0.6-A4-s42,funnel,0.3,nostagger,23,70.0,60.39,74,4440,13.601,budget,1,31.25,0.5536,60.09,p3
S8x4x4-LD11-H0.3-F0.6-A4-s42,funnel,0.3,nostagger,31,78.0,60.85,67,4020,15.137,budget,1,31.25,0.5994,60.09,p3
S8x4x4-LD11-H0.3-F0.6-A4-s42,funnel,0.3,nostagger,42,67.0,60.15,82,4920,12.226,budget,1,31.25,0.5336,60.09,p3
S8x4x4-LD11-H0.3-F0.6-A4-s42,funnel,0.3,nostagger,47,77.0,60.84,71,4260,14.282,budget,1,31.25,0.5942,60.09,p3
S8x4x4-LD11-H0.3-F0.6-A4-s42,funnel,0.3,nostagger,53,66.0,60.37,78,4680,12.9,budget,1,31.25,0.5265,60.09,p3
S8x4x4-LD11-H0.3-F0.6-A4-s42,funnel,0.3,nostagger,2024,66.0,60.64,75,4500,13.476,budget,1,31.25,0.5265,60.09,p3
S8x4x4-LD11-H0.3-F0.6-A4-s42,funnel,0.3,closed,3,75.0,60.74,73,4380,13.868,budget,1,31.25,0.5833,60.09,p3
S8x4x4-LD11-H0.3-F0.6-A4-s42,funnel,0.3,closed,7,70.0,60.51,75,4500,13.447,budget,1,31.25,0.5536,60.09,p3
S8x4x4-LD11-H0.3-F0.6-A4-s42,funnel,0.3,closed,11,70.0,60.1,72,4320,13.912,budget,1,31.25,0.5536,60.09,p3
S8x4x4-LD11-H0.3-F0.6-A4-s42,funnel,0.3,closed,19,75.0,60.69,71,4260,14.246,budget,1,31.25,0.5833,60.09,p3
S8x4x4-LD11-H0.3-F0.6-A4-s42,funnel,0.3,closed,23,68.0,60.76,67,4020,15.114,budget,1,31.25,0.5404,60.09,p3
S8x4x4-LD11-H0.3-F0.6-A4-s42,funnel,0.3,closed,31,78.0,60.69,58,3480,17.44,budget,1,31.25,0.5994,60.09,p3
S8x4x4-LD11-H0.3-F0.6-A4-s42,funnel,0.3,closed,42,69.0,60.11,75,4500,13.358,budget,1,31.25,0.5471,60.09,p3
S8x4x4-LD11-H0.3-F0.6-A4-s42,funnel,0.3,closed,47,74.0,60.42,71,4260,14.183,budget,1,31.25,0.5777,60.09,p3
S8x4x4-LD11-H0.3-F0.6-A4-s42,funnel,0.3,closed,53,66.0,60.3,74,4440,13.581,budget,1,31.25,0.5265,60.09,p3
S8x4x4-LD11-H0.3-F0.6-A4-s42,funnel,0.3,closed,2024,73.0,60.66,67,4020,15.09,budget,1,31.25,0.5719,60.09,p3
S8x4x4-LD11-H0.3-F0.6-A4-s42,funnel,0.3,priced,3,69.0,60.93,15,900,67.7,budget,1,31.25,0.5471,60.09,p3
S8x4x4-LD11-H0.3-F0.6-A4-s42,funnel,0.3,priced,7,74.0,60.31,15,900,67.011,budget,1,31.25,0.5777,60.09,p3
S8x4x4-LD11-H0.3-F0.6-A4-s42,funnel,0.3,priced,11,78.0,60.69,15,900,67.433,budget,1,31.25,0.5994,60.09,p3
S8x4x4-LD11-H0.3-F0.6-A4-s42,funnel,0.3,priced,19,80.0,63.33,15,900,70.367,budget,1,31.25,0.6094,60.09,p3
S8x4x4-LD11-H0.3-F0.6-A4-s42,funnel,0.3,priced,23,71.0,61.92,15,900,68.8,budget,1,31.25,0.5599,60.09,p3
S8x4x4-LD11-H0.3-F0.6-A4-s42,funnel,0.3,priced,31,79.0,60.7,13,780,77.821,budget,1,31.25,0.6044,60.09,p3
S8x4x4-LD11-H0.3-F0.6-A4-s42,funnel,0.3,priced,42,74.0,62.82,16,960,65.438,budget,1,31.25,0.5777,60.09,p3
S8x4x4-LD11-H0.3-F0.6-A4-s42,funnel,0.3,priced,47,79.0,60.74,15,900,67.489,budget,1,31.25,0.6044,60.09,p3
S8x4x4-LD11-H0.3-F0.6-A4-s42,funnel,0.3,priced,53,66.0,62.7,16,960,65.312,budget,1,31.25,0.5265,60.09,p3
S8x4x4-LD11-H0.3-F0.6-A4-s42,funnel,0.3,priced,2024,79.0,63.65,15,900,70.722,budget,1,31.25,0.6044,60.09,p3
S8x4x4-LD11-H0.5-F0.6-A4-s42,funnel,0.5,rule,3,133.0,0.0,,,,,1,25.0,0.812,41.26,p3
S8x4x4-LD11-H0.5-F0.6-A4-s42,funnel,0.5,rule,7,133.0,0.0,,,,,1,25.0,0.812,41.26,p3
S8x4x4-LD11-H0.5-F0.6-A4-s42,funnel,0.5,rule,11,133.0,0.0,,,,,1,25.0,0.812,41.26,p3
S8x4x4-LD11-H0.5-F0.6-A4-s42,funnel,0.5,rule,19,133.0,0.0,,,,,1,25.0,0.812,41.26,p3
S8x4x4-LD11-H0.5-F0.6-A4-s42,funnel,0.5,rule,23,133.0,0.0,,,,,1,25.0,0.812,41.26,p3
S8x4x4-LD11-H0.5-F0.6-A4-s42,funnel,0.5,rule,31,133.0,0.0,,,,,1,25.0,0.812,41.26,p3
S8x4x4-LD11-H0.5-F0.6-A4-s42,funnel,0.5,rule,42,133.0,0.0,,,,,1,25.0,0.812,41.26,p3
S8x4x4-LD11-H0.5-F0.6-A4-s42,funnel,0.5,rule,47,133.0,0.0,,,,,1,25.0,0.812,41.26,p3
S8x4x4-LD11-H0.5-F0.6-A4-s42,funnel,0.5,rule,53,133.0,0.0,,,,,1,25.0,0.812,41.26,p3
S8x4x4-LD11-H0.5-F0.6-A4-s42,funnel,0.5,rule,2024,133.0,0.0,,,,,1,25.0,0.812,41.26,p3
S8x4x4-LD11-H0.5-F0.6-A4-s42,funnel,0.5,twostage,3,78.0,41.28,1687,101220,0.408,budget,1,25.0,0.6795,41.26,p3
S8x4x4-LD11-H0.5-F0.6-A4-s42,funnel,0.5,twostage,7,71.0,41.29,1587,95220,0.434,budget,1,25.0,0.6479,41.26,p3
S8x4x4-LD11-H0.5-F0.6-A4-s42,funnel,0.5,twostage,11,70.0,41.28,1722,103320,0.4,budget,1,25.0,0.6429,41.26,p3
S8x4x4-LD11-H0.5-F0.6-A4-s42,funnel,0.5,twostage,19,73.0,41.28,1866,111960,0.369,budget,1,25.0,0.6575,41.26,p3
S8x4x4-LD11-H0.5-F0.6-A4-s42,funnel,0.5,twostage,23,67.0,41.28,1990,119400,0.346,budget,1,25.0,0.6269,41.26,p3
S8x4x4-LD11-H0.5-F0.6-A4-s42,funnel,0.5,twostage,31,66.0,41.28,1725,103500,0.399,budget,1,25.0,0.6212,41.26,p3
S8x4x4-LD11-H0.5-F0.6-A4-s42,funnel,0.5,twostage,42,71.0,41.28,1663,99780,0.414,budget,1,25.0,0.6479,41.26,p3
S8x4x4-LD11-H0.5-F0.6-A4-s42,funnel,0.5,twostage,47,80.0,41.28,1755,105300,0.392,budget,1,25.0,0.6875,41.26,p3
S8x4x4-LD11-H0.5-F0.6-A4-s42,funnel,0.5,twostage,53,67.0,41.27,1800,108000,0.382,budget,1,25.0,0.6269,41.26,p3
S8x4x4-LD11-H0.5-F0.6-A4-s42,funnel,0.5,twostage,2024,76.0,41.28,1756,105360,0.392,budget,1,25.0,0.6711,41.26,p3
S8x4x4-LD11-H0.5-F0.6-A4-s42,funnel,0.5,nofeedback,3,63.0,41.49,83,4980,8.331,budget,1,25.0,0.6032,41.26,p3
S8x4x4-LD11-H0.5-F0.6-A4-s42,funnel,0.5,nofeedback,7,64.0,41.76,79,4740,8.81,budget,1,25.0,0.6094,41.26,p3
S8x4x4-LD11-H0.5-F0.6-A4-s42,funnel,0.5,nofeedback,11,63.0,41.34,81,4860,8.506,budget,1,25.0,0.6032,41.26,p3
S8x4x4-LD11-H0.5-F0.6-A4-s42,funnel,0.5,nofeedback,19,64.0,41.65,88,5280,7.888,budget,1,25.0,0.6094,41.26,p3
S8x4x4-LD11-H0.5-F0.6-A4-s42,funnel,0.5,nofeedback,23,68.0,41.68,86,5160,8.078,budget,1,25.0,0.6324,41.26,p3
S8x4x4-LD11-H0.5-F0.6-A4-s42,funnel,0.5,nofeedback,31,70.0,41.3,81,4860,8.498,budget,1,25.0,0.6429,41.26,p3
S8x4x4-LD11-H0.5-F0.6-A4-s42,funnel,0.5,nofeedback,42,66.0,41.42,80,4800,8.629,budget,1,25.0,0.6212,41.26,p3
S8x4x4-LD11-H0.5-F0.6-A4-s42,funnel,0.5,nofeedback,47,72.0,41.28,78,4680,8.821,budget,1,25.0,0.6528,41.26,p3
S8x4x4-LD11-H0.5-F0.6-A4-s42,funnel,0.5,nofeedback,53,68.0,41.37,86,5160,8.017,budget,1,25.0,0.6324,41.26,p3
S8x4x4-LD11-H0.5-F0.6-A4-s42,funnel,0.5,nofeedback,2024,69.0,41.41,80,4800,8.627,budget,1,25.0,0.6377,41.26,p3
S8x4x4-LD11-H0.5-F0.6-A4-s42,funnel,0.5,opendispatch,3,70.0,41.32,257,15420,2.68,budget,1,25.0,0.6429,41.26,p3
S8x4x4-LD11-H0.5-F0.6-A4-s42,funnel,0.5,opendispatch,7,66.0,41.38,240,14400,2.874,budget,1,25.0,0.6212,41.26,p3
S8x4x4-LD11-H0.5-F0.6-A4-s42,funnel,0.5,opendispatch,11,67.0,41.36,232,13920,2.971,budget,1,25.0,0.6269,41.26,p3
S8x4x4-LD11-H0.5-F0.6-A4-s42,funnel,0.5,opendispatch,19,67.0,41.29,238,14280,2.891,budget,1,25.0,0.6269,41.26,p3
S8x4x4-LD11-H0.5-F0.6-A4-s42,funnel,0.5,opendispatch,23,63.0,41.41,239,14340,2.888,budget,1,25.0,0.6032,41.26,p3
S8x4x4-LD11-H0.5-F0.6-A4-s42,funnel,0.5,opendispatch,31,69.0,41.37,253,15180,2.725,budget,1,25.0,0.6377,41.26,p3
S8x4x4-LD11-H0.5-F0.6-A4-s42,funnel,0.5,opendispatch,42,67.0,41.38,238,14280,2.898,budget,1,25.0,0.6269,41.26,p3
S8x4x4-LD11-H0.5-F0.6-A4-s42,funnel,0.5,opendispatch,47,70.0,41.38,253,15180,2.726,budget,1,25.0,0.6429,41.26,p3
S8x4x4-LD11-H0.5-F0.6-A4-s42,funnel,0.5,opendispatch,53,63.0,41.34,231,13860,2.983,budget,1,25.0,0.6032,41.26,p3
S8x4x4-LD11-H0.5-F0.6-A4-s42,funnel,0.5,opendispatch,2024,75.0,41.36,200,12000,3.447,budget,1,25.0,0.6667,41.26,p3
S8x4x4-LD11-H0.5-F0.6-A4-s42,funnel,0.5,opendispatch_nols,3,62.0,41.26,367,22020,1.874,budget,1,25.0,0.5968,41.26,p3
S8x4x4-LD11-H0.5-F0.6-A4-s42,funnel,0.5,opendispatch_nols,7,67.0,41.27,401,24060,1.715,budget,1,25.0,0.6269,41.26,p3
S8x4x4-LD11-H0.5-F0.6-A4-s42,funnel,0.5,opendispatch_nols,11,67.0,41.28,370,22200,1.859,budget,1,25.0,0.6269,41.26,p3
S8x4x4-LD11-H0.5-F0.6-A4-s42,funnel,0.5,opendispatch_nols,19,66.0,41.31,403,24180,1.708,budget,1,25.0,0.6212,41.26,p3
S8x4x4-LD11-H0.5-F0.6-A4-s42,funnel,0.5,opendispatch_nols,23,63.0,41.31,383,22980,1.798,budget,1,25.0,0.6032,41.26,p3
S8x4x4-LD11-H0.5-F0.6-A4-s42,funnel,0.5,opendispatch_nols,31,65.0,41.29,400,24000,1.72,budget,1,25.0,0.6154,41.26,p3
S8x4x4-LD11-H0.5-F0.6-A4-s42,funnel,0.5,opendispatch_nols,42,66.0,41.37,372,22320,1.853,budget,1,25.0,0.6212,41.26,p3
S8x4x4-LD11-H0.5-F0.6-A4-s42,funnel,0.5,opendispatch_nols,47,69.0,41.34,395,23700,1.744,budget,1,25.0,0.6377,41.26,p3
S8x4x4-LD11-H0.5-F0.6-A4-s42,funnel,0.5,opendispatch_nols,53,68.0,41.31,354,21240,1.945,budget,1,25.0,0.6324,41.26,p3
S8x4x4-LD11-H0.5-F0.6-A4-s42,funnel,0.5,opendispatch_nols,2024,77.0,41.26,349,20940,1.97,budget,1,25.0,0.6753,41.26,p3
S8x4x4-LD11-H0.5-F0.6-A4-s42,funnel,0.5,nostagger,3,74.0,41.73,52,3120,13.375,budget,1,25.0,0.6622,41.26,p3
S8x4x4-LD11-H0.5-F0.6-A4-s42,funnel,0.5,nostagger,7,63.0,41.87,53,3180,13.167,budget,1,25.0,0.6032,41.26,p3
S8x4x4-LD11-H0.5-F0.6-A4-s42,funnel,0.5,nostagger,11,76.0,41.41,55,3300,12.548,budget,1,25.0,0.6711,41.26,p3
S8x4x4-LD11-H0.5-F0.6-A4-s42,funnel,0.5,nostagger,19,69.0,41.98,53,3180,13.201,budget,1,25.0,0.6377,41.26,p3
S8x4x4-LD11-H0.5-F0.6-A4-s42,funnel,0.5,nostagger,23,66.0,41.9,57,3420,12.251,budget,1,25.0,0.6212,41.26,p3
S8x4x4-LD11-H0.5-F0.6-A4-s42,funnel,0.5,nostagger,31,64.0,41.65,54,3240,12.855,budget,1,25.0,0.6094,41.26,p3
S8x4x4-LD11-H0.5-F0.6-A4-s42,funnel,0.5,nostagger,42,64.0,41.87,55,3300,12.688,budget,1,25.0,0.6094,41.26,p3
S8x4x4-LD11-H0.5-F0.6-A4-s42,funnel,0.5,nostagger,47,70.0,41.98,56,3360,12.494,budget,1,25.0,0.6429,41.26,p3
S8x4x4-LD11-H0.5-F0.6-A4-s42,funnel,0.5,nostagger,53,64.0,41.51,56,3360,12.354,budget,1,25.0,0.6094,41.26,p3
S8x4x4-LD11-H0.5-F0.6-A4-s42,funnel,0.5,nostagger,2024,76.0,41.8,59,3540,11.808,budget,1,25.0,0.6711,41.26,p3
S8x4x4-LD11-H0.5-F0.6-A4-s42,funnel,0.5,closed,3,75.0,41.69,48,2880,14.476,budget,1,25.0,0.6667,41.26,p3
S8x4x4-LD11-H0.5-F0.6-A4-s42,funnel,0.5,closed,7,64.0,41.98,49,2940,14.279,budget,1,25.0,0.6094,41.26,p3
S8x4x4-LD11-H0.5-F0.6-A4-s42,funnel,0.5,closed,11,71.0,41.76,49,2940,14.204,budget,1,25.0,0.6479,41.26,p3
S8x4x4-LD11-H0.5-F0.6-A4-s42,funnel,0.5,closed,19,71.0,42.01,47,2820,14.897,budget,1,25.0,0.6479,41.26,p3
S8x4x4-LD11-H0.5-F0.6-A4-s42,funnel,0.5,closed,23,69.0,41.66,52,3120,13.353,budget,1,25.0,0.6377,41.26,p3
S8x4x4-LD11-H0.5-F0.6-A4-s42,funnel,0.5,closed,31,65.0,41.5,48,2880,14.41,budget,1,25.0,0.6154,41.26,p3
S8x4x4-LD11-H0.5-F0.6-A4-s42,funnel,0.5,closed,42,67.0,41.73,51,3060,13.637,budget,1,25.0,0.6269,41.26,p3
S8x4x4-LD11-H0.5-F0.6-A4-s42,funnel,0.5,closed,47,72.0,41.77,48,2880,14.503,budget,1,25.0,0.6528,41.26,p3
S8x4x4-LD11-H0.5-F0.6-A4-s42,funnel,0.5,closed,53,62.0,41.65,49,2940,14.167,budget,1,25.0,0.5968,41.26,p3
S8x4x4-LD11-H0.5-F0.6-A4-s42,funnel,0.5,closed,2024,76.0,41.35,51,3060,13.513,budget,1,25.0,0.6711,41.26,p3
S8x4x4-LD11-H0.5-F0.6-A4-s42,funnel,0.5,priced,3,76.0,42.1,11,660,63.788,budget,1,25.0,0.6711,41.26,p3
S8x4x4-LD11-H0.5-F0.6-A4-s42,funnel,0.5,priced,7,75.0,44.35,10,600,73.917,budget,1,25.0,0.6667,41.26,p3
S8x4x4-LD11-H0.5-F0.6-A4-s42,funnel,0.5,priced,11,73.0,42.34,10,600,70.567,budget,1,25.0,0.6575,41.26,p3
S8x4x4-LD11-H0.5-F0.6-A4-s42,funnel,0.5,priced,19,80.0,42.12,10,600,70.2,budget,1,25.0,0.6875,41.26,p3
S8x4x4-LD11-H0.5-F0.6-A4-s42,funnel,0.5,priced,23,79.0,41.35,10,600,68.917,budget,1,25.0,0.6835,41.26,p3
S8x4x4-LD11-H0.5-F0.6-A4-s42,funnel,0.5,priced,31,77.0,42.03,10,600,70.05,budget,1,25.0,0.6753,41.26,p3
S8x4x4-LD11-H0.5-F0.6-A4-s42,funnel,0.5,priced,42,72.0,43.39,10,600,72.317,budget,1,25.0,0.6528,41.26,p3
S8x4x4-LD11-H0.5-F0.6-A4-s42,funnel,0.5,priced,47,87.0,42.93,11,660,65.045,budget,1,25.0,0.7126,41.26,p3
S8x4x4-LD11-H0.5-F0.6-A4-s42,funnel,0.5,priced,53,77.0,42.19,10,600,70.317,budget,1,25.0,0.6753,41.26,p3
S8x4x4-LD11-H0.5-F0.6-A4-s42,funnel,0.5,priced,2024,81.0,42.21,11,660,63.955,budget,1,25.0,0.6914,41.26,p3
